#{"t_start": 1748183726.3099203, "env_id": "None"}
r,l,t
-8.694444,17,0.041123
-33.638889,69,0.078651
-9.861111,19,0.084772
-16.083333,43,0.116421
-21.472222,37,0.127754
-24.055556,41,0.161819
-7.388889,17,0.167254
-16.333333,35,0.191653
-17.694444,35,0.204151
-7.694444,19,0.223208
-2.5,7,0.226809
-9.277778,21,0.233861
-4.833333,13,0.23812
-15.611111,25,0.258845
-4.277778,9,0.262121
-35.388889,69,0.317035
-8.027778,15,0.322446
-20.944444,47,0.370977
-9.805556,19,0.37703
-5.25,7,0.379637
-9.5,11,0.383345
-35.277778,69,0.441116
-6.111111,11,0.445119
-13.166667,29,0.454123
-7.666667,11,0.457875
-6.027778,15,0.482113
-10.916667,19,0.488424
-12.333333,25,0.496621
-8.166667,11,0.500738
-8.222222,17,0.520514
-9.888889,27,0.529133
-3.083333,7,0.53213
-9.694444,21,0.546791
-5.75,11,0.551527
-11.583333,21,0.558096
-3.0,9,0.561198
-5.166667,9,0.564197
-5.083333,9,0.567525
-11.083333,19,0.585071
-8.25,17,0.593396
-2.916667,9,0.596677
-2.861111,7,0.599606
-3.333333,9,0.602761
-5.388889,13,0.615167
-2.833333,7,0.617717
-7.194444,19,0.624252
-12.444444,29,0.691836
-9.444444,19,0.703248
-7.805556,17,0.70855
-5.833333,15,0.713248
-5.25,7,0.716039
-6.0,7,0.732586
-4.194444,15,0.738333
-5.083333,9,0.742229
-2.916667,7,0.744939
-5.75,9,0.748086
-4.5,9,0.750951
-3.361111,11,0.754544
-4.75,15,0.769068
-4.277778,9,0.774831
-6.75,21,0.781094
-4.972222,15,0.785892
-9.972222,17,0.800319
-3.194444,7,0.8038
-8.833333,21,0.810292
-3.25,5,0.812276
-8.444444,19,0.818001
-15.305556,25,0.832195
-3.583333,7,0.834842
-5.583333,15,0.840745
-12.527778,21,0.864763
-8.5,11,0.868691
-6.194444,19,0.875026
-7.833333,11,0.878802
-11.027778,21,0.901084
-3.5,13,0.90588
-4.388889,13,0.910707
-2.583333,7,0.913675
-7.972222,17,0.918932
-3.861111,13,0.923295
-5.75,13,0.941629
-8.861111,17,0.947101
-7.666667,17,0.952206
-4.416667,15,0.957067
-4.416667,9,0.970989
-3.972222,9,0.974396
-7.25,9,0.977705
-5.666667,13,0.982215
-5.361111,11,0.986043
-4.333333,11,0.989531
-4.0,5,1.002864
-4.0,5,1.005161
-8.055556,19,1.011073
-3.666667,7,1.013773
-7.527778,15,1.019038
-2.666667,7,1.021734
-9.0,17,1.038965
-3.666667,7,1.042453
-4.861111,17,1.048419
-4.666667,13,1.052879
-6.083333,9,1.056203
-2.083333,5,1.058228
-4.0,9,1.074295
-3.25,5,1.076309
-3.0,7,1.079462
-2.666667,7,1.082305
-3.277778,9,1.085873
-4.5,11,1.089608
-6.666667,15,1.094555
-8.833333,11,1.114644
-3.0,9,1.118185
-3.805556,11,1.125226
-6.0,9,1.128509
-5.25,11,1.132038
-3.25,5,1.13411
-3.416667,7,1.136798
-3.75,9,1.148148
-3.333333,7,1.153529
-5.083333,13,1.158389
-4.611111,13,1.163156
-3.083333,9,1.166573
-4.0,5,1.168702
-3.916667,9,1.172083
-2.666667,7,1.174886
-5.333333,11,1.18735
-3.75,9,1.190462
-4.583333,15,1.195342
-5.25,7,1.198142
-6.777778,15,1.20292
-5.75,11,1.226106
-3.194444,7,1.229308
-5.027778,15,1.278476
-2.694444,7,1.281168
-3.75,7,1.283775
-4.0,9,1.287047
-4.75,13,1.290808
-4.416667,9,1.31777
-2.916667,7,1.323642
-5.444444,15,1.33039
-3.75,7,1.333289
-3.361111,9,1.336225
-5.083333,9,1.339179
-3.416667,7,1.341738
-3.25,5,1.35484
-3.277778,9,1.361804
-4.083333,13,1.366558
-2.361111,7,1.369487
-4.888889,15,1.374911
-3.083333,7,1.377792
-3.916667,9,1.380959
-10.944444,19,1.395085
-4.777778,13,1.399814
-3.416667,9,1.402987
-3.416667,11,1.406707
-3.833333,9,1.409889
-4.25,13,1.421303
-7.027778,19,1.428751
-4.083333,11,1.432459
-4.527778,9,1.435641
-3.5,9,1.439064
-4.833333,11,1.46495
-4.916667,13,1.473149
-4.833333,11,1.47748
-5.694444,19,1.484165
-2.583333,7,1.487504
-3.666667,9,1.490809
-2.833333,7,1.501831
-4.0,13,1.506215
-4.111111,11,1.510598
-2.916667,5,1.512974
-3.722222,11,1.51706
-2.083333,5,1.51942
-3.833333,9,1.522881
-5.027778,13,1.538743
-3.361111,9,1.541951
-6.333333,15,1.547048
-3.388889,11,1.551001
-2.583333,5,1.553606
-2.444444,7,1.556546
-2.583333,5,1.558861
-4.444444,11,1.587151
-3.166667,9,1.590224
-3.833333,9,1.593593
-4.361111,9,1.59758
-2.666667,7,1.600287
-2.361111,7,1.603231
-6.138889,15,1.608192
-2.861111,7,1.62338
-4.166667,9,1.626688
-2.583333,5,1.629191
-3.25,9,1.632478
-4.25,9,1.635505
-5.166667,9,1.638653
-3.277778,7,1.641172
-5.166667,17,1.653636
-3.277778,7,1.656285
-2.083333,5,1.658144
-4.666667,13,1.66288
-2.361111,7,1.665633
-3.666667,11,1.669385
-3.583333,7,1.672029
-3.944444,11,1.682893
-3.083333,7,1.685664
-2.583333,5,1.687799
-2.916667,7,1.690362
-3.666667,7,1.693261
-4.083333,9,1.697013
-4.0,9,1.699985
-3.0,7,1.702609
-2.916667,7,1.705263
-3.0,7,1.716319
-2.5,7,1.722198
-4.333333,9,1.725997
-3.333333,7,1.72878
-3.916667,11,1.731863
-2.583333,5,1.733695
-4.166667,9,1.736474
-3.277778,9,1.740036
-2.083333,5,1.7486
-2.583333,7,1.751187
-4.277778,13,1.75576
-3.75,7,1.760127
-4.583333,13,1.764394
-4.388889,15,1.768825
-3.0,7,1.780364
-3.416667,7,1.783009
-3.25,5,1.78508
-2.583333,7,1.788178
-4.0,9,1.791659
-2.083333,5,1.79397
-5.0,17,1.799114
-2.416667,5,1.801301
-3.25,5,1.803888
-3.416667,9,1.815268
-2.916667,7,1.81914
-2.583333,7,1.822145
-2.916667,7,1.824877
-3.416667,9,1.827934
-2.5,7,1.830646
-2.583333,5,1.832944
-3.083333,7,1.835534
-2.666667,7,1.894541
-3.194444,7,1.923231
-2.5,7,1.929284
-4.916667,13,1.934168
-2.666667,7,1.937036
-3.361111,11,1.940578
-3.666667,11,1.944786
-6.916667,13,1.960309
-3.333333,7,1.963166
-2.361111,7,1.967346
-3.25,5,1.969466
-3.25,5,1.971351
-2.666667,7,1.973984
-3.333333,9,1.977095
-2.5,7,1.979759
-3.416667,9,1.982973
-2.444444,7,2.002143
-2.083333,5,2.004688
-3.833333,7,2.007799
-2.083333,5,2.010051
-3.333333,11,2.01453
-3.5,9,2.018206
-2.777778,7,2.020994
-2.416667,5,2.023288
-3.083333,7,2.026178
-3.416667,7,2.041566
-3.194444,7,2.044472
-2.083333,5,2.046543
-3.75,7,2.049871
-2.5,7,2.054416
-2.5,7,2.057522
-3.083333,7,2.060695
-2.583333,5,2.063127
-2.083333,5,2.06514
-3.833333,9,2.068064
-3.25,5,2.078094
-2.083333,5,2.080428
-2.083333,5,2.082551
-3.166667,7,2.086187
-2.777778,7,2.088845
-2.444444,7,2.091826
-4.027778,11,2.095737
-2.583333,7,2.098517
-3.0,7,2.101069
-3.194444,9,2.113765
-3.333333,7,2.117367
-2.666667,7,2.120102
-3.277778,11,2.12418
-2.083333,5,2.126267
-3.083333,7,2.128682
-2.916667,7,2.131636
-2.777778,7,2.134065
-3.0,7,2.136539
-2.583333,7,2.147506
-2.416667,5,2.149904
-2.083333,5,2.152101
-2.694444,7,2.15483
-2.916667,7,2.158765
-3.25,5,2.160656
-2.583333,5,2.162525
-2.833333,7,2.164996
-2.083333,5,2.166765
-2.666667,7,2.169286
-3.166667,9,2.178963
-3.333333,7,2.181482
-2.083333,5,2.183363
-3.25,7,2.185809
-3.333333,9,2.189185
-2.083333,5,2.191635
-2.944444,7,2.193996
-2.666667,7,2.196271
-2.416667,5,2.198507
-2.083333,5,2.200603
-4.666667,9,2.211267
-2.861111,9,2.214447
-2.777778,7,2.216954
-2.083333,5,2.219182
-2.5,7,2.222295
-5.527778,15,2.227152
-2.916667,7,2.22983
-2.083333,5,2.232124
-2.083333,5,2.234661
-3.416667,9,2.245317
-2.083333,5,2.24735
-2.583333,7,2.250069
-2.666667,7,2.252926
-4.861111,11,2.256462
-2.361111,7,2.260201
-2.083333,5,2.262273
-2.083333,5,2.264609
-2.583333,5,2.26666
-2.083333,5,2.279167
-3.25,5,2.28158
-2.083333,5,2.284023
-2.666667,7,2.287045
-2.5,7,2.289615
-2.083333,5,2.292023
-2.583333,7,2.294659
-2.583333,7,2.297568
-6.111111,13,2.30255
-2.083333,5,2.304686
-2.083333,5,2.314633
-2.083333,5,2.317121
-3.277778,9,2.320069
-2.083333,5,2.322994
-2.083333,5,2.324942
-2.083333,5,2.326985
-2.083333,5,2.329067
-2.083333,5,2.330996
-2.083333,5,2.333095
-2.083333,5,2.335443
-3.083333,9,2.339059
-2.583333,7,2.356952
-2.083333,5,2.35905
-2.583333,7,2.362541
-2.666667,7,2.366995
-2.583333,7,2.370019
-2.583333,5,2.372286
-2.083333,5,2.374498
-2.083333,5,2.376655
-2.361111,7,2.379286
-3.333333,7,2.381999
-2.083333,5,2.384109
-2.083333,5,2.393983
-2.083333,5,2.395847
-3.083333,9,2.40028
-2.083333,5,2.40279
-2.083333,5,2.404932
-2.083333,5,2.40708
-2.083333,5,2.409036
-3.416667,7,2.411694
-2.083333,5,2.413892
-2.083333,5,2.415905
-4.166667,9,2.430073
-4.166667,11,2.434122
-3.777778,9,2.437219
-2.583333,5,2.439489
-2.083333,5,2.441877
-2.083333,5,2.444104
-2.083333,5,2.446494
-3.166667,9,2.449803
-2.083333,5,2.452166
-2.083333,5,2.454327
-2.083333,5,2.470726
-2.083333,5,2.472798
-2.083333,5,2.474992
-2.083333,5,2.47712
-2.083333,5,2.479276
-2.083333,5,2.481718
-2.083333,5,2.483992
-2.083333,5,2.528043
-3.416667,7,2.530827
-4.0,13,2.535124
-2.083333,5,2.537195
-2.666667,7,2.578435
-2.083333,5,2.583728
-2.083333,5,2.586093
-2.083333,5,2.588231
-2.083333,5,2.590125
-2.083333,5,2.591888
-2.083333,5,2.593787
-2.083333,5,2.595526
-2.083333,5,2.597588
-2.944444,9,2.600863
-2.083333,5,2.602624
-2.083333,5,2.604565
-2.083333,5,2.619999
-2.083333,5,2.622202
-2.083333,5,2.624446
-2.083333,5,2.626581
-2.083333,5,2.628785
-2.083333,5,2.631145
-2.083333,5,2.633539
-2.083333,5,2.635596
-2.083333,5,2.637674
-2.083333,5,2.639622
-2.583333,5,2.64176
-3.083333,9,2.645243
-2.083333,5,2.656258
-2.083333,5,2.658293
-2.083333,5,2.662085
-2.444444,7,2.665015
-2.083333,5,2.667751
-2.083333,5,2.669916
-2.083333,5,2.672174
-2.083333,5,2.674014
-2.083333,5,2.676285
-2.083333,5,2.678492
-2.083333,5,2.680367
-2.083333,5,2.682521
-2.083333,5,2.696634
-2.083333,5,2.700336
-2.083333,5,2.702632
-2.083333,5,2.706274
-3.333333,7,2.708982
-2.083333,5,2.711128
-2.083333,5,2.713113
-2.083333,5,2.714995
-2.083333,5,2.716986
-2.361111,7,2.719795
-2.916667,7,2.722441
-2.083333,5,2.724417
-3.166667,7,2.736605
-2.083333,5,2.738577
-2.083333,5,2.740387
-2.083333,5,2.742429
-2.083333,5,2.744686
-2.083333,5,2.747051
-3.333333,7,2.749658
-2.083333,5,2.751944
-2.083333,5,2.75382
-2.083333,5,2.75596
-2.083333,5,2.757892
-2.083333,5,2.759993
-2.083333,5,2.771915
-2.083333,5,2.773979
-2.583333,5,2.775918
-2.083333,5,2.778306
-2.583333,5,2.780816
-2.083333,5,2.782609
-2.083333,5,2.784644
-2.583333,7,2.787294
-2.583333,5,2.789078
-2.083333,5,2.791084
-2.083333,5,2.792973
-2.083333,5,2.795128
-2.083333,5,2.8051
-2.083333,5,2.807203
-2.083333,5,2.811584
-2.083333,5,2.813864
-2.083333,5,2.816028
-2.083333,5,2.817845
-2.083333,5,2.819819
-2.083333,5,2.821796
-2.083333,5,2.82372
-2.083333,5,2.825551
-2.083333,5,2.828102
-2.083333,5,2.830951
-2.083333,5,2.83295
-2.083333,5,2.863578
-2.083333,5,2.865769
-3.583333,7,2.869677
-2.083333,5,2.871945
-2.083333,5,2.874293
-2.083333,5,2.876363
-2.083333,5,2.878412
-2.083333,5,2.880291
-2.083333,5,2.882659
-2.083333,5,2.884813
-2.083333,5,2.886693
-2.083333,5,2.888649
-2.083333,5,2.901129
-2.083333,5,2.903216
-2.083333,5,2.905649
-2.083333,5,2.907514
-2.083333,5,2.909411
-2.083333,5,2.911565
-2.083333,5,2.913629
-2.083333,5,2.915613
-3.583333,7,2.918699
-3.333333,7,2.921465
-2.083333,5,2.923677
-2.083333,5,2.925577
-2.083333,5,2.933874
-2.083333,5,2.936323
-2.083333,5,2.938216
-2.083333,5,2.940284
-2.083333,5,2.94207
-2.083333,5,2.943958
-2.083333,5,2.945921
-2.083333,5,2.947913
-2.083333,5,2.949932
-2.083333,5,2.951777
-2.083333,5,2.953955
-2.083333,5,2.956078
-3.583333,7,2.958398
-2.083333,5,2.965458
-2.083333,5,2.967313
-4.166667,13,2.971376
-2.083333,5,2.973404
-2.083333,5,2.975541
-2.083333,5,2.977607
-2.083333,5,2.979748
-2.083333,5,2.981806
-2.083333,5,2.983748
-2.083333,5,2.985745
-2.083333,5,2.987781
-2.083333,5,3.002935
-3.166667,9,3.006155
-2.083333,5,3.008602
-2.083333,5,3.010635
-2.083333,5,3.013933
-2.083333,5,3.015735
-2.083333,5,3.017931
-2.083333,5,3.020282
-2.083333,5,3.02242
-2.083333,5,3.024451
-2.083333,5,3.026493
-2.083333,5,3.028463
-2.083333,5,3.041278
-2.083333,5,3.043503
-2.083333,5,3.045462
-2.083333,5,3.047352
-2.083333,5,3.049221
-2.083333,5,3.051477
-2.083333,5,3.053607
-2.083333,5,3.055672
-2.083333,5,3.057656
-2.083333,5,3.059559
-2.083333,5,3.061864
-2.083333,5,3.063844
-2.083333,5,3.065928
-2.083333,5,3.087201
-2.083333,5,3.089659
-2.083333,5,3.091702
-2.083333,5,3.093951
-2.083333,5,3.096112
-2.083333,5,3.098045
-2.083333,5,3.099926
-2.083333,5,3.101778
-2.083333,5,3.10383
-2.083333,5,3.105595
-2.083333,5,3.107449
-2.083333,5,3.109414
-2.083333,5,3.111147
-2.083333,5,3.130014
-2.083333,5,3.132057
-2.083333,5,3.134012
-2.083333,5,3.136064
-2.083333,5,3.137996
-2.083333,5,3.13991
-2.083333,5,3.14187
-2.083333,5,3.143891
-2.083333,5,3.145656
-2.083333,5,3.147808
-2.083333,5,3.149575
-2.083333,5,3.151577
-2.083333,5,3.175496
-2.083333,5,3.178576
-2.083333,5,3.22401
-2.083333,5,3.225852
-2.083333,5,3.228016
-2.083333,5,3.2313
-2.083333,5,3.233047
-2.083333,5,3.235614
-2.083333,5,3.238029
-2.083333,5,3.239811
-2.083333,5,3.241633
-2.083333,5,3.243457
-2.083333,5,3.245595
-2.083333,5,3.255506
-2.083333,5,3.257954
-2.083333,5,3.261736
-2.083333,5,3.264292
-2.083333,5,3.266395
-2.083333,5,3.268461
-2.083333,5,3.270481
-2.083333,5,3.272439
-2.083333,5,3.274354
-2.083333,5,3.27616
-2.083333,5,3.278339
-3.083333,9,3.281545
-2.083333,5,3.30493
-2.083333,5,3.308153
-2.083333,5,3.310369
-2.083333,5,3.312261
-2.083333,5,3.314295
-2.083333,5,3.316598
-2.083333,5,3.31883
-2.083333,5,3.321061
-2.083333,5,3.323032
-2.583333,5,3.325029
-2.583333,5,3.32716
-2.083333,5,3.329805
-3.444444,11,3.34146
-2.083333,5,3.343444
-2.083333,5,3.3455
-2.083333,5,3.347521
-2.083333,5,3.349835
-2.083333,5,3.352189
-2.083333,5,3.354522
-2.083333,5,3.357186
-2.083333,5,3.359187
-2.083333,5,3.361402
-2.083333,5,3.363629
-2.083333,5,3.365947
-2.083333,5,3.368447
-2.083333,5,3.382941
-2.083333,5,3.385303
-2.083333,5,3.38738
-2.083333,5,3.389589
-2.083333,5,3.391577
-2.083333,5,3.393895
-2.083333,5,3.39577
-2.083333,5,3.398679
-2.083333,5,3.401187
-2.083333,5,3.403288
-2.083333,5,3.405327
-2.083333,5,3.407209
-2.083333,5,3.417037
-2.083333,5,3.420413
-2.083333,5,3.422594
-2.083333,5,3.42482
-2.083333,5,3.427282
-2.083333,5,3.429635
-2.083333,5,3.431667
-2.083333,5,3.434088
-2.083333,5,3.436049
-2.083333,5,3.437888
-2.083333,5,3.440128
-2.083333,5,3.442099
-2.083333,5,3.444259
-2.083333,5,3.461283
-2.083333,5,3.463756
-2.083333,5,3.465622
-2.083333,5,3.467723
-2.083333,5,3.469688
-2.083333,5,3.471774
-2.083333,5,3.473668
-2.083333,5,3.475805
-2.083333,5,3.478043
-2.083333,5,3.479967
-4.583333,9,3.482761
-2.083333,5,3.484582
-2.083333,5,3.493199
-2.083333,5,3.497808
-2.083333,5,3.500187
-2.083333,5,3.502385
-2.083333,5,3.504601
-2.083333,5,3.506392
-2.083333,5,3.508478
-2.083333,5,3.510501
-2.083333,5,3.512294
-2.083333,5,3.514159
-2.083333,5,3.516056
-2.083333,5,3.517643
-2.083333,5,3.519528
-2.083333,5,3.543574
-2.083333,5,3.545682
-2.083333,5,3.54767
-2.083333,5,3.549715
-2.083333,5,3.551962
-2.083333,5,3.554073
-2.083333,5,3.55617
-2.083333,5,3.558212
-2.583333,5,3.560258
-2.083333,5,3.562104
-2.083333,5,3.564249
-2.083333,5,3.566349
-2.083333,5,3.568629
-2.083333,5,3.578621
-2.083333,5,3.580521
-2.083333,5,3.582367
-2.083333,5,3.584219
-2.083333,5,3.586483
-2.083333,5,3.588466
-2.083333,5,3.590658
-2.083333,5,3.59254
-2.083333,5,3.594554
-2.083333,5,3.596789
-2.083333,5,3.59885
-2.083333,5,3.601189
-2.083333,5,3.602946
-2.083333,5,3.627394
-2.083333,5,3.631757
-2.083333,5,3.635393
-2.083333,5,3.637664
-2.083333,5,3.639799
-2.083333,5,3.64177
-2.083333,5,3.643623
-2.083333,5,3.645525
-2.083333,5,3.647401
-2.083333,5,3.649566
-2.083333,5,3.651641
-2.083333,5,3.653612
-2.083333,5,3.678231
-2.083333,5,3.680289
-2.083333,5,3.682564
-2.083333,5,3.684623
-2.083333,5,3.686687
-7.083333,25,3.695656
-2.083333,5,3.697634
-2.083333,5,3.699625
-2.083333,5,3.701556
-2.083333,5,3.732493
-2.083333,5,3.735224
-2.083333,5,3.737352
-2.083333,5,3.739796
-2.083333,5,3.741817
-2.083333,5,3.743819
-2.083333,5,3.746186
-2.083333,5,3.748083
-2.083333,5,3.75016
-2.083333,5,3.75217
-2.083333,5,3.75418
-2.083333,5,3.756301
-2.083333,5,3.75838
-2.083333,5,3.780013
-2.083333,5,3.782534
-2.083333,5,3.784516
-2.083333,5,3.786566
-2.083333,5,3.790491
-2.083333,5,3.792465
-2.083333,5,3.794596
-2.083333,5,3.796503
-2.083333,5,3.798548
-2.083333,5,3.800598
-2.083333,5,3.802478
-2.416667,5,3.804703
-2.083333,5,3.80674
-2.083333,5,3.822437
-3.666667,11,3.826187
-4.166667,13,3.830738
-2.083333,5,3.832743
-2.083333,5,3.834702
-2.083333,5,3.837603
-4.666667,15,3.842692
-2.083333,5,3.844722
-2.083333,5,3.872414
-2.083333,5,3.874835
-2.083333,5,3.876981
-2.083333,5,3.879527
-2.083333,5,3.881918
-2.083333,5,3.884161
-2.083333,5,3.885897
-2.083333,5,3.887796
-2.083333,5,3.889611
-2.083333,5,3.899266
-2.083333,5,3.902168
-2.083333,5,3.904498
-2.083333,5,3.906833
-2.083333,5,3.936769
-2.083333,5,3.939124
-2.083333,5,3.941417
-2.083333,5,3.943637
-2.083333,5,3.945718
-2.083333,5,3.94788
-2.083333,5,3.950064
-2.416667,5,3.951917
-2.083333,5,3.953664
-2.083333,5,3.955679
-2.083333,5,3.957541
-2.416667,5,3.959433
-2.083333,5,3.973654
-2.083333,5,3.976033
-2.416667,5,3.978169
-2.083333,5,3.980101
-2.083333,5,3.984452
-2.083333,5,3.986518
-2.083333,5,3.988743
-2.083333,5,3.990532
-2.083333,5,3.992538
-2.083333,5,3.994627
-2.083333,5,3.997092
-2.083333,5,3.999441
-2.083333,5,4.001474
-2.083333,5,4.015477
-2.083333,5,4.017834
-2.083333,5,4.022401
-2.083333,5,4.0246
-2.083333,5,4.026824
-2.083333,5,4.028846
-2.083333,5,4.031208
-3.083333,9,4.034848
-2.083333,5,4.036738
-2.083333,5,4.039016
-2.083333,5,4.041075
-2.083333,5,4.043204
-2.083333,5,4.057966
-2.083333,5,4.06015
-2.083333,5,4.062431
-2.083333,5,4.064839
-2.083333,5,4.066983
-2.083333,5,4.069216
-2.083333,5,4.071311
-2.083333,5,4.07335
-2.083333,5,4.07538
-2.083333,5,4.077799
-2.083333,5,4.079699
-2.083333,5,4.081474
-2.083333,5,4.083385
-2.083333,5,4.09425
-2.083333,5,4.096283
-2.083333,5,4.098386
-2.083333,5,4.101073
-2.083333,5,4.10286
-2.083333,5,4.105148
-2.083333,5,4.106974
-2.083333,5,4.108853
-2.583333,5,4.110896
-2.083333,5,4.112869
-2.083333,5,4.114875
-2.083333,5,4.116818
-2.083333,5,4.118906
-2.083333,5,4.130028
-2.083333,5,4.132349
-2.083333,5,4.134605
-2.083333,5,4.138333
-2.083333,5,4.140816
-2.083333,5,4.143668
-2.083333,5,4.146101
-2.083333,5,4.148375
-2.083333,5,4.151061
-2.083333,5,4.153139
-2.083333,5,4.155259
-2.083333,5,4.158193
-2.083333,5,4.160715
-2.083333,5,4.191869
-2.083333,5,4.194158
-2.083333,5,4.196185
-2.083333,5,4.198561
-2.083333,5,4.201053
-2.083333,5,4.203041
-2.083333,5,4.205586
-2.083333,5,4.207628
-2.083333,5,4.209737
-2.083333,5,4.211895
-2.083333,5,4.214388
-2.083333,5,4.216577
-2.083333,5,4.239244
-2.083333,5,4.241469
-2.083333,5,4.24338
-2.666667,7,4.246289
-2.083333,5,4.248565
-2.083333,5,4.250765
-2.083333,5,4.252872
-2.083333,5,4.254698
-2.083333,5,4.256714
-2.083333,5,4.258736
-2.083333,5,4.260597
-2.083333,5,4.262609
-2.083333,5,4.264667
-2.083333,5,4.293179
-2.083333,5,4.295444
-2.083333,5,4.299818
-2.083333,5,4.30211
-2.083333,5,4.304385
-2.083333,5,4.306499
-2.083333,5,4.30861
-2.083333,5,4.310874
-2.083333,5,4.3127
-2.083333,5,4.315511
-2.083333,5,4.317885
-2.083333,5,4.319841
-2.083333,5,4.321759
-2.083333,5,4.351347
-2.083333,5,4.353562
-2.083333,5,4.355557
-2.083333,5,4.358173
-2.083333,5,4.362166
-2.083333,5,4.364138
-2.083333,5,4.366022
-2.083333,5,4.368243
-2.083333,5,4.370224
-2.083333,5,4.372231
-2.083333,5,4.374207
-2.083333,5,4.376111
-2.083333,5,4.3965
-2.083333,5,4.399191
-2.083333,5,4.401758
-2.083333,5,4.404591
-2.083333,5,4.407042
-2.083333,5,4.409357
-2.083333,5,4.411797
-2.083333,5,4.414063
-2.083333,5,4.416301
-2.083333,5,4.418732
-2.083333,5,4.420808
-2.083333,5,4.422807
-2.083333,5,4.424663
-2.083333,5,4.441228
-2.083333,5,4.443654
-2.083333,5,4.445584
-2.083333,5,4.44763
-2.083333,5,4.449974
-2.083333,5,4.452101
-2.083333,5,4.454252
-2.083333,5,4.456553
-2.083333,5,4.45855
-2.083333,5,4.460845
-2.083333,5,4.462929
-2.083333,5,4.465216
-2.083333,5,4.467163
-2.083333,5,4.489554
-2.083333,5,4.492023
-2.083333,5,4.494066
-2.083333,5,4.496039
-2.083333,5,4.497966
-2.083333,5,4.500108
-2.083333,5,4.502075
-2.083333,5,4.50401
-2.083333,5,4.505853
-2.083333,5,4.507651
-2.083333,5,4.509465
-2.083333,5,4.511381
-2.083333,5,4.513439
-2.083333,5,4.543437
-2.083333,5,4.545685
-2.083333,5,4.54787
-2.083333,5,4.549888
-2.083333,5,4.55287
-2.083333,5,4.555147
-2.083333,5,4.557062
-2.083333,5,4.559231
-2.083333,5,4.561309
-2.083333,5,4.563332
-2.083333,5,4.565617
-2.083333,5,4.567841
-2.083333,5,4.570081
-2.083333,5,4.603137
-2.083333,5,4.605405
-2.083333,5,4.607502
-2.083333,5,4.609721
-3.833333,13,4.614545
-2.083333,5,4.616635
-2.583333,7,4.619396
-2.083333,5,4.621731
-2.083333,5,4.623873
-2.083333,5,4.625693
-2.083333,5,4.640276
-2.083333,5,4.64291
-2.083333,5,4.64541
-2.083333,5,4.648457
-2.083333,5,4.651292
-2.083333,5,4.685399
-2.083333,5,4.687233
-2.083333,5,4.689213
-2.083333,5,4.691366
-2.083333,5,4.693416
-2.083333,5,4.695495
-2.083333,5,4.697836
-2.083333,5,4.699741
-2.083333,5,4.720641
-2.083333,5,4.722697
-2.083333,5,4.72501
-2.083333,5,4.727035
-2.083333,5,4.728842
-2.083333,5,4.731386
-2.083333,5,4.733714
-2.083333,5,4.735686
-2.083333,5,4.737928
-2.083333,5,4.739905
-2.083333,5,4.741831
-2.083333,5,4.743765
-2.083333,5,4.74556
-2.083333,5,4.770304
-2.083333,5,4.77457
-2.083333,5,4.776928
-2.083333,5,4.779007
-2.083333,5,4.781399
-2.083333,5,4.783795
-2.083333,5,4.785898
-2.083333,5,4.788173
-2.083333,5,4.790254
-2.083333,5,4.79231
-2.083333,5,4.794313
-2.083333,5,4.796039
-2.083333,5,4.797935
-2.083333,5,4.819636
-2.083333,5,4.822047
-2.083333,5,4.825207
-2.083333,5,4.827331
-3.833333,11,4.830924
-2.083333,5,4.832993
-3.583333,7,4.835671
-2.083333,5,4.837774
-2.083333,5,4.8397
-2.083333,5,4.841702
-2.083333,5,4.84359
-2.083333,5,4.853354
-2.083333,5,4.855513
-2.083333,5,4.858003
-2.666667,7,4.861317
-2.083333,5,4.864105
-2.083333,5,4.86604
-2.083333,5,4.868044
-2.083333,5,4.870162
-2.083333,5,4.872094
-2.083333,5,4.874247
-3.583333,7,4.87675
-2.083333,5,4.878471
-2.083333,5,4.893187
-2.083333,5,4.895601
-2.083333,5,4.897816
-2.083333,5,4.899664
-2.083333,5,4.901682
-2.083333,5,4.90356
-2.083333,5,4.905514
-2.083333,5,4.907355
-2.083333,5,4.909223
-2.083333,5,4.91126
-2.083333,5,4.913092
-2.083333,5,4.915025
-2.083333,5,4.916933
-2.083333,5,4.92991
-2.083333,5,4.931882
-2.083333,5,4.933989
-2.083333,5,4.935837
-2.083333,5,4.939481
-2.083333,5,4.941671
-2.083333,5,4.943471
-2.083333,5,4.94519
-2.083333,5,4.947099
-2.083333,5,4.949175
-2.916667,7,4.951813
-2.083333,5,4.953985
-2.083333,5,4.965313
-2.083333,5,4.967575
-2.083333,5,4.969568
-2.083333,5,4.971448
-2.083333,5,4.973343
-2.083333,5,4.975219
-2.083333,5,4.977168
-2.083333,5,4.979405
-2.083333,5,4.981354
-2.083333,5,4.983337
-2.083333,5,4.985159
-2.083333,5,4.987134
-2.083333,5,4.989205
-2.083333,5,5.009183
-2.083333,5,5.011359
-2.083333,5,5.013244
-2.083333,5,5.015413
-2.083333,5,5.017368
-2.083333,5,5.019321
-2.083333,5,5.021841
-2.083333,5,5.023674
-2.083333,5,5.025414
-2.083333,5,5.027594
-2.083333,5,5.029829
-2.083333,5,5.031807
-2.083333,5,5.03365
-2.083333,5,5.052806
-2.083333,5,5.055003
-2.083333,5,5.056882
-2.083333,5,5.059011
-2.083333,5,5.060941
-2.083333,5,5.062949
-2.083333,5,5.065647
-2.083333,5,5.067597
-2.083333,5,5.069664
-2.083333,5,5.071602
-2.083333,5,5.073501
-2.083333,5,5.07524
-2.083333,5,5.077123
-2.083333,5,5.085065
-2.083333,5,5.087689
-2.083333,5,5.090073
-2.083333,5,5.092156
-2.083333,5,5.094138
-2.083333,5,5.096334
-2.083333,5,5.098509
-2.083333,5,5.100514
-2.916667,7,5.102889
-2.083333,5,5.105344
-2.083333,5,5.107414
-2.083333,5,5.109418
-2.083333,5,5.117716
-2.083333,5,5.122522
-2.083333,5,5.124579
-2.083333,5,5.126671
-2.083333,5,5.128824
-2.083333,5,5.130709
-2.083333,5,5.132948
-2.083333,5,5.134982
-2.083333,5,5.136983
-2.083333,5,5.139009
-3.0,7,5.141678
-2.083333,5,5.143572
-2.083333,5,5.153214
-2.083333,5,5.155703
-2.083333,5,5.158633
-2.083333,5,5.160801
-2.083333,5,5.162938
-2.083333,5,5.164928
-2.083333,5,5.167192
-2.083333,5,5.1694
-2.083333,5,5.171288
-2.583333,5,5.173229
-2.083333,5,5.175187
-2.083333,5,5.177035
-2.083333,5,5.178922
-2.083333,5,5.205875
-2.083333,5,5.208087
-2.083333,5,5.210206
-2.083333,5,5.212678
-2.083333,5,5.214884
-2.083333,5,5.216831
-2.083333,5,5.218774
-2.083333,5,5.220712
-2.083333,5,5.222616
-2.083333,5,5.224381
-2.083333,5,5.226125
-2.083333,5,5.22791
-2.083333,5,5.229816
-2.083333,5,5.249711
-2.083333,5,5.25444
-2.083333,5,5.256403
-2.083333,5,5.258398
-2.083333,5,5.260612
-2.083333,5,5.262534
-2.083333,5,5.264562
-2.083333,5,5.266501
-2.083333,5,5.268378
-2.083333,5,5.27056
-2.083333,5,5.272374
-2.083333,5,5.274198
-2.083333,5,5.276089
-2.083333,5,5.300122
-2.083333,5,5.302479
-2.083333,5,5.304718
-2.083333,5,5.30694
-2.083333,5,5.308846
-2.083333,5,5.310856
-2.083333,5,5.312817
-2.083333,5,5.31489
-2.083333,5,5.316738
-2.083333,5,5.318723
-2.083333,5,5.320669
-2.083333,5,5.322809
-2.083333,5,5.324753
-2.083333,5,5.358342
-2.083333,5,5.362797
-2.083333,5,5.365249
-2.083333,5,5.368576
-2.083333,5,5.370522
-2.083333,5,5.372905
-2.083333,5,5.374994
-2.083333,5,5.377226
-2.083333,5,5.379003
-2.083333,5,5.380962
-2.083333,5,5.382921
-2.083333,5,5.385078
-2.083333,5,5.403318
-2.083333,5,5.40575
-2.083333,5,5.408571
-2.083333,5,5.410564
-2.083333,5,5.412385
-2.083333,5,5.41469
-2.083333,5,5.416967
-2.083333,5,5.419003
-2.083333,5,5.420981
-2.083333,5,5.423045
-2.083333,5,5.424996
-2.083333,5,5.427047
-2.083333,5,5.42892
-2.083333,5,5.451899
-2.083333,5,5.454137
-2.083333,5,5.456169
-2.083333,5,5.458085
-2.083333,5,5.460274
-2.083333,5,5.462448
-2.083333,5,5.464512
-2.083333,5,5.466735
-2.083333,5,5.469288
-2.666667,7,5.472019
-2.083333,5,5.474116
-2.083333,5,5.476249
-2.083333,5,5.47866
-2.083333,5,5.493745
-2.083333,5,5.495776
-2.083333,5,5.497735
-2.083333,5,5.501614
-2.083333,5,5.503631
-2.083333,5,5.505648
-2.083333,5,5.507779
-2.083333,5,5.5098
-2.083333,5,5.512052
-2.083333,5,5.514081
-2.083333,5,5.515948
-2.083333,5,5.518477
-2.083333,5,5.540173
-2.083333,5,5.542635
-2.083333,5,5.544837
-2.083333,5,5.548865
-2.083333,5,5.551061
-2.083333,5,5.553276
-2.083333,5,5.555448
-2.083333,5,5.557553
-2.083333,5,5.559568
-2.083333,5,5.561427
-2.083333,5,5.563565
-2.083333,5,5.565597
-2.083333,5,5.567397
-2.083333,5,5.589855
-2.083333,5,5.593988
-2.083333,5,5.596292
-2.083333,5,5.598002
-2.083333,5,5.599941
-2.083333,5,5.60185
-2.083333,5,5.603803
-2.083333,5,5.605806
-2.083333,5,5.607855
-2.083333,5,5.609651
-2.083333,5,5.611644
-2.083333,5,5.61385
-2.083333,5,5.615692
-2.083333,5,5.643845
-2.083333,5,5.645742
-2.083333,5,5.647967
-2.083333,5,5.650357
-2.083333,5,5.6525
-2.083333,5,5.654435
-2.083333,5,5.656301
-2.083333,5,5.658018
-2.083333,5,5.660057
-2.083333,5,5.662161
-2.083333,5,5.664117
-2.083333,5,5.666195
-2.083333,5,5.667877
-2.083333,5,5.688673
-2.083333,5,5.69101
-2.083333,5,5.692984
-2.083333,5,5.695185
-2.083333,5,5.697374
-2.083333,5,5.699623
-2.083333,5,5.701778
-2.083333,5,5.703875
-2.083333,5,5.705753
-2.083333,5,5.707494
-2.083333,5,5.709468
-2.083333,5,5.711765
-2.083333,5,5.713645
-2.083333,5,5.745
-2.083333,5,5.747007
-2.083333,5,5.749387
-2.083333,5,5.751449
-2.083333,5,5.753487
-2.083333,5,5.755603
-2.083333,5,5.757688
-2.083333,5,5.759647
-2.083333,5,5.761691
-2.083333,5,5.763845
-2.083333,5,5.765669
-2.083333,5,5.767625
-2.083333,5,5.790361
-2.083333,5,5.792611
-2.083333,5,5.794567
-2.083333,5,5.796458
-2.083333,5,5.798362
-2.083333,5,5.800514
-2.083333,5,5.802536
-2.083333,5,5.804811
-2.083333,5,5.806949
-2.083333,5,5.809041
-2.083333,5,5.8115
-2.083333,5,5.813731
-2.083333,5,5.815866
-2.083333,5,5.848051
-2.083333,5,5.850237
-2.083333,5,5.852162
-2.083333,5,5.856238
-2.083333,5,5.858398
-2.083333,5,5.860288
-2.083333,5,5.862424
-2.083333,5,5.864352
-2.083333,5,5.866402
-2.083333,5,5.868548
-2.083333,5,5.870605
-2.083333,5,5.872653
-2.083333,5,5.874761
-2.083333,5,5.895362
-2.083333,5,5.898566
-2.083333,5,5.90108
-2.083333,5,5.903234
-2.083333,5,5.905559
-2.083333,5,5.907818
-2.083333,5,5.910158
-2.083333,5,5.912766
-2.083333,5,5.91485
-2.083333,5,5.916764
-2.083333,5,5.918712
-2.083333,5,5.920793
-2.083333,5,5.92296
-2.083333,5,5.945525
-2.083333,5,5.947921
-2.083333,5,5.950554
-2.083333,5,5.953049
-2.083333,5,5.9555
-2.083333,5,5.95816
-2.083333,5,5.961652
-2.083333,5,5.964066
-2.083333,5,5.966164
-2.083333,5,5.968127
-2.083333,5,5.96991
-2.083333,5,5.971774
-2.083333,5,5.974208
-2.666667,7,5.988029
-2.083333,5,5.992794
-2.416667,5,5.994908
-2.083333,5,5.996984
-2.083333,5,5.998891
-2.083333,5,6.001061
-2.083333,5,6.003272
-2.083333,5,6.005196
-2.083333,5,6.007289
-2.083333,5,6.009407
-2.083333,5,6.011326
-2.083333,5,6.01319
-2.083333,5,6.03051
-2.083333,5,6.033244
-2.083333,5,6.035228
-2.083333,5,6.037619
-2.083333,5,6.039813
-2.083333,5,6.041765
-2.083333,5,6.043622
-2.083333,5,6.045414
-2.083333,5,6.047189
-2.083333,5,6.049055
-2.083333,5,6.051039
-2.083333,5,6.052827
-2.083333,5,6.054669
-2.083333,5,6.075064
-2.083333,5,6.07726
-2.083333,5,6.079232
-2.083333,5,6.081467
-2.083333,5,6.083944
-2.083333,5,6.085758
-2.083333,5,6.087898
-2.083333,5,6.08993
-2.083333,5,6.131185
-2.083333,5,6.13292
-2.083333,5,6.134592
-2.083333,5,6.136279
-2.083333,5,6.137964
-2.083333,5,6.167862
-2.083333,5,6.170133
-2.083333,5,6.17227
-2.083333,5,6.174746
-2.083333,5,6.177034
-2.083333,5,6.179191
-2.083333,5,6.181338
-2.083333,5,6.183512
-2.083333,5,6.18549
-2.083333,5,6.187548
-2.083333,5,6.189628
-2.083333,5,6.191798
-2.083333,5,6.219612
-2.083333,5,6.222134
-2.083333,5,6.22432
-2.083333,5,6.22857
-2.083333,5,6.231081
-2.083333,5,6.233241
-2.083333,5,6.235036
-2.083333,5,6.237146
-2.083333,5,6.239077
-2.083333,5,6.241132
-2.083333,5,6.24351
-2.083333,5,6.245426
-2.083333,5,6.24728
-2.083333,5,6.257728
-2.083333,5,6.26242
-2.083333,5,6.264718
-3.0,7,6.267333
-2.083333,5,6.269229
-2.083333,5,6.272315
-2.083333,5,6.274531
-2.083333,5,6.276229
-2.083333,5,6.277964
-2.083333,5,6.279765
-2.083333,5,6.281593
-2.083333,5,6.283335
-2.083333,5,6.285237
-2.083333,5,6.298322
-2.083333,5,6.300484
-2.083333,5,6.303488
-2.083333,5,6.305869
-2.083333,5,6.307768
-2.083333,5,6.30998
-2.083333,5,6.311914
-2.083333,5,6.313634
-2.083333,5,6.315449
-2.083333,5,6.317055
-2.083333,5,6.318896
-2.083333,5,6.32075
-2.083333,5,6.331747
-2.083333,5,6.334273
-2.083333,5,6.338536
-2.083333,5,6.340795
-2.083333,5,6.344658
-2.083333,5,6.347167
-2.083333,5,6.349292
-2.083333,5,6.351189
-2.083333,5,6.353283
-2.583333,7,6.355678
-2.083333,5,6.357437
-2.083333,5,6.359816
-2.083333,5,6.361614
-2.083333,5,6.371035
-2.083333,5,6.374654
-2.083333,5,6.376656
-2.083333,5,6.378737
-2.083333,5,6.380962
-2.083333,5,6.382985
-2.083333,5,6.385014
-2.083333,5,6.386931
-2.083333,5,6.388618
-2.083333,5,6.390664
-2.083333,5,6.392598
-2.083333,5,6.394616
-2.083333,5,6.396808
-2.083333,5,6.420342
-2.083333,5,6.422369
-2.083333,5,6.424518
-2.083333,5,6.42636
-2.083333,5,6.428372
-2.083333,5,6.430357
-2.083333,5,6.432242
-2.083333,5,6.434806
-2.083333,5,6.436782
-2.083333,5,6.438626
-2.083333,5,6.44074
-2.083333,5,6.442763
-2.083333,5,6.470375
-2.083333,5,6.474416
-2.083333,5,6.476381
-2.083333,5,6.478907
-2.083333,5,6.480925
-2.083333,5,6.483053
-2.083333,5,6.485279
-2.083333,5,6.48766
-2.083333,5,6.49034
-2.083333,5,6.492738
-2.083333,5,6.495058
-2.083333,5,6.497272
-2.083333,5,6.499523
-2.083333,5,6.518505
-2.083333,5,6.521075
-2.083333,5,6.523098
-2.083333,5,6.525004
-3.333333,7,6.527898
-2.083333,5,6.529836
-2.083333,5,6.531572
-2.083333,5,6.533408
-2.083333,5,6.535432
-2.083333,5,6.537566
-2.083333,5,6.539752
-2.083333,5,6.542196
-2.083333,5,6.544615
-2.083333,5,6.562444
-2.083333,5,6.56435
-2.083333,5,6.566186
-2.083333,5,6.568162
-2.083333,5,6.57014
-2.083333,5,6.572171
-2.083333,5,6.574413
-2.083333,5,6.576475
-2.083333,5,6.578497
-2.083333,5,6.580268
-2.083333,5,6.582382
-2.083333,5,6.584366
-2.083333,5,6.623311
-2.083333,5,6.625442
-2.083333,5,6.627233
-2.083333,5,6.629134
-2.083333,5,6.631354
-2.083333,5,6.633548
-2.083333,5,6.635589
-2.083333,5,6.637851
-2.083333,5,6.639962
-2.083333,5,6.642222
-2.083333,5,6.644674
-2.083333,5,6.646767
-2.083333,5,6.648904
-2.083333,5,6.670763
-2.083333,5,6.67352
-2.083333,5,6.675917
-2.083333,5,6.678078
-2.083333,5,6.680289
-2.083333,5,6.682343
-2.083333,5,6.684562
-2.083333,5,6.686618
-2.083333,5,6.68877
-2.083333,5,6.690927
-2.083333,5,6.69269
-2.083333,5,6.694561
-2.083333,5,6.696552
-2.083333,5,6.720935
-2.083333,5,6.723093
-2.083333,5,6.725234
-2.083333,5,6.727145
-2.083333,5,6.729357
-2.083333,5,6.731312
-2.083333,5,6.733371
-2.083333,5,6.735559
-2.083333,5,6.737298
-2.083333,5,6.739807
-2.083333,5,6.74197
-2.083333,5,6.743902
-2.083333,5,6.745795
-2.083333,5,6.776408
-2.083333,5,6.778434
-2.083333,5,6.780566
-2.083333,5,6.782619
-2.083333,5,6.785259
-2.083333,5,6.787355
-2.083333,5,6.78957
-2.083333,5,6.791659
-2.083333,5,6.793853
-2.083333,5,6.795858
-2.083333,5,6.798079
-2.083333,5,6.800113
-2.083333,5,6.802253
-2.083333,5,6.827107
-2.083333,5,6.829504
-2.083333,5,6.831473
-2.083333,5,6.833766
-2.083333,5,6.835819
-2.083333,5,6.837844
-2.083333,5,6.839836
-2.083333,5,6.842031
-2.083333,5,6.844161
-2.083333,5,6.846092
-2.083333,5,6.848016
-2.083333,5,6.849893
-2.083333,5,6.869609
-2.083333,5,6.871826
-2.083333,5,6.875924
-2.083333,5,6.878062
-2.083333,5,6.887533
-2.083333,5,6.889673
-2.083333,5,6.891439
-2.083333,5,6.893384
-2.083333,5,6.895494
-2.083333,5,6.89724
-2.083333,5,6.899259
-2.083333,5,6.901557
-2.083333,5,6.903493
-2.083333,5,6.927673
-2.083333,5,6.929997
-2.083333,5,6.931933
-2.083333,5,6.933998
-2.083333,5,6.935864
-2.083333,5,6.93779
-2.083333,5,6.939836
-2.083333,5,6.942002
-2.083333,5,6.944436
-2.083333,5,6.946183
-5.444444,19,6.96603
-2.083333,5,6.968066
-2.083333,5,6.970031
-2.083333,5,6.974036
-2.083333,5,6.976328
-2.083333,5,6.978371
-2.083333,5,6.980338
-2.083333,5,6.982201
-2.083333,5,6.984251
-2.083333,5,6.986181
-2.083333,5,6.988278
-2.083333,5,6.990338
-2.083333,5,6.992265
-2.083333,5,7.011308
-2.083333,5,7.013319
-2.083333,5,7.015733
-2.083333,5,7.017908
-2.083333,5,7.019825
-2.083333,5,7.021762
-2.083333,5,7.023633
-2.083333,5,7.025609
-2.083333,5,7.027601
-2.083333,5,7.029355
-2.083333,5,7.031183
-2.083333,5,7.03308
-2.083333,5,7.035013
-2.083333,5,7.057725
-2.083333,5,7.059844
-2.083333,5,7.061513
-2.083333,5,7.064
-2.083333,5,7.066156
-2.083333,5,7.068103
-2.083333,5,7.070167
-2.083333,5,7.07223
-2.083333,5,7.074207
-2.083333,5,7.076168
-2.083333,5,7.078367
-2.083333,5,7.08029
-2.083333,5,7.082387
-2.083333,5,7.103093
-2.083333,5,7.10754
-2.083333,5,7.109505
-2.083333,5,7.111578
-2.083333,5,7.11365
-2.083333,5,7.115756
-2.083333,5,7.11785
-2.083333,5,7.119802
-2.083333,5,7.121738
-2.083333,5,7.123463
-2.083333,5,7.125544
-2.083333,5,7.127276
-2.583333,7,7.145346
-2.083333,5,7.147783
-2.083333,5,7.149896
-2.083333,5,7.152068
-2.083333,5,7.154128
-2.083333,5,7.156247
-2.083333,5,7.158035
-2.083333,5,7.160038
-2.083333,5,7.162057
-2.083333,5,7.164181
-2.083333,5,7.166078
-2.083333,5,7.16811
-2.083333,5,7.170527
-2.083333,5,7.191005
-2.083333,5,7.193248
-2.083333,5,7.195222
-2.916667,7,7.200773
-2.083333,5,7.202807
-2.083333,5,7.205067
-2.083333,5,7.20715
-2.083333,5,7.209331
-2.083333,5,7.211269
-2.083333,5,7.213493
-2.083333,5,7.215427
-2.083333,5,7.217581
-2.083333,5,7.236829
-2.083333,5,7.238879
-2.083333,5,7.2407
-2.083333,5,7.242629
-2.083333,5,7.244651
-2.083333,5,7.248548
-2.083333,5,7.250626
-2.083333,5,7.252443
-2.083333,5,7.254364
-2.083333,5,7.256207
-2.083333,5,7.25807
-2.083333,5,7.259967
-2.083333,5,7.261781
-2.083333,5,7.282625
-2.083333,5,7.284954
-2.083333,5,7.28677
-2.083333,5,7.288724
-2.083333,5,7.290689
-2.083333,5,7.292776
-2.083333,5,7.295026
-2.083333,5,7.297035
-2.083333,5,7.29893
-2.083333,5,7.301039
-2.083333,5,7.302992
-2.083333,5,7.305291
-2.083333,5,7.306982
-2.083333,5,7.334116
-2.083333,5,7.336205
-2.083333,5,7.338233
-2.083333,5,7.340097
-2.083333,5,7.343825
-2.083333,5,7.346463
-2.083333,5,7.348468
-2.083333,5,7.350254
-2.083333,5,7.352652
-2.083333,5,7.354738
-2.083333,5,7.356633
-2.083333,5,7.358643
-2.083333,5,7.360541
-2.083333,5,7.384668
-2.083333,5,7.386955
-2.083333,5,7.388833
-2.083333,5,7.391275
-2.083333,5,7.393476
-2.083333,5,7.395539
-2.083333,5,7.397456
-2.083333,5,7.399415
-2.083333,5,7.401293
-2.083333,5,7.403467
-2.083333,5,7.40559
-2.083333,5,7.407348
-2.083333,5,7.428097
-2.083333,5,7.430121
-2.083333,5,7.432077
-2.083333,5,7.433926
-2.083333,5,7.435732
-2.083333,5,7.437479
-2.083333,5,7.43943
-2.083333,5,7.441469
-2.083333,5,7.443435
-2.083333,5,7.445563
-2.083333,5,7.447358
-2.083333,5,7.449223
-2.083333,5,7.451215
-2.083333,5,7.475279
-2.083333,5,7.477267
-2.083333,5,7.47922
-2.083333,5,7.481169
-2.083333,5,7.483647
-2.083333,5,7.485567
-2.083333,5,7.488146
-2.083333,5,7.490432
-2.083333,5,7.492329
-2.083333,5,7.49451
-2.083333,5,7.496444
-2.083333,5,7.498374
-2.083333,5,7.500263
-2.083333,5,7.51972
-2.083333,5,7.524381
-2.083333,5,7.526756
-2.083333,5,7.528846
-2.083333,5,7.531002
-2.083333,5,7.532846
-2.083333,5,7.53483
-2.083333,5,7.536834
-2.083333,5,7.538705
-2.083333,5,7.5405
-2.083333,5,7.542449
-2.083333,5,7.544374
-2.083333,5,7.546665
-2.083333,5,7.576786
-2.083333,5,7.578937
-2.083333,5,7.580993
-2.083333,5,7.582732
-2.083333,5,7.585007
-2.083333,5,7.587047
-2.083333,5,7.58881
-2.083333,5,7.591228
-2.083333,5,7.593511
-2.083333,5,7.595353
-2.083333,5,7.59735
-2.083333,5,7.630551
-2.083333,5,7.633129
-2.083333,5,7.668387
-2.083333,5,7.672642
-2.083333,5,7.675007
-2.083333,5,7.676951
-2.083333,5,7.678779
-2.083333,5,7.680778
-2.083333,5,7.682712
-2.083333,5,7.684595
-2.083333,5,7.686578
-2.083333,5,7.688656
-2.083333,5,7.690649
-2.083333,5,7.692728
-2.083333,5,7.713057
-2.083333,5,7.71577
-2.083333,5,7.718353
-2.083333,5,7.720271
-2.083333,5,7.723636
-2.083333,5,7.725709
-2.083333,5,7.72787
-2.083333,5,7.729928
-2.083333,5,7.732259
-2.083333,5,7.734145
-2.083333,5,7.736084
-2.083333,5,7.738217
-2.083333,5,7.739952
-2.083333,5,7.763052
-2.083333,5,7.765177
-2.083333,5,7.768994
-2.083333,5,7.771362
-2.083333,5,7.773455
-2.083333,5,7.775782
-2.583333,7,7.779327
-2.083333,5,7.781643
-2.083333,5,7.783678
-2.083333,5,7.785875
-2.083333,5,7.787928
-2.083333,5,7.790137
-2.083333,5,7.792377
-2.083333,5,7.805998
-2.083333,5,7.80871
-2.083333,5,7.810526
-2.083333,5,7.813034
-2.083333,5,7.815319
-2.083333,5,7.817434
-2.083333,5,7.819684
-2.083333,5,7.821617
-2.083333,5,7.823637
-2.083333,5,7.825506
-2.083333,5,7.827401
-2.083333,5,7.829606
-2.083333,5,7.84958
-2.083333,5,7.851855
-2.083333,5,7.855695
-2.083333,5,7.859766
-2.083333,5,7.862011
-2.083333,5,7.864456
-2.083333,5,7.866953
-2.083333,5,7.869091
-2.083333,5,7.871228
-2.083333,5,7.873724
-2.083333,5,7.876127
-2.083333,5,7.878183
-2.083333,5,7.880246
-2.083333,5,7.904384
-2.083333,5,7.906971
-2.083333,5,7.90901
-2.083333,5,7.911164
-2.083333,5,7.913336
-2.083333,5,7.915322
-2.083333,5,7.9174
-2.083333,5,7.91936
-2.083333,5,7.921227
-2.083333,5,7.9234
-2.083333,5,7.925372
-2.083333,5,7.927541
-2.083333,5,7.92932
-2.083333,5,7.957264
-2.083333,5,7.959854
-2.083333,5,7.961814
-2.083333,5,7.963742
-2.083333,5,7.965906
-2.083333,5,7.968009
-2.083333,5,7.970182
-2.083333,5,7.972454
-2.083333,5,7.974662
-2.083333,5,7.976543
-2.083333,5,7.978486
-2.083333,5,7.980475
-2.083333,5,7.982807
-2.083333,5,8.009625
-2.083333,5,8.012031
-2.083333,5,8.014496
-2.083333,5,8.01714
-2.083333,5,8.019131
-2.083333,5,8.020909
-2.083333,5,8.023004
-2.083333,5,8.025083
-2.083333,5,8.027097
-2.083333,5,8.028847
-2.083333,5,8.030741
-2.083333,5,8.032499
-2.083333,5,8.034914
-2.083333,5,8.0543
-2.083333,5,8.056263
-2.083333,5,8.058326
-2.083333,5,8.060558
-2.083333,5,8.06274
-2.083333,5,8.065284
-2.083333,5,8.06739
-2.083333,5,8.069504
-2.083333,5,8.071522
-2.083333,5,8.073642
-2.083333,5,8.075895
-2.083333,5,8.077794
-2.083333,5,8.097385
-2.083333,5,8.099634
-2.083333,5,8.101506
-2.083333,5,8.104129
-2.083333,5,8.106385
-2.083333,5,8.108399
-2.083333,5,8.110817
-2.083333,5,8.113405
-2.083333,5,8.115354
-2.083333,5,8.117185
-2.083333,5,8.119132
-2.083333,5,8.120929
-2.083333,5,8.123152
-2.083333,5,8.149255
-2.083333,5,8.151562
-2.083333,5,8.155892
-2.083333,5,8.157959
-2.083333,5,8.160019
-2.083333,5,8.162092
-2.083333,5,8.164033
-2.083333,5,8.166052
-2.083333,5,8.168139
-2.083333,5,8.169898
-2.083333,5,8.171799
-2.083333,5,8.173951
-2.083333,5,8.175975
-2.083333,5,8.194542
-2.083333,5,8.19691
-2.083333,5,8.198827
-2.083333,5,8.200877
-2.083333,5,8.203017
-2.083333,5,8.205174
-2.083333,5,8.207161
-2.083333,5,8.209077
-2.083333,5,8.212242
-2.083333,5,8.214269
-2.083333,5,8.216066
-2.083333,5,8.21783
-2.083333,5,8.219573
-2.083333,5,8.240082
-2.083333,5,8.242186
-2.083333,5,8.244463
-2.083333,5,8.246358
-2.083333,5,8.248441
-2.083333,5,8.250389
-2.083333,5,8.252614
-2.083333,5,8.254472
-2.083333,5,8.256636
-2.083333,5,8.25882
-2.083333,5,8.260788
-2.083333,5,8.262825
-2.083333,5,8.264895
-2.083333,5,8.284478
-2.083333,5,8.286413
-2.083333,5,8.288316
-2.083333,5,8.290515
-2.083333,5,8.292742
-2.083333,5,8.295011
-2.083333,5,8.297097
-2.083333,5,8.299326
-2.083333,5,8.301244
-2.083333,5,8.303046
-2.083333,5,8.305256
-2.083333,5,8.307626
-2.083333,5,8.328185
-2.083333,5,8.330376
-2.083333,5,8.33238
-2.083333,5,8.334558
-2.083333,5,8.336735
-2.083333,5,8.33913
-2.083333,5,8.34137
-2.083333,5,8.344068
-2.083333,5,8.346349
-2.083333,5,8.34857
-2.083333,5,8.350681
-2.083333,5,8.352599
-2.083333,5,8.354831
-2.083333,5,8.375684
-2.083333,5,8.378212
-2.083333,5,8.380153
-2.083333,5,8.383481
-2.083333,5,8.386252
-2.083333,5,8.38852
-2.083333,5,8.39073
-2.083333,5,8.402997
-2.083333,5,8.405134
-2.083333,5,8.407135
-2.083333,5,8.409262
-2.083333,5,8.411175
-2.083333,5,8.412817
-2.083333,5,8.438767
-2.083333,5,8.440928
-2.083333,5,8.443208
-2.083333,5,8.445437
-2.083333,5,8.448011
-2.083333,5,8.450252
-2.083333,5,8.452274
-2.083333,5,8.454556
-2.083333,5,8.456634
-2.083333,5,8.458489
-2.083333,5,8.460384
-2.083333,5,8.462374
-2.083333,5,8.464256
-2.083333,5,8.486407
-2.083333,5,8.488576
-2.083333,5,8.490504
-2.083333,5,8.492964
-2.083333,5,8.495304
-2.083333,5,8.497289
-2.083333,5,8.499408
-2.083333,5,8.501293
-2.083333,5,8.502947
-2.083333,5,8.50478
-2.083333,5,8.506736
-2.083333,5,8.508523
-2.083333,5,8.510417
-2.083333,5,8.531007
-2.083333,5,8.533158
-2.083333,5,8.537011
-2.083333,5,8.539432
-2.083333,5,8.541624
-2.083333,5,8.543752
-2.083333,5,8.545758
-2.083333,5,8.547833
-2.083333,5,8.549828
-2.083333,5,8.551872
-2.083333,5,8.553697
-2.083333,5,8.555803
-2.083333,5,8.574296
-2.083333,5,8.57639
-2.083333,5,8.578361
-2.083333,5,8.581431
-2.083333,5,8.584008
-2.083333,5,8.586184
-2.083333,5,8.588384
-2.083333,5,8.590391
-2.083333,5,8.592485
-2.083333,5,8.594695
-2.083333,5,8.596771
-2.083333,5,8.598862
-2.083333,5,8.600902
-2.083333,5,8.627338
-2.083333,5,8.631652
-2.083333,5,8.633873
-2.083333,5,8.636142
-2.083333,5,8.638397
-2.083333,5,8.640504
-2.083333,5,8.642395
-2.083333,5,8.644539
-2.083333,5,8.646646
-2.083333,5,8.648887
-2.083333,5,8.650934
-2.083333,5,8.653011
-2.083333,5,8.655375
-2.083333,5,8.680618
-2.083333,5,8.682772
-2.083333,5,8.686995
-2.083333,5,8.689334
-2.083333,5,8.691428
-2.083333,5,8.693722
-2.083333,5,8.695467
-2.083333,5,8.697489
-2.083333,5,8.700095
-2.083333,5,8.701994
-2.083333,5,8.704023
-2.083333,5,8.706203
-2.083333,5,8.708315
-2.083333,5,8.733363
-2.083333,5,8.736006
-2.083333,5,8.737998
-2.083333,5,8.739883
-2.083333,5,8.741553
-2.083333,5,8.743668
-2.083333,5,8.745973
-2.083333,5,8.748875
-2.083333,5,8.750921
-2.083333,5,8.752846
-2.083333,5,8.754911
-2.083333,5,8.757169
-2.083333,5,8.759593
-2.083333,5,8.779254
-2.083333,5,8.781215
-2.083333,5,8.783017
-2.083333,5,8.785111
-2.083333,5,8.787331
-2.083333,5,8.789447
-2.083333,5,8.791575
-2.083333,5,8.793867
-2.083333,5,8.796046
-2.083333,5,8.798274
-2.083333,5,8.800452
-2.083333,5,8.802617
-2.083333,5,8.823996
-2.083333,5,8.82622
-2.083333,5,8.828393
-2.083333,5,8.830403
-2.083333,5,8.832625
-2.083333,5,8.835368
-2.083333,5,8.837665
-2.083333,5,8.839977
-2.083333,5,8.842225
-2.083333,5,8.844481
-2.083333,5,8.846562
-2.083333,5,8.848552
-2.083333,5,8.850591
-2.083333,5,8.87938
-2.083333,5,8.881477
-2.083333,5,8.8834
-2.083333,5,8.885239
-2.083333,5,8.887326
-2.083333,5,8.889548
-2.083333,5,8.891898
-2.083333,5,8.894003
-2.083333,5,8.89618
-2.083333,5,8.89819
-2.083333,5,8.900016
-2.083333,5,8.902019
-2.083333,5,8.904021
-2.083333,5,8.926667
-2.083333,5,8.929805
-2.083333,5,8.93236
-2.083333,5,8.93477
-2.083333,5,8.937169
-2.083333,5,8.93958
-2.083333,5,8.941903
-2.083333,5,8.943983
-2.083333,5,8.94651
-2.083333,5,8.948739
-2.083333,5,8.951117
-2.083333,5,8.953406
-2.083333,5,8.955593
-2.083333,5,8.983129
-2.083333,5,8.985403
-2.083333,5,8.987779
-2.083333,5,8.9901
-2.083333,5,8.992391
-2.083333,5,8.994674
-2.083333,5,8.997598
-2.083333,5,8.999929
-2.083333,5,9.002022
-2.083333,5,9.004105
-2.083333,5,9.006266
-2.083333,5,9.008267
-2.083333,5,9.0103
-2.083333,5,9.039507
-2.083333,5,9.043526
-2.083333,5,9.045926
-2.083333,5,9.04808
-2.083333,5,9.050186
-2.083333,5,9.052286
-2.083333,5,9.054325
-2.083333,5,9.056534
-2.083333,5,9.059107
-2.083333,5,9.061492
-2.083333,5,9.063472
-2.083333,5,9.065429
-2.083333,5,9.089391
-2.083333,5,9.093503
-2.083333,5,9.096841
-2.083333,5,9.1004
-2.083333,5,9.102714
-2.083333,5,9.105331
-2.083333,5,9.107541
-2.083333,5,9.109777
-2.083333,5,9.11191
-2.083333,5,9.114008
-2.083333,5,9.116155
-2.083333,5,9.118258
-2.083333,5,9.120341
-2.083333,5,9.149151
-2.083333,5,9.151754
-2.083333,5,9.153895
-2.083333,5,9.156159
-2.083333,5,9.158344
-2.083333,5,9.160717
-2.083333,5,9.162653
-2.083333,5,9.164711
-2.083333,5,9.167164
-2.083333,5,9.169027
-2.083333,5,9.170837
-2.083333,5,9.172615
-2.083333,5,9.174793
-2.083333,5,9.195332
-2.083333,5,9.197477
-2.083333,5,9.207802
-2.083333,5,9.209808
-2.083333,5,9.211772
-2.083333,5,9.213551
-2.083333,5,9.215418
-2.083333,5,9.217589
-2.083333,5,9.219786
-2.083333,5,9.221785
-2.083333,5,9.223749
-2.083333,5,9.225727
-2.083333,5,9.227721
-2.083333,5,9.246687
-2.083333,5,9.248685
-2.583333,5,9.251514
-2.083333,5,9.253421
-2.083333,5,9.255613
-2.083333,5,9.257622
-2.083333,5,9.259489
-2.083333,5,9.261667
-2.083333,5,9.26362
-2.083333,5,9.265518
-2.083333,5,9.26762
-2.083333,5,9.269644
-2.083333,5,9.271528
-2.083333,5,9.287986
-2.083333,5,9.289837
-2.083333,5,9.291803
-2.083333,5,9.293759
-2.083333,5,9.296488
-2.083333,5,9.298438
-2.083333,5,9.300323
-2.083333,5,9.302315
-2.083333,5,9.304467
-2.083333,5,9.3064
-2.083333,5,9.30838
-2.083333,5,9.310512
-2.083333,5,9.337269
-2.083333,5,9.341808
-2.083333,5,9.344102
-2.083333,5,9.346307
-2.083333,5,9.34856
-2.083333,5,9.350819
-2.083333,5,9.352992
-2.083333,5,9.355127
-2.083333,5,9.357264
-2.083333,5,9.359279
-2.083333,5,9.361182
-2.083333,5,9.36324
-2.083333,5,9.365238
-2.083333,5,9.383641
-2.083333,5,9.386103
-2.083333,5,9.388561
-2.083333,5,9.391001
-2.083333,5,9.392944
-2.083333,5,9.395298
-2.083333,5,9.397417
-2.083333,5,9.399663
-2.083333,5,9.402175
-2.083333,5,9.40424
-2.083333,5,9.406236
-2.083333,5,9.408824
-2.083333,5,9.411026
-2.083333,5,9.43168
-2.083333,5,9.433738
-2.083333,5,9.435725
-2.083333,5,9.43946
-2.083333,5,9.441488
-2.083333,5,9.443908
-2.083333,5,9.44644
-2.083333,5,9.448454
-2.083333,5,9.450488
-2.083333,5,9.452559
-2.083333,5,9.454839
-2.083333,5,9.456986
-2.083333,5,9.458988
-2.083333,5,9.480489
-2.083333,5,9.482584
-2.083333,5,9.484411
-3.75,9,9.487882
-3.75,9,9.49104
-2.083333,5,9.493204
-2.916667,7,9.495742
-2.083333,5,9.49799
-2.083333,5,9.500028
-3.75,9,9.503144
-2.083333,5,9.517104
-2.083333,5,9.51897
-2.916667,7,9.521724
-2.916667,7,9.524517
-2.916667,7,9.52766
-2.083333,5,9.529692
-2.916667,7,9.53259
-2.916667,7,9.535216
-2.083333,5,9.537404
-2.083333,5,9.539465
-2.083333,5,9.54157
-2.083333,5,9.548985
-2.083333,5,9.551154
-2.916667,7,9.553427
-2.083333,5,9.555499
-2.083333,5,9.557854
-2.083333,5,9.559817
-2.083333,5,9.562029
-2.083333,5,9.564096
-2.083333,5,9.566306
-2.083333,5,9.568494
-2.083333,5,9.57072
-2.083333,5,9.572817
-2.083333,5,9.584506
-2.083333,5,9.586482
-2.083333,5,9.588506
-2.083333,5,9.590474
-2.083333,5,9.592547
-2.083333,5,9.595227
-2.083333,5,9.597421
-2.083333,5,9.599416
-2.083333,5,9.601811
-2.083333,5,9.604116
-2.083333,5,9.606075
-2.083333,5,9.608091
-2.083333,5,9.610153
-2.083333,5,9.642255
-2.083333,5,9.644883
-2.083333,5,9.647175
-2.083333,5,9.649283
-2.083333,5,9.651505
-2.083333,5,9.653903
-2.083333,5,9.65616
-2.083333,5,9.658548
-2.083333,5,9.660904
-2.083333,5,9.663019
-2.083333,5,9.666116
-2.083333,5,9.668124
-2.083333,5,9.67022
-2.083333,5,9.689577
-2.083333,5,9.691447
-2.083333,5,9.693445
-2.083333,5,9.695389
-2.083333,5,9.697187
-2.083333,5,9.701119
-2.083333,5,9.702953
-2.083333,5,9.704883
-2.083333,5,9.706771
-2.083333,5,9.708733
-2.083333,5,9.71079
-2.083333,5,9.713176
-2.083333,5,9.732879
-2.083333,5,9.735165
-2.083333,5,9.737231
-2.083333,5,9.739202
-2.083333,5,9.743532
-2.083333,5,9.745593
-2.083333,5,9.747627
-2.083333,5,9.750068
-2.083333,5,9.752161
-2.083333,5,9.754445
-2.083333,5,9.75654
-2.083333,5,9.758652
-2.083333,5,9.760988
-2.083333,5,9.780944
-2.083333,5,9.783333
-2.083333,5,9.787157
-2.083333,5,9.789128
-2.083333,5,9.791362
-2.083333,5,9.793373
-2.083333,5,9.795328
-2.083333,5,9.797361
-2.083333,5,9.799612
-2.083333,5,9.801733
-2.083333,5,9.803681
-2.083333,5,9.805587
-2.083333,5,9.807848
-2.083333,5,9.826085
-2.083333,5,9.828249
-2.083333,5,9.830236
-2.083333,5,9.832363
-2.083333,5,9.834674
-2.083333,5,9.836844
-2.083333,5,9.838895
-2.083333,5,9.840893
-2.083333,5,9.843245
-2.083333,5,9.845269
-2.083333,5,9.847287
-2.083333,5,9.849151
-2.083333,5,9.851239
-2.083333,5,9.867936
-2.083333,5,9.870302
-2.083333,5,9.872512
-2.083333,5,9.874744
-2.083333,5,9.876827
-2.083333,5,9.879083
-2.083333,5,9.881039
-2.083333,5,9.883165
-2.083333,5,9.885378
-2.083333,5,9.899666
-2.083333,5,9.901768
-2.083333,5,9.903764
-2.083333,5,9.905851
-2.083333,5,9.917912
-2.083333,5,9.920023
-2.083333,5,9.921963
-2.083333,5,9.924228
-2.083333,5,9.926624
-2.083333,5,9.928854
-2.083333,5,9.930759
-2.083333,5,9.933092
-2.083333,5,9.93504
-2.083333,5,9.937128
-2.083333,5,9.939276
-2.083333,5,9.941503
-2.083333,5,9.953369
-2.083333,5,9.955783
-2.083333,5,9.957959
-2.083333,5,9.960242
-2.083333,5,9.96296
-2.083333,5,9.965034
-2.083333,5,9.967173
-2.083333,5,9.969342
-2.083333,5,9.971406
-2.083333,5,9.973678
-2.083333,5,9.975559
-2.083333,5,9.977553
-2.083333,5,9.979602
-2.083333,5,9.988326
-2.083333,5,9.991503
-2.083333,5,9.993678
-2.083333,5,9.99775
-2.083333,5,10.000078
-2.083333,5,10.002253
-2.083333,5,10.004339
-2.083333,5,10.006467
-2.083333,5,10.008669
-2.083333,5,10.010576
-2.083333,5,10.012631
-2.083333,5,10.014663
-2.083333,5,10.016768
-2.083333,5,10.040298
-2.083333,5,10.042361
-2.083333,5,10.044374
-2.083333,5,10.04656
-2.083333,5,10.048566
-2.083333,5,10.050692
-2.083333,5,10.052405
-2.083333,5,10.054605
-2.083333,5,10.057075
-2.083333,5,10.060089
-2.083333,5,10.062264
-2.083333,5,10.064454
-2.083333,5,10.066277
-2.083333,5,10.085686
-2.083333,5,10.088347
-2.083333,5,10.090599
-2.083333,5,10.09274
-2.083333,5,10.095015
-2.083333,5,10.097055
-2.083333,5,10.099135
-2.083333,5,10.101513
-2.083333,5,10.103651
-2.083333,5,10.105486
-2.083333,5,10.107245
-2.083333,5,10.109334
-2.083333,5,10.111277
-2.083333,5,10.124539
-2.083333,5,10.126851
-2.083333,5,10.128864
-2.083333,5,10.131105
-2.083333,5,10.133682
-2.083333,5,10.135857
-2.083333,5,10.138
-2.083333,5,10.139946
-2.083333,5,10.141767
-2.083333,5,10.143595
-2.083333,5,10.145363
-2.083333,5,10.147139
-2.083333,5,10.169549
-2.083333,5,10.171841
-2.083333,5,10.173828
-2.083333,5,10.175649
-2.083333,5,10.178043
-2.083333,5,10.180022
-2.083333,5,10.181986
-2.083333,5,10.184301
-2.083333,5,10.186461
-2.083333,5,10.18871
-2.083333,5,10.1906
-2.083333,5,10.192517
-2.666667,7,10.195575
-2.083333,5,10.207903
-2.083333,5,10.210118
-2.083333,5,10.211912
-2.083333,5,10.213959
-2.083333,5,10.215858
-2.083333,5,10.217938
-2.083333,5,10.220047
-2.083333,5,10.222235
-2.083333,5,10.224407
-2.083333,5,10.226403
-2.083333,5,10.228321
-2.083333,5,10.230741
-2.083333,5,10.232881
-2.083333,5,10.251852
-2.083333,5,10.254089
-2.083333,5,10.255794
-2.083333,5,10.257916
-2.083333,5,10.261056
-2.083333,5,10.263393
-2.083333,5,10.265671
-2.083333,5,10.267548
-2.083333,5,10.269699
-2.083333,5,10.27186
-2.083333,5,10.274202
-2.083333,5,10.276198
-2.083333,5,10.311536
-2.083333,5,10.313677
-2.083333,5,10.315667
-2.083333,5,10.31755
-2.083333,5,10.32028
-2.083333,5,10.322337
-2.083333,5,10.324592
-2.083333,5,10.32658
-2.083333,5,10.328644
-2.083333,5,10.330549
-2.083333,5,10.332797
-2.083333,5,10.335248
-2.083333,5,10.337278
-2.083333,5,10.362265
-2.083333,5,10.364922
-2.666667,7,10.367945
-2.083333,5,10.370122
-2.666667,7,10.372657
-3.25,9,10.376624
-2.083333,5,10.378578
-2.666667,7,10.381104
-3.25,9,10.384388
-2.083333,5,10.386193
-2.666667,7,10.4002
-2.083333,5,10.402194
-2.083333,5,10.404132
-2.083333,5,10.405929
-2.083333,5,10.40758
-2.083333,5,10.409815
-2.083333,5,10.411803
-2.083333,5,10.413535
-2.666667,7,10.416209
-2.666667,7,10.41884
-2.083333,5,10.42072
-2.083333,5,10.422772
-2.083333,5,10.429868
-2.083333,5,10.432062
-2.083333,5,10.434058
-2.083333,5,10.435953
-2.083333,5,10.437697
-2.083333,5,10.440095
-2.083333,5,10.442262
-2.083333,5,10.444543
-2.083333,5,10.446423
-2.083333,5,10.448262
-2.083333,5,10.450133
-2.083333,5,10.452231
-2.083333,5,10.454336
-2.083333,5,10.477424
-2.083333,5,10.479739
-2.083333,5,10.482835
-2.083333,5,10.485132
-2.083333,5,10.487362
-2.083333,5,10.489321
-2.083333,5,10.491453
-2.083333,5,10.493371
-2.083333,5,10.495618
-2.083333,5,10.497785
-2.083333,5,10.499617
-2.083333,5,10.501642
-2.083333,5,10.522036
-2.083333,5,10.524479
-2.083333,5,10.526156
-2.083333,5,10.527786
-2.083333,5,10.529901
-2.083333,5,10.53204
-2.083333,5,10.534182
-2.083333,5,10.536263
-2.083333,5,10.538455
-2.083333,5,10.540786
-2.083333,5,10.543047
-2.083333,5,10.545123
-2.083333,5,10.54705
-2.083333,5,10.576667
-2.083333,5,10.578854
-2.083333,5,10.581034
-2.083333,5,10.582975
-2.083333,5,10.585898
-2.083333,5,10.596709
-2.083333,5,10.598608
-2.083333,5,10.600406
-2.083333,5,10.602446
-2.083333,5,10.60434
-2.083333,5,10.606382
-2.083333,5,10.608505
-2.083333,5,10.610389
-2.083333,5,10.631673
-2.083333,5,10.633623
-2.083333,5,10.635791
-2.083333,5,10.637739
-2.083333,5,10.640176
-2.083333,5,10.64294
-2.083333,5,10.645221
-2.083333,5,10.64741
-2.083333,5,10.649448
-2.083333,5,10.651512
-2.083333,5,10.653628
-2.083333,5,10.655882
-2.083333,5,10.658191
-2.083333,5,10.666803
-2.083333,5,10.668829
-2.083333,5,10.670975
-2.083333,5,10.673031
-2.083333,5,10.675479
-2.083333,5,10.677958
-2.083333,5,10.679928
-2.083333,5,10.68228
-2.083333,5,10.684526
-2.083333,5,10.686585
-2.083333,5,10.68874
-2.083333,5,10.690901
-2.083333,5,10.693082
-2.083333,5,10.707718
-2.083333,5,10.711396
-2.083333,5,10.71367
-2.083333,5,10.715894
-2.083333,5,10.717992
-2.666667,7,10.720827
-2.083333,5,10.723028
-2.083333,5,10.724983
-2.083333,5,10.727593
-2.083333,5,10.729592
-2.083333,5,10.731947
-2.083333,5,10.734187
-2.083333,5,10.745737
-2.083333,5,10.747992
-2.083333,5,10.750057
-2.083333,5,10.752035
-2.083333,5,10.754294
-2.083333,5,10.756534
-2.083333,5,10.758407
-2.083333,5,10.76036
-2.083333,5,10.762622
-2.083333,5,10.764735
-2.083333,5,10.766888
-2.083333,5,10.768798
-2.083333,5,10.770864
-2.083333,5,10.801287
-2.083333,5,10.803213
-2.083333,5,10.805309
-2.083333,5,10.807222
-2.083333,5,10.809454
-2.083333,5,10.81167
-2.083333,5,10.813873
-2.083333,5,10.816168
-2.083333,5,10.818201
-2.083333,5,10.820214
-2.083333,5,10.822477
-2.083333,5,10.824432
-2.083333,5,10.826719
-2.083333,5,10.846093
-2.083333,5,10.848094
-2.083333,5,10.849877
-2.083333,5,10.851598
-2.083333,5,10.853384
-2.083333,5,10.855278
-2.083333,5,10.857168
-2.083333,5,10.85936
-2.083333,5,10.861561
-2.083333,5,10.863603
-2.083333,5,10.865754
-2.083333,5,10.867505
-2.083333,5,10.8915
-2.083333,5,10.89359
-2.083333,5,10.89534
-2.083333,5,10.897283
-2.083333,5,10.901862
-2.083333,5,10.904163
-2.083333,5,10.906278
-2.083333,5,10.908139
-2.083333,5,10.910301
-2.083333,5,10.912344
-2.083333,5,10.914543
-2.083333,5,10.916589
-2.083333,5,10.918788
-2.083333,5,10.940633
-2.083333,5,10.94253
-2.083333,5,10.944599
-2.083333,5,10.946834
-2.083333,5,10.948714
-2.083333,5,10.950698
-2.083333,5,10.952657
-2.083333,5,10.954989
-2.083333,5,10.957165
-2.083333,5,10.959056
-2.083333,5,10.960821
-2.083333,5,10.963006
-2.083333,5,10.964935
-2.083333,5,10.986852
-2.083333,5,10.98894
-2.083333,5,10.990618
-2.083333,5,10.994827
-2.083333,5,10.996803
-2.083333,5,10.99859
-2.083333,5,11.000543
-2.083333,5,11.002855
-2.083333,5,11.004765
-2.083333,5,11.006938
-2.083333,5,11.008832
-2.083333,5,11.010554
-2.083333,5,11.012471
-4.583333,9,11.03001
-2.083333,5,11.031964
-3.333333,7,11.034885
-2.083333,5,11.036984
-3.583333,7,11.039527
-8.333333,15,11.044361
-13.333333,47,11.068047
-8.333333,15,11.073255
-2.083333,5,11.075542
-12.083333,21,11.111634
-34.0,87,11.149246
-18.333333,83,11.194757
-8.333333,15,11.200472
-4.25,9,11.209583
-9.75,29,11.218043
-13.75,49,11.244729
-3.083333,9,11.248558
-2.083333,5,11.250698
-2.083333,5,11.252826
-2.083333,5,11.254861
-2.083333,5,11.256734
-3.916667,9,11.260224
-2.083333,5,11.266093
-3.0,7,11.268949
-2.083333,5,11.27165
-2.083333,5,11.273685
-3.583333,7,11.276359
-2.083333,5,11.278329
-2.083333,5,11.280269
-3.333333,7,11.282889
-3.0,7,11.285629
-3.333333,7,11.288476
-2.083333,5,11.290595
-2.083333,5,11.298495
-2.083333,5,11.300422
-2.083333,5,11.302324
-2.083333,5,11.304279
-2.083333,5,11.306144
-3.916667,9,11.309679
-3.333333,7,11.312329
-2.083333,5,11.314441
-2.083333,5,11.316578
-2.083333,5,11.318617
-2.083333,5,11.320607
-3.583333,7,11.332148
-2.083333,5,11.334199
-2.083333,5,11.336305
-2.083333,5,11.338211
-2.083333,5,11.340464
-2.083333,5,11.342329
-2.083333,5,11.344168
-2.083333,5,11.345859
-2.083333,5,11.347972
-2.083333,5,11.349705
-2.083333,5,11.351719
-2.083333,5,11.353475
-2.083333,5,11.355496
-2.416667,5,11.385998
-2.083333,5,11.388391
-2.083333,5,11.390966
-2.083333,5,11.393338
-2.416667,5,11.395549
-2.083333,5,11.397978
-2.083333,5,11.4002
-2.083333,5,11.402402
-2.083333,5,11.404967
-2.083333,5,11.407168
-2.083333,5,11.40923
-2.083333,5,11.411049
-2.083333,5,11.412749
-2.083333,5,11.432757
-2.083333,5,11.435303
-2.083333,5,11.437274
-2.083333,5,11.4393
-2.083333,5,11.441358
-2.083333,5,11.443485
-2.083333,5,11.44606
-2.083333,5,11.448133
-2.083333,5,11.449996
-2.083333,5,11.452059
-2.083333,5,11.454487
-858.194444,3427,13.706352
-2.083333,5,13.709139
-2.083333,5,13.711168
-2.083333,5,13.713152
-2.083333,5,13.715067
-2.083333,5,13.717014
-2.083333,5,13.719186
-2.083333,5,13.721222
-2.083333,5,13.7435
-2.083333,5,13.747549
-2.083333,5,13.749627
-2.083333,5,13.751667
-2.083333,5,13.753882
-2.083333,5,13.756439
-2.083333,5,13.758286
-2.083333,5,13.76059
-2.083333,5,13.762915
-2.083333,5,13.765403
-2.083333,5,13.767724
-2.083333,5,13.769932
-2.083333,5,13.772218
-2.083333,5,13.795162
-2.083333,5,13.797395
-2.083333,5,13.799875
-2.083333,5,13.802992
-3.916667,9,13.806447
-2.083333,5,13.808748
-2.083333,5,13.810869
-2.083333,5,13.812921
-2.083333,5,13.815233
-2.083333,5,13.817604
-2.083333,5,13.819884
-2.083333,5,13.821784
-2.083333,5,13.844492
-2.083333,5,13.846655
-2.083333,5,13.848667
-2.083333,5,13.850502
-2.083333,5,13.852369
-2.083333,5,13.854764
-2.083333,5,13.856947
-2.083333,5,13.870066
-2.083333,5,13.872087
-2.083333,5,13.874075
-2.083333,5,13.876177
-2.083333,5,13.878249
-2.083333,5,13.880158
-2.083333,5,13.906362
-2.083333,5,13.908331
-2.083333,5,13.910069
-2.083333,5,13.911844
-2.083333,5,13.914175
-2.083333,5,13.916186
-2.083333,5,13.918177
-2.083333,5,13.920326
-2.083333,5,13.922352
-2.083333,5,13.924658
-2.083333,5,13.926831
-2.083333,5,13.928964
-2.583333,5,13.930914
-2.083333,5,13.958363
-2.083333,5,13.960931
-2.083333,5,13.96522
-2.083333,5,13.967927
-2.083333,5,13.970365
-2.083333,5,13.972346
-2.083333,5,13.974429
-2.083333,5,13.97788
-2.083333,5,13.980011
-2.083333,5,13.982085
-2.083333,5,13.984291
-2.083333,5,13.98648
-2.083333,5,13.988649
-2.083333,5,14.016378
-2.083333,5,14.018364
-2.083333,5,14.020137
-2.083333,5,14.022213
-2.083333,5,14.024467
-2.083333,5,14.026416
-2.083333,5,14.028554
-2.083333,5,14.030633
-2.083333,5,14.032687
-2.083333,5,14.03459
-2.083333,5,14.036687
-2.083333,5,14.039225
-2.083333,5,14.050492
-2.583333,7,14.053275
-2.083333,5,14.055457
-2.083333,5,14.058611
-2.083333,5,14.060721
-2.083333,5,14.062662
-2.083333,5,14.064808
-2.083333,5,14.067034
-2.083333,5,14.070207
-2.083333,5,14.072611
-2.083333,5,14.074946
-2.083333,5,14.077135
-2.083333,5,14.078966
-2.083333,5,14.088348
-2.083333,5,14.090552
-2.083333,5,14.092616
-2.083333,5,14.094824
-2.083333,5,14.097146
-2.083333,5,14.099379
-2.083333,5,14.101504
-2.083333,5,14.103545
-2.083333,5,14.105768
-2.083333,5,14.107715
-2.083333,5,14.109876
-2.083333,5,14.111758
-2.083333,5,14.114239
-2.083333,5,14.141334
-2.083333,5,14.14363
-2.083333,5,14.14565
-2.083333,5,14.148053
-2.083333,5,14.150394
-2.083333,5,14.152703
-2.666667,7,14.155576
-2.083333,5,14.157504
-2.083333,5,14.159472
-2.083333,5,14.161504
-2.083333,5,14.163447
-2.083333,5,14.165547
-2.083333,5,14.17746
-2.083333,5,14.179959
-2.083333,5,14.181837
-2.083333,5,14.183987
-2.083333,5,14.186025
-2.083333,5,14.188039
-2.083333,5,14.190094
-2.083333,5,14.192319
-2.083333,5,14.194227
-2.083333,5,14.196163
-2.083333,5,14.198138
-2.083333,5,14.199909
-3.833333,11,14.208756
-2.083333,5,14.211636
-2.083333,5,14.215798
-2.083333,5,14.218037
-2.083333,5,14.220517
-2.083333,5,14.222525
-2.083333,5,14.224653
-2.083333,5,14.22677
-2.083333,5,14.229037
-2.083333,5,14.231113
-2.083333,5,14.233045
-2.083333,5,14.236329
-2.083333,5,14.249099
-2.083333,5,14.251498
-2.083333,5,14.254062
-2.083333,5,14.255931
-2.083333,5,14.258302
-2.083333,5,14.260192
-2.083333,5,14.262182
-2.083333,5,14.264297
-2.083333,5,14.266138
-2.083333,5,14.267902
-2.083333,5,14.269934
-2.083333,5,14.271917
-2.083333,5,14.273973
-2.583333,7,14.295789
-2.083333,5,14.298536
-2.083333,5,14.300557
-2.083333,5,14.302694
-2.083333,5,14.305134
-2.083333,5,14.30776
-2.083333,5,14.309798
-2.083333,5,14.311644
-2.083333,5,14.313515
-2.083333,5,14.315719
-2.083333,5,14.31774
-2.083333,5,14.319745
-2.083333,5,14.322062
-2.083333,5,14.333895
-2.083333,5,14.336027
-2.083333,5,14.338171
-2.083333,5,14.340427
-2.083333,5,14.342728
-2.083333,5,14.345
-2.083333,5,14.347596
-2.083333,5,14.349803
-2.083333,5,14.352032
-2.083333,5,14.354137
-2.083333,5,14.356008
-2.083333,5,14.357965
-2.083333,5,14.382074
-2.083333,5,14.384949
-2.083333,5,14.387401
-2.083333,5,14.389741
-2.083333,5,14.392524
-2.083333,5,14.394849
-2.083333,5,14.396955
-2.083333,5,14.398934
-2.083333,5,14.4013
-2.083333,5,14.403289
-2.083333,5,14.405097
-2.083333,5,14.406856
-2.083333,5,14.408957
-2.083333,5,14.424162
-2.083333,5,14.427289
-2.083333,5,14.429204
-2.083333,5,14.431535
-2.083333,5,14.433697
-2.083333,5,14.435624
-2.083333,5,14.437624
-2.083333,5,14.439736
-2.083333,5,14.442003
-2.083333,5,14.443964
-2.083333,5,14.446021
-2.083333,5,14.447926
-2.083333,5,14.450024
-2.083333,5,14.457152
-2.083333,5,14.461311
-2.083333,5,14.463472
-2.083333,5,14.465733
-2.083333,5,14.467865
-2.083333,5,14.469812
-2.083333,5,14.471986
-2.083333,5,14.47405
-2.083333,5,14.476986
-2.083333,5,14.479265
-2.083333,5,14.481379
-2.083333,5,14.483448
-2.083333,5,14.485682
-2.083333,5,14.50561
-2.083333,5,14.50768
-2.083333,5,14.509903
-2.083333,5,14.51381
-2.083333,5,14.515772
-2.083333,5,14.518229
-2.944444,9,14.52158
-2.083333,5,14.523801
-2.083333,5,14.525785
-2.083333,5,14.528015
-2.083333,5,14.529996
-2.083333,5,14.532102
-2.083333,5,14.543006
-2.083333,5,14.555591
-2.083333,5,14.557614
-2.083333,5,14.559498
-2.083333,5,14.561368
-2.083333,5,14.563228
-2.083333,5,14.565187
-2.083333,5,14.567232
-2.083333,5,14.569143
-2.083333,5,14.571591
-2.083333,5,14.573578
-2.083333,5,14.575588
-2.083333,5,14.577476
-2.083333,5,14.59649
-2.083333,5,14.598673
-2.083333,5,14.600791
-2.083333,5,14.602803
-2.083333,5,14.605241
-2.083333,5,14.607438
-2.083333,5,14.609594
-2.083333,5,14.611772
-2.083333,5,14.613785
-2.083333,5,14.615713
-2.083333,5,14.617822
-2.083333,5,14.620413
-2.083333,5,14.630091
-2.083333,5,14.632591
-2.083333,5,14.634564
-2.083333,5,14.636338
-2.083333,5,14.638481
-2.083333,5,14.64056
-2.083333,5,14.64264
-2.083333,5,14.644389
-2.083333,5,14.646247
-2.083333,5,14.648291
-2.083333,5,14.650256
-2.083333,5,14.652077
-2.083333,5,14.653818
-2.083333,5,14.668945
-2.083333,5,14.670914
-2.083333,5,14.672834
-2.083333,5,14.674643
-2.083333,5,14.676803
-2.083333,5,14.678906
-2.083333,5,14.681117
-2.083333,5,14.68321
-2.083333,5,14.685396
-2.083333,5,14.687379
-2.083333,5,14.689648
-2.083333,5,14.691707
-2.083333,5,14.69369
-2.083333,5,14.718335
-2.083333,5,14.720493
-2.083333,5,14.722434
-2.083333,5,14.725132
-2.083333,5,14.72712
-2.083333,5,14.729312
-2.083333,5,14.731394
-2.083333,5,14.733596
-2.083333,5,14.735696
-2.083333,5,14.737631
-2.083333,5,14.739739
-2.083333,5,14.741994
-2.083333,5,14.744063
-2.083333,5,14.77148
-2.083333,5,14.773559
-2.083333,5,14.775503
-2.083333,5,14.777314
-2.083333,5,14.779291
-2.083333,5,14.78144
-2.083333,5,14.783553
-2.083333,5,14.785608
-3.0,7,14.787955
-2.083333,5,14.790041
-2.083333,5,14.792385
-2.083333,5,14.794538
-2.083333,5,14.810477
-2.083333,5,14.814658
-2.083333,5,14.81669
-2.083333,5,14.818759
-2.083333,5,14.820829
-2.083333,5,14.822949
-2.083333,5,14.825326
-2.083333,5,14.827533
-2.083333,5,14.829594
-3.0,7,14.832311
-2.083333,5,14.834581
-2.083333,5,14.836657
-2.083333,5,14.838656
-2.083333,5,14.850647
-2.083333,5,14.852938
-2.083333,5,14.855087
-2.083333,5,14.857178
-2.083333,5,14.859278
-2.083333,5,14.861532
-2.083333,5,14.864187
-2.083333,5,14.866086
-2.083333,5,14.868288
-2.083333,5,14.8706
-2.083333,5,14.872709
-2.083333,5,14.874878
-2.083333,5,14.897977
-2.083333,5,14.900694
-2.083333,5,14.902919
-2.083333,5,14.90699
-2.083333,5,14.908997
-2.083333,5,14.911053
-2.083333,5,14.913121
-2.083333,5,14.915329
-2.083333,5,14.917415
-2.083333,5,14.919239
-2.083333,5,14.921141
-2.083333,5,14.92302
-2.083333,5,14.924993
-2.083333,5,14.949264
-2.083333,5,14.951358
-2.083333,5,14.95328
-2.083333,5,14.955232
-2.083333,5,14.957469
-2.083333,5,14.959689
-2.083333,5,14.962076
-2.083333,5,14.964102
-2.083333,5,14.966048
-2.083333,5,14.968014
-2.083333,5,14.970051
-2.083333,5,14.972604
-2.083333,5,14.975072
-2.083333,5,14.995702
-2.083333,5,14.997853
-2.083333,5,15.001916
-2.083333,5,15.004194
-2.083333,5,15.006075
-2.083333,5,15.008367
-2.083333,5,15.010727
-2.083333,5,15.012675
-2.083333,5,15.014771
-2.083333,5,15.016634
-2.083333,5,15.018605
-2.083333,5,15.021048
-2.083333,5,15.022974
-2.083333,5,15.049821
-2.083333,5,15.053952
-2.083333,5,15.056154
-2.083333,5,15.058456
-2.083333,5,15.060633
-2.083333,5,15.062684
-2.083333,5,15.064867
-2.083333,5,15.066659
-2.083333,5,15.068702
-2.083333,5,15.070746
-2.083333,5,15.072607
-2.083333,5,15.074496
-2.083333,5,15.076305
-2.083333,5,15.095229
-2.083333,5,15.097203
-2.083333,5,15.099008
-2.083333,5,15.100788
-2.083333,5,15.102939
-2.083333,5,15.105063
-2.083333,5,15.107279
-2.083333,5,15.109503
-2.083333,5,15.111559
-2.083333,5,15.113422
-2.083333,5,15.115687
-2.083333,5,15.117757
-2.083333,5,15.147071
-2.083333,5,15.14946
-2.083333,5,15.151777
-2.083333,5,15.153493
-2.083333,5,15.155764
-2.083333,5,15.157786
-2.083333,5,15.160042
-2.083333,5,15.162057
-2.083333,5,15.164306
-2.083333,5,15.166549
-2.083333,5,15.168598
-2.083333,5,15.170659
-2.083333,5,15.172624
-2.083333,5,15.195781
-2.083333,5,15.198343
-2.083333,5,15.200439
-2.083333,5,15.20254
-2.083333,5,15.206321
-2.083333,5,15.208724
-2.083333,5,15.211118
-2.083333,5,15.213398
-2.083333,5,15.21569
-2.083333,5,15.217797
-2.083333,5,15.219757
-2.083333,5,15.221766
-2.083333,5,15.223864
-2.083333,5,15.243835
-2.083333,5,15.246143
-2.083333,5,15.247978
-2.083333,5,15.249953
-2.083333,5,15.252013
-2.083333,5,15.254407
-2.083333,5,15.256396
-2.083333,5,15.258803
-2.083333,5,15.260923
-2.083333,5,15.26323
-2.083333,5,15.276863
-2.083333,5,15.279123
-2.083333,5,15.281296
-2.083333,5,15.307218
-2.083333,5,15.309808
-2.083333,5,15.312252
-2.083333,5,15.314379
-2.083333,5,15.316673
-2.083333,5,15.319037
-2.083333,5,15.321252
-2.083333,5,15.323184
-2.083333,5,15.325154
-2.083333,5,15.327316
-2.083333,5,15.329492
-2.083333,5,15.331564
-2.083333,5,15.333437
-2.083333,5,15.359422
-2.083333,5,15.363628
-2.083333,5,15.365588
-2.083333,5,15.367619
-2.083333,5,15.369397
-2.083333,5,15.371198
-2.083333,5,15.373353
-2.083333,5,15.375473
-2.083333,5,15.377451
-2.083333,5,15.379572
-2.083333,5,15.381924
-2.083333,5,15.384133
-2.083333,5,15.407386
-2.083333,5,15.409694
-2.083333,5,15.411908
-2.083333,5,15.415365
-2.083333,5,15.417726
-2.083333,5,15.41979
-2.083333,5,15.421726
-2.083333,5,15.423937
-2.083333,5,15.42597
-2.083333,5,15.428118
-2.083333,5,15.430233
-2.083333,5,15.432428
-2.083333,5,15.434501
-2.083333,5,15.455478
-2.083333,5,15.459904
-2.083333,5,15.463925
-2.083333,5,15.466014
-2.083333,5,15.468211
-2.083333,5,15.470298
-2.083333,5,15.472285
-2.083333,5,15.474442
-2.083333,5,15.476978
-2.083333,5,15.479025
-2.083333,5,15.48095
-2.083333,5,15.483212
-2.083333,5,15.485308
-2.083333,5,15.508995
-2.083333,5,15.511688
-2.083333,5,15.51585
-2.083333,5,15.51803
-2.083333,5,15.520148
-2.083333,5,15.522322
-2.083333,5,15.524242
-2.083333,5,15.526527
-2.083333,5,15.528224
-2.083333,5,15.53028
-2.083333,5,15.532421
-2.083333,5,15.534456
-2.083333,5,15.536487
-2.083333,5,15.566193
-2.083333,5,15.568303
-2.083333,5,15.570495
-2.083333,5,15.572866
-2.083333,5,15.575026
-2.083333,5,15.577254
-2.083333,5,15.579262
-2.083333,5,15.581003
-2.083333,5,15.583034
-2.083333,5,15.585507
-2.083333,5,15.587698
-2.083333,5,15.589897
-2.083333,5,15.591983
-2.083333,5,15.610556
-2.083333,5,15.612848
-2.083333,5,15.61725
-2.083333,5,15.619381
-2.083333,5,15.621583
-2.083333,5,15.623781
-2.083333,5,15.626004
-2.083333,5,15.627885
-2.083333,5,15.629731
-2.083333,5,15.63153
-2.083333,5,15.633743
-2.083333,5,15.635973
-2.083333,5,15.655934
-2.083333,5,15.658245
-2.083333,5,15.660231
-2.083333,5,15.661958
-2.083333,5,15.664196
-2.083333,5,15.666481
-2.083333,5,15.668667
-2.083333,5,15.670774
-2.083333,5,15.672826
-2.083333,5,15.674723
-2.083333,5,15.676682
-2.083333,5,15.678676
-2.083333,5,15.680547
-2.083333,5,15.707195
-2.083333,5,15.710887
-2.083333,5,15.713156
-2.083333,5,15.71512
-2.083333,5,15.717114
-2.083333,5,15.719182
-2.083333,5,15.721212
-2.083333,5,15.723004
-2.083333,5,15.725054
-2.083333,5,15.72704
-2.083333,5,15.728839
-2.083333,5,15.730673
-2.083333,5,15.732333
-2.083333,5,15.755068
-2.083333,5,15.759012
-2.083333,5,15.760831
-2.083333,5,15.762683
-2.083333,5,15.765319
-2.083333,5,15.767371
-2.083333,5,15.769226
-2.083333,5,15.770857
-2.083333,5,15.772537
-2.083333,5,15.774549
-2.083333,5,15.776566
-2.083333,5,15.778748
-2.083333,5,15.780616
-2.083333,5,15.801011
-2.083333,5,15.802996
-2.083333,5,15.805216
-2.083333,5,15.807338
-2.083333,5,15.809416
-2.083333,5,15.811352
-2.083333,5,15.813323
-2.083333,5,15.815138
-2.083333,5,15.817021
-2.083333,5,15.818851
-2.083333,5,15.820534
-2.083333,5,15.82241
-2.083333,5,15.824455
-2.083333,5,15.849159
-2.083333,5,15.853168
-2.083333,5,15.855662
-2.083333,5,15.857851
-2.083333,5,15.860079
-2.083333,5,15.862005
-2.083333,5,15.863899
-2.083333,5,15.865804
-2.083333,5,15.867661
-2.083333,5,15.869428
-2.083333,5,15.871254
-2.083333,5,15.873344
-2.083333,5,15.894576
-2.083333,5,15.896978
-2.083333,5,15.898912
-2.083333,5,15.900895
-2.083333,5,15.902828
-2.083333,5,15.905576
-2.083333,5,15.907998
-2.083333,5,15.910097
-2.083333,5,15.912185
-2.083333,5,15.914392
-2.083333,5,15.916772
-2.083333,5,15.918702
-2.083333,5,15.920534
-2.083333,5,15.951742
-2.083333,5,15.953959
-2.083333,5,15.956498
-2.083333,5,15.958751
-2.083333,5,15.960787
-2.083333,5,15.962862
-2.083333,5,15.964923
-2.083333,5,15.966897
-2.083333,5,15.969051
-2.083333,5,15.970991
-2.083333,5,15.972913
-2.083333,5,15.974802
-2.083333,5,15.976769
-2.083333,5,16.000719
-2.083333,5,16.004977
-2.083333,5,16.007149
-2.083333,5,16.009232
-2.083333,5,16.011375
-2.083333,5,16.013535
-2.083333,5,16.015599
-2.083333,5,16.01762
-2.083333,5,16.019581
-2.083333,5,16.021489
-2.083333,5,16.023651
-2.083333,5,16.025637
-2.083333,5,16.02743
-2.083333,5,16.050027
-2.083333,5,16.052174
-2.083333,5,16.054602
-2.083333,5,16.056576
-2.083333,5,16.058514
-2.083333,5,16.069899
-2.083333,5,16.071554
-2.083333,5,16.073446
-2.083333,5,16.075562
-2.083333,5,16.077618
-2.083333,5,16.07952
-2.083333,5,16.08144
-2.083333,5,16.083732
-2.083333,5,16.108515
-2.083333,5,16.112708
-2.083333,5,16.115032
-2.083333,5,16.117277
-2.083333,5,16.119463
-2.083333,5,16.121475
-2.083333,5,16.123547
-2.083333,5,16.125515
-2.083333,5,16.127734
-2.083333,5,16.129851
-2.083333,5,16.131764
-2.083333,5,16.133709
-2.083333,5,16.158629
-2.083333,5,16.16104
-2.083333,5,16.162998
-2.083333,5,16.164924
-2.083333,5,16.166994
-2.083333,5,16.168881
-2.083333,5,16.170999
-2.083333,5,16.172849
-2.083333,5,16.174726
-2.083333,5,16.176659
-2.083333,5,16.178392
-2.083333,5,16.181808
-2.083333,5,16.183724
-2.083333,5,16.224344
-2.083333,5,16.2265
-2.083333,5,16.22848
-2.083333,5,16.230489
-2.083333,5,16.232271
-2.083333,5,16.234411
-2.083333,5,16.236629
-2.083333,5,16.238888
-2.083333,5,16.240944
-2.083333,5,16.243439
-2.083333,5,16.245283
-2.083333,5,16.24752
-2.083333,5,16.249612
-2.083333,5,16.280542
-2.083333,5,16.282732
-2.083333,5,16.284767
-2.083333,5,16.286634
-2.083333,5,16.288656
-2.083333,5,16.290978
-2.083333,5,16.293051
-2.083333,5,16.295142
-2.083333,5,16.297131
-2.083333,5,16.299106
-2.666667,7,16.301876
-2.083333,5,16.303695
-2.083333,5,16.31777
-2.083333,5,16.320098
-2.083333,5,16.321979
-2.083333,5,16.323768
-2.083333,5,16.325698
-2.083333,5,16.32768
-2.083333,5,16.329589
-2.083333,5,16.331727
-2.083333,5,16.334115
-2.083333,5,16.336033
-2.083333,5,16.338185
-2.083333,5,16.340266
-2.083333,5,16.342323
-2.083333,5,16.361795
-2.083333,5,16.363819
-3.083333,9,16.366878
-2.083333,5,16.369023
-2.083333,5,16.371599
-2.083333,5,16.373479
-2.083333,5,16.375374
-2.083333,5,16.377236
-2.083333,5,16.37901
-2.083333,5,16.381025
-2.083333,5,16.382989
-2.083333,5,16.385233
-2.083333,5,16.396333
-2.083333,5,16.399327
-2.083333,5,16.403695
-2.083333,5,16.40607
-2.083333,5,16.408509
-2.083333,5,16.410628
-2.083333,5,16.412714
-2.083333,5,16.414777
-2.083333,5,16.416939
-2.083333,5,16.41884
-2.083333,5,16.420657
-2.083333,5,16.423141
-2.083333,5,16.425235
-2.083333,5,16.451112
-2.083333,5,16.453346
-2.083333,5,16.455922
-2.083333,5,16.458252
-2.083333,5,16.460601
-2.083333,5,16.46279
-2.083333,5,16.465233
-2.083333,5,16.467974
-2.083333,5,16.470027
-2.083333,5,16.472001
-2.083333,5,16.473936
-2.083333,5,16.475667
-2.083333,5,16.477652
-2.083333,5,16.49917
-2.083333,5,16.501555
-2.083333,5,16.50356
-2.083333,5,16.50679
-2.083333,5,16.509884
-2.083333,5,16.512085
-2.083333,5,16.513845
-2.083333,5,16.515544
-2.083333,5,16.517854
-2.083333,5,16.519805
-2.083333,5,16.521864
-2.083333,5,16.52398
-2.083333,5,16.525807
-2.083333,5,16.557763
-2.083333,5,16.560421
-2.083333,5,16.562894
-2.083333,5,16.565591
-2.083333,5,16.567863
-2.083333,5,16.570062
-2.083333,5,16.572106
-2.083333,5,16.574166
-2.083333,5,16.576465
-2.083333,5,16.57857
-2.083333,5,16.580799
-2.083333,5,16.582692
-2.083333,5,16.605031
-2.083333,5,16.607321
-2.083333,5,16.609513
-2.083333,5,16.611679
-2.083333,5,16.613903
-2.083333,5,16.616573
-2.083333,5,16.618799
-2.083333,5,16.620933
-2.083333,5,16.622776
-2.083333,5,16.62539
-2.083333,5,16.627335
-2.083333,5,16.629761
-2.083333,5,16.631808
-2.083333,5,16.653758
-2.083333,5,16.657941
-2.083333,5,16.661884
-2.083333,5,16.664627
-2.083333,5,16.666771
-2.083333,5,16.668814
-2.083333,5,16.6706
-2.083333,5,16.672584
-2.083333,5,16.674494
-2.083333,5,16.676833
-2.083333,5,16.67924
-2.083333,5,16.681272
-2.083333,5,16.683303
-2.083333,5,16.70649
-2.083333,5,16.710584
-2.083333,5,16.713188
-2.083333,5,16.715148
-2.083333,5,16.717579
-2.083333,5,16.719724
-2.083333,5,16.721811
-2.083333,5,16.723847
-2.083333,5,16.725837
-2.083333,5,16.72779
-2.083333,5,16.7295
-2.083333,5,16.731354
-2.083333,5,16.733284
-2.083333,5,16.752662
-2.083333,5,16.754725
-2.083333,5,16.757056
-2.083333,5,16.758985
-2.083333,5,16.762887
-2.083333,5,16.764897
-2.083333,5,16.767142
-2.083333,5,16.769098
-2.083333,5,16.771216
-2.083333,5,16.773447
-2.083333,5,16.775615
-2.083333,5,16.777724
-2.083333,5,16.779783
-2.083333,5,16.802031
-2.083333,5,16.804661
-2.083333,5,16.807029
-2.083333,5,16.80904
-2.083333,5,16.811018
-2.083333,5,16.81304
-2.083333,5,16.815195
-2.083333,5,16.817456
-2.083333,5,16.819385
-2.083333,5,16.821406
-2.083333,5,16.823315
-2.083333,5,16.82548
-2.083333,5,16.861941
-2.083333,5,16.864086
-2.083333,5,16.865902
-3.583333,7,16.869205
-2.083333,5,16.871368
-2.083333,5,16.873623
-2.083333,5,16.87544
-2.083333,5,16.877278
-2.083333,5,16.87974
-2.083333,5,16.881933
-2.083333,5,16.883949
-2.083333,5,16.885774
-2.083333,5,16.888026
-2.083333,5,16.904094
-2.083333,5,16.906235
-2.083333,5,16.9082
-2.083333,5,16.912151
-2.083333,5,16.914467
-2.083333,5,16.916404
-2.083333,5,16.918397
-2.083333,5,16.920275
-2.083333,5,16.92248
-2.083333,5,16.924404
-2.083333,5,16.926131
-2.083333,5,16.928008
-2.083333,5,16.930081
-2.083333,5,16.951236
-2.083333,5,16.953099
-2.083333,5,16.955097
-2.083333,5,16.95695
-2.083333,5,16.958997
-2.083333,5,16.96101
-2.083333,5,16.963124
-2.083333,5,16.965105
-2.083333,5,16.966977
-2.083333,5,16.96864
-2.083333,5,16.970871
-2.083333,5,16.97268
-2.083333,5,16.99798
-2.083333,5,17.00006
-2.083333,5,17.002219
-2.083333,5,17.004233
-2.083333,5,17.006251
-2.083333,5,17.010284
-2.083333,5,17.012679
-2.083333,5,17.015379
-2.083333,5,17.017793
-2.083333,5,17.020117
-2.083333,5,17.021949
-2.083333,5,17.024557
-2.083333,5,17.026546
-2.083333,5,17.055336
-2.083333,5,17.057793
-2.083333,5,17.060196
-2.083333,5,17.06245
-2.083333,5,17.065771
-2.083333,5,17.068238
-2.083333,5,17.070621
-2.083333,5,17.073366
-2.083333,5,17.075767
-2.083333,5,17.078058
-2.083333,5,17.080134
-2.083333,5,17.08238
-2.083333,5,17.084438
-2.083333,5,17.106444
-2.083333,5,17.108829
-2.083333,5,17.111133
-2.083333,5,17.113714
-2.083333,5,17.115939
-2.083333,5,17.118193
-2.083333,5,17.120201
-2.083333,5,17.122454
-2.083333,5,17.124442
-2.083333,5,17.126442
-2.083333,5,17.128472
-2.083333,5,17.130509
-2.083333,5,17.132548
-2.083333,5,17.160192
-2.083333,5,17.164886
-2.083333,5,17.166864
-2.083333,5,17.168951
-2.083333,5,17.17103
-2.083333,5,17.172967
-2.083333,5,17.175229
-2.083333,5,17.177248
-2.083333,5,17.179255
-2.083333,5,17.181238
-2.083333,5,17.183323
-2.083333,5,17.185262
-2.083333,5,17.187296
-2.083333,5,17.206039
-2.083333,5,17.208114
-2.083333,5,17.209994
-2.083333,5,17.212002
-2.083333,5,17.214249
-2.083333,5,17.216507
-2.083333,5,17.218598
-2.083333,5,17.220556
-2.083333,5,17.222696
-2.083333,5,17.224506
-2.083333,5,17.226695
-2.083333,5,17.228675
-2.083333,5,17.248765
-2.083333,5,17.251276
-2.083333,5,17.253321
-2.083333,5,17.255865
-2.083333,5,17.258264
-2.083333,5,17.260847
-2.083333,5,17.262842
-2.083333,5,17.265101
-2.083333,5,17.267231
-2.083333,5,17.269331
-2.083333,5,17.271942
-2.083333,5,17.273775
-2.083333,5,17.275839
-2.083333,5,17.298997
-2.083333,5,17.302824
-2.083333,5,17.304916
-2.083333,5,17.307321
-2.083333,5,17.309647
-2.083333,5,17.311977
-2.083333,5,17.314267
-2.083333,5,17.316242
-2.083333,5,17.318496
-2.083333,5,17.320573
-2.083333,5,17.322639
-2.083333,5,17.324973
-2.083333,5,17.327235
-2.083333,5,17.348475
-2.083333,5,17.350634
-2.083333,5,17.353005
-2.083333,5,17.354981
-2.083333,5,17.357273
-2.083333,5,17.359607
-2.083333,5,17.361917
-2.083333,5,17.364169
-2.083333,5,17.36596
-2.083333,5,17.367887
-2.083333,5,17.369953
-2.083333,5,17.372253
-2.083333,5,17.37443
-2.083333,5,17.402659
-2.083333,5,17.405046
-2.083333,5,17.407069
-2.083333,5,17.409347
-2.083333,5,17.411628
-2.083333,5,17.413785
-2.083333,5,17.415989
-2.083333,5,17.418139
-2.083333,5,17.420258
-2.083333,5,17.422539
-2.083333,5,17.42465
-2.083333,5,17.426682
-2.083333,5,17.429062
-2.083333,5,17.45381
-2.083333,5,17.456028
-2.083333,5,17.460202
-2.083333,5,17.462948
-2.083333,5,17.465541
-2.083333,5,17.467952
-2.083333,5,17.470016
-2.083333,5,17.471987
-2.083333,5,17.473936
-2.083333,5,17.475603
-2.083333,5,17.477542
-2.083333,5,17.479417
-2.083333,5,17.504419
-2.083333,5,17.50684
-2.083333,5,17.508828
-2.083333,5,17.51087
-2.083333,5,17.514058
-2.083333,5,17.516358
-2.083333,5,17.518512
-2.083333,5,17.520718
-2.083333,5,17.522813
-2.083333,5,17.525205
-2.083333,5,17.527371
-2.083333,5,17.529328
-2.083333,5,17.531322
-2.083333,5,17.553054
-2.083333,5,17.557762
-2.083333,5,17.560555
-2.083333,5,17.563935
-2.083333,5,17.565863
-2.083333,5,17.568326
-2.083333,5,17.570599
-2.083333,5,17.572859
-2.083333,5,17.575089
-2.083333,5,17.577179
-2.083333,5,17.579206
-2.083333,5,17.581589
-2.083333,5,17.583826
-2.083333,5,17.6051
-2.083333,5,17.607329
-2.083333,5,17.611401
-2.083333,5,17.614071
-2.083333,5,17.616337
-2.083333,5,17.618632
-2.083333,5,17.620836
-2.083333,5,17.622891
-2.083333,5,17.634979
-2.083333,5,17.637111
-2.083333,5,17.639148
-2.083333,5,17.641225
-2.083333,5,17.643073
-2.083333,5,17.667547
-2.083333,5,17.66961
-2.083333,5,17.671652
-2.083333,5,17.674392
-2.083333,5,17.676517
-2.083333,5,17.678687
-2.083333,5,17.681113
-2.083333,5,17.683288
-2.083333,5,17.685374
-2.083333,5,17.687548
-2.083333,5,17.689566
-2.083333,5,17.691801
-2.083333,5,17.69393
-2.083333,5,17.71314
-2.083333,5,17.715431
-2.083333,5,17.717465
-2.083333,5,17.719577
-2.083333,5,17.721794
-2.083333,5,17.725439
-2.083333,5,17.727508
-2.083333,5,17.729493
-2.083333,5,17.731432
-2.083333,5,17.733649
-2.083333,5,17.735663
-2.083333,5,17.737516
-2.083333,5,17.759605
-2.083333,5,17.761788
-2.083333,5,17.763716
-2.083333,5,17.76541
-2.083333,5,17.767395
-2.083333,5,17.769553
-2.083333,5,17.771404
-2.083333,5,17.77361
-2.083333,5,17.775674
-2.083333,5,17.777699
-2.083333,5,17.779576
-2.083333,5,17.781357
-2.083333,5,17.783201
-2.083333,5,17.808763
-2.083333,5,17.810955
-2.083333,5,17.812865
-2.083333,5,17.81467
-2.083333,5,17.81661
-2.083333,5,17.818843
-2.083333,5,17.820737
-2.083333,5,17.822446
-2.083333,5,17.824215
-2.083333,5,17.826093
-2.083333,5,17.82786
-2.083333,5,17.829707
-2.083333,5,17.831446
-2.083333,5,17.858583
-2.083333,5,17.862921
-2.083333,5,17.865006
-2.083333,5,17.866945
-2.083333,5,17.868986
-2.083333,5,17.870778
-2.083333,5,17.872515
-2.083333,5,17.874478
-2.083333,5,17.876757
-2.083333,5,17.878711
-2.083333,5,17.880764
-2.083333,5,17.882751
-2.083333,5,17.884791
-2.083333,5,17.90486
-2.083333,5,17.909128
-2.083333,5,17.911857
-2.083333,5,17.916111
-2.083333,5,17.918058
-2.083333,5,17.919966
-2.083333,5,17.921684
-2.083333,5,17.923353
-2.083333,5,17.925183
-2.083333,5,17.927133
-2.083333,5,17.928958
-2.083333,5,17.930585
-2.083333,5,17.932382
-2.083333,5,17.955828
-2.083333,5,17.958714
-2.083333,5,17.960591
-2.083333,5,17.962738
-2.083333,5,17.965009
-2.083333,5,17.96719
-2.083333,5,17.969136
-2.083333,5,17.970998
-2.083333,5,17.973276
-2.083333,5,17.975593
-2.083333,5,17.977823
-2.083333,5,17.980327
-2.083333,5,18.007856
-2.083333,5,18.009972
-2.083333,5,18.011976
-2.083333,5,18.014097
-2.083333,5,18.016112
-2.083333,5,18.018396
-2.083333,5,18.020624
-2.083333,5,18.022609
-2.083333,5,18.024534
-2.083333,5,18.026627
-2.083333,5,18.028672
-2.083333,5,18.030841
-2.083333,5,18.032918
-2.083333,5,18.058057
-2.083333,5,18.060114
-2.083333,5,18.062053
-2.083333,5,18.064094
-2.083333,5,18.066076
-2.083333,5,18.068252
-2.083333,5,18.070149
-2.083333,5,18.072363
-2.083333,5,18.074454
-2.083333,5,18.076661
-2.083333,5,18.078772
-2.083333,5,18.081026
-2.083333,5,18.083478
-2.083333,5,18.104569
-2.083333,5,18.106952
-2.083333,5,18.109163
-2.083333,5,18.111128
-2.083333,5,18.113694
-2.083333,5,18.115707
-2.083333,5,18.118018
-2.083333,5,18.12006
-2.083333,5,18.121927
-2.083333,5,18.12395
-2.083333,5,18.126291
-2.083333,5,18.128281
-2.083333,5,18.130409
-2.083333,5,18.153186
-2.083333,5,18.155526
-2.083333,5,18.157488
-2.083333,5,18.159843
-2.083333,5,18.161817
-2.083333,5,18.164124
-2.083333,5,18.16604
-2.083333,5,18.16806
-2.083333,5,18.169966
-2.083333,5,18.171946
-2.083333,5,18.173764
-2.083333,5,18.176348
-2.083333,5,18.178595
-2.083333,5,18.201593
-2.083333,5,18.204097
-2.083333,5,18.206365
-2.083333,5,18.208476
-2.083333,5,18.211097
-2.083333,5,18.213435
-2.083333,5,18.216031
-2.083333,5,18.218584
-2.083333,5,18.220835
-2.083333,5,18.222846
-2.083333,5,18.22482
-2.083333,5,18.227031
-2.083333,5,18.250076
-2.083333,5,18.252909
-2.083333,5,18.254894
-2.083333,5,18.256634
-2.083333,5,18.258461
-2.083333,5,18.260617
-2.083333,5,18.262744
-2.083333,5,18.264961
-2.083333,5,18.266931
-2.083333,5,18.269079
-2.083333,5,18.271129
-2.083333,5,18.273483
-2.083333,5,18.2755
-2.083333,5,18.295902
-2.083333,5,18.298052
-2.083333,5,18.300188
-2.083333,5,18.302535
-2.083333,5,18.304679
-2.083333,5,18.306916
-2.083333,5,18.308842
-2.083333,5,18.310987
-2.083333,5,18.312898
-2.083333,5,18.31519
-2.083333,5,18.316946
-2.083333,5,18.319122
-2.083333,5,18.321098
-2.083333,5,18.341367
-2.083333,5,18.343561
-2.083333,5,18.345549
-2.083333,5,18.348795
-2.083333,5,18.351158
-2.083333,5,18.35339
-2.083333,5,18.355477
-2.083333,5,18.357472
-2.083333,5,18.359627
-2.083333,5,18.361789
-2.083333,5,18.363614
-2.083333,5,18.365376
-2.083333,5,18.367393
-2.083333,5,18.386686
-2.083333,5,18.388921
-2.083333,5,18.39088
-2.083333,5,18.404066
-2.083333,5,18.406226
-2.083333,5,18.408371
-2.083333,5,18.410331
-2.083333,5,18.41235
-2.083333,5,18.414444
-2.083333,5,18.416445
-2.083333,5,18.418368
-2.083333,5,18.420452
-2.083333,5,18.422757
-2.083333,5,18.451965
-2.083333,5,18.456503
-2.083333,5,18.459105
-2.083333,5,18.461289
-2.083333,5,18.463538
-2.083333,5,18.465515
-2.083333,5,18.467521
-2.083333,5,18.469486
-2.083333,5,18.471483
-2.083333,5,18.47332
-2.083333,5,18.475326
-2.083333,5,18.477381
-2.083333,5,18.496812
-2.083333,5,18.498915
-4.0,5,18.50086
-2.083333,5,18.502768
-2.083333,5,18.505173
-2.083333,5,18.507468
-2.083333,5,18.509609
-2.083333,5,18.511834
-2.083333,5,18.513891
-2.083333,5,18.515988
-2.583333,5,18.517983
-2.583333,5,18.520258
-2.083333,5,18.522182
-4.0,5,18.532421
-2.083333,5,18.535207
-2.083333,5,18.537668
-3.25,5,18.539636
-2.583333,5,18.54216
-2.083333,5,18.544105
-2.083333,5,18.545883
-2.583333,5,18.547738
-2.583333,5,18.549409
-2.083333,5,18.551003
-2.083333,5,18.55313
-2.083333,5,18.554999
-2.083333,5,18.556826
-2.083333,5,18.565187
-2.083333,5,18.56858
-2.083333,5,18.570539
-2.083333,5,18.572693
-2.083333,5,18.574982
-4.083333,7,18.57785
-2.083333,5,18.579993
-2.083333,5,18.581932
-2.083333,5,18.584051
-2.083333,5,18.586277
-2.083333,5,18.588344
-2.083333,5,18.590274
-2.083333,5,18.597784
-2.083333,5,18.599933
-2.083333,5,18.601995
-2.083333,5,18.603908
-2.583333,5,18.605881
-2.083333,5,18.607703
-2.083333,5,18.609779
-2.083333,5,18.611753
-2.083333,5,18.613434
-2.083333,5,18.615125
-2.083333,5,18.617781
-2.083333,5,18.619573
-2.083333,5,18.621639
-2.083333,5,18.630023
-2.083333,5,18.631989
-2.083333,5,18.636224
-2.083333,5,18.638328
-2.083333,5,18.640487
-2.083333,5,18.642695
-2.083333,5,18.645013
-2.083333,5,18.647239
-2.083333,5,18.649603
-2.083333,5,18.651613
-2.083333,5,18.653726
-2.083333,5,18.655688
-2.083333,5,18.657725
-2.083333,5,18.681746
-2.083333,5,18.683911
-2.083333,5,18.685984
-2.083333,5,18.688189
-2.083333,5,18.69011
-2.083333,5,18.691973
-2.083333,5,18.693842
-2.083333,5,18.696034
-2.083333,5,18.698206
-2.083333,5,18.700365
-2.083333,5,18.702383
-2.083333,5,18.70475
-2.083333,5,18.707079
-2.083333,5,18.725445
-2.083333,5,18.72763
-2.083333,5,18.729736
-2.083333,5,18.73187
-2.083333,5,18.734303
-2.083333,5,18.736825
-2.083333,5,18.738872
-2.083333,5,18.740857
-2.083333,5,18.743273
-2.083333,5,18.745249
-4.055556,9,18.748322
-2.083333,5,18.750266
-2.083333,5,18.764766
-2.083333,5,18.766924
-2.083333,5,18.768965
-2.083333,5,18.771003
-2.083333,5,18.77316
-2.083333,5,18.775384
-2.083333,5,18.777737
-2.083333,5,18.779832
-2.083333,5,18.781663
-2.083333,5,18.783648
-2.083333,5,18.785562
-2.083333,5,18.787467
-2.083333,5,18.789305
-2.083333,5,18.819062
-2.083333,5,18.821385
-2.083333,5,18.823362
-2.083333,5,18.82533
-2.083333,5,18.827744
-2.083333,5,18.829757
-2.083333,5,18.831729
-2.083333,5,18.833982
-2.083333,5,18.836156
-2.083333,5,18.838572
-2.083333,5,18.84048
-2.083333,5,18.842468
-2.083333,5,18.867061
-2.083333,5,18.869718
-2.083333,5,18.871706
-2.083333,5,18.873478
-2.083333,5,18.875385
-2.083333,5,18.877633
-2.083333,5,18.879585
-2.083333,5,18.881725
-2.083333,5,18.883708
-2.083333,5,18.885591
-2.083333,5,18.887575
-2.083333,5,18.889388
-2.083333,5,18.891451
-2.083333,5,18.912239
-2.083333,5,18.914913
-2.083333,5,18.916907
-2.083333,5,18.919184
-2.083333,5,18.923142
-2.083333,5,18.925624
-2.083333,5,18.927838
-2.083333,5,18.929895
-2.083333,5,18.931755
-2.083333,5,18.933516
-2.083333,5,18.93552
-2.083333,5,18.937567
-2.083333,5,18.939577
-2.083333,5,18.973397
-2.083333,5,18.975398
-2.083333,5,18.977488
-2.083333,5,18.979749
-2.083333,5,18.983514
-2.083333,5,18.985512
-2.083333,5,18.987447
-2.083333,5,18.989528
-2.083333,5,18.991672
-2.083333,5,18.993495
-2.444444,7,18.997056
-2.083333,5,18.998941
-2.083333,5,19.014414
-2.083333,5,19.0166
-2.083333,5,19.020457
-2.083333,5,19.022626
-2.083333,5,19.024514
-2.083333,5,19.026344
-2.083333,5,19.028041
-2.083333,5,19.029974
-2.083333,5,19.031806
-2.083333,5,19.033578
-2.083333,5,19.035316
-2.083333,5,19.037392
-2.083333,5,19.039465
-2.083333,5,19.061078
-2.083333,5,19.063375
-2.083333,5,19.065881
-2.083333,5,19.068071
-2.083333,5,19.070315
-2.083333,5,19.072361
-2.083333,5,19.074822
-2.083333,5,19.076913
-2.083333,5,19.078931
-2.083333,5,19.080823
-2.083333,5,19.083009
-2.083333,5,19.096338
-2.083333,5,19.098807
-2.083333,5,19.128441
-2.083333,5,19.13267
-2.083333,5,19.135316
-2.083333,5,19.137559
-2.083333,5,19.139796
-2.083333,5,19.141907
-2.083333,5,19.144046
-2.083333,5,19.146123
-2.083333,5,19.148353
-2.083333,5,19.150264
-2.083333,5,19.152434
-2.083333,5,19.154578
-2.083333,5,19.156801
-2.083333,5,19.182425
-2.083333,5,19.18759
-2.083333,5,19.189857
-2.083333,5,19.191996
-2.083333,5,19.194225
-2.083333,5,19.196527
-2.083333,5,19.198845
-2.083333,5,19.201026
-2.083333,5,19.203629
-2.083333,5,19.206074
-2.083333,5,19.20833
-2.083333,5,19.210787
-2.083333,5,19.212889
-2.083333,5,19.243493
-2.083333,5,19.245886
-2.083333,5,19.248196
-2.083333,5,19.250341
-2.083333,5,19.252612
-2.083333,5,19.254973
-2.083333,5,19.257306
-2.083333,5,19.259776
-2.083333,5,19.261919
-2.083333,5,19.264244
-2.083333,5,19.26641
-2.083333,5,19.268525
-2.083333,5,19.290675
-2.083333,5,19.293178
-2.083333,5,19.295501
-2.083333,5,19.29802
-2.083333,5,19.300278
-2.083333,5,19.302418
-2.083333,5,19.305103
-2.083333,5,19.30765
-2.083333,5,19.310101
-2.083333,5,19.312353
-2.083333,5,19.314772
-2.083333,5,19.316955
-2.083333,5,19.318959
-2.083333,5,19.346447
-2.083333,5,19.350008
-2.083333,5,19.35288
-2.083333,5,19.355424
-2.083333,5,19.358012
-2.083333,5,19.360339
-2.083333,5,19.362539
-2.083333,5,19.364844
-2.083333,5,19.367231
-2.083333,5,19.369363
-2.083333,5,19.371515
-2.083333,5,19.373805
-2.083333,5,19.375901
-2.083333,5,19.40537
-2.083333,5,19.408003
-2.083333,5,19.410283
-2.083333,5,19.413054
-2.083333,5,19.415861
-2.083333,5,19.418233
-2.083333,5,19.420475
-2.083333,5,19.422641
-2.083333,5,19.425265
-2.083333,5,19.427592
-2.083333,5,19.430565
-2.083333,5,19.432965
-2.083333,5,19.435158
-2.083333,5,19.468169
-2.083333,5,19.472165
-2.083333,5,19.474579
-2.083333,5,19.477064
-2.083333,5,19.479407
-2.083333,5,19.481915
-2.083333,5,19.484458
-2.083333,5,19.486642
-2.083333,5,19.489003
-2.083333,5,19.491036
-2.083333,5,19.493414
-2.083333,5,19.495567
-2.083333,5,19.497578
-2.083333,5,19.522979
-2.083333,5,19.525285
-2.083333,5,19.527536
-2.083333,5,19.529798
-2.083333,5,19.531799
-2.083333,5,19.53366
-2.083333,5,19.535859
-2.083333,5,19.538024
-2.083333,5,19.54052
-2.083333,5,19.542504
-2.083333,5,19.544482
-2.083333,5,19.54648
-2.083333,5,19.571232
-2.083333,5,19.573468
-2.083333,5,19.577653
-2.083333,5,19.579541
-2.083333,5,19.581135
-2.083333,5,19.583197
-2.083333,5,19.585258
-2.083333,5,19.587407
-2.083333,5,19.589586
-2.083333,5,19.591794
-2.083333,5,19.594047
-2.083333,5,19.595987
-2.083333,5,19.598047
-2.083333,5,19.618925
-2.083333,5,19.621047
-2.083333,5,19.623131
-2.083333,5,19.625379
-2.083333,5,19.627363
-2.083333,5,19.629076
-2.083333,5,19.631042
-2.083333,5,19.633191
-2.083333,5,19.635423
-2.083333,5,19.637304
-2.083333,5,19.639211
-2.083333,5,19.641251
-2.083333,5,19.643063
-2.083333,5,19.662913
-2.083333,5,19.665191
-2.083333,5,19.667287
-2.083333,5,19.669117
-2.083333,5,19.670962
-2.083333,5,19.67311
-2.083333,5,19.675091
-2.083333,5,19.677578
-2.083333,5,19.679835
-2.083333,5,19.681871
-2.083333,5,19.683987
-2.083333,5,19.685927
-2.083333,5,19.687958
-2.083333,5,19.707115
-2.083333,5,19.709121
-2.083333,5,19.712415
-2.083333,5,19.716504
-2.083333,5,19.718559
-2.083333,5,19.720833
-2.083333,5,19.722957
-2.083333,5,19.725089
-2.083333,5,19.727327
-2.083333,5,19.72947
-2.083333,5,19.731581
-2.083333,5,19.73362
-2.083333,5,19.735479
-2.083333,5,19.757341
-2.083333,5,19.759514
-2.083333,5,19.761646
-2.083333,5,19.763938
-2.083333,5,19.766045
-2.083333,5,19.768414
-2.083333,5,19.770689
-2.083333,5,19.772936
-2.083333,5,19.775187
-2.083333,5,19.777501
-2.083333,5,19.780442
-2.083333,5,19.782692
-2.083333,5,19.80571
-2.083333,5,19.807827
-2.083333,5,19.809648
-2.083333,5,19.811511
-2.083333,5,19.813537
-2.083333,5,19.815331
-2.083333,5,19.817315
-2.083333,5,19.819173
-2.083333,5,19.821282
-2.083333,5,19.823159
-2.083333,5,19.825217
-2.083333,5,19.827414
-2.083333,5,19.829525
-2.083333,5,19.864609
-2.083333,5,19.866858
-2.083333,5,19.868806
-2.083333,5,19.870656
-2.083333,5,19.87253
-2.083333,5,19.874517
-2.083333,5,19.876566
-2.083333,5,19.879683
-2.083333,5,19.881735
-2.083333,5,19.883489
-2.083333,5,19.88544
-2.083333,5,19.887249
-2.083333,5,19.889064
-2.083333,5,19.921975
-2.083333,5,19.924411
-2.083333,5,19.928393
-2.083333,5,19.930644
-2.083333,5,19.932794
-2.083333,5,19.934963
-2.083333,5,19.947779
-2.083333,5,19.950028
-2.083333,5,19.952008
-2.083333,5,19.954395
-2.083333,5,19.956435
-2.083333,5,19.958755
-2.083333,5,19.960597
-2.083333,5,19.995211
-2.083333,5,19.999508
-2.083333,5,20.003772
-2.083333,5,20.005775
-2.083333,5,20.007741
-2.083333,5,20.01003
-2.083333,5,20.011915
-2.083333,5,20.013816
-2.083333,5,20.015457
-2.083333,5,20.017471
-2.083333,5,20.019342
-2.083333,5,20.021309
-2.083333,5,20.02324
-2.083333,5,20.045567
-2.083333,5,20.047459
-2.083333,5,20.049888
-2.083333,5,20.05194
-2.083333,5,20.054516
-2.083333,5,20.056456
-2.083333,5,20.058656
-2.083333,5,20.060772
-2.083333,5,20.062753
-2.083333,5,20.064902
-2.083333,5,20.067061
-2.083333,5,20.069165
-2.083333,5,20.101246
-2.083333,5,20.103384
-2.083333,5,20.105635
-2.083333,5,20.107606
-2.083333,5,20.109497
-2.083333,5,20.111378
-2.083333,5,20.113283
-2.083333,5,20.115371
-2.083333,5,20.117531
-2.083333,5,20.119696
-2.083333,5,20.121538
-2.083333,5,20.123499
-2.083333,5,20.125589
-2.083333,5,20.144567
-2.083333,5,20.146747
-2.083333,5,20.14935
-2.083333,5,20.151267
-2.083333,5,20.153412
-2.083333,5,20.155503
-2.083333,5,20.157728
-2.083333,5,20.160139
-2.083333,5,20.162028
-2.083333,5,20.164351
-2.083333,5,20.166238
-2.083333,5,20.168869
-2.083333,5,20.171107
-2.083333,5,20.190341
-2.083333,5,20.192446
-2.083333,5,20.194433
-2.083333,5,20.196389
-2.083333,5,20.198406
-2.083333,5,20.200575
-2.083333,5,20.202747
-2.083333,5,20.205054
-2.083333,5,20.20723
-2.083333,5,20.209605
-2.083333,5,20.211495
-2.083333,5,20.213526
-2.083333,5,20.215465
-2.083333,5,20.246413
-2.083333,5,20.248719
-2.083333,5,20.250783
-2.083333,5,20.252805
-2.083333,5,20.255111
-2.083333,5,20.257956
-2.083333,5,20.259891
-2.083333,5,20.261784
-2.083333,5,20.264001
-2.083333,5,20.266036
-2.083333,5,20.268166
-2.083333,5,20.270241
-2.083333,5,20.272259
-2.083333,5,20.291488
-2.083333,5,20.293883
-2.083333,5,20.297798
-2.083333,5,20.299858
-2.083333,5,20.302183
-2.083333,5,20.304493
-2.083333,5,20.306479
-2.083333,5,20.308829
-2.083333,5,20.311335
-2.083333,5,20.314331
-2.083333,5,20.316399
-2.083333,5,20.318177
-2.083333,5,20.336369
-2.083333,5,20.338593
-2.083333,5,20.340451
-2.083333,5,20.342707
-2.083333,5,20.346571
-2.083333,5,20.348979
-2.083333,5,20.351434
-2.083333,5,20.353409
-2.083333,5,20.355188
-2.083333,5,20.357064
-2.083333,5,20.359259
-2.083333,5,20.361144
-2.083333,5,20.363214
-2.083333,5,20.387576
-2.083333,5,20.391784
-2.083333,5,20.393628
-2.083333,5,20.395648
-2.083333,5,20.398058
-2.083333,5,20.400081
-2.083333,5,20.402396
-2.083333,5,20.404581
-2.083333,5,20.406635
-2.083333,5,20.409003
-2.083333,5,20.411175
-2.083333,5,20.413627
-2.083333,5,20.415896
-2.083333,5,20.436454
-2.083333,5,20.438542
-2.083333,5,20.440938
-2.083333,5,20.442903
-2.083333,5,20.44556
-2.083333,5,20.447809
-2.083333,5,20.450141
-2.083333,5,20.452144
-2.083333,5,20.454433
-2.083333,5,20.456792
-2.083333,5,20.45882
-2.083333,5,20.461074
-2.083333,5,20.463164
-2.083333,5,20.484962
-2.083333,5,20.489568
-2.083333,5,20.491981
-2.083333,5,20.494258
-2.083333,5,20.496637
-2.083333,5,20.498752
-2.083333,5,20.500929
-2.083333,5,20.503308
-2.083333,5,20.505691
-2.083333,5,20.508016
-2.083333,5,20.510157
-2.083333,5,20.512377
-2.083333,5,20.514503
-2.083333,5,20.536112
-2.083333,5,20.538406
-2.083333,5,20.540852
-2.083333,5,20.542857
-2.083333,5,20.545051
-2.083333,5,20.547101
-2.083333,5,20.549251
-2.083333,5,20.551414
-2.083333,5,20.553752
-2.083333,5,20.556285
-2.083333,5,20.558417
-2.083333,5,20.560609
-2.083333,5,20.57979
-2.083333,5,20.582361
-2.083333,5,20.584834
-2.083333,5,20.586785
-2.083333,5,20.588826
-2.083333,5,20.591053
-2.083333,5,20.593103
-2.083333,5,20.595484
-2.083333,5,20.597646
-2.083333,5,20.59988
-2.083333,5,20.602263
-2.083333,5,20.604538
-2.083333,5,20.606729
-2.083333,5,20.632255
-2.083333,5,20.636002
-2.083333,5,20.638083
-2.083333,5,20.640019
-2.083333,5,20.64243
-2.083333,5,20.64465
-2.083333,5,20.647107
-2.083333,5,20.649321
-2.083333,5,20.652076
-2.083333,5,20.654418
-2.083333,5,20.65659
-2.083333,5,20.658748
-2.083333,5,20.660923
-2.083333,5,20.684418
-2.083333,5,20.686667
-2.083333,5,20.688855
-2.083333,5,20.690958
-2.083333,5,20.692894
-2.083333,5,20.69513
-2.083333,5,20.697176
-2.083333,5,20.699362
-2.083333,5,20.701414
-2.083333,5,20.703617
-2.083333,5,20.705858
-2.083333,5,20.708153
-2.083333,5,20.710449
-2.083333,5,20.734508
-2.083333,5,20.748934
-2.083333,5,20.751271
-2.083333,5,20.753064
-2.083333,5,20.754924
-2.083333,5,20.756905
-2.083333,5,20.759028
-2.083333,5,20.761074
-2.083333,5,20.76344
-2.083333,5,20.765517
-2.083333,5,20.767355
-2.083333,5,20.769495
-2.083333,5,20.771565
-2.083333,5,20.794871
-2.083333,5,20.797039
-2.083333,5,20.801441
-2.083333,5,20.803582
-2.083333,5,20.805736
-2.083333,5,20.807857
-2.083333,5,20.809925
-2.083333,5,20.812006
-2.083333,5,20.814235
-2.083333,5,20.816439
-2.083333,5,20.818481
-2.083333,5,20.820701
-2.083333,5,20.841008
-2.083333,5,20.843087
-2.083333,5,20.845116
-2.083333,5,20.847384
-2.083333,5,20.84982
-2.083333,5,20.851992
-2.083333,5,20.854306
-2.083333,5,20.856256
-2.083333,5,20.858266
-2.083333,5,20.860326
-2.083333,5,20.862378
-2.083333,5,20.864319
-2.083333,5,20.866193
-2.083333,5,20.891192
-2.083333,5,20.895334
-2.083333,5,20.897201
-2.083333,5,20.899042
-2.083333,5,20.90121
-2.083333,5,20.903162
-2.083333,5,20.905494
-2.083333,5,20.907816
-2.083333,5,20.909936
-2.083333,5,20.911843
-2.083333,5,20.914049
-2.083333,5,20.916331
-2.083333,5,20.918343
-2.083333,5,20.953141
-2.083333,5,20.957566
-2.083333,5,20.960241
-2.083333,5,20.962736
-2.083333,5,20.965342
-2.083333,5,20.967735
-2.083333,5,20.970061
-2.083333,5,20.972346
-2.083333,5,20.975404
-2.083333,5,20.977592
-2.083333,5,20.979985
-2.083333,5,20.98182
-2.083333,5,20.983854
-2.083333,5,21.00539
-2.083333,5,21.00764
-2.083333,5,21.00952
-2.083333,5,21.011239
-2.083333,5,21.014535
-2.083333,5,21.01648
-2.083333,5,21.018619
-2.083333,5,21.020754
-2.083333,5,21.02294
-2.083333,5,21.025291
-2.083333,5,21.02764
-2.083333,5,21.029919
-2.083333,5,21.031989
-2.083333,5,21.050554
-2.083333,5,21.052719
-2.083333,5,21.05463
-2.083333,5,21.05652
-2.083333,5,21.058721
-2.083333,5,21.060984
-2.083333,5,21.062865
-2.083333,5,21.06513
-2.083333,5,21.067338
-2.083333,5,21.069342
-2.083333,5,21.071307
-2.083333,5,21.073467
-2.083333,5,21.094505
-2.083333,5,21.096689
-2.083333,5,21.100613
-2.083333,5,21.102855
-2.083333,5,21.10491
-2.083333,5,21.106833
-2.083333,5,21.109107
-2.083333,5,21.111352
-2.083333,5,21.113277
-2.083333,5,21.115587
-2.083333,5,21.117764
-2.083333,5,21.119915
-2.083333,5,21.121619
-2.083333,5,21.141964
-2.083333,5,21.144282
-2.083333,5,21.146529
-2.083333,5,21.148595
-2.083333,5,21.151062
-2.083333,5,21.153067
-2.083333,5,21.155433
-2.083333,5,21.157665
-2.083333,5,21.159983
-2.083333,5,21.162066
-2.083333,5,21.164259
-2.083333,5,21.166247
-2.083333,5,21.168457
-2.083333,5,21.191047
-2.083333,5,21.19525
-2.083333,5,21.197478
-2.083333,5,21.200323
-2.083333,5,21.202397
-2.083333,5,21.204368
-2.083333,5,21.206715
-2.083333,5,21.208747
-2.083333,5,21.210602
-2.083333,5,21.212835
-2.083333,5,21.215051
-2.083333,5,21.217255
-2.083333,5,21.219547
-2.083333,5,21.241105
-2.083333,5,21.244249
-2.083333,5,21.246316
-2.083333,5,21.248282
-2.083333,5,21.25081
-2.083333,5,21.253422
-2.083333,5,21.255426
-2.083333,5,21.257701
-2.083333,5,21.259793
-2.083333,5,21.261927
-2.083333,5,21.264014
-2.083333,5,21.266316
-2.083333,5,21.268451
-2.083333,5,21.28956
-2.083333,5,21.293723
-2.083333,5,21.296344
-2.083333,5,21.298516
-2.083333,5,21.300431
-2.083333,5,21.302839
-2.083333,5,21.305048
-2.083333,5,21.307177
-2.083333,5,21.309237
-2.083333,5,21.311401
-2.083333,5,21.313432
-2.083333,5,21.315486
-2.083333,5,21.34692
-2.083333,5,21.349279
-2.083333,5,21.351892
-2.083333,5,21.353822
-2.083333,5,21.356388
-2.083333,5,21.358423
-2.083333,5,21.360633
-2.083333,5,21.362732
-2.083333,5,21.365075
-2.083333,5,21.367441
-2.083333,5,21.369383
-2.083333,5,21.371379
-2.083333,5,21.373473
-2.083333,5,21.398741
-2.083333,5,21.403085
-2.083333,5,21.407184
-2.083333,5,21.409698
-2.083333,5,21.412058
-2.083333,5,21.414158
-2.083333,5,21.416105
-2.083333,5,21.418037
-2.083333,5,21.419971
-2.083333,5,21.422039
-2.083333,5,21.424224
-2.083333,5,21.426149
-2.083333,5,21.428421
-2.083333,5,21.451277
-2.083333,5,21.455888
-2.083333,5,21.458693
-2.083333,5,21.460836
-2.083333,5,21.462738
-2.083333,5,21.464862
-2.083333,5,21.466925
-2.083333,5,21.468827
-2.083333,5,21.471069
-2.083333,5,21.473354
-2.083333,5,21.475441
-2.083333,5,21.477971
-2.083333,5,21.480083
-2.083333,5,21.498976
-2.083333,5,21.500934
-2.083333,5,21.502971
-2.083333,5,21.504986
-2.083333,5,21.506942
-2.083333,5,21.509336
-2.083333,5,21.511728
-2.083333,5,21.513664
-2.083333,5,21.516011
-2.083333,5,21.528622
-2.083333,5,21.530814
-2.083333,5,21.532774
-2.083333,5,21.534668
-2.083333,5,21.562077
-2.083333,5,21.564184
-2.083333,5,21.566099
-2.083333,5,21.568231
-2.083333,5,21.570613
-2.083333,5,21.572678
-2.083333,5,21.574699
-2.083333,5,21.57679
-2.083333,5,21.57889
-2.083333,5,21.580855
-2.083333,5,21.583091
-2.083333,5,21.585108
-2.083333,5,21.612002
-2.083333,5,21.614755
-2.083333,5,21.618326
-2.083333,5,21.620493
-2.083333,5,21.622697
-2.083333,5,21.62505
-2.083333,5,21.627151
-2.083333,5,21.629342
-2.083333,5,21.631777
-2.083333,5,21.633896
-2.083333,5,21.636093
-2.083333,5,21.638163
-2.083333,5,21.640207
-2.083333,5,21.657158
-2.083333,5,21.659249
-2.083333,5,21.661279
-2.083333,5,21.663365
-2.083333,5,21.665595
-2.083333,5,21.668044
-2.083333,5,21.669973
-2.083333,5,21.672192
-2.083333,5,21.674304
-2.083333,5,21.676289
-2.083333,5,21.679107
-2.083333,5,21.681177
-2.083333,5,21.683412
-2.083333,5,21.68899
-2.083333,5,21.690882
-2.083333,5,21.69468
-2.083333,5,21.696729
-2.083333,5,21.698695
-2.666667,7,21.701467
-2.083333,5,21.703817
-2.083333,5,21.705642
-2.083333,5,21.70772
-2.083333,5,21.709854
-2.083333,5,21.711869
-3.333333,7,21.714753
-2.083333,5,21.728228
-2.083333,5,21.731339
-2.083333,5,21.73337
-2.083333,5,21.735409
-2.083333,5,21.737434
-2.083333,5,21.73934
-2.083333,5,21.741479
-2.083333,5,21.743483
-2.083333,5,21.745559
-2.083333,5,21.747746
-2.083333,5,21.749948
-2.083333,5,21.752173
-2.083333,5,21.75423
-2.083333,5,21.765078
-2.083333,5,21.767803
-2.083333,5,21.76998
-2.083333,5,21.771946
-2.083333,5,21.774137
-2.083333,5,21.776452
-2.083333,5,21.778708
-2.083333,5,21.780816
-2.083333,5,21.782782
-2.083333,5,21.7851
-2.083333,5,21.787382
-2.083333,5,21.78951
-2.083333,5,21.791598
-2.083333,5,21.809156
-2.083333,5,21.81115
-2.083333,5,21.813107
-2.083333,5,21.815727
-2.083333,5,21.818134
-2.083333,5,21.820312
-2.083333,5,21.822362
-2.083333,5,21.824892
-2.083333,5,21.82693
-2.083333,5,21.829085
-2.083333,5,21.830795
-2.083333,5,21.83249
-2.083333,5,21.841074
-2.083333,5,21.843169
-2.083333,5,21.845201
-2.083333,5,21.847263
-2.083333,5,21.849395
-2.083333,5,21.852005
-2.083333,5,21.854155
-2.083333,5,21.856281
-2.083333,5,21.858524
-78.5,293,22.00035
-3.5,9,22.007841
-5.0,15,22.012651
-3.25,9,22.015697
-2.666667,7,22.018513
-2.666667,7,22.021152
-2.666667,7,22.032232
-2.083333,5,22.034455
-2.083333,5,22.036283
-6.416667,19,22.042545
-2.666667,7,22.045433
-3.5,9,22.048874
-2.666667,7,22.051842
-2.083333,5,22.053877
-3.833333,11,22.068791
-2.083333,5,22.070943
-2.083333,5,22.072873
-2.666667,7,22.075635
-2.666667,7,22.078313
-2.083333,5,22.080486
-2.083333,5,22.082367
-2.083333,5,22.084296
-2.083333,5,22.086219
-3.25,9,22.089275
-2.666667,7,22.110261
-2.666667,7,22.112824
-2.666667,7,22.115952
-2.083333,5,22.118228
-2.083333,5,22.130561
-2.083333,5,22.132556
-2.666667,7,22.135442
-2.083333,5,22.137219
-2.083333,5,22.139495
-2.083333,5,22.141498
-2.083333,5,22.143702
-2.083333,5,22.170099
-2.083333,5,22.172145
-2.083333,5,22.174298
-2.083333,5,22.176622
-2.916667,7,22.179562
-2.083333,5,22.181745
-2.083333,5,22.183938
-2.083333,5,22.186052
-2.083333,5,22.187844
-2.083333,5,22.189848
-2.083333,5,22.191861
-2.083333,5,22.194086
-2.083333,5,22.196193
-2.083333,5,22.222718
-2.083333,5,22.226305
-2.083333,5,22.228503
-2.083333,5,22.23065
-2.083333,5,22.232995
-2.083333,5,22.234879
-2.083333,5,22.236616
-2.083333,5,22.23863
-2.083333,5,22.240803
-2.083333,5,22.243395
-2.083333,5,22.245368
-2.083333,5,22.247482
-2.083333,5,22.249364
-2.083333,5,22.271691
-2.083333,5,22.273801
-2.083333,5,22.275771
-2.083333,5,22.277546
-2.083333,5,22.280061
-2.083333,5,22.282488
-2.083333,5,22.284666
-2.083333,5,22.28658
-2.083333,5,22.288752
-2.083333,5,22.290932
-2.083333,5,22.293097
-2.083333,5,22.295387
-2.083333,5,22.314521
-2.083333,5,22.316643
-2.083333,5,22.318811
-2.083333,5,22.320738
-2.083333,5,22.322844
-2.083333,5,22.324949
-2.083333,5,22.327062
-2.666667,7,22.329839
-2.083333,5,22.332489
-2.083333,5,22.334593
-2.083333,5,22.336548
-2.083333,5,22.338765
-2.083333,5,22.340737
-2.083333,5,22.357346
-2.083333,5,22.359555
-2.083333,5,22.361877
-2.083333,5,22.364338
-2.083333,5,22.366682
-2.083333,5,22.368952
-2.083333,5,22.371112
-2.083333,5,22.373161
-2.083333,5,22.375116
-2.083333,5,22.376947
-2.083333,5,22.379093
-2.083333,5,22.381122
-2.083333,5,22.382933
-2.083333,5,22.413369
-2.083333,5,22.415724
-2.083333,5,22.417877
-2.083333,5,22.422061
-2.083333,5,22.424213
-2.083333,5,22.42633
-2.083333,5,22.428636
-2.083333,5,22.430563
-2.083333,5,22.432771
-2.083333,5,22.43462
-2.083333,5,22.436594
-2.083333,5,22.438591
-2.083333,5,22.458929
-2.083333,5,22.461067
-2.083333,5,22.463249
-2.083333,5,22.465202
-2.083333,5,22.469285
-2.083333,5,22.471611
-2.083333,5,22.473692
-2.083333,5,22.47546
-2.083333,5,22.477325
-2.083333,5,22.479362
-2.083333,5,22.48119
-2.083333,5,22.483062
-2.083333,5,22.484987
-2.083333,5,22.506556
-2.083333,5,22.510556
-2.083333,5,22.512811
-2.083333,5,22.514959
-2.083333,5,22.517278
-2.083333,5,22.519385
-2.083333,5,22.521609
-2.083333,5,22.523572
-2.083333,5,22.525457
-2.083333,5,22.527647
-2.083333,5,22.529816
-2.083333,5,22.531898
-2.083333,5,22.534151
-2.083333,5,22.575065
-2.083333,5,22.577291
-2.083333,5,22.579214
-2.083333,5,22.581149
-2.083333,5,22.582998
-2.083333,5,22.585131
-2.083333,5,22.587182
-2.083333,5,22.589161
-2.083333,5,22.591025
-2.083333,5,22.593007
-2.083333,5,22.595422
-2.083333,5,22.597575
-2.083333,5,22.599653
-2.083333,5,22.628888
-2.083333,5,22.632941
-2.083333,5,22.635256
-2.083333,5,22.637544
-2.083333,5,22.6396
-2.083333,5,22.6421
-2.083333,5,22.644472
-2.083333,5,22.646668
-2.083333,5,22.648772
-2.083333,5,22.650792
-2.083333,5,22.653328
-2.083333,5,22.655433
-2.083333,5,22.657351
-2.083333,5,22.679033
-2.083333,5,22.681402
-2.083333,5,22.68349
-2.083333,5,22.687663
-2.083333,5,22.690965
-2.083333,5,22.693668
-2.083333,5,22.69575
-2.083333,5,22.69795
-2.083333,5,22.700148
-2.083333,5,22.702506
-2.083333,5,22.704527
-2.083333,5,22.706796
-2.083333,5,22.727084
-2.083333,5,22.729076
-2.083333,5,22.732118
-2.083333,5,22.734099
-2.083333,5,22.736192
-2.083333,5,22.738635
-2.083333,5,22.740767
-2.083333,5,22.743118
-2.083333,5,22.745383
-2.083333,5,22.747789
-2.083333,5,22.7498
-2.083333,5,22.751751
-2.083333,5,22.753769
-2.083333,5,22.792467
-2.083333,5,22.795161
-2.083333,5,22.797142
-2.083333,5,22.799299
-2.083333,5,22.801725
-2.083333,5,22.80418
-2.083333,5,22.806135
-2.083333,5,22.807929
-2.083333,5,22.810023
-2.083333,5,22.812049
-2.083333,5,22.814104
-2.083333,5,22.815867
-2.083333,5,22.817773
-2.083333,5,22.836301
-2.083333,5,22.838277
-2.083333,5,22.840502
-2.083333,5,22.842378
-2.083333,5,22.844653
-2.083333,5,22.846959
-2.083333,5,22.849205
-2.083333,5,22.851309
-2.083333,5,22.853448
-2.083333,5,22.855776
-2.083333,5,22.857661
-2.083333,5,22.859626
-2.083333,5,22.86158
-2.083333,5,22.881238
-2.916667,7,22.88443
-2.083333,5,22.88634
-2.083333,5,22.888164
-2.083333,5,22.890301
-2.083333,5,22.892362
-4.583333,11,22.895987
-5.416667,13,22.90056
-2.916667,7,22.904152
-2.916667,7,22.926551
-2.083333,5,22.929159
-2.083333,5,22.932212
-2.916667,7,22.936074
-4.583333,11,22.939813
-5.416667,13,22.943763
-2.083333,5,22.946048
-2.083333,5,22.94845
-2.083333,5,22.950476
-3.75,9,22.964359
-2.083333,5,22.966372
-3.75,9,22.972755
-2.083333,5,22.975337
-2.916667,7,22.978148
-2.083333,5,22.980525
-2.083333,5,22.982585
-2.916667,7,22.985556
-3.75,9,22.988768
-2.916667,7,22.996158
-2.083333,5,22.99826
-2.083333,5,23.000475
-2.083333,5,23.002521
-2.916667,7,23.005613
-2.916667,7,23.008222
-2.083333,5,23.010449
-2.083333,5,23.01258
-2.083333,5,23.01503
-2.083333,5,23.017112
-2.083333,5,23.019207
-2.083333,5,23.02123
-2.083333,5,23.030128
-2.083333,5,23.032022
-2.083333,5,23.033761
-2.083333,5,23.035784
-2.083333,5,23.037756
-2.083333,5,23.040167
-2.083333,5,23.042881
-2.083333,5,23.04507
-2.083333,5,23.047036
-2.083333,5,23.049585
-2.083333,5,23.051926
-2.916667,7,23.054735
-2.083333,5,23.05711
-2.083333,5,23.075279
-2.083333,5,23.07748
-2.083333,5,23.079466
-2.083333,5,23.081548
-2.083333,5,23.083794
-2.083333,5,23.086113
-2.083333,5,23.088419
-2.083333,5,23.090424
-2.083333,5,23.093022
-2.083333,5,23.095414
-2.083333,5,23.098294
-2.083333,5,23.100385
-2.083333,5,23.102489
-2.083333,5,23.123831
-2.083333,5,23.126136
-2.083333,5,23.128883
-2.083333,5,23.131082
-2.083333,5,23.133135
-2.083333,5,23.135316
-2.083333,5,23.137253
-2.083333,5,23.13938
-2.083333,5,23.141352
-2.083333,5,23.144158
-2.083333,5,23.146218
-2.083333,5,23.148277
-2.083333,5,23.167013
-2.083333,5,23.16934
-2.083333,5,23.171254
-2.083333,5,23.175351
-2.083333,5,23.17736
-2.083333,5,23.179612
-2.083333,5,23.182061
-2.083333,5,23.18405
-2.083333,5,23.18611
-2.083333,5,23.188375
-2.083333,5,23.190575
-2.083333,5,23.192594
-2.083333,5,23.194619
-2.083333,5,23.213314
-2.083333,5,23.215482
-2.083333,5,23.217585
-2.083333,5,23.219668
-2.083333,5,23.222271
-2.083333,5,23.226167
-2.083333,5,23.228445
-2.083333,5,23.230356
-2.083333,5,23.232352
-2.083333,5,23.234334
-2.083333,5,23.236462
-2.083333,5,23.238509
-2.083333,5,23.240434
-2.083333,5,23.259865
-2.083333,5,23.261986
-2.083333,5,23.264242
-2.083333,5,23.266305
-2.083333,5,23.268418
-2.083333,5,23.270629
-2.083333,5,23.272766
-2.083333,5,23.274826
-2.083333,5,23.277158
-2.083333,5,23.2793
-2.083333,5,23.281363
-2.083333,5,23.283417
-2.083333,5,23.285575
-2.083333,5,23.317911
-2.083333,5,23.320449
-2.083333,5,23.322627
-2.083333,5,23.325778
-2.083333,5,23.328067
-2.083333,5,23.330325
-2.083333,5,23.33256
-2.083333,5,23.334676
-2.083333,5,23.337157
-2.083333,5,23.339173
-2.083333,5,23.341125
-2.083333,5,23.343204
-2.083333,5,23.345281
-2.083333,5,23.363734
-2.083333,5,23.365679
-2.083333,5,23.368578
-2.083333,5,23.37055
-2.083333,5,23.372496
-2.083333,5,23.374672
-2.083333,5,23.376613
-2.083333,5,23.378348
-2.083333,5,23.380177
-2.083333,5,23.382126
-2.083333,5,23.384413
-2.083333,5,23.386612
-2.083333,5,23.407615
-2.083333,5,23.409955
-2.083333,5,23.412356
-2.083333,5,23.414504
-2.083333,5,23.418769
-2.083333,5,23.421238
-2.083333,5,23.423205
-2.083333,5,23.425551
-2.083333,5,23.427615
-2.083333,5,23.42967
-2.083333,5,23.431708
-2.083333,5,23.433677
-2.083333,5,23.435908
-2.083333,5,23.455034
-2.083333,5,23.457466
-2.083333,5,23.459483
-2.083333,5,23.461625
-2.083333,5,23.464029
-2.083333,5,23.466013
-2.083333,5,23.468241
-2.083333,5,23.47035
-2.083333,5,23.472245
-2.083333,5,23.474521
-2.083333,5,23.476817
-2.083333,5,23.478899
-2.083333,5,23.481032
-2.083333,5,23.502085
-2.083333,5,23.506346
-2.083333,5,23.508447
-2.083333,5,23.510659
-2.083333,5,23.51278
-2.083333,5,23.515041
-2.083333,5,23.517212
-2.083333,5,23.519161
-2.083333,5,23.521113
-2.083333,5,23.523183
-2.083333,5,23.525358
-2.083333,5,23.52779
-2.083333,5,23.531255
-2.083333,5,23.570953
-2.083333,5,23.573231
-2.083333,5,23.577342
-2.083333,5,23.579274
-2.083333,5,23.58159
-2.083333,5,23.583612
-2.083333,5,23.585825
-2.083333,5,23.58787
-2.083333,5,23.589679
-2.083333,5,23.591466
-2.083333,5,23.593351
-2.083333,5,23.595507
-2.083333,5,23.597905
-2.083333,5,23.621416
-2.083333,5,23.626092
-2.083333,5,23.628258
-2.083333,5,23.63084
-2.083333,5,23.633022
-2.083333,5,23.635251
-2.083333,5,23.637476
-2.083333,5,23.639516
-2.083333,5,23.654187
-2.083333,5,23.656611
-2.083333,5,23.659047
-2.083333,5,23.661268
-2.083333,5,23.687256
-2.083333,5,23.690023
-2.083333,5,23.692271
-2.083333,5,23.694605
-2.083333,5,23.696509
-2.083333,5,23.698742
-2.083333,5,23.701072
-2.083333,5,23.703366
-2.083333,5,23.705702
-2.083333,5,23.707634
-2.083333,5,23.709822
-2.083333,5,23.712123
-2.083333,5,23.714331
-2.083333,5,23.745029
-2.083333,5,23.747232
-2.083333,5,23.74955
-2.083333,5,23.751623
-2.083333,5,23.754028
-2.083333,5,23.755861
-2.083333,5,23.758591
-2.083333,5,23.760608
-2.083333,5,23.762656
-2.083333,5,23.764721
-2.083333,5,23.766813
-2.083333,5,23.769155
-2.083333,5,23.771554
-2.083333,5,23.799888
-2.083333,5,23.802275
-2.083333,5,23.804366
-2.083333,5,23.806569
-2.083333,5,23.808792
-2.083333,5,23.810897
-2.083333,5,23.813063
-2.083333,5,23.815194
-2.083333,5,23.817208
-2.083333,5,23.819292
-2.083333,5,23.821368
-14.0,51,23.845159
-2.083333,5,23.847527
-2.083333,5,23.849492
-2.083333,5,23.851624
-2.083333,5,23.854205
-2.083333,5,23.873435
-2.083333,5,23.875715
-2.083333,5,23.87772
-2.083333,5,23.880208
-2.083333,5,23.882996
-2.083333,5,23.885247
-2.083333,5,23.8874
-2.083333,5,23.889481
-2.083333,5,23.891653
-2.083333,5,23.893612
-2.083333,5,23.895916
-2.083333,5,23.898158
-2.083333,5,23.900269
-2.083333,5,23.920823
-2.083333,5,23.923036
-2.083333,5,23.924952
-2.083333,5,23.927033
-2.083333,5,23.929511
-2.083333,5,23.931938
-2.083333,5,23.934266
-2.083333,5,23.936665
-2.083333,5,23.939096
-2.083333,5,23.941507
-2.083333,5,23.943777
-2.083333,5,23.946173
-2.083333,5,23.947981
-2.083333,5,23.968172
-2.083333,5,23.970479
-2.083333,5,23.973822
-2.083333,5,23.975908
-2.083333,5,23.980132
-2.083333,5,23.982102
-2.083333,5,23.984252
-2.083333,5,23.986422
-2.083333,5,23.988327
-2.083333,5,23.990421
-2.083333,5,23.992616
-2.083333,5,23.994532
-2.083333,5,23.997786
-2.083333,5,24.021749
-2.083333,5,24.023991
-2.083333,5,24.026021
-2.083333,5,24.030244
-2.083333,5,24.03257
-2.083333,5,24.034986
-2.083333,5,24.037253
-2.083333,5,24.039562
-2.083333,5,24.041781
-2.083333,5,24.044199
-2.083333,5,24.046548
-2.083333,5,24.048887
-2.083333,5,24.051093
-2.083333,5,24.073839
-2.083333,5,24.078428
-2.083333,5,24.080653
-2.083333,5,24.082753
-2.083333,5,24.085296
-2.083333,5,24.087519
-2.083333,5,24.089719
-2.083333,5,24.091723
-2.083333,5,24.093737
-2.083333,5,24.095743
-2.083333,5,24.097492
-2.083333,5,24.099351
-2.083333,5,24.121451
-2.083333,5,24.123934
-2.083333,5,24.125814
-2.083333,5,24.127862
-2.083333,5,24.130178
-2.083333,5,24.132318
-2.083333,5,24.134773
-2.083333,5,24.137044
-2.083333,5,24.139086
-2.083333,5,24.1413
-2.083333,5,24.143428
-2.083333,5,24.145655
-2.083333,5,24.148154
-2.083333,5,24.176561
-2.083333,5,24.179332
-2.083333,5,24.18153
-2.083333,5,24.183225
-2.083333,5,24.185229
-2.083333,5,24.187294
-2.083333,5,24.189606
-2.083333,5,24.192006
-2.083333,5,24.194092
-2.083333,5,24.19672
-2.083333,5,24.198939
-2.083333,5,24.201333
-2.083333,5,24.20373
-2.083333,5,24.214516
-2.083333,5,24.217162
-2.083333,5,24.219106
-2.083333,5,24.221531
-2.083333,5,24.22384
-2.083333,5,24.226447
-2.083333,5,24.228561
-2.083333,5,24.230692
-2.083333,5,24.232871
-2.083333,5,24.235179
-2.083333,5,24.237737
-2.083333,5,24.2402
-2.083333,5,24.242808
-2.083333,5,24.255327
-2.083333,5,24.257844
-2.083333,5,24.260192
-2.083333,5,24.262347
-2.083333,5,24.264462
-2.083333,5,24.266556
-2.083333,5,24.268632
-2.083333,5,24.270755
-2.083333,5,24.272921
-2.083333,5,24.275177
-2.083333,5,24.277231
-2.083333,5,24.279301
-2.083333,5,24.281195
-2.083333,5,24.287078
-2.083333,5,24.289234
-2.083333,5,24.291883
-2.083333,5,24.294279
-2.083333,5,24.296663
-2.083333,5,24.299111
-2.083333,5,24.301334
-2.083333,5,24.303539
-2.083333,5,24.305722
-2.083333,5,24.307863
-2.083333,5,24.309899
-2.083333,5,24.312033
-2.083333,5,24.326208
-2.083333,5,24.328436
-2.083333,5,24.330418
-2.083333,5,24.332424
-2.083333,5,24.334592
-2.083333,5,24.337203
-2.083333,5,24.339314
-2.083333,5,24.341471
-2.083333,5,24.343567
-2.083333,5,24.34565
-2.083333,5,24.347895
-2.083333,5,24.349894
-2.083333,5,24.352182
-2.083333,5,24.373671
-2.083333,5,24.37589
-2.083333,5,24.377806
-2.083333,5,24.39247
-2.083333,5,24.394845
-2.083333,5,24.39697
-2.083333,5,24.398962
-2.083333,5,24.401347
-2.083333,5,24.403496
-2.083333,5,24.405534
-2.083333,5,24.407585
-2.083333,5,24.40978
-2.083333,5,24.412032
-2.083333,5,24.437333
-2.083333,5,24.43955
-2.083333,5,24.441501
-2.083333,5,24.443419
-2.083333,5,24.445755
-2.083333,5,24.448312
-2.083333,5,24.450605
-2.083333,5,24.452737
-2.083333,5,24.455002
-2.083333,5,24.4574
-2.083333,5,24.459604
-2.083333,5,24.461981
-2.083333,5,24.464523
-2.083333,5,24.480443
-2.083333,5,24.483265
-2.083333,5,24.48554
-2.083333,5,24.48785
-2.083333,5,24.491225
-2.083333,5,24.493659
-2.083333,5,24.496341
-2.083333,5,24.498523
-2.083333,5,24.500553
-2.083333,5,24.502594
-2.083333,5,24.505038
-2.083333,5,24.507214
-2.083333,5,24.509584
-2.083333,5,24.532791
-2.083333,5,24.535091
-2.083333,5,24.537336
-2.083333,5,24.539703
-2.083333,5,24.542368
-2.083333,5,24.544699
-2.083333,5,24.54669
-2.083333,5,24.548642
-2.083333,5,24.550771
-2.083333,5,24.552794
-2.083333,5,24.554746
-3.583333,7,24.557548
-2.083333,5,24.570866
-2.083333,5,24.573074
-2.083333,5,24.576244
-2.083333,5,24.578358
-2.083333,5,24.580608
-2.083333,5,24.582916
-2.083333,5,24.58512
-2.083333,5,24.587165
-2.666667,7,24.589575
-2.083333,5,24.59156
-2.083333,5,24.594194
-2.083333,5,24.596188
-2.083333,5,24.605959
-2.083333,5,24.608451
-2.083333,5,24.610459
-2.083333,5,24.612618
-2.083333,5,24.61495
-2.083333,5,24.616983
-2.083333,5,24.619079
-2.083333,5,24.620927
-2.083333,5,24.623038
-2.083333,5,24.625085
-2.083333,5,24.627167
-2.083333,5,24.629317
-2.083333,5,24.631463
-2.083333,5,24.645425
-2.083333,5,24.647603
-2.083333,5,24.649517
-2.083333,5,24.651599
-2.083333,5,24.654374
-2.083333,5,24.656821
-2.083333,5,24.659069
-2.083333,5,24.661356
-2.083333,5,24.663524
-2.083333,5,24.665914
-2.083333,5,24.668448
-2.083333,5,24.670605
-2.083333,5,24.672499
-2.916667,7,24.694083
-2.083333,5,24.69639
-2.083333,5,24.698358
-2.083333,5,24.700522
-2.083333,5,24.703431
-2.083333,5,24.705618
-2.083333,5,24.708005
-2.083333,5,24.710443
-2.083333,5,24.712327
-2.083333,5,24.714569
-2.083333,5,24.716643
-2.083333,5,24.718655
-2.083333,5,24.731121
-2.083333,5,24.734653
-2.083333,5,24.736857
-2.083333,5,24.738918
-2.083333,5,24.740999
-2.083333,5,24.743363
-2.083333,5,24.745597
-2.083333,5,24.747563
-2.083333,5,24.749437
-2.083333,5,24.751684
-2.083333,5,24.75372
-2.083333,5,24.755474
-2.083333,5,24.757455
-2.083333,5,24.779525
-2.083333,5,24.781813
-2.083333,5,24.783905
-2.083333,5,24.785843
-2.083333,5,24.787961
-2.083333,5,24.790127
-2.083333,5,24.792222
-2.083333,5,24.794219
-2.083333,5,24.796128
-2.083333,5,24.797983
-2.083333,5,24.800295
-2.083333,5,24.802406
-2.083333,5,24.805063
-2.083333,5,24.82484
-2.083333,5,24.827022
-2.083333,5,24.829129
-2.083333,5,24.831205
-2.083333,5,24.833654
-2.083333,5,24.835921
-2.083333,5,24.838294
-2.083333,5,24.840776
-2.083333,5,24.842921
-2.083333,5,24.845253
-2.083333,5,24.847584
-2.083333,5,24.850391
-2.083333,5,24.852511
-2.083333,5,24.886554
-2.083333,5,24.888867
-2.083333,5,24.891505
-2.083333,5,24.893743
-2.583333,5,24.895726
-2.083333,5,24.897858
-2.083333,5,24.899698
-2.083333,5,24.901754
-2.083333,5,24.903989
-2.083333,5,24.906318
-2.083333,5,24.908473
-2.083333,5,24.910517
-2.083333,5,24.912721
-2.083333,5,24.926867
-2.083333,5,24.929796
-2.083333,5,24.931885
-2.083333,5,24.934059
-2.083333,5,24.935965
-2.083333,5,24.937807
-2.083333,5,24.939861
-2.083333,5,24.942071
-2.083333,5,24.944275
-2.083333,5,24.946653
-2.083333,5,24.948853
-2.083333,5,24.950931
-2.083333,5,24.972433
-2.083333,5,24.974696
-2.083333,5,24.977913
-2.083333,5,24.980284
-2.083333,5,24.98224
-2.083333,5,24.984519
-2.083333,5,24.986767
-2.083333,5,24.988871
-2.083333,5,24.991149
-2.083333,5,24.993267
-2.083333,5,24.995224
-2.083333,5,24.997278
-2.083333,5,24.999022
-2.083333,5,25.021369
-2.083333,5,25.024007
-2.083333,5,25.026051
-2.083333,5,25.02832
-2.083333,5,25.030596
-2.083333,5,25.032796
-2.083333,5,25.035127
-2.083333,5,25.037126
-2.083333,5,25.039205
-2.083333,5,25.041285
-2.083333,5,25.04337
-2.083333,5,25.045566
-2.083333,5,25.047387
-2.083333,5,25.065884
-2.083333,5,25.068025
-2.083333,5,25.070414
-2.083333,5,25.072557
-2.083333,5,25.074982
-2.083333,5,25.077033
-2.083333,5,25.079239
-2.083333,5,25.081372
-2.083333,5,25.083547
-2.083333,5,25.085703
-2.083333,5,25.087555
-2.083333,5,25.102772
-2.083333,5,25.104902
-2.083333,5,25.13661
-2.083333,5,25.138605
-2.083333,5,25.140647
-2.083333,5,25.142837
-2.083333,5,25.145174
-2.083333,5,25.147963
-2.083333,5,25.150306
-2.083333,5,25.152579
-2.083333,5,25.154862
-2.083333,5,25.156946
-2.083333,5,25.15907
-2.083333,5,25.160897
-2.083333,5,25.163258
-2.083333,5,25.188421
-2.083333,5,25.190468
-2.083333,5,25.192689
-2.083333,5,25.19478
-2.083333,5,25.19738
-2.083333,5,25.19949
-2.083333,5,25.201794
-2.083333,5,25.203897
-2.083333,5,25.206087
-2.083333,5,25.208061
-2.083333,5,25.209998
-2.083333,5,25.21186
-2.083333,5,25.231797
-2.083333,5,25.236107
-2.083333,5,25.238302
-2.083333,5,25.240764
-2.083333,5,25.245105
-2.083333,5,25.247404
-2.083333,5,25.249752
-2.083333,5,25.252062
-2.083333,5,25.254567
-2.083333,5,25.256991
-2.083333,5,25.258771
-2.083333,5,25.26099
-2.083333,5,25.263228
-2.083333,5,25.286866
-2.083333,5,25.289052
-2.083333,5,25.291918
-2.083333,5,25.294222
-2.083333,5,25.296852
-2.083333,5,25.29941
-2.083333,5,25.301733
-2.083333,5,25.304525
-2.083333,5,25.306714
-2.083333,5,25.308895
-2.083333,5,25.310738
-2.083333,5,25.312526
-2.083333,5,25.314576
-2.083333,5,25.335729
-2.083333,5,25.338264
-2.083333,5,25.342411
-2.083333,5,25.344752
-2.083333,5,25.348089
-2.083333,5,25.350454
-2.083333,5,25.352944
-2.083333,5,25.354937
-2.083333,5,25.356993
-2.083333,5,25.358857
-2.083333,5,25.360872
-3.916667,9,25.364183
-2.083333,5,25.373302
-2.083333,5,25.375447
-2.083333,5,25.37795
-2.083333,5,25.379918
-2.083333,5,25.382154
-2.083333,5,25.384578
-2.083333,5,25.386717
-2.083333,5,25.389032
-2.083333,5,25.390946
-2.083333,5,25.392966
-2.083333,5,25.395236
-2.083333,5,25.397486
-2.083333,5,25.399494
-2.083333,5,25.413218
-2.083333,5,25.41567
-2.083333,5,25.417897
-2.083333,5,25.419929
-2.083333,5,25.422286
-2.083333,5,25.424695
-2.083333,5,25.426797
-2.083333,5,25.429076
-2.083333,5,25.431119
-2.083333,5,25.433077
-2.083333,5,25.435278
-2.083333,5,25.437311
-2.083333,5,25.439138
-2.083333,5,25.474589
-2.083333,5,25.478312
-2.083333,5,25.480721
-2.083333,5,25.482879
-2.083333,5,25.484961
-2.083333,5,25.486997
-2.083333,5,25.48923
-2.083333,5,25.491684
-2.083333,5,25.493808
-2.083333,5,25.495807
-2.083333,5,25.49816
-2.083333,5,25.500207
-2.083333,5,25.522208
-2.083333,5,25.524667
-2.083333,5,25.5268
-2.083333,5,25.528832
-2.083333,5,25.53087
-2.083333,5,25.533077
-2.083333,5,25.535409
-2.083333,5,25.537578
-2.083333,5,25.539941
-2.083333,5,25.541868
-2.083333,5,25.543883
-2.083333,5,25.545962
-2.083333,5,25.54794
-2.083333,5,25.567773
-2.083333,5,25.569885
-2.083333,5,25.571942
-2.083333,5,25.575792
-2.083333,5,25.578139
-2.083333,5,25.580392
-2.083333,5,25.582551
-2.083333,5,25.584358
-2.083333,5,25.586362
-2.083333,5,25.58829
-2.083333,5,25.590256
-2.083333,5,25.592278
-2.083333,5,25.594447
-2.083333,5,25.604089
-2.083333,5,25.606332
-2.083333,5,25.608181
-2.083333,5,25.610137
-2.083333,5,25.612118
-2.083333,5,25.614171
-2.083333,5,25.616224
-2.083333,5,25.618173
-2.083333,5,25.619914
-2.083333,5,25.621714
-2.083333,5,25.62349
-2.083333,5,25.625394
-2.083333,5,25.627186
-2.083333,5,25.63629
-2.083333,5,25.638359
-2.083333,5,25.640212
-2.083333,5,25.642228
-2.083333,5,25.644948
-2.083333,5,25.647218
-2.083333,5,25.649282
-2.083333,5,25.651173
-2.083333,5,25.65314
-2.083333,5,25.655164
-2.083333,5,25.657104
-2.083333,5,25.658947
-2.083333,5,25.660842
-2.083333,5,25.677552
-2.083333,5,25.679933
-2.083333,5,25.681972
-2.083333,5,25.684595
-2.083333,5,25.686623
-2.083333,5,25.688598
-2.083333,5,25.69056
-2.083333,5,25.692416
-2.083333,5,25.694499
-2.083333,5,25.697133
-2.083333,5,25.699302
-2.083333,5,25.701157
-2.083333,5,25.711762
-2.083333,5,25.714747
-2.083333,5,25.71915
-2.083333,5,25.721354
-2.083333,5,25.723616
-2.083333,5,25.725868
-2.083333,5,25.7283
-2.083333,5,25.730695
-2.083333,5,25.732903
-2.083333,5,25.7352
-2.083333,5,25.737325
-2.083333,5,25.739571
-2.083333,5,25.741761
-2.083333,5,25.76426
-2.083333,5,25.766375
-2.083333,5,25.770281
-2.083333,5,25.773017
-2.083333,5,25.775328
-2.083333,5,25.777555
-2.083333,5,25.779946
-2.083333,5,25.782166
-2.083333,5,25.784341
-2.083333,5,25.786287
-2.083333,5,25.788317
-2.083333,5,25.790356
-2.083333,5,25.79252
-2.083333,5,25.824175
-2.083333,5,25.82962
-2.083333,5,25.832213
-2.083333,5,25.834655
-2.083333,5,25.836957
-2.083333,5,25.839737
-2.083333,5,25.852697
-2.083333,5,25.854943
-2.083333,5,25.857123
-2.083333,5,25.859167
-2.083333,5,25.861287
-2.083333,5,25.863351
-2.083333,5,25.865587
-2.083333,5,25.88682
-2.083333,5,25.891376
-2.083333,5,25.893434
-2.083333,5,25.895894
-2.083333,5,25.898014
-2.083333,5,25.900067
-2.083333,5,25.902026
-2.083333,5,25.904359
-2.083333,5,25.906516
-2.083333,5,25.908804
-2.083333,5,25.911173
-2.083333,5,25.913002
-2.083333,5,25.914854
-2.083333,5,25.928369
-2.083333,5,25.930566
-2.083333,5,25.932659
-2.083333,5,25.93497
-2.083333,5,25.937129
-2.083333,5,25.939039
-2.083333,5,25.941251
-2.083333,5,25.943601
-2.083333,5,25.945579
-2.083333,5,25.94726
-2.083333,5,25.949093
-2.083333,5,25.951192
-2.083333,5,25.974325
-2.083333,5,25.976635
-2.083333,5,25.978531
-2.083333,5,25.980605
-2.083333,5,25.982631
-2.083333,5,25.984869
-2.083333,5,25.987021
-2.083333,5,25.989143
-2.083333,5,25.991388
-2.083333,5,25.993459
-2.083333,5,25.995322
-2.083333,5,25.997216
-2.083333,5,25.999212
-2.083333,5,26.018993
-2.083333,5,26.021971
-2.083333,5,26.024447
-2.083333,5,26.026937
-2.083333,5,26.029097
-2.083333,5,26.031597
-2.083333,5,26.034065
-2.083333,5,26.036099
-2.083333,5,26.038098
-2.083333,5,26.040103
-2.083333,5,26.042053
-2.083333,5,26.044183
-2.083333,5,26.046153
-2.083333,5,26.060666
-2.083333,5,26.063162
-2.083333,5,26.065475
-2.083333,5,26.067495
-2.083333,5,26.069489
-2.083333,5,26.071693
-2.083333,5,26.074081
-2.083333,5,26.076142
-2.083333,5,26.078273
-2.083333,5,26.080512
-2.083333,5,26.082548
-2.083333,5,26.084601
-2.083333,5,26.086806
-2.666667,7,26.102645
-2.083333,5,26.105081
-2.083333,5,26.107941
-2.083333,5,26.110341
-2.083333,5,26.113416
-2.083333,5,26.115574
-2.083333,5,26.117711
-2.083333,5,26.120052
-2.083333,5,26.122465
-2.083333,5,26.12465
-2.083333,5,26.126875
-2.083333,5,26.128942
-2.083333,5,26.14278
-2.083333,5,26.145244
-2.083333,5,26.14723
-2.083333,5,26.14919
-2.083333,5,26.152605
-2.083333,5,26.154612
-2.083333,5,26.15681
-2.083333,5,26.15889
-2.083333,5,26.161105
-2.083333,5,26.163423
-2.083333,5,26.165496
-2.083333,5,26.16724
-2.083333,5,26.169291
-2.083333,5,26.190803
-2.083333,5,26.192806
-2.083333,5,26.194749
-2.083333,5,26.196751
-2.083333,5,26.199283
-2.083333,5,26.201436
-2.083333,5,26.203517
-2.083333,5,26.205602
-2.083333,5,26.208045
-2.083333,5,26.210541
-2.083333,5,26.212909
-2.083333,5,26.215093
-2.083333,5,26.217238
-2.083333,5,26.237639
-2.083333,5,26.239854
-2.083333,5,26.241792
-2.083333,5,26.243672
-2.083333,5,26.245915
-2.083333,5,26.248602
-2.083333,5,26.250755
-2.083333,5,26.253141
-2.083333,5,26.255173
-2.083333,5,26.257244
-2.083333,5,26.259428
-2.083333,5,26.261496
-2.083333,5,26.263709
-2.083333,5,26.282575
-2.083333,5,26.284841
-2.083333,5,26.286855
-2.083333,5,26.288888
-2.083333,5,26.29097
-2.083333,5,26.293081
-2.083333,5,26.295237
-2.083333,5,26.297316
-2.083333,5,26.299272
-2.083333,5,26.301417
-2.083333,5,26.303436
-2.083333,5,26.30554
-2.083333,5,26.326463
-2.083333,5,26.328627
-2.083333,5,26.330703
-2.083333,5,26.334806
-2.083333,5,26.337111
-2.083333,5,26.339166
-2.083333,5,26.341439
-2.083333,5,26.34368
-2.083333,5,26.34597
-2.083333,5,26.348145
-2.083333,5,26.350412
-2.083333,5,26.35245
-2.083333,5,26.354435
-2.083333,5,26.39483
-2.083333,5,26.397073
-2.083333,5,26.399126
-2.083333,5,26.40135
-2.083333,5,26.403421
-2.083333,5,26.405702
-2.083333,5,26.407825
-2.083333,5,26.409788
-2.083333,5,26.411843
-2.083333,5,26.4141
-2.083333,5,26.416377
-2.083333,5,26.418233
-2.083333,5,26.420298
-2.083333,5,26.441533
-2.083333,5,26.443765
-2.083333,5,26.44573
-2.083333,5,26.447918
-2.083333,5,26.450336
-2.083333,5,26.452332
-2.083333,5,26.454668
-2.083333,5,26.456753
-2.083333,5,26.459059
-2.083333,5,26.461137
-2.083333,5,26.463222
-2.083333,5,26.465369
-2.083333,5,26.467475
-2.083333,5,26.492976
-2.083333,5,26.497036
-2.083333,5,26.500728
-2.083333,5,26.503839
-2.083333,5,26.505924
-2.083333,5,26.508157
-2.083333,5,26.510064
-2.083333,5,26.512215
-2.083333,5,26.514449
-2.083333,5,26.516738
-2.083333,5,26.518903
-2.083333,5,26.521054
-2.083333,5,26.523121
-2.083333,5,26.544304
-2.083333,5,26.546349
-2.083333,5,26.549043
-2.083333,5,26.551193
-2.083333,5,26.553634
-2.083333,5,26.555737
-2.083333,5,26.557992
-2.083333,5,26.560295
-2.083333,5,26.562689
-2.083333,5,26.564901
-2.083333,5,26.567173
-2.083333,5,26.569165
-2.083333,5,26.590991
-2.083333,5,26.593421
-2.083333,5,26.604422
-2.083333,5,26.606478
-2.083333,5,26.608372
-2.083333,5,26.61051
-2.083333,5,26.612552
-2.083333,5,26.614756
-2.083333,5,26.616878
-2.083333,5,26.619013
-2.083333,5,26.621211
-2.083333,5,26.623306
-2.083333,5,26.625505
-2.083333,5,26.648373
-2.083333,5,26.651652
-2.083333,5,26.653849
-2.083333,5,26.656125
-2.083333,5,26.65827
-2.083333,5,26.66034
-2.083333,5,26.662501
-2.083333,5,26.664639
-2.083333,5,26.666629
-2.083333,5,26.668673
-2.083333,5,26.670689
-2.083333,5,26.672959
-2.083333,5,26.67536
-2.083333,5,26.682724
-2.083333,5,26.684776
-2.083333,5,26.687487
-2.083333,5,26.690089
-2.083333,5,26.692229
-2.083333,5,26.694537
-2.083333,5,26.696675
-2.083333,5,26.698768
-2.083333,5,26.700867
-2.083333,5,26.703269
-2.083333,5,26.705527
-2.083333,5,26.707847
-2.083333,5,26.709937
-2.083333,5,26.724971
-2.083333,5,26.727221
-2.083333,5,26.729477
-2.083333,5,26.731711
-2.083333,5,26.733967
-2.083333,5,26.736009
-2.083333,5,26.738234
-2.083333,5,26.740554
-2.083333,5,26.742806
-2.083333,5,26.745059
-2.083333,5,26.747144
-2.083333,5,26.749206
-2.083333,5,26.751198
-2.083333,5,26.775693
-2.083333,5,26.778379
-2.083333,5,26.780604
-2.083333,5,26.782813
-2.083333,5,26.785181
-2.083333,5,26.787333
-2.083333,5,26.789475
-2.083333,5,26.79158
-2.083333,5,26.794034
-2.083333,5,26.797351
-2.083333,5,26.799384
-2.083333,5,26.801486
-2.083333,5,26.816276
-2.083333,5,26.818516
-2.083333,5,26.820852
-2.083333,5,26.822923
-2.083333,5,26.825797
-2.083333,5,26.827962
-2.083333,5,26.830087
-2.083333,5,26.832074
-2.083333,5,26.834358
-2.083333,5,26.836263
-2.083333,5,26.838526
-2.083333,5,26.840816
-2.083333,5,26.842791
-2.083333,5,26.859758
-2.083333,5,26.862131
-2.083333,5,26.864078
-2.083333,5,26.865905
-2.083333,5,26.868129
-2.083333,5,26.870769
-2.083333,5,26.8729
-2.083333,5,26.875218
-2.083333,5,26.877317
-2.083333,5,26.879621
-2.083333,5,26.88164
-2.083333,5,26.883969
-2.083333,5,26.886065
-2.083333,5,26.905445
-2.083333,5,26.907868
-2.083333,5,26.910056
-2.083333,5,26.911963
-2.083333,5,26.914237
-2.083333,5,26.918331
-2.083333,5,26.920557
-2.083333,5,26.922902
-2.083333,5,26.925175
-2.083333,5,26.927461
-2.083333,5,26.929788
-2.083333,5,26.931864
-2.083333,5,26.934259
-3.416667,7,26.955686
-2.083333,5,26.957935
-2.083333,5,26.959905
-2.083333,5,26.962128
-2.083333,5,26.964359
-2.083333,5,26.966468
-2.083333,5,26.968519
-2.083333,5,26.970464
-2.083333,5,26.972321
-2.083333,5,26.974434
-2.083333,5,26.976597
-2.083333,5,26.978585
-2.083333,5,26.994932
-2.083333,5,26.997268
-2.083333,5,26.999101
-2.083333,5,27.000969
-2.083333,5,27.00281
-2.083333,5,27.005187
-2.083333,5,27.00736
-2.083333,5,27.009491
-2.083333,5,27.011673
-2.083333,5,27.013692
-2.083333,5,27.01599
-2.083333,5,27.01792
-2.083333,5,27.021261
-2.083333,5,27.040947
-2.083333,5,27.043631
-2.083333,5,27.045533
-2.083333,5,27.047407
-2.083333,5,27.049368
-2.083333,5,27.051332
-2.083333,5,27.053565
-2.083333,5,27.055814
-2.083333,5,27.058003
-2.083333,5,27.060281
-2.083333,5,27.06249
-2.083333,5,27.064471
-2.083333,5,27.066884
-2.083333,5,27.085397
-2.083333,5,27.087682
-2.083333,5,27.089712
-2.083333,5,27.091936
-2.083333,5,27.095928
-2.083333,5,27.0986
-2.083333,5,27.100746
-2.083333,5,27.103112
-2.083333,5,27.105581
-2.083333,5,27.107731
-2.083333,5,27.109825
-2.083333,5,27.111956
-2.083333,5,27.114296
-2.083333,5,27.133615
-2.083333,5,27.135919
-2.083333,5,27.137935
-2.083333,5,27.140262
-2.083333,5,27.14239
-2.083333,5,27.144541
-2.083333,5,27.1467
-2.083333,5,27.148965
-2.083333,5,27.151213
-2.083333,5,27.153264
-2.083333,5,27.155546
-2.083333,5,27.157668
-2.083333,5,27.17944
-2.083333,5,27.182146
-2.083333,5,27.184376
-2.083333,5,27.188828
-2.083333,5,27.191298
-2.083333,5,27.19353
-2.083333,5,27.19578
-2.083333,5,27.198188
-2.083333,5,27.200404
-2.083333,5,27.202759
-2.083333,5,27.205309
-2.083333,5,27.207417
-2.083333,5,27.209589
-2.083333,5,27.236241
-2.083333,5,27.238703
-2.083333,5,27.241141
-2.083333,5,27.243528
-2.083333,5,27.245664
-2.083333,5,27.247808
-2.083333,5,27.250057
-2.083333,5,27.25216
-2.083333,5,27.254307
-2.083333,5,27.256845
-2.083333,5,27.258908
-2.083333,5,27.261053
-2.083333,5,27.26328
-2.083333,5,27.285184
-2.083333,5,27.288965
-2.083333,5,27.291065
-2.083333,5,27.293272
-2.083333,5,27.295501
-2.083333,5,27.29759
-2.083333,5,27.299763
-2.083333,5,27.301905
-2.083333,5,27.304265
-2.083333,5,27.306609
-2.083333,5,27.319093
-2.083333,5,27.321076
-2.083333,5,27.322962
-2.083333,5,27.348621
-2.083333,5,27.351018
-2.083333,5,27.353758
-2.083333,5,27.356493
-2.083333,5,27.35849
-2.083333,5,27.360964
-2.083333,5,27.363426
-2.083333,5,27.365785
-2.083333,5,27.368243
-2.083333,5,27.37022
-2.083333,5,27.372353
-2.083333,5,27.374804
-2.083333,5,27.376996
-2.083333,5,27.399982
-2.083333,5,27.40187
-2.083333,5,27.403716
-2.083333,5,27.405492
-2.083333,5,27.407562
-2.083333,5,27.40959
-2.083333,5,27.411584
-2.083333,5,27.413913
-2.083333,5,27.416231
-2.083333,5,27.418337
-2.083333,5,27.420256
-2.083333,5,27.42325
-2.083333,5,27.447154
-2.083333,5,27.44932
-2.083333,5,27.451536
-2.083333,5,27.453902
-2.083333,5,27.456634
-2.083333,5,27.458929
-2.083333,5,27.461066
-2.083333,5,27.463365
-2.083333,5,27.465469
-2.083333,5,27.467725
-2.083333,5,27.469744
-2.083333,5,27.471832
-2.083333,5,27.474053
-2.083333,5,27.503702
-2.083333,5,27.50581
-2.083333,5,27.507938
-2.083333,5,27.509722
-2.083333,5,27.512147
-2.083333,5,27.514467
-2.083333,5,27.516412
-2.083333,5,27.518925
-2.083333,5,27.520995
-2.083333,5,27.522815
-2.083333,5,27.524752
-2.083333,5,27.526873
-2.083333,5,27.528818
-2.083333,5,27.550269
-2.083333,5,27.552567
-2.083333,5,27.554685
-2.083333,5,27.556757
-2.083333,5,27.558943
-2.083333,5,27.561436
-2.083333,5,27.563592
-2.083333,5,27.565635
-2.083333,5,27.567623
-2.083333,5,27.570411
-2.083333,5,27.572488
-2.083333,5,27.574462
-2.083333,5,27.576525
-2.083333,5,27.602912
-2.083333,5,27.606113
-2.083333,5,27.60851
-2.083333,5,27.610496
-2.083333,5,27.612781
-2.083333,5,27.615191
-2.083333,5,27.617391
-2.083333,5,27.619508
-2.083333,5,27.621451
-2.083333,5,27.623535
-2.083333,5,27.625626
-2.083333,5,27.627816
-2.083333,5,27.629976
-2.083333,5,27.652983
-2.083333,5,27.655324
-2.083333,5,27.657246
-2.083333,5,27.659308
-2.083333,5,27.661422
-2.083333,5,27.664556
-2.083333,5,27.666855
-2.083333,5,27.668811
-2.083333,5,27.670756
-2.083333,5,27.6726
-2.083333,5,27.674522
-2.083333,5,27.676618
-2.083333,5,27.70346
-2.083333,5,27.705713
-2.083333,5,27.707722
-2.083333,5,27.709787
-2.083333,5,27.711823
-2.083333,5,27.713921
-2.083333,5,27.716057
-2.083333,5,27.718296
-2.083333,5,27.720274
-2.083333,5,27.722368
-2.083333,5,27.724215
-2.083333,5,27.726152
-2.083333,5,27.728281
-2.083333,5,27.748194
-2.083333,5,27.752718
-2.083333,5,27.754946
-2.083333,5,27.75855
-2.083333,5,27.760735
-2.083333,5,27.762722
-2.083333,5,27.764702
-2.083333,5,27.766892
-2.083333,5,27.768949
-2.083333,5,27.770955
-2.083333,5,27.772894
-2.083333,5,27.775162
-2.083333,5,27.777231
-2.083333,5,27.798966
-2.083333,5,27.801111
-2.083333,5,27.803413
-2.083333,5,27.805791
-2.083333,5,27.808105
-2.083333,5,27.810379
-2.083333,5,27.812414
-2.083333,5,27.814541
-2.083333,5,27.816497
-2.083333,5,27.818519
-2.083333,5,27.820643
-2.083333,5,27.822832
-2.083333,5,27.825357
-2.083333,5,27.845469
-2.083333,5,27.84759
-2.083333,5,27.849762
-2.083333,5,27.851695
-2.083333,5,27.853773
-2.083333,5,27.856146
-2.083333,5,27.858166
-2.083333,5,27.860128
-2.083333,5,27.861862
-2.083333,5,27.863808
-2.083333,5,27.865871
-2.083333,5,27.867803
-2.083333,5,27.870585
-2.083333,5,27.89462
-2.083333,5,27.896878
-2.083333,5,27.900231
-2.083333,5,27.90273
-2.083333,5,27.905997
-2.083333,5,27.907964
-2.083333,5,27.909763
-2.083333,5,27.91173
-2.083333,5,27.913517
-52.0,201,28.02214
-2.083333,5,28.024943
-2.083333,5,28.02727
-2.083333,5,28.037977
-2.083333,5,28.040487
-2.083333,5,28.042741
-2.083333,5,28.044818
-2.083333,5,28.062225
-2.083333,5,28.064794
-2.083333,5,28.06729
-2.083333,5,28.069513
-2.083333,5,28.07145
-2.083333,5,28.073358
-2.083333,5,28.075368
-2.083333,5,28.077441
-2.083333,5,28.109152
-2.083333,5,28.111543
-2.083333,5,28.113421
-2.083333,5,28.115419
-2.083333,5,28.118015
-2.083333,5,28.120068
-2.083333,5,28.122283
-2.083333,5,28.124592
-2.083333,5,28.126635
-2.083333,5,28.128814
-2.083333,5,28.131388
-2.083333,5,28.133456
-2.083333,5,28.135527
-2.083333,5,28.154653
-2.083333,5,28.156971
-2.083333,5,28.158988
-2.083333,5,28.161446
-2.083333,5,28.164115
-2.083333,5,28.166139
-2.083333,5,28.168533
-2.083333,5,28.170751
-2.083333,5,28.172847
-2.083333,5,28.175071
-2.083333,5,28.177279
-2.083333,5,28.179524
-2.083333,5,28.181452
-2.083333,5,28.201857
-2.083333,5,28.20431
-2.083333,5,28.206576
-2.083333,5,28.209124
-2.083333,5,28.211259
-2.083333,5,28.213389
-2.083333,5,28.215523
-2.083333,5,28.217629
-2.083333,5,28.219855
-2.083333,5,28.222161
-2.083333,5,28.224598
-2.083333,5,28.226614
-2.083333,5,28.22878
-2.083333,5,28.250201
-2.083333,5,28.252338
-2.083333,5,28.254471
-2.083333,5,28.256791
-2.083333,5,28.258888
-2.083333,5,28.26108
-2.083333,5,28.263794
-2.083333,5,28.265884
-2.083333,5,28.268436
-2.083333,5,28.270469
-2.083333,5,28.27305
-2.083333,5,28.275285
-2.083333,5,28.277304
-2.083333,5,28.295982
-2.083333,5,28.298246
-2.083333,5,28.300398
-2.083333,5,28.304851
-2.083333,5,28.308339
-2.083333,5,28.310613
-2.083333,5,28.312526
-2.083333,5,28.314196
-2.083333,5,28.315873
-2.083333,5,28.318085
-2.083333,5,28.320547
-2.083333,5,28.322693
-2.083333,5,28.3479
-2.083333,5,28.351599
-2.083333,5,28.354216
-2.083333,5,28.35648
-2.083333,5,28.358856
-2.083333,5,28.360861
-2.083333,5,28.362998
-2.083333,5,28.365104
-2.083333,5,28.36705
-2.083333,5,28.369614
-2.083333,5,28.372339
-2.083333,5,28.374492
-2.083333,5,28.376464
-2.083333,5,28.394985
-2.083333,5,28.397185
-2.083333,5,28.401086
-2.083333,5,28.405203
-2.083333,5,28.408057
-2.083333,5,28.410153
-2.083333,5,28.412288
-2.083333,5,28.414425
-2.083333,5,28.416416
-2.083333,5,28.418527
-2.083333,5,28.420554
-2.083333,5,28.42261
-2.083333,5,28.424581
-2.083333,5,28.461508
-2.083333,5,28.466026
-2.083333,5,28.470223
-2.083333,5,28.472614
-2.083333,5,28.474732
-2.083333,5,28.476721
-2.083333,5,28.47867
-2.083333,5,28.480891
-2.083333,5,28.483017
-2.083333,5,28.485209
-2.083333,5,28.487079
-2.083333,5,28.489523
-2.083333,5,28.491809
-2.083333,5,28.512843
-2.083333,5,28.514961
-2.083333,5,28.519064
-2.083333,5,28.521254
-2.083333,5,28.523338
-2.083333,5,28.525396
-2.083333,5,28.527336
-2.083333,5,28.529287
-2.083333,5,28.531652
-2.083333,5,28.533636
-2.083333,5,28.535795
-2.083333,5,28.538068
-2.083333,5,28.539939
-2.083333,5,28.565603
-2.083333,5,28.567774
-2.083333,5,28.570615
-2.083333,5,28.572924
-2.083333,5,28.575419
-2.083333,5,28.577699
-2.083333,5,28.579963
-2.083333,5,28.582186
-2.083333,5,28.58404
-2.083333,5,28.586537
-2.083333,5,28.588608
-2.083333,5,28.590876
-2.083333,5,28.617464
-2.083333,5,28.61993
-2.083333,5,28.621835
-2.083333,5,28.623818
-2.083333,5,28.625685
-2.083333,5,28.629799
-2.083333,5,28.631905
-2.083333,5,28.634069
-2.083333,5,28.636104
-2.083333,5,28.638174
-2.083333,5,28.640368
-2.083333,5,28.642599
-2.083333,5,28.644604
-2.083333,5,28.683343
-2.083333,5,28.685599
-2.083333,5,28.687822
-2.083333,5,28.69017
-2.083333,5,28.692483
-2.083333,5,28.694855
-2.083333,5,28.697109
-2.083333,5,28.699432
-2.083333,5,28.701569
-2.083333,5,28.703629
-2.083333,5,28.705648
-2.083333,5,28.70791
-2.083333,5,28.710015
-2.083333,5,28.733901
-2.083333,5,28.737724
-2.083333,5,28.742623
-2.083333,5,28.744771
-2.083333,5,28.74694
-2.083333,5,28.749014
-2.083333,5,28.751709
-2.083333,5,28.754099
-2.083333,5,28.755949
-2.083333,5,28.757959
-2.083333,5,28.759853
-2.083333,5,28.762069
-2.083333,5,28.764146
-2.083333,5,28.78611
-2.083333,5,28.788593
-2.083333,5,28.79249
-2.083333,5,28.794807
-2.083333,5,28.797139
-2.083333,5,28.799219
-2.083333,5,28.801525
-2.083333,5,28.803717
-2.083333,5,28.805871
-2.083333,5,28.807843
-2.083333,5,28.809973
-2.083333,5,28.812009
-2.083333,5,28.814248
-2.083333,5,28.833605
-2.083333,5,28.836282
-2.083333,5,28.840081
-2.083333,5,28.842142
-2.083333,5,28.844841
-2.083333,5,28.846834
-2.083333,5,28.848871
-2.083333,5,28.851745
-2.083333,5,28.853941
-2.083333,5,28.856031
-2.083333,5,28.857936
-2.083333,5,28.85967
-2.083333,5,28.899158
-2.083333,5,28.901334
-2.083333,5,28.903416
-2.083333,5,28.905531
-2.083333,5,28.907749
-2.083333,5,28.909614
-2.083333,5,28.911786
-2.083333,5,28.913778
-2.083333,5,28.916377
-2.083333,5,28.918413
-2.083333,5,28.920512
-2.083333,5,28.922309
-2.083333,5,28.924341
-2.083333,5,28.946684
-2.083333,5,28.948716
-2.083333,5,28.950616
-2.083333,5,28.952661
-2.083333,5,28.955435
-2.083333,5,28.957539
-2.083333,5,28.95963
-2.083333,5,28.961837
-2.083333,5,28.964164
-2.083333,5,28.966335
-2.083333,5,28.968315
-2.083333,5,28.970397
-2.083333,5,28.972625
-2.083333,5,29.003431
-2.083333,5,29.005457
-2.083333,5,29.007568
-2.083333,5,29.009583
-2.083333,5,29.012428
-2.083333,5,29.014652
-2.083333,5,29.016822
-2.083333,5,29.018764
-2.083333,5,29.021101
-2.083333,5,29.023873
-2.083333,5,29.026114
-2.083333,5,29.028276
-2.083333,5,29.030468
-2.083333,5,29.053694
-2.083333,5,29.056095
-2.083333,5,29.060034
-2.083333,5,29.062698
-2.083333,5,29.06501
-2.083333,5,29.067001
-2.083333,5,29.068993
-2.083333,5,29.070854
-2.083333,5,29.07302
-2.083333,5,29.075189
-2.083333,5,29.077271
-2.083333,5,29.079076
-2.083333,5,29.08091
-2.083333,5,29.104902
-2.083333,5,29.10711
-2.083333,5,29.108984
-2.083333,5,29.111628
-2.083333,5,29.113709
-2.083333,5,29.115817
-2.083333,5,29.11789
-2.083333,5,29.119916
-2.083333,5,29.12211
-2.083333,5,29.124793
-2.083333,5,29.12709
-2.083333,5,29.129355
-2.083333,5,29.149192
-2.083333,5,29.151166
-2.083333,5,29.155472
-2.083333,5,29.159561
-2.083333,5,29.162388
-2.083333,5,29.164807
-2.083333,5,29.166658
-2.083333,5,29.168651
-2.083333,5,29.17065
-2.083333,5,29.172646
-2.083333,5,29.175784
-2.083333,5,29.178031
-2.083333,5,29.180368
-2.083333,5,29.199597
-2.083333,5,29.20174
-2.083333,5,29.204129
-2.083333,5,29.206222
-2.083333,5,29.208301
-2.083333,5,29.210632
-2.083333,5,29.212609
-2.083333,5,29.214636
-2.083333,5,29.2168
-2.083333,5,29.21896
-2.083333,5,29.221302
-2.083333,5,29.223505
-2.083333,5,29.225587
-2.083333,5,29.252747
-2.083333,5,29.256778
-2.083333,5,29.258766
-5.583333,19,29.266646
-2.083333,5,29.26871
-2.083333,5,29.270734
-2.083333,5,29.272843
-2.083333,5,29.275222
-2.083333,5,29.277392
-2.083333,5,29.279022
-2.083333,5,29.286257
-2.083333,5,29.290014
-2.083333,5,29.291946
-2.083333,5,29.294057
-2.083333,5,29.296108
-2.083333,5,29.298416
-2.083333,5,29.300408
-2.083333,5,29.302294
-2.083333,5,29.304123
-2.083333,5,29.305864
-2.083333,5,29.307844
-2.083333,5,29.309765
-2.083333,5,29.311479
-2.083333,5,29.333045
-2.083333,5,29.335528
-2.083333,5,29.337781
-2.083333,5,29.339961
-2.083333,5,29.342228
-2.083333,5,29.344359
-2.083333,5,29.34647
-2.083333,5,29.348452
-2.083333,5,29.350379
-2.083333,5,29.352511
-2.083333,5,29.354674
-2.083333,5,29.35678
-2.083333,5,29.358736
-2.083333,5,29.382518
-2.083333,5,29.384636
-2.083333,5,29.386882
-2.083333,5,29.388865
-2.083333,5,29.391265
-2.083333,5,29.393445
-2.083333,5,29.395432
-2.083333,5,29.397855
-2.083333,5,29.399844
-2.083333,5,29.402013
-2.083333,5,29.404541
-2.083333,5,29.406345
-2.083333,5,29.425647
-2.083333,5,29.428018
-2.083333,5,29.429979
-2.083333,5,29.432218
-2.083333,5,29.4347
-2.083333,5,29.437238
-2.083333,5,29.439561
-2.083333,5,29.442052
-2.083333,5,29.444373
-2.083333,5,29.44637
-2.083333,5,29.448503
-2.083333,5,29.450707
-2.083333,5,29.452709
-2.083333,5,29.476206
-2.083333,5,29.480911
-2.083333,5,29.483696
-2.083333,5,29.485853
-2.083333,5,29.488173
-2.083333,5,29.490058
-2.083333,5,29.49225
-2.083333,5,29.494251
-2.083333,5,29.496173
-2.083333,5,29.498003
-2.083333,5,29.500086
-2.083333,5,29.502235
-2.083333,5,29.504596
-2.083333,5,29.525984
-2.083333,5,29.528141
-2.083333,5,29.529939
-2.083333,5,29.531682
-2.083333,5,29.533706
-2.083333,5,29.535606
-2.083333,5,29.538094
-2.083333,5,29.540279
-2.083333,5,29.543205
-2.083333,5,29.545248
-2.083333,5,29.547278
-2.083333,5,29.549331
-2.083333,5,29.551306
-2.083333,5,29.570433
-2.083333,5,29.572623
-2.083333,5,29.574627
-2.083333,5,29.576651
-2.083333,5,29.578506
-2.083333,5,29.580692
-2.083333,5,29.583112
-2.083333,5,29.585385
-2.083333,5,29.587436
-2.083333,5,29.589384
-2.083333,5,29.591467
-2.083333,5,29.593381
-2.083333,5,29.595391
-2.083333,5,29.622516
-2.083333,5,29.625266
-2.083333,5,29.627383
-2.083333,5,29.629443
-2.083333,5,29.632094
-2.083333,5,29.634725
-2.083333,5,29.636878
-2.083333,5,29.639329
-2.083333,5,29.652547
-2.083333,5,29.65469
-2.083333,5,29.656616
-2.083333,5,29.658645
-2.083333,5,29.678071
-2.083333,5,29.680322
-2.083333,5,29.682698
-2.083333,5,29.685726
-2.083333,5,29.689928
-2.083333,5,29.691904
-2.083333,5,29.693911
-2.083333,5,29.696036
-2.083333,5,29.698223
-2.083333,5,29.700291
-2.083333,5,29.702362
-2.083333,5,29.704445
-2.083333,5,29.706432
-2.083333,5,29.738463
-2.083333,5,29.741225
-2.083333,5,29.743456
-2.083333,5,29.745604
-2.083333,5,29.747808
-2.083333,5,29.749901
-2.083333,5,29.752094
-2.083333,5,29.754449
-2.083333,5,29.756255
-2.083333,5,29.757909
-2.083333,5,29.759843
-2.083333,5,29.76183
-2.083333,5,29.763729
-2.083333,5,29.794321
-2.083333,5,29.796515
-2.083333,5,29.798557
-2.083333,5,29.800529
-2.083333,5,29.802514
-2.083333,5,29.805675
-2.083333,5,29.807574
-2.083333,5,29.809718
-2.083333,5,29.811741
-2.083333,5,29.81373
-2.083333,5,29.815612
-2.083333,5,29.817408
-2.083333,5,29.819724
-2.083333,5,29.838462
-2.083333,5,29.840424
-2.083333,5,29.8423
-2.083333,5,29.844345
-2.083333,5,29.846699
-2.083333,5,29.849264
-2.083333,5,29.851876
-2.083333,5,29.853921
-2.083333,5,29.855857
-2.083333,5,29.858014
-2.083333,5,29.859993
-2.083333,5,29.861825
-2.083333,5,29.863542
-2.083333,5,29.885384
-2.083333,5,29.887483
-2.083333,5,29.889306
-2.083333,5,29.891311
-2.083333,5,29.893386
-2.083333,5,29.895553
-2.083333,5,29.897539
-2.083333,5,29.899427
-2.083333,5,29.901321
-2.083333,5,29.903083
-2.083333,5,29.905096
-2.083333,5,29.907327
-2.083333,5,29.931563
-2.083333,5,29.933747
-2.083333,5,29.936071
-2.083333,5,29.937919
-2.083333,5,29.940438
-2.083333,5,29.942571
-2.083333,5,29.944931
-2.083333,5,29.946951
-2.083333,5,29.949214
-2.083333,5,29.951279
-2.083333,5,29.953314
-2.083333,5,29.955397
-2.083333,5,29.957488
-2.083333,5,29.99561
-2.083333,5,29.999515
-2.083333,5,30.001655
-2.083333,5,30.004109
-2.083333,5,30.006527
-2.083333,5,30.008452
-2.083333,5,30.010555
-2.083333,5,30.012545
-2.083333,5,30.014585
-2.083333,5,30.016573
-2.083333,5,30.018654
-2.083333,5,30.020693
-2.083333,5,30.02285
-2.083333,5,30.053429
-2.083333,5,30.055612
-2.083333,5,30.057308
-2.083333,5,30.05913
-2.083333,5,30.061252
-2.083333,5,30.063197
-2.083333,5,30.066679
-2.083333,5,30.06905
-2.083333,5,30.071034
-2.083333,5,30.073104
-2.083333,5,30.075377
-2.083333,5,30.077666
-2.083333,5,30.080032
-2.083333,5,30.099518
-2.083333,5,30.102173
-2.083333,5,30.106245
-2.083333,5,30.108385
-2.083333,5,30.11044
-2.083333,5,30.112927
-2.083333,5,30.115138
-2.083333,5,30.117126
-2.083333,5,30.119409
-2.083333,5,30.121863
-2.083333,5,30.124228
-2.083333,5,30.126502
-2.083333,5,30.128692
-2.083333,5,30.160541
-2.083333,5,30.162979
-2.083333,5,30.165347
-2.083333,5,30.167168
-2.083333,5,30.169267
-2.083333,5,30.171808
-2.083333,5,30.174039
-2.083333,5,30.17609
-2.083333,5,30.178242
-2.083333,5,30.180197
-2.083333,5,30.182392
-2.083333,5,30.184448
-2.083333,5,30.207209
-2.083333,5,30.209528
-2.083333,5,30.211547
-2.083333,5,30.2156
-2.083333,5,30.218234
-2.083333,5,30.220451
-2.083333,5,30.222391
-2.083333,5,30.22466
-2.083333,5,30.226823
-2.083333,5,30.229096
-2.083333,5,30.231275
-2.083333,5,30.233407
-2.083333,5,30.235557
-2.083333,5,30.256214
-2.083333,5,30.258834
-2.083333,5,30.260964
-2.083333,5,30.2628
-2.083333,5,30.264915
-2.083333,5,30.267258
-2.083333,5,30.269326
-2.083333,5,30.271657
-2.083333,5,30.273834
-2.083333,5,30.276202
-2.083333,5,30.278495
-2.083333,5,30.280539
-2.083333,5,30.282872
-2.083333,5,30.319202
-2.083333,5,30.321543
-2.083333,5,30.325546
-2.083333,5,30.327753
-2.083333,5,30.32984
-2.083333,5,30.332521
-2.083333,5,30.334714
-2.083333,5,30.336822
-2.083333,5,30.338916
-2.083333,5,30.341181
-2.083333,5,30.343294
-2.083333,5,30.345299
-2.083333,5,30.347471
-2.083333,5,30.370066
-2.083333,5,30.37197
-2.083333,5,30.374166
-2.083333,5,30.376329
-2.083333,5,30.378378
-2.083333,5,30.380601
-2.083333,5,30.382765
-2.083333,5,30.384868
-2.083333,5,30.38711
-2.083333,5,30.389382
-2.083333,5,30.391664
-2.083333,5,30.393716
-2.083333,5,30.396072
-2.083333,5,30.416504
-2.083333,5,30.418606
-2.083333,5,30.422363
-2.083333,5,30.42616
-2.083333,5,30.428562
-2.083333,5,30.430861
-2.083333,5,30.433137
-2.083333,5,30.435488
-2.083333,5,30.437346
-2.083333,5,30.439488
-2.083333,5,30.441485
-2.083333,5,30.443427
-2.083333,5,30.462768
-2.083333,5,30.464917
-2.083333,5,30.467254
-2.083333,5,30.469319
-2.083333,5,30.484708
-2.083333,5,30.486801
-2.083333,5,30.488902
-2.083333,5,30.490979
-2.083333,5,30.493131
-2.083333,5,30.495102
-2.083333,5,30.497031
-2.083333,5,30.499096
-2.083333,5,30.501352
-2.083333,5,30.520555
-2.083333,5,30.522662
-2.083333,5,30.52515
-2.083333,5,30.527316
-2.083333,5,30.529469
-2.083333,5,30.531887
-2.083333,5,30.534158
-2.083333,5,30.536517
-2.083333,5,30.538788
-2.083333,5,30.540871
-2.083333,5,30.543117
-2.083333,5,30.54526
-2.083333,5,30.547826
-2.083333,5,30.567055
-2.083333,5,30.570068
-2.083333,5,30.572772
-2.083333,5,30.574933
-2.083333,5,30.576958
-2.083333,5,30.579251
-2.083333,5,30.581422
-2.083333,5,30.583333
-2.083333,5,30.585285
-2.083333,5,30.587463
-2.083333,5,30.589495
-2.083333,5,30.591642
-2.083333,5,30.593687
-2.083333,5,30.630276
-2.083333,5,30.632713
-2.083333,5,30.635084
-2.083333,5,30.637003
-2.083333,5,30.639254
-2.083333,5,30.641162
-2.083333,5,30.643456
-2.083333,5,30.645529
-2.083333,5,30.64781
-2.083333,5,30.649806
-2.083333,5,30.651891
-2.083333,5,30.654383
-2.083333,5,30.65671
-2.083333,5,30.682279
-2.083333,5,30.687275
-2.083333,5,30.689405
-2.083333,5,30.691302
-2.083333,5,30.693597
-2.083333,5,30.69557
-2.083333,5,30.697477
-2.083333,5,30.699664
-2.083333,5,30.701805
-2.083333,5,30.703851
-2.083333,5,30.705749
-2.083333,5,30.707886
-2.083333,5,30.727744
-2.083333,5,30.73019
-2.083333,5,30.734098
-2.083333,5,30.736171
-2.083333,5,30.738414
-2.083333,5,30.74069
-2.083333,5,30.742747
-2.083333,5,30.745177
-2.083333,5,30.747298
-2.083333,5,30.749561
-2.083333,5,30.751649
-2.083333,5,30.753783
-2.083333,5,30.755831
-2.083333,5,30.77444
-2.083333,5,30.776512
-2.083333,5,30.778462
-2.083333,5,30.780377
-2.083333,5,30.782826
-2.083333,5,30.784911
-2.083333,5,30.787136
-2.083333,5,30.789196
-2.083333,5,30.791221
-2.083333,5,30.79331
-2.083333,5,30.795685
-2.083333,5,30.79809
-2.083333,5,30.80015
-2.083333,5,30.821393
-2.083333,5,30.825353
-2.083333,5,30.829957
-2.083333,5,30.832043
-2.083333,5,30.834283
-2.083333,5,30.836359
-2.083333,5,30.838448
-2.083333,5,30.840553
-2.083333,5,30.842814
-2.083333,5,30.845321
-2.083333,5,30.847464
-2.083333,5,30.849755
-2.083333,5,30.851827
-2.083333,5,30.871682
-2.083333,5,30.873876
-2.083333,5,30.877764
-2.083333,5,30.880555
-2.083333,5,30.882906
-2.083333,5,30.884879
-2.083333,5,30.887175
-2.083333,5,30.889375
-2.083333,5,30.891732
-2.083333,5,30.893944
-2.083333,5,30.895878
-2.083333,5,30.897877
-2.083333,5,30.900041
-2.083333,5,30.922465
-2.083333,5,30.924524
-2.083333,5,30.926715
-2.083333,5,30.929095
-2.083333,5,30.931782
-2.083333,5,30.934248
-2.083333,5,30.936583
-2.083333,5,30.938709
-2.083333,5,30.940935
-2.083333,5,30.943053
-2.083333,5,30.94506
-2.083333,5,30.947501
-2.083333,5,30.969042
-2.083333,5,30.97147
-2.083333,5,30.975468
-2.083333,5,30.977397
-2.083333,5,30.979655
-2.083333,5,30.982083
-2.083333,5,30.984385
-2.083333,5,30.986686
-2.083333,5,30.988754
-2.083333,5,30.990916
-2.083333,5,30.992653
-2.083333,5,30.994644
-2.083333,5,30.996686
-2.083333,5,31.018141
-2.083333,5,31.020358
-2.083333,5,31.022162
-2.083333,5,31.024363
-2.083333,5,31.026249
-2.083333,5,31.028573
-2.083333,5,31.030879
-2.083333,5,31.032968
-2.083333,5,31.035056
-2.083333,5,31.037326
-2.083333,5,31.039399
-2.083333,5,31.04134
-2.083333,5,31.043073
-2.083333,5,31.073765
-2.083333,5,31.07785
-2.083333,5,31.080114
-2.083333,5,31.082433
-2.083333,5,31.085139
-2.083333,5,31.087423
-2.083333,5,31.089777
-2.083333,5,31.091904
-2.083333,5,31.093847
-2.083333,5,31.096123
-2.083333,5,31.097928
-2.083333,5,31.099843
-2.083333,5,31.10181
-2.083333,5,31.121895
-2.083333,5,31.12412
-2.083333,5,31.126127
-2.083333,5,31.128157
-2.083333,5,31.130285
-2.083333,5,31.133098
-2.083333,5,31.135097
-2.083333,5,31.13746
-2.083333,5,31.139708
-2.083333,5,31.141822
-2.083333,5,31.143885
-2.083333,5,31.145806
-2.083333,5,31.148165
-2.083333,5,31.17097
-2.083333,5,31.175291
-2.083333,5,31.178024
-2.083333,5,31.180356
-2.083333,5,31.182432
-2.083333,5,31.184489
-2.083333,5,31.186878
-2.083333,5,31.189066
-2.083333,5,31.191576
-2.083333,5,31.193751
-2.083333,5,31.196079
-2.083333,5,31.1982
-2.083333,5,31.227437
-2.083333,5,31.229552
-2.083333,5,31.231618
-2.083333,5,31.234082
-2.083333,5,31.236272
-2.083333,5,31.238451
-2.083333,5,31.240677
-2.083333,5,31.242983
-2.083333,5,31.245002
-2.083333,5,31.247011
-2.083333,5,31.24916
-2.083333,5,31.251368
-2.083333,5,31.265403
-2.083333,5,31.288263
-2.083333,5,31.290895
-2.083333,5,31.295036
-2.083333,5,31.297161
-2.083333,5,31.298939
-2.083333,5,31.301303
-2.083333,5,31.30367
-2.083333,5,31.305766
-2.083333,5,31.307735
-2.083333,5,31.309896
-2.083333,5,31.311948
-2.083333,5,31.314963
-2.083333,5,31.317021
-2.083333,5,31.348052
-2.083333,5,31.350092
-2.083333,5,31.35262
-2.083333,5,31.354909
-2.083333,5,31.357032
-2.083333,5,31.359366
-2.083333,5,31.361792
-2.083333,5,31.364079
-2.083333,5,31.366407
-2.083333,5,31.368736
-2.083333,5,31.370775
-2.083333,5,31.373025
-2.083333,5,31.375072
-2.083333,5,31.40013
-2.083333,5,31.404151
-2.083333,5,31.408071
-2.083333,5,31.410159
-2.083333,5,31.412347
-2.083333,5,31.414475
-2.083333,5,31.416664
-2.083333,5,31.418672
-2.083333,5,31.420596
-2.083333,5,31.422483
-2.083333,5,31.424625
-2.083333,5,31.426599
-2.083333,5,31.428986
-2.083333,5,31.455335
-2.083333,5,31.458089
-2.083333,5,31.46071
-2.083333,5,31.462948
-2.083333,5,31.465641
-2.083333,5,31.46785
-2.083333,5,31.469919
-2.083333,5,31.4722
-2.083333,5,31.474221
-2.083333,5,31.476128
-2.083333,5,31.478428
-2.083333,5,31.480937
-2.083333,5,31.501477
-2.083333,5,31.503634
-2.083333,5,31.508094
-2.083333,5,31.510281
-2.083333,5,31.512438
-2.083333,5,31.514443
-2.083333,5,31.516406
-2.083333,5,31.518646
-2.083333,5,31.521185
-2.083333,5,31.523215
-2.083333,5,31.525328
-2.083333,5,31.527565
-2.083333,5,31.529568
-2.083333,5,31.559274
-2.083333,5,31.561848
-2.083333,5,31.565848
-2.083333,5,31.567949
-2.083333,5,31.569908
-2.083333,5,31.571962
-2.083333,5,31.574054
-2.083333,5,31.575972
-2.083333,5,31.578032
-2.083333,5,31.57993
-2.083333,5,31.582016
-2.083333,5,31.583987
-2.083333,5,31.586043
-2.083333,5,31.606317
-2.083333,5,31.608485
-2.083333,5,31.612324
-2.083333,5,31.614727
-2.083333,5,31.61692
-2.083333,5,31.619319
-2.083333,5,31.621411
-2.083333,5,31.623587
-2.083333,5,31.625614
-2.083333,5,31.627687
-2.083333,5,31.630068
-2.083333,5,31.632671
-2.083333,5,31.634591
-2.083333,5,31.654673
-2.083333,5,31.658756
-2.083333,5,31.660929
-2.083333,5,31.66332
-2.083333,5,31.666893
-2.083333,5,31.669283
-2.083333,5,31.671418
-2.083333,5,31.673634
-2.083333,5,31.675431
-2.083333,5,31.677508
-2.083333,5,31.679699
-2.083333,5,31.681605
-2.083333,5,31.683632
-2.083333,5,31.704319
-2.083333,5,31.706623
-2.083333,5,31.708636
-2.083333,5,31.711914
-2.083333,5,31.714375
-2.083333,5,31.716556
-2.083333,5,31.718719
-2.083333,5,31.721073
-2.083333,5,31.723068
-2.083333,5,31.725246
-2.083333,5,31.727537
-2.083333,5,31.729645
-2.083333,5,31.751459
-2.083333,5,31.753777
-2.083333,5,31.755836
-2.083333,5,31.757805
-2.083333,5,31.759902
-2.083333,5,31.761838
-2.083333,5,31.7641
-2.083333,5,31.766411
-2.083333,5,31.768332
-2.083333,5,31.770649
-2.083333,5,31.77293
-2.083333,5,31.77506
-2.083333,5,31.777017
-2.083333,5,31.803844
-2.083333,5,31.80812
-2.083333,5,31.810722
-2.083333,5,31.813039
-2.083333,5,31.815616
-2.083333,5,31.817824
-2.083333,5,31.819857
-2.083333,5,31.821816
-2.083333,5,31.824075
-2.083333,5,31.826129
-2.083333,5,31.828279
-2.083333,5,31.83058
-2.083333,5,31.832793
-2.083333,5,31.855937
-2.083333,5,31.858065
-2.083333,5,31.861954
-2.083333,5,31.864503
-2.083333,5,31.867007
-2.083333,5,31.868952
-2.083333,5,31.871172
-2.083333,5,31.873424
-2.083333,5,31.875518
-2.083333,5,31.877634
-2.083333,5,31.879833
-2.083333,5,31.881993
-2.083333,5,31.884104
-2.083333,5,31.906983
-2.083333,5,31.909158
-2.083333,5,31.911207
-2.083333,5,31.914257
-2.083333,5,31.916409
-2.083333,5,31.919359
-2.083333,5,31.921682
-2.083333,5,31.92369
-2.083333,5,31.925862
-2.083333,5,31.927887
-2.083333,5,31.930237
-2.083333,5,31.932252
-2.083333,5,31.934301
-2.083333,5,31.960991
-2.083333,5,31.963231
-2.083333,5,31.965383
-2.083333,5,31.967443
-2.083333,5,31.969771
-2.083333,5,31.971945
-2.083333,5,31.973998
-2.083333,5,31.976372
-2.083333,5,31.978997
-2.083333,5,31.981223
-2.083333,5,31.983481
-2.083333,5,31.985582
-2.083333,5,31.998378
-2.083333,5,32.000418
-2.083333,5,32.002382
-2.083333,5,32.004307
-2.083333,5,32.006607
-2.583333,5,32.008508
-2.583333,5,32.010684
-2.583333,5,32.012866
-2.083333,5,32.015173
-2.083333,5,32.017623
-2.083333,5,32.019842
-2.583333,5,32.022259
-3.25,5,32.024471
-2.083333,5,32.034095
-2.083333,5,32.036531
-2.583333,5,32.039075
-2.583333,5,32.041434
-2.583333,5,32.04351
-2.083333,5,32.045716
-2.583333,5,32.047873
-2.583333,5,32.06158
-2.083333,5,32.063801
-2.583333,5,32.065846
-2.583333,5,32.068006
-2.583333,5,32.070212
-2.083333,5,32.072225
-2.583333,5,32.080909
-2.583333,5,32.0832
-2.083333,5,32.08543
-2.083333,5,32.087619
-2.083333,5,32.089417
-2.583333,5,32.091751
-2.083333,5,32.094028
-2.083333,5,32.095893
-2.083333,5,32.097999
-2.083333,5,32.100021
-2.083333,5,32.101876
-2.083333,5,32.103877
-2.583333,5,32.105853
-2.083333,5,32.114836
-2.083333,5,32.117352
-2.583333,5,32.121456
-2.083333,5,32.12359
-2.083333,5,32.125887
-2.583333,5,32.1281
-2.083333,5,32.130292
-2.083333,5,32.132424
-2.083333,5,32.134779
-2.083333,5,32.136805
-2.083333,5,32.138827
-2.083333,5,32.140826
-2.583333,5,32.143056
-2.083333,5,32.155991
-2.083333,5,32.159128
-2.083333,5,32.16151
-2.083333,5,32.16397
-2.083333,5,32.165912
-2.083333,5,32.167885
-2.083333,5,32.170032
-2.083333,5,32.172022
-2.083333,5,32.17423
-2.083333,5,32.17611
-2.083333,5,32.17845
-2.083333,5,32.180475
-2.083333,5,32.202959
-2.083333,5,32.205423
-2.083333,5,32.207715
-2.083333,5,32.211726
-2.083333,5,32.214054
-2.083333,5,32.216381
-2.083333,5,32.218542
-2.083333,5,32.22049
-2.083333,5,32.222692
-2.083333,5,32.225073
-2.083333,5,32.227295
-2.083333,5,32.229336
-2.083333,5,32.231381
-2.083333,5,32.254727
-2.083333,5,32.257276
-2.083333,5,32.259443
-2.083333,5,32.265052
-2.083333,5,32.267431
-2.083333,5,32.269799
-2.083333,5,32.272778
-2.083333,5,32.275259
-2.083333,5,32.277308
-2.083333,5,32.279473
-2.083333,5,32.281552
-2.083333,5,32.284081
-2.083333,5,32.286168
-2.083333,5,32.308113
-3.583333,7,32.31105
-6.583333,11,32.31958
-6.25,11,32.323248
-3.583333,7,32.326027
-3.583333,7,32.328809
-4.916667,9,32.332066
-10.416667,17,32.341609
-9.583333,15,32.346566
-4.916667,9,32.349946
-8.75,15,32.355055
-6.583333,11,32.359165
-10.25,17,32.369435
-27.416667,39,32.380013
-6.416667,11,32.384278
-12.583333,19,32.40122
-2614.25,3911,34.882172
-242.972222,503,35.192478
-180.555556,343,35.405296
-37.75,53,35.446977
-65.0,95,35.500552
-14.083333,21,35.526789
-18.416667,27,35.535181
-29.805556,69,35.594045
-18.583333,27,35.623189
-20.083333,29,35.631882
-3.583333,7,35.634737
-15.861111,35,35.657376
-9.583333,15,35.66218
-16.166667,41,35.683451
-6.25,11,35.687289
-2.083333,5,35.68947
-19.361111,107,35.74459
-2.083333,5,35.746708
-5.083333,9,35.749735
-2.083333,5,35.751828
-2.083333,5,35.754216
-2.083333,5,35.756263
-2.083333,5,35.758285
-3.416667,7,35.760907
-2.083333,5,35.763026
-6.75,19,35.777732
-2.083333,5,35.779819
-2.083333,5,35.781823
-2.083333,5,35.78397
-2.083333,5,35.786066
-2.083333,5,35.788388
-2.083333,5,35.790392
-2.083333,5,35.792479
-2.083333,5,35.794756
-2.083333,5,35.79697
-2.083333,5,35.799045
-2.083333,5,35.801039
-2.083333,5,35.803089
-2.083333,5,35.819139
-2.083333,5,35.821504
-2.083333,5,35.823462
-2.083333,5,35.839042
-2.083333,5,35.841087
-2.583333,7,35.843932
-2.083333,5,35.845735
-2.083333,5,35.84783
-2.083333,5,35.849744
-2.583333,7,35.852294
-2.083333,5,35.854428
-2.083333,5,35.856529
