#{"t_start": 1748023694.520517, "env_id": "None"}
r,l,t
-7.361111,19,0.022543
-5.444444,11,0.024363
-13.138889,27,0.027304
-3.111111,9,0.028179
-8.361111,15,0.029428
-7.416667,15,0.030596
-34.333333,75,0.352774
-36.888889,85,0.677804
-3.75,9,0.692693
-10.277778,21,0.716227
-8.527778,15,0.733656
-17.694444,45,0.781649
-3.083333,7,0.791171
-15.944444,43,0.837343
-15.0,29,0.870664
-12.972222,21,0.891832
-10.555556,27,0.922425
-9.25,33,0.959137
-8.972222,19,0.98122
-14.305556,27,1.010162
-12.25,19,1.031761
-4.277778,11,1.04221
-7.944444,13,1.057826
-6.194444,13,1.071879
-2.916667,5,1.08013
-17.527778,29,1.109925
-18.944444,41,1.162206
-8.111111,15,1.183039
-16.305556,41,1.23074
-3.944444,9,1.239617
-5.194444,9,1.250117
-3.5,9,1.258946
-7.5,11,1.271441
-9.583333,15,1.287879
-23.611111,53,1.351292
-3.75,7,1.360068
-8.805556,19,1.383469
-11.916667,17,1.401474
-12.777778,31,1.435995
-10.833333,13,1.449849
-16.055556,43,1.499067
-19.972222,43,1.572966
-12.111111,29,1.609429
-9.777778,23,1.638875
-5.25,7,1.648631
-24.277778,55,1.71229
-30.083333,77,1.801007
-11.361111,19,1.823379
-3.833333,11,1.836513
-7.25,11,1.848325
-8.055556,19,1.870196
-11.138889,27,1.899283
-7.111111,13,1.914782
-16.611111,33,1.949755
-4.111111,9,1.961744
-26.277778,45,2.010486
-8.222222,23,2.036279
-3.083333,7,2.043965
-14.75,49,2.099865
-37.083333,89,2.211019
-5.0,9,2.222054
-25.111111,55,2.283144
-18.194444,39,2.356898
-34.555556,67,2.546492
-11.055556,21,2.570728
-17.444444,43,2.621213
-5.083333,17,2.654904
-17.972222,35,2.694811
-10.916667,19,2.719986
-11.194444,23,2.746918
-13.111111,45,2.80054
-7.472222,17,2.820057
-4.944444,9,2.833647
-4.083333,9,2.843852
-7.027778,25,2.873758
-6.25,17,2.898235
-4.25,17,2.919207
-3.083333,7,2.926698
-14.222222,45,2.982583
-5.194444,13,2.996864
-6.0,17,3.018022
-4.333333,11,3.030511
-12.444444,23,3.057843
-11.388889,25,3.088264
-7.083333,11,3.104355
-6.833333,17,3.125265
-15.972222,29,3.162608
-16.805556,35,3.205986
-4.944444,11,3.21962
-14.222222,33,3.255509
-4.944444,15,3.275815
-8.75,17,3.293278
-17.666667,45,3.347244
-6.5,9,3.356032
-6.416667,15,3.373926
-63.138889,115,3.510795
-12.694444,39,3.559599
-11.583333,31,3.600431
-4.527778,9,3.615133
-10.777778,19,3.638776
-8.666667,19,3.66642
-2.833333,7,3.675329
-5.361111,11,3.693177
-9.694444,27,3.724935
-11.611111,29,3.762093
-8.222222,19,3.785482
-34.75,67,3.872648
-17.222222,33,3.909367
-4.277778,9,3.923859
-11.527778,27,3.955817
-6.611111,15,3.975758
-12.361111,37,4.019403
-16.0,29,4.053319
-12.888889,31,4.08643
-7.833333,15,4.105389
-7.75,15,4.125605
-10.75,27,4.178093
-4.333333,13,4.232947
-17.861111,65,4.528432
-3.805556,11,4.540246
-11.444444,19,4.564098
-9.527778,27,4.593588
-5.166667,11,4.610618
-20.638889,43,4.664115
-7.416667,15,4.682623
-4.166667,13,4.69767
-3.861111,9,4.712637
-5.666667,13,4.727775
-3.25,7,4.73725
-5.611111,13,4.755058
-5.666667,9,4.767889
-6.222222,17,4.78886
-14.111111,49,4.85347
-2.916667,7,4.861161
-4.166667,11,4.876252
-16.111111,29,4.910011
-8.5,17,4.936569
-10.527778,37,4.984475
-11.472222,33,5.029495
-7.611111,17,5.048721
-7.055556,19,5.07378
-6.916667,11,5.085925
-5.722222,15,5.106461
-8.916667,19,5.129472
-4.611111,11,5.14406
-5.75,11,5.157582
-6.083333,9,5.169485
-6.361111,13,5.183386
-6.333333,13,5.201446
-16.027778,33,5.242068
-20.472222,37,5.294656
-3.166667,7,5.303319
-3.611111,11,5.318106
-3.833333,9,5.329025
-14.75,37,5.376187
-8.333333,17,5.396801
-4.75,13,5.41819
-11.444444,27,5.454151
-6.694444,17,5.479421
-5.166667,13,5.495253
-7.055556,17,5.519414
-2.583333,7,5.527293
-12.861111,17,5.550002
-3.111111,9,5.561635
-11.0,33,5.606221
-17.972222,35,5.654009
-5.583333,13,5.676159
-9.0,29,5.745949
-15.083333,43,5.799051
-3.083333,9,5.807875
-7.194444,17,5.830347
-2.361111,7,5.83914
-14.111111,39,5.886932
-3.75,7,5.896041
-9.944444,25,5.929441
-6.333333,9,5.940154
-4.666667,9,5.953236
-7.055556,19,5.974483
-21.083333,43,6.033467
-6.972222,17,6.053484
-7.833333,21,6.079892
-12.472222,27,6.114675
-6.916667,9,6.126966
-4.194444,15,6.143184
-10.833333,27,6.193757
-7.194444,23,6.308016
-15.75,45,6.397357
-3.555556,11,6.414272
-2.861111,7,6.425396
-7.083333,11,6.440846
-4.666667,15,6.461528
-8.916667,27,6.495628
-9.333333,21,6.523563
-13.972222,41,6.574145
-7.416667,21,6.608576
-7.972222,21,6.634708
-15.833333,43,6.695482
-9.5,17,6.716987
-9.888889,21,6.745895
-6.805556,19,6.769722
-10.361111,23,6.79892
-9.138889,27,6.834988
-11.333333,33,6.877948
-8.055556,19,6.898511
-4.138889,11,6.91486
-3.361111,9,6.92672
-5.166667,17,6.94839
-4.027778,9,6.9585
-4.25,13,6.978976
-2.083333,5,6.984122
-8.861111,27,7.019906
-30.083333,61,7.091166
-12.861111,41,7.167081
-12.583333,19,7.187385
-14.722222,51,7.253543
-2.5,7,7.262377
-4.527778,11,7.276438
-5.0,13,7.293012
-11.361111,41,7.347591
-4.361111,15,7.370247
-7.5,9,7.382051
-4.861111,11,7.393638
-3.166667,7,7.404157
-16.833333,43,7.456725
-5.861111,19,7.481688
-13.888889,33,7.521756
-6.111111,15,7.542704
-4.444444,13,7.557653
-3.277778,9,7.572077
-10.722222,21,7.601604
-2.083333,5,7.61098
-8.388889,19,7.635345
-9.111111,21,7.664675
-12.555556,27,7.698082
-15.666667,53,7.767166
-5.055556,13,7.785749
-5.75,19,7.812607
-10.666667,35,7.856721
-4.944444,9,7.871042
-4.083333,9,7.881469
-18.583333,39,7.931376
-13.555556,33,7.97573
-20.055556,39,8.109316
-7.666667,13,8.177441
-4.916667,15,8.250481
-3.0,9,8.295738
-17.388889,49,8.41539
-7.277778,27,8.448788
-5.277778,13,8.466743
-2.777778,7,8.474482
-5.416667,11,8.489316
-4.111111,11,8.50571
-6.666667,21,8.533815
-8.166667,23,8.575871
-9.694444,25,8.609734
-8.916667,21,8.638259
-6.194444,15,8.661217
-7.388889,21,8.686064
-4.333333,13,8.703652
-2.944444,7,8.713124
-16.25,33,8.758679
-2.444444,7,8.791871
-9.611111,15,8.812133
-10.333333,19,8.834874
-10.666667,37,8.885171
-18.777778,57,8.95776
-8.277778,31,9.004018
-7.194444,17,9.029205
-6.277778,25,9.062933
-12.694444,41,9.115693
-12.194444,45,9.178109
-13.444444,43,9.233616
-7.472222,15,9.254862
-18.083333,43,9.31235
-4.805556,15,9.333492
-3.833333,11,9.347819
-4.611111,15,9.369615
-5.361111,11,9.383876
-3.694444,11,9.399441
-8.416667,25,9.431096
-4.722222,15,9.45191
-5.25,19,9.47753
-10.638889,21,9.504222
-6.027778,17,9.525454
-8.0,27,9.566405
-13.222222,23,9.602329
-13.861111,43,9.665355
-5.583333,11,9.681298
-5.027778,17,9.708523
-5.083333,9,9.718557
-10.222222,35,9.765097
-3.194444,9,9.775884
-6.305556,15,9.796683
-2.083333,5,9.803349
-4.805556,13,9.821069
-7.361111,31,9.863719
-3.527778,9,9.877494
-8.583333,29,9.915098
-6.972222,17,9.942569
-5.444444,21,9.970715
-11.555556,29,10.011621
-8.277778,21,10.040512
-9.138889,33,10.19503
-25.472222,73,10.498167
-12.444444,25,10.534538
-3.361111,9,10.549853
-7.694444,25,10.589528
-7.333333,15,10.609081
-10.138889,33,10.660587
-17.388889,59,10.742049
-16.305556,53,10.817088
-6.666667,19,10.846533
-3.333333,7,10.858001
-10.583333,21,10.885443
-6.75,13,10.903844
-3.277778,11,10.920888
-5.472222,15,10.943235
-3.5,9,10.9543
-2.361111,7,10.965424
-3.194444,7,10.975205
-4.083333,13,10.992664
-9.527778,29,11.034403
-10.0,29,11.078901
-4.972222,11,11.093139
-8.916667,31,11.141186
-3.083333,7,11.150482
-4.416667,11,11.170526
-5.5,15,11.195168
-7.583333,21,11.224056
-4.416667,9,11.239561
-5.861111,15,11.267554
-3.75,11,11.285174
-3.722222,11,11.302625
-7.361111,19,11.329007
-5.833333,13,11.351376
-3.361111,11,11.366338
-8.111111,17,11.391055
-10.027778,31,11.433271
-15.416667,41,11.491131
-10.166667,41,11.552282
-3.361111,11,11.584052
-7.055556,13,11.601363
-3.916667,11,11.61796
-6.111111,17,11.639537
-5.5,17,11.664947
-6.694444,17,11.687934
-5.25,7,11.697641
-6.194444,27,11.731615
-4.916667,11,11.746875
-8.277778,27,11.779144
-6.666667,21,11.808242
-6.277778,13,11.824062
-8.888889,27,11.862065
-3.0,7,11.871665
-4.666667,9,11.883293
-3.416667,11,11.897148
-5.083333,11,11.914695
-7.583333,25,11.976987
-14.055556,55,12.056792
-8.722222,21,12.085573
-14.611111,47,12.280016
-2.583333,7,12.311278
-5.472222,21,12.431494
-7.638889,27,12.519803
-14.277778,47,12.597203
-3.277778,11,12.613808
-6.5,19,12.641949
-4.527778,13,12.660543
-6.805556,17,12.686265
-7.444444,25,12.720743
-9.416667,33,12.768943
-7.555556,25,12.800809
-3.277778,11,12.816014
-21.805556,71,12.913974
-17.777778,39,12.972739
-3.0,9,12.986716
-15.805556,55,13.070932
-24.666667,67,13.158005
-4.555556,11,13.173363
-4.416667,17,13.195642
-6.805556,27,13.240096
-9.416667,23,13.272892
-4.722222,17,13.297535
-4.805556,11,13.31298
-8.138889,21,13.342857
-18.111111,51,13.412238
-6.5,19,13.439687
-4.75,19,13.46618
-2.944444,7,13.479783
-7.138889,21,13.506434
-10.222222,35,13.562039
-11.611111,39,13.616425
-4.138889,13,13.643132
-7.972222,27,13.681633
-2.916667,7,13.699335
-10.805556,31,13.741315
-3.888889,11,13.755116
-17.944444,63,13.836742
-13.388889,29,13.877218
-6.416667,23,13.910195
-6.833333,17,13.941343
-21.638889,63,14.028569
-8.305556,25,14.068793
-11.916667,45,14.130525
-6.305556,17,14.156965
-4.25,13,14.176352
-4.777778,11,14.206653
-9.75,35,14.431682
-5.777778,21,14.549296
-34.333333,113,14.851085
-14.611111,53,14.927481
-7.888889,35,14.974206
-13.527778,45,15.031657
-4.694444,13,15.04841
-2.444444,7,15.058224
-3.138889,9,15.070928
-6.861111,17,15.093537
-6.861111,21,15.118735
-6.194444,19,15.147575
-8.055556,29,15.185601
-5.722222,23,15.215308
-4.666667,17,15.236095
-5.75,11,15.250209
-2.444444,7,15.257945
-4.583333,15,15.279799
-8.583333,39,15.328916
-4.611111,13,15.347081
-2.583333,5,15.352907
-7.055556,23,15.387753
-12.722222,51,15.452235
-7.944444,29,15.500287
-4.027778,11,15.51435
-9.805556,33,15.568439
-13.111111,51,15.643293
-4.777778,9,15.660193
-4.416667,11,15.681677
-2.944444,7,15.695553
-4.583333,17,15.72185
-4.972222,19,15.750754
-3.972222,13,15.76769
-3.277778,9,15.782024
-8.75,11,15.795883
-8.75,33,15.845945
-5.111111,13,15.866566
-17.138889,63,15.968209
-23.055556,93,16.113404
-5.305556,19,16.142723
-6.055556,21,16.177594
-2.083333,5,16.187338
-4.25,13,16.205997
-4.666667,17,16.233704
-5.361111,23,16.300877
-4.888889,17,16.338291
-8.888889,29,16.381974
-2.583333,5,16.395387
-2.777778,7,16.407921
-2.777778,9,16.444397
-7.75,33,16.646414
-10.722222,31,16.825955
-2.861111,7,16.854478
-7.388889,15,16.878752
-5.527778,15,16.90242
-4.472222,11,16.919675
-8.222222,25,16.955512
-10.944444,29,17.007095
-3.972222,13,17.025895
-5.777778,17,17.052854
-5.694444,21,17.079188
-4.833333,15,17.101484
-2.583333,7,17.109743
-4.972222,11,17.124539
-10.5,27,17.160461
-7.333333,25,17.199192
-6.25,25,17.237093
-4.916667,19,17.267529
-16.388889,59,17.345845
-9.638889,33,17.394371
-2.444444,7,17.427837
-3.416667,13,17.451673
-2.944444,7,17.461565
-7.638889,31,17.511563
-6.722222,15,17.535014
-3.138889,11,17.555545
-2.944444,9,17.56812
-3.472222,13,17.590946
-3.194444,11,17.607551
-5.166667,15,17.63646
-4.972222,15,17.66222
-4.416667,15,17.686304
-4.5,15,17.711566
-2.944444,7,17.723368
-5.138889,13,17.740883
-5.972222,13,17.761854
-3.194444,11,17.775306
-4.388889,17,17.804839
-4.111111,13,17.823069
-7.305556,33,17.870169
-7.527778,29,17.906946
-2.083333,5,17.915558
-6.833333,19,17.938158
-5.416667,23,17.972605
-3.083333,7,17.983999
-4.638889,11,18.003119
-2.361111,7,18.011422
-6.305556,23,18.048597
-2.444444,7,18.058186
-3.083333,7,18.068173
-3.833333,11,18.084294
-6.055556,21,18.113879
-2.861111,7,18.123238
-7.361111,23,18.158001
-4.694444,9,18.171106
-4.666667,15,18.193663
-6.527778,31,18.238341
-4.5,15,18.26329
-2.583333,5,18.268647
-11.333333,29,18.312444
-7.083333,31,18.366002
-6.805556,19,18.399214
-4.25,17,18.426854
-3.583333,7,18.438618
-6.277778,17,18.460191
-3.138889,9,18.472319
-5.25,23,18.519178
-6.277778,27,18.677753
-2.944444,7,18.720078
-3.694444,15,18.797074
-2.361111,7,18.839125
-4.472222,15,18.884616
-4.944444,21,18.915935
-4.388889,17,18.939328
-3.75,13,18.95658
-5.138889,25,18.99517
-6.555556,15,19.015691
-2.361111,7,19.027913
-8.194444,37,19.081762
-3.194444,13,19.103844
-5.583333,23,19.13681
-3.5,11,19.150878
-5.222222,23,19.186478
-4.75,15,19.234686
-2.083333,5,19.241651
-3.194444,9,19.255444
-6.861111,19,19.280329
-3.472222,13,19.30335
-4.444444,11,19.320107
-7.694444,31,19.378783
-2.083333,5,19.387597
-7.361111,21,19.424543
-3.0,9,19.437937
-4.055556,13,19.458443
-7.527778,27,19.494651
-3.638889,11,19.512227
-5.555556,17,19.535343
-3.972222,13,19.556618
-6.277778,17,19.581634
-2.583333,7,19.594418
-3.083333,9,19.608905
-11.555556,49,19.68182
-4.194444,11,19.700337
-7.083333,15,19.729656
-2.083333,5,19.735969
-5.666667,21,19.768178
-3.472222,13,19.78555
-5.083333,13,19.807266
-3.277778,11,19.824462
-8.027778,33,19.869227
-2.361111,7,19.879442
-2.083333,5,19.888241
-5.527778,23,19.92126
-9.666667,43,19.987345
-2.361111,7,19.997679
-2.361111,7,20.009192
-4.916667,7,20.016156
-3.138889,9,20.032317
-2.083333,5,20.038028
-6.0,17,20.062947
-3.277778,9,20.075508
-12.5,47,20.146505
-16.777778,67,20.251221
-3.861111,9,20.270431
-3.555556,13,20.293157
-5.805556,13,20.313671
-4.611111,15,20.336442
-2.638889,9,20.353313
-3.361111,11,20.369847
-2.638889,9,20.38768
-2.361111,7,20.398149
-5.444444,15,20.424017
-3.805556,11,20.438929
-2.861111,7,20.450305
-4.583333,17,20.477608
-5.833333,27,20.522037
-6.055556,23,20.591058
-5.638889,19,20.703548
-4.555556,11,20.762003
-2.083333,5,20.795023
-4.527778,19,20.895684
-6.277778,21,20.942605
-3.5,11,20.956521
-2.583333,7,20.969802
-4.25,13,20.986541
-2.083333,5,20.993965
-4.166667,19,21.022787
-3.416667,13,21.042344
-3.916667,11,21.080009
-5.083333,17,21.104183
-4.805556,17,21.126391
-3.416667,7,21.136548
-2.361111,7,21.145411
-4.416667,13,21.165277
-2.944444,7,21.175641
-6.333333,21,21.208442
-2.361111,7,21.21755
-2.583333,7,21.229326
-5.694444,15,21.25427
-2.416667,5,21.264582
-7.222222,31,21.31222
-5.055556,15,21.333385
-6.833333,25,21.37077
-3.5,9,21.385849
-5.444444,15,21.410038
-4.25,17,21.437589
-10.027778,35,21.490478
-2.5,7,21.501797
-2.583333,7,21.513677
-2.722222,9,21.529221
-4.916667,9,21.539895
-3.611111,9,21.555865
-2.083333,5,21.562214
-3.472222,15,21.587642
-3.138889,9,21.599621
-2.916667,11,21.617832
-2.583333,5,21.62458
-3.138889,9,21.637095
-2.583333,7,21.646572
-2.583333,7,21.669477
-6.138889,15,21.699912
-5.416667,23,21.73919
-3.638889,9,21.750444
-4.638889,17,21.782653
-5.25,15,21.803378
-3.361111,11,21.821365
-5.583333,23,21.854311
-5.333333,19,21.889356
-3.083333,7,21.89748
-5.416667,17,21.925315
-4.583333,7,21.933851
-4.138889,13,21.953575
-7.75,21,21.978772
-4.027778,9,21.992485
-5.694444,9,22.003697
-8.833333,29,22.046501
-5.416667,15,22.067184
-2.361111,7,22.078401
-5.25,21,22.106455
-7.583333,33,22.156173
-5.305556,21,22.188045
-2.916667,11,22.207582
-7.138889,27,22.246613
-4.194444,11,22.266289
-2.722222,9,22.279144
-5.416667,19,22.307785
-5.055556,13,22.324901
-3.222222,9,22.339431
-6.666667,27,22.380746
-2.944444,9,22.395339
-3.361111,9,22.407793
-2.638889,9,22.420615
-2.694444,7,22.431304
-2.083333,5,22.440258
-3.833333,11,22.456557
-11.416667,41,22.517832
-3.277778,9,22.52875
-2.638889,9,22.543637
-6.194444,33,22.620872
-3.25,5,22.65038
-6.0,21,22.843908
-4.916667,15,22.933316
-5.083333,11,22.983561
-3.0,7,23.022863
-2.444444,7,23.053077
-2.861111,7,23.096508
-9.25,39,23.191508
-2.416667,5,23.200149
-3.083333,11,23.216088
-4.083333,13,23.238063
-6.611111,27,23.278409
-10.25,41,23.341168
-2.861111,7,23.349747
-6.722222,19,23.380998
-2.083333,5,23.388108
-2.444444,7,23.402063
-5.0,9,23.41419
-3.777778,9,23.430066
-4.472222,17,23.453811
-5.416667,15,23.478056
-6.0,25,23.5158
-6.833333,33,23.570622
-2.083333,5,23.577703
-2.083333,5,23.587758
-2.083333,5,23.594823
-2.944444,7,23.608476
-3.138889,11,23.623124
-3.833333,17,23.652123
-2.083333,5,23.65915
-2.694444,7,23.688664
-4.916667,19,23.727948
-3.416667,11,23.746923
-9.277778,41,23.80863
-9.75,51,23.893002
-5.083333,13,23.911366
-5.027778,17,23.938504
-3.138889,9,23.950195
-6.722222,29,23.990504
-2.861111,7,23.999044
-3.138889,11,24.019177
-2.083333,5,24.026775
-3.583333,7,24.038836
-2.361111,7,24.04855
-4.861111,11,24.066355
-5.194444,19,24.093654
-3.222222,9,24.107747
-2.583333,7,24.118381
-4.0,13,24.140496
-2.666667,7,24.150726
-8.805556,49,24.226488
-3.777778,15,24.246419
-5.416667,9,24.262291
-4.888889,13,24.281802
-5.5,15,24.304417
-2.083333,5,24.310165
-2.361111,7,24.321479
-3.722222,15,24.341892
-6.277778,27,24.381971
-6.861111,25,24.417659
-3.638889,9,24.431693
-4.527778,15,24.455629
-2.361111,7,24.465713
-2.777778,7,24.474412
-3.833333,13,24.49449
-4.25,17,24.520325
-4.194444,19,24.551933
-5.027778,23,24.587265
-5.25,13,24.629542
-3.472222,15,24.650931
-3.027778,7,24.663537
-5.083333,25,24.707611
-2.694444,7,24.719222
-4.611111,15,24.743469
-2.083333,5,24.752902
-9.5,47,24.84641
-2.444444,7,24.88987
-6.583333,25,25.036514
-8.861111,49,25.231521
-3.0,11,25.246432
-7.527778,25,25.284079
-5.888889,27,25.325077
-5.583333,9,25.339155
-2.861111,7,25.351958
-3.277778,7,25.36487
-3.416667,7,25.37525
-2.861111,7,25.389598
-5.972222,33,25.446803
-4.416667,19,25.480632
-2.861111,9,25.495328
-3.694444,13,25.516998
-2.638889,9,25.530357
-5.583333,21,25.570602
-2.638889,9,25.584105
-3.138889,9,25.598785
-3.888889,11,25.614203
-2.083333,5,25.624036
-2.361111,7,25.633973
-6.25,15,25.659679
-3.333333,13,25.687038
-4.777778,19,25.722648
-2.583333,7,25.73417
-2.083333,5,25.742763
-7.055556,27,25.787144
-6.083333,27,25.828233
-2.861111,7,25.839396
-3.416667,7,25.853465
-2.638889,9,25.866383
-4.638889,19,25.895179
-2.083333,5,25.903864
-7.388889,37,25.96609
-3.5,11,25.983743
-12.111111,63,26.083389
-3.777778,15,26.106631
-3.194444,13,26.130303
-2.638889,9,26.145276
-3.361111,13,26.169394
-3.416667,11,26.187289
-5.25,17,26.217585
-3.638889,9,26.23104
-3.472222,11,26.250494
-5.916667,29,26.298425
-7.583333,27,26.348908
-2.861111,7,26.36225
-4.333333,19,26.397046
-2.638889,9,26.411211
-5.833333,15,26.436479
-3.194444,13,26.455958
-3.75,17,26.484947
-2.361111,7,26.495044
-2.638889,9,26.511796
-9.916667,35,26.5921
-2.583333,7,26.603432
-2.638889,9,26.617978
-6.666667,37,26.680756
-2.083333,5,26.699871
-4.25,9,26.72271
-6.25,31,26.77492
-4.277778,17,26.804228
-7.305556,41,26.8715
-6.527778,29,27.044318
-4.694444,19,27.145402
-4.805556,21,27.265874
-2.444444,7,27.300034
-2.083333,5,27.33085
-2.694444,7,27.373903
-2.444444,7,27.418606
-5.333333,19,27.461032
-2.861111,7,27.472111
-4.083333,17,27.497997
-4.111111,19,27.526814
-5.916667,21,27.55724
-2.638889,9,27.57115
-7.75,33,27.621047
-3.694444,13,27.646371
-4.722222,13,27.671129
-7.138889,33,27.733521
-2.666667,7,27.74652
-2.361111,7,27.760684
-2.916667,11,27.77979
-2.083333,5,27.793354
-2.444444,7,27.803222
-2.361111,7,27.81642
-8.111111,39,27.871795
-4.194444,11,27.890401
-4.916667,23,27.926702
-7.583333,41,27.995338
-2.638889,9,28.009358
-5.0,25,28.04848
-3.194444,13,28.067165
-4.527778,19,28.098259
-6.277778,29,28.144423
-4.944444,21,28.178393
-15.472222,97,28.327277
-8.027778,39,28.393812
-3.75,17,28.420321
-4.472222,21,28.458237
-2.083333,5,28.465496
-2.722222,9,28.483441
-3.833333,17,28.509116
-5.138889,27,28.555785
-3.055556,11,28.572488
-2.444444,7,28.585327
-7.138889,39,28.669382
-5.222222,23,28.71106
-2.583333,5,28.717683
-5.027778,15,28.746568
-2.861111,9,28.763413
-4.805556,23,28.810342
-17.611111,97,28.99379
-8.722222,33,29.058211
-2.916667,11,29.074938
-5.277778,27,29.121228
-4.305556,21,29.250071
-3.138889,9,29.304352
-2.361111,7,29.340862
-3.416667,7,29.386196
-9.138889,51,29.550188
-3.138889,11,29.569692
-9.416667,51,29.65187
-2.361111,7,29.664843
-8.75,47,29.747688
-5.472222,23,29.787556
-2.916667,11,29.805571
-4.277778,19,29.840648
-6.694444,33,29.898142
-5.222222,25,29.942765
-2.638889,9,29.956315
-4.75,17,29.98752
-6.527778,37,30.047018
-5.027778,21,30.081549
-6.666667,33,30.133441
-2.361111,7,30.145618
-7.972222,39,30.208534
-6.472222,35,30.299257
-7.444444,43,30.390347
-2.444444,7,30.406053
-4.75,17,30.439567
-9.194444,49,30.526542
-2.916667,11,30.544186
-8.666667,49,30.631912
-11.222222,67,30.760246
-4.027778,19,30.794131
-16.222222,101,30.977124
-6.472222,33,31.035371
-4.083333,7,31.04554
-13.305556,77,31.194939
-3.472222,15,31.287755
-5.305556,27,31.457594
-3.972222,15,31.550226
-2.694444,7,31.601143
-2.916667,11,31.664191
-7.916667,47,31.812304
-2.638889,9,31.830407
-5.138889,27,31.88682
-4.472222,21,31.927216
-2.361111,7,31.945057
-11.416667,71,32.064528
-3.972222,15,32.096193
-2.361111,7,32.111028
-2.083333,5,32.126714
-6.111111,33,32.177944
-4.666667,15,32.20692
-4.166667,17,32.235225
-3.194444,13,32.269324
-17.027778,111,32.481124
-5.638889,29,32.526941
-8.833333,51,32.604164
-4.472222,21,32.640695
-2.361111,7,32.65071
-6.138889,33,32.704576
-3.972222,17,32.734968
-29.222222,187,33.098954
-2.638889,9,33.111152
-7.083333,37,33.188467
-23.138889,153,33.589133
-9.666667,59,33.941913
-2.361111,7,33.973355
-8.916667,53,34.061085
-5.138889,27,34.10737
-7.361111,43,34.181983
-2.583333,5,34.189071
-9.527778,51,34.277805
-8.416667,47,34.351969
-8.416667,47,34.428848
-3.361111,13,34.447472
-9.75,59,34.541244
-12.138889,75,38.015092
-22.916667,147,38.320796
-11.0,67,38.457841
-4.861111,25,38.501152
-5.694444,31,38.562454
-14.027778,91,38.723599
-2.083333,5,38.730922
-2.083333,5,38.739773
-2.361111,7,38.749073
-2.361111,7,38.763849
-2.361111,7,38.774904
-3.333333,7,38.785815
-2.083333,5,38.792535
-2.083333,5,38.801684
-2.583333,5,38.808157
-2.083333,5,38.816761
-2.361111,7,38.827566
-2.083333,5,38.838212
-2.083333,5,38.849056
-2.083333,5,38.860091
-2.083333,5,38.868615
-2.083333,5,38.881404
-2.583333,7,38.892605
-2.361111,7,38.917078
-2.361111,7,38.935882
-2.083333,5,38.95258
-2.083333,5,38.961601
-2.083333,5,38.99437
-2.083333,5,39.019209
-2.361111,7,39.075546
-2.083333,5,39.11147
-2.361111,7,39.164713
-2.361111,7,39.213104
-2.361111,7,39.277327
-2.083333,5,39.311027
-4.083333,9,39.377245
-2.083333,5,39.408136
-2.083333,5,39.43963
-2.861111,9,39.491938
-2.083333,5,39.525061
-2.583333,7,39.564871
-2.083333,5,39.595793
-2.944444,9,39.645086
-2.083333,5,39.676416
-2.083333,5,39.701271
-2.361111,7,39.746878
-2.083333,5,39.770399
-2.083333,5,39.804811
-2.083333,5,39.829854
-2.083333,5,39.870725
-2.361111,7,39.895181
-2.361111,7,39.911434
-2.361111,7,39.92418
-2.083333,5,39.93586
-2.083333,5,39.945082
-2.083333,5,39.955684
-2.083333,5,39.964915
-2.361111,7,39.977219
-2.583333,5,39.984685
-5.305556,27,40.037547
-2.083333,5,40.046043
-6.25,35,40.107044
-2.083333,5,40.115429
-2.777778,9,40.132818
-2.083333,5,40.140357
-2.083333,5,40.149446
-2.083333,5,40.157899
-2.083333,5,40.169118
-2.083333,5,40.176899
-2.083333,5,40.185285
-2.083333,5,40.192203
-2.083333,5,40.201139
-2.083333,5,40.20857
-2.083333,5,40.219245
-2.083333,5,40.226205
-3.0,7,40.237968
-2.083333,5,40.245113
-2.083333,5,40.255637
-2.083333,5,40.263256
-4.916667,9,40.280283
-2.083333,5,40.287115
-2.444444,7,40.29929
-2.444444,7,40.309716
-2.583333,5,40.319189
-2.666667,7,40.329093
-2.583333,7,40.340501
-2.083333,5,40.347673
-2.583333,5,40.356222
-2.083333,5,40.363522
-2.083333,5,40.373479
-2.083333,5,40.38017
-2.083333,5,40.390037
-2.083333,5,40.397483
-2.083333,5,40.40657
-2.083333,5,40.41501
-2.5,7,40.426954
-2.583333,5,40.433699
-2.083333,5,40.442746
-2.083333,5,40.450083
-2.083333,5,40.460502
-2.083333,5,40.467502
-2.083333,5,40.477605
-2.361111,7,40.488832
-2.083333,5,40.499502
-2.083333,5,40.506597
-2.083333,5,40.519574
-2.083333,5,40.526525
-2.694444,7,40.539934
-2.083333,5,40.547962
-2.083333,5,40.560499
-2.583333,7,40.570443
-2.083333,5,40.579956
-2.083333,5,40.587107
-2.083333,5,40.597104
-2.083333,5,40.6049
-2.083333,5,40.615571
-2.666667,7,40.62548
-2.083333,5,40.636097
-2.083333,5,40.643886
-2.777778,9,40.658738
-2.083333,5,40.66558
-2.083333,5,40.674365
-2.083333,5,40.681668
-2.083333,5,40.690587
-2.083333,5,40.697596
-2.694444,7,40.710435
-2.083333,5,40.717546
-2.083333,5,40.725916
-2.083333,5,40.733063
-2.916667,9,40.747574
-2.694444,7,40.757735
-2.083333,5,40.766391
-2.083333,5,40.773474
-2.083333,5,40.782281
-2.083333,5,40.791003
-2.083333,5,40.800332
-2.083333,5,40.807507
-2.583333,7,40.819135
-2.083333,5,40.827537
-2.083333,5,40.838571
-2.5,7,40.852921
-2.083333,5,40.865427
-2.083333,5,40.874768
-2.083333,5,40.887933
-2.083333,5,40.895736
-2.666667,7,40.909808
-2.083333,5,40.927378
-2.083333,5,40.94006
-2.083333,5,40.951185
-2.083333,5,40.960957
-2.083333,5,40.969983
-2.083333,5,40.981492
-2.083333,5,40.988741
-2.083333,5,41.000035
-2.083333,5,41.056975
-2.083333,5,41.068806
-2.5,7,41.082455
-2.083333,5,41.092402
-2.5,7,41.105497
-2.083333,5,41.116494
-2.083333,5,41.125115
-2.083333,5,41.139373
-2.083333,5,41.149846
-2.083333,5,41.162777
-2.083333,5,41.174354
-2.083333,5,41.187748
-2.083333,5,41.197044
-2.083333,5,41.208022
-3.333333,7,41.219397
-2.083333,5,41.229035
-2.5,7,41.239317
-2.083333,5,41.252522
-2.083333,5,41.260042
-2.083333,5,41.268851
-2.083333,5,41.275772
-2.083333,5,41.285261
-3.694444,9,41.300172
-2.083333,5,41.309995
-2.083333,5,41.318889
-2.083333,5,41.328407
-2.083333,5,41.337025
-2.083333,5,41.346112
-2.083333,5,41.353136
-2.083333,5,41.362729
-2.083333,5,41.369583
-2.083333,5,41.380065
-2.805556,9,41.394035
-2.361111,7,41.406943
-2.083333,5,41.413985
-2.083333,5,41.423485
-2.083333,5,41.429973
-2.083333,5,41.439786
-2.083333,5,41.448217
-2.083333,5,41.457792
-3.416667,7,41.467808
-2.083333,5,41.477064
-2.083333,5,41.484238
-2.083333,5,41.493212
-2.083333,5,41.499549
-2.083333,5,41.508079
-2.083333,5,41.514947
-4.083333,7,41.527982
-2.083333,5,41.535713
-2.083333,5,41.572949
-2.083333,5,41.601242
-2.083333,5,41.63639
-2.083333,5,41.664517
-2.083333,5,41.701906
-2.083333,5,41.727753
-2.361111,7,41.773521
-2.083333,5,41.801333
-2.361111,7,41.852004
-2.361111,7,41.888702
-2.361111,7,41.938043
-2.083333,5,41.973068
-2.083333,5,42.014086
-2.083333,5,42.04137
-3.583333,7,42.096957
-2.5,7,42.130999
-2.083333,5,42.162159
-2.083333,5,42.185922
-2.083333,5,42.214663
-2.083333,5,42.234771
-2.083333,5,42.27296
-2.083333,5,42.28166
-2.361111,7,42.296636
-2.083333,5,42.305671
-2.083333,5,42.315022
-2.083333,5,42.32233
-2.083333,5,42.332287
-2.083333,5,42.33952
-2.083333,5,42.349232
-2.083333,5,42.357243
-2.083333,5,42.367049
-2.083333,5,42.376942
-2.083333,5,42.387263
-2.083333,5,42.395077
-2.083333,5,42.405486
-2.083333,5,42.41221
-2.083333,5,42.421232
-2.083333,5,42.428973
-2.583333,5,42.438276
-2.083333,5,42.445819
-2.083333,5,42.456074
-2.083333,5,42.463683
-2.083333,5,42.472758
-2.083333,5,42.480713
-2.083333,5,42.492219
-2.083333,5,42.499235
-2.083333,5,42.50832
-2.916667,7,42.520078
-2.083333,5,42.530203
-2.083333,5,42.537409
-2.083333,5,42.546643
-2.083333,5,42.55394
-3.583333,7,42.566341
-2.083333,5,42.574073
-2.083333,5,42.583256
-2.083333,5,42.590914
-2.083333,5,42.603386
-2.583333,5,42.611223
-2.083333,5,42.620506
-2.083333,5,42.627637
-2.083333,5,42.63618
-5.0,9,42.649046
-2.083333,5,42.658752
-2.083333,5,42.66622
-2.083333,5,42.675641
-2.083333,5,42.683571
-2.083333,5,42.692697
-2.083333,5,42.700074
-2.083333,5,42.709428
-2.5,7,42.719818
-2.083333,5,42.728673
-2.083333,5,42.735544
-2.083333,5,42.74473
-2.083333,5,42.753466
-2.083333,5,42.764337
-2.361111,7,42.779713
-2.083333,5,42.790073
-2.083333,5,42.798182
-2.083333,5,42.809526
-2.083333,5,42.817079
-2.083333,5,42.829158
-2.083333,5,42.836334
-2.083333,5,42.845838
-2.083333,5,42.853676
-2.083333,5,42.863866
-2.083333,5,42.872019
-2.083333,5,42.881016
-2.083333,5,42.888717
-2.083333,5,42.898735
-2.083333,5,42.905846
-2.083333,5,42.915457
-2.083333,5,42.923668
-2.083333,5,42.932748
-2.083333,5,42.940104
-2.083333,5,42.949258
-2.083333,5,42.956971
-2.083333,5,42.966471
-2.083333,5,42.973823
-2.083333,5,42.983903
-2.083333,5,42.992898
-2.083333,5,43.001731
-2.083333,5,43.009485
-2.083333,5,43.022089
-2.083333,5,43.03041
-2.083333,5,43.050683
-2.083333,5,43.059207
-2.083333,5,43.074651
-2.083333,5,43.091038
-2.083333,5,43.104764
-2.083333,5,43.112692
-2.083333,5,43.122585
-2.083333,5,43.132687
-2.583333,7,43.145419
-2.083333,5,43.154496
-2.083333,5,43.165979
-2.083333,5,43.173116
-2.083333,5,43.183511
-2.083333,5,43.19074
-2.361111,7,43.203897
-2.361111,7,43.213925
-2.083333,5,43.223628
-2.083333,5,43.231145
-2.583333,5,43.242056
-2.083333,5,43.249472
-2.361111,7,43.263014
-2.083333,5,43.270283
-2.083333,5,43.280534
-2.666667,7,43.291434
-2.083333,5,43.300332
-2.083333,5,43.30764
-2.083333,5,43.316867
-2.083333,5,43.324762
-2.083333,5,43.335395
-2.083333,5,43.343566
-2.083333,5,43.354126
-2.083333,5,43.361318
-2.083333,5,43.370667
-2.083333,5,43.378438
-2.083333,5,43.389375
-2.083333,5,43.396796
-2.083333,5,43.434237
-2.416667,5,43.442185
-2.083333,5,43.452082
-2.694444,7,43.462733
-2.083333,5,43.472186
-2.083333,5,43.479698
-2.083333,5,43.488929
-2.083333,5,43.495988
-2.083333,5,43.50742
-2.083333,5,43.517156
-2.083333,5,43.527676
-4.666667,9,43.540728
-2.083333,5,43.550516
-4.083333,7,43.560684
-2.083333,5,43.57065
-2.361111,7,43.581558
-2.861111,7,43.595415
-2.583333,5,43.603582
-2.083333,5,43.612998
-2.083333,5,43.620277
-3.333333,7,43.631815
-2.416667,5,43.638422
-2.083333,5,43.651509
-2.083333,5,43.658271
-2.083333,5,43.669676
-3.75,9,43.685199
-2.361111,7,43.698477
-2.083333,5,43.706001
-2.083333,5,43.714436
-2.083333,5,43.72205
-2.083333,5,43.730935
-2.361111,7,43.743217
-2.083333,5,43.752475
-2.083333,5,43.759907
-4.083333,7,43.774915
-2.083333,5,43.783964
-2.083333,5,43.794928
-2.083333,5,43.804302
-2.083333,5,43.815697
-2.583333,7,43.826352
-2.083333,5,43.835906
-2.083333,5,43.844152
-2.916667,7,43.857105
-2.361111,7,43.868413
-2.083333,5,43.879698
-2.083333,5,43.88817
-2.083333,5,43.900067
-2.083333,5,43.907367
-2.916667,7,43.919332
-2.5,7,43.929964
-2.916667,7,43.941536
-2.083333,5,43.948812
-2.083333,5,43.958188
-2.083333,5,43.965222
-2.083333,5,43.975946
-2.083333,5,43.984935
-2.083333,5,43.995086
-2.083333,5,44.003649
-2.083333,5,44.013002
-2.083333,5,44.021045
-2.083333,5,44.030469
-2.083333,5,44.037592
-2.583333,5,44.046783
-3.583333,7,44.056082
-2.083333,5,44.065322
-2.083333,5,44.08881
-2.083333,5,44.137503
-2.083333,5,44.163511
-2.361111,7,44.220296
-2.861111,7,44.257134
-2.361111,7,44.30508
-2.083333,5,44.329379
-2.083333,5,44.360689
-2.583333,5,44.38532
-2.5,7,44.429231
-2.083333,5,44.454762
-3.583333,7,44.472675
-2.5,7,44.481674
-2.083333,5,44.49017
-2.083333,5,44.495923
-2.583333,5,44.505296
-2.083333,5,44.512827
-2.083333,5,44.521281
-2.083333,5,44.528423
-2.083333,5,44.537173
-2.361111,7,44.548403
-2.083333,5,44.557968
-2.083333,5,44.564547
-3.194444,13,44.587793
-2.083333,5,44.595055
-2.083333,5,44.604083
-3.0,7,44.612734
-2.583333,7,44.624597
-2.361111,7,44.635186
-2.083333,5,44.646153
-2.361111,7,44.65831
-2.083333,5,44.669778
-2.083333,5,44.678792
-2.083333,5,44.689479
-2.083333,5,44.698
-2.5,7,44.712692
-4.583333,7,44.723271
-2.083333,5,44.734011
-2.083333,5,44.742246
-2.083333,5,44.751603
-3.194444,13,44.776336
-2.083333,5,44.786302
-2.083333,5,44.796335
-2.083333,5,44.806799
-2.083333,5,44.814302
-2.583333,5,44.82544
-2.083333,5,44.834634
-2.083333,5,44.845263
-2.083333,5,44.852883
-2.083333,5,44.862334
-2.083333,5,44.86976
-2.083333,5,44.878933
-2.083333,5,44.887431
-2.083333,5,44.897376
-2.083333,5,44.905175
-2.5,7,44.918713
-2.083333,5,44.926452
-2.083333,5,44.940286
-2.083333,5,44.950697
-2.666667,7,44.96552
-2.083333,5,44.973174
-2.083333,5,44.982234
-2.083333,5,44.990888
-2.083333,5,45.000864
-2.583333,7,45.012103
-2.916667,7,45.025892
-2.361111,7,45.037324
-2.083333,5,45.046827
-2.083333,5,45.054199
-2.083333,5,45.063466
-2.083333,5,45.071352
-2.083333,5,45.081484
-2.666667,7,45.093125
-2.083333,5,45.102897
-2.083333,5,45.110469
-2.083333,5,45.131276
-2.083333,5,45.139334
-2.083333,5,45.149635
-2.083333,5,45.157612
-2.444444,7,45.173014
-2.083333,5,45.181476
-2.083333,5,45.192276
-4.444444,19,45.223595
-2.083333,5,45.232925
-2.083333,5,45.24188
-2.083333,5,45.251058
-2.083333,5,45.25843
-2.083333,5,45.270292
-2.083333,5,45.281673
-2.083333,5,45.296447
-2.083333,5,45.306061
-2.083333,5,45.31908
-2.361111,7,45.329779
-2.361111,7,45.34318
-2.083333,5,45.350763
-2.083333,5,45.36392
-2.083333,5,45.371848
-3.583333,7,45.385453
-3.861111,9,45.399427
-2.083333,5,45.414971
-2.083333,5,45.424102
-2.083333,5,45.436765
-2.083333,5,45.446447
-3.333333,7,45.459137
-2.083333,5,45.466242
-2.083333,5,45.478017
-2.083333,5,45.486519
-2.083333,5,45.497939
-2.361111,7,45.509615
-2.083333,5,45.52059
-2.083333,5,45.535185
-2.083333,5,45.545392
-2.083333,5,45.553418
-2.5,7,45.570069
-2.083333,5,45.57727
-2.083333,5,45.586753
-2.083333,5,45.59415
-2.083333,5,45.604013
-2.083333,5,45.611521
-2.083333,5,45.621689
-2.083333,5,45.629057
-2.083333,5,45.639057
-2.083333,5,45.646432
-2.083333,5,45.656596
-2.083333,5,45.667303
-2.083333,5,45.677474
-2.083333,5,45.685652
-3.694444,9,45.705639
-2.083333,5,45.714324
-2.083333,5,45.726085
-2.083333,5,45.734831
-2.083333,5,45.745813
-2.083333,5,45.756789
-2.083333,5,45.766933
-2.083333,5,45.774482
-2.083333,5,45.786165
-2.083333,5,45.793755
-2.083333,5,45.806233
-2.083333,5,45.815531
-2.083333,5,45.825384
-2.416667,5,45.83232
-2.083333,5,45.841487
-2.083333,5,45.849049
-2.083333,5,45.860288
-3.194444,13,45.880672
-2.777778,7,45.895439
-2.083333,5,45.905812
-2.083333,5,45.916528
-3.0,7,45.9286
-2.083333,5,45.939154
-2.083333,5,45.948948
-2.083333,5,45.960815
-2.583333,5,45.96776
-2.083333,5,45.977702
-2.083333,5,45.989007
-2.083333,5,46.000457
-2.083333,5,46.008653
-2.083333,5,46.02097
-2.083333,5,46.02954
-2.083333,5,46.040756
-2.083333,5,46.048467
-2.083333,5,46.059524
-2.083333,5,46.067294
-2.083333,5,46.07656
-2.083333,5,46.084157
-2.083333,5,46.093806
-2.083333,5,46.101433
-2.083333,5,46.110847
-2.083333,5,46.118506
-2.083333,5,46.129693
-2.083333,5,46.138259
-2.083333,5,46.147916
-2.583333,5,46.200071
-2.083333,5,46.233707
-2.083333,5,46.268013
-2.361111,7,46.320668
-2.944444,9,46.369567
-2.361111,7,46.412982
-2.583333,5,46.43754
-2.083333,5,46.473217
-2.083333,5,46.499235
-2.083333,5,46.534066
-2.083333,5,46.562687
-2.083333,5,46.599155
-2.083333,5,46.622957
-2.083333,5,46.656809
-2.083333,5,46.682558
-2.083333,5,46.717933
-2.083333,5,46.745961
-2.083333,5,46.781025
-2.083333,5,46.802219
-2.083333,5,46.837943
-2.083333,5,46.862235
-2.083333,5,46.900522
-2.083333,5,46.924587
-2.583333,7,46.938046
-2.083333,5,46.945573
-2.083333,5,46.956075
-2.361111,7,46.966758
-2.361111,7,46.978866
-2.083333,5,46.986259
-2.083333,5,46.994877
-2.083333,5,47.001261
-2.083333,5,47.01028
-2.583333,5,47.016783
-2.083333,5,47.02555
-4.083333,7,47.034904
-2.583333,5,47.043034
-2.083333,5,47.050901
-2.083333,5,47.061249
-2.083333,5,47.068021
-2.083333,5,47.077905
-2.083333,5,47.08487
-2.083333,5,47.096144
-2.083333,5,47.104479
-2.083333,5,47.113686
-2.083333,5,47.121042
-2.083333,5,47.131863
-2.083333,5,47.138571
-2.083333,5,47.14728
-2.083333,5,47.153961
-2.083333,5,47.16246
-2.083333,5,47.169261
-2.5,7,47.18172
-2.083333,5,47.215571
-2.083333,5,47.230927
-3.583333,7,47.24405
-2.361111,7,47.260216
-4.083333,7,47.2713
-2.083333,5,47.281167
-2.083333,5,47.290592
-2.083333,5,47.300895
-2.083333,5,47.308375
-2.083333,5,47.319649
-2.083333,5,47.327682
-2.083333,5,47.336582
-2.083333,5,47.343173
-2.416667,5,47.352115
-2.083333,5,47.359497
-2.083333,5,47.37009
-2.083333,5,47.379037
-2.083333,5,47.388651
-2.083333,5,47.396101
-2.083333,5,47.406419
-2.083333,5,47.413836
-2.083333,5,47.423097
-2.083333,5,47.430328
-2.083333,5,47.439908
-2.083333,5,47.447611
-2.083333,5,47.456113
-2.083333,5,47.463379
-2.083333,5,47.474315
-3.416667,7,47.483992
-2.083333,5,47.493205
-2.083333,5,47.499737
-2.083333,5,47.508676
-2.083333,5,47.515316
-2.083333,5,47.525034
-2.083333,5,47.532797
-2.083333,5,47.542784
-2.083333,5,47.549934
-2.083333,5,47.559436
-2.083333,5,47.567076
-3.416667,7,47.579083
-2.083333,5,47.587111
-2.083333,5,47.596467
-2.083333,5,47.604278
-2.083333,5,47.613042
-2.083333,5,47.620012
-2.083333,5,47.629652
-2.083333,5,47.636656
-2.083333,5,47.646315
-3.583333,7,47.655473
-2.083333,5,47.664485
-2.083333,5,47.672915
-2.083333,5,47.685904
-2.083333,5,47.700146
-2.083333,5,47.714504
-2.083333,5,47.724919
-2.083333,5,47.734242
-2.083333,5,47.741822
-2.083333,5,47.752698
-2.083333,5,47.761725
-2.083333,5,47.773139
-2.083333,5,47.780457
-2.083333,5,47.790092
-2.361111,7,47.803483
-2.083333,5,47.81445
-2.083333,5,47.822035
-2.083333,5,47.831465
-2.083333,5,47.838871
-2.083333,5,47.848084
-2.083333,5,47.854677
-2.083333,5,47.865024
-2.083333,5,47.872196
-3.0,7,47.884292
-2.583333,7,47.894237
-2.083333,5,47.904606
-2.5,7,47.916299
-2.083333,5,47.931815
-2.583333,5,47.937999
-2.083333,5,47.94709
-2.083333,5,47.954216
-2.083333,5,47.963204
-2.083333,5,47.969985
-2.361111,7,47.984288
-2.583333,5,47.992369
-2.083333,5,48.002376
-3.583333,7,48.011911
-2.083333,5,48.023556
-2.361111,7,48.034954
-2.083333,5,48.045216
-2.083333,5,48.05473
-2.083333,5,48.065027
-2.083333,5,48.072365
-2.083333,5,48.082819
-2.083333,5,48.091073
-2.083333,5,48.101652
-2.083333,5,48.109116
-2.083333,5,48.120206
-2.361111,7,48.13412
-2.083333,5,48.143835
-2.083333,5,48.151734
-2.083333,5,48.161123
-2.083333,5,48.16823
-2.083333,5,48.179013
-3.0,7,48.188905
-2.083333,5,48.203649
-2.083333,5,48.214432
-2.083333,5,48.226425
-2.083333,5,48.235653
-2.083333,5,48.254988
-2.083333,5,48.263267
-2.083333,5,48.276632
-2.083333,5,48.284494
-2.083333,5,48.294653
-2.083333,5,48.304906
-2.083333,5,48.315343
-2.444444,7,48.325994
-2.083333,5,48.335377
-2.083333,5,48.343956
-2.083333,5,48.353747
-2.083333,5,48.362566
-2.361111,7,48.374256
-2.083333,5,48.380822
-2.083333,5,48.391515
-2.083333,5,48.398891
-2.083333,5,48.40846
-2.444444,7,48.418574
-2.083333,5,48.427598
-2.083333,5,48.437234
-2.083333,5,48.446954
-2.666667,7,48.456732
-2.083333,5,48.467621
-2.083333,5,48.475968
-2.083333,5,48.485776
-2.083333,5,48.492776
-2.083333,5,48.501233
-2.083333,5,48.508371
-2.083333,5,48.518395
-2.361111,7,48.528721
-2.638889,9,48.54418
-2.083333,5,48.55255
-2.083333,5,48.563074
-2.361111,7,48.573053
-2.083333,5,48.584181
-2.083333,5,48.592604
-3.583333,7,48.603754
-2.083333,5,48.611129
-2.083333,5,48.620613
-2.083333,5,48.63474
-2.083333,5,48.668684
-2.083333,5,48.694409
-2.083333,5,48.728303
-2.583333,5,48.750389
-2.083333,5,48.798035
-2.083333,5,48.827281
-2.083333,5,48.863144
-2.083333,5,48.893262
-2.083333,5,48.93376
-2.444444,7,48.983226
-2.083333,5,49.027277
-2.083333,5,49.055892
-2.083333,5,49.0986
-2.666667,7,49.1428
-2.083333,5,49.187981
-2.083333,5,49.201512
-2.083333,5,49.213335
-2.083333,5,49.222187
-2.083333,5,49.247315
-2.083333,5,49.256081
-2.083333,5,49.2759
-2.083333,5,49.289022
-2.083333,5,49.301053
-2.083333,5,49.310138
-2.083333,5,49.321274
-2.361111,7,49.332349
-2.083333,5,49.344252
-2.083333,5,49.351546
-3.277778,9,49.367573
-2.083333,5,49.374951
-2.083333,5,49.384359
-2.083333,5,49.390711
-2.083333,5,49.400162
-2.083333,5,49.406885
-2.083333,5,49.416843
-2.083333,5,49.42367
-2.083333,5,49.432864
-2.083333,5,49.439576
-2.083333,5,49.449272
-3.416667,7,49.460437
-2.666667,7,49.472044
-2.583333,7,49.481318
-2.083333,5,49.4922
-2.083333,5,49.501238
-2.083333,5,49.51321
-2.083333,5,49.521187
-2.083333,5,49.530626
-2.083333,5,49.538215
-2.083333,5,49.54825
-2.083333,5,49.555221
-2.083333,5,49.564617
-2.083333,5,49.573957
-2.083333,5,49.584358
-3.916667,7,49.593853
-2.083333,5,49.607338
-2.083333,5,49.615059
-2.083333,5,49.624694
-2.583333,5,49.631518
-2.916667,7,49.643937
-2.083333,5,49.652873
-2.083333,5,49.66152
-2.083333,5,49.671069
-2.083333,5,49.682582
-2.083333,5,49.689552
-2.583333,7,49.70238
-2.083333,5,49.710331
-2.083333,5,49.719833
-2.083333,5,49.728013
-2.083333,5,49.738538
-2.083333,5,49.746038
-2.083333,5,49.75488
-2.777778,7,49.765041
-2.083333,5,49.776671
-2.083333,5,49.784131
-2.083333,5,49.79276
-2.083333,5,49.801434
-2.583333,5,49.810072
-2.083333,5,49.817243
-2.083333,5,49.82741
-2.583333,5,49.833859
-2.916667,7,49.84523
-2.083333,5,49.852183
-2.083333,5,49.863105
-2.083333,5,49.870485
-2.083333,5,49.880785
-2.694444,7,49.890729
-2.083333,5,49.899827
-2.083333,5,49.907303
-2.361111,7,49.919203
-2.083333,5,49.926516
-2.083333,5,49.937789
-2.083333,5,49.944851
-2.083333,5,49.955738
-2.083333,5,49.96303
-2.083333,5,49.972433
-2.083333,5,49.979228
-2.083333,5,49.988274
-2.583333,5,49.995019
-2.861111,9,50.009433
-2.916667,7,50.019996
-2.083333,5,50.030407
-4.083333,7,50.040554
-2.083333,5,50.05111
-2.083333,5,50.058141
-2.083333,5,50.068033
-2.083333,5,50.075547
-2.5,7,50.09043
-2.083333,5,50.098305
-2.083333,5,50.109296
-2.583333,5,50.116369
-2.083333,5,50.1268
-2.083333,5,50.134068
-3.416667,7,50.148048
-2.083333,5,50.157852
-2.083333,5,50.172555
-2.083333,5,50.179328
-2.083333,5,50.189892
-2.083333,5,50.197271
-2.083333,5,50.208403
-2.583333,7,50.217838
-2.083333,5,50.227686
-2.083333,5,50.234514
-2.083333,5,50.245533
-2.083333,5,50.252927
-2.583333,5,50.290697
-2.083333,5,50.30148
-2.083333,5,50.317833
-2.083333,5,50.327573
-2.083333,5,50.338762
-2.083333,5,50.347769
-2.083333,5,50.359193
-2.083333,5,50.368788
-2.083333,5,50.380429
-2.083333,5,50.39076
-2.083333,5,50.401162
-2.083333,5,50.409323
-2.083333,5,50.42035
-2.083333,5,50.429655
-2.083333,5,50.439436
-4.083333,7,50.451586
-2.083333,5,50.460653
-2.083333,5,50.470587
-2.083333,5,50.480198
-3.583333,7,50.491079
-2.083333,5,50.501785
-2.083333,5,50.510142
-2.083333,5,50.519255
-2.083333,5,50.526683
-2.083333,5,50.537668
-2.083333,5,50.545592
-2.083333,5,50.556466
-2.083333,5,50.56417
-2.361111,7,50.577549
-2.083333,5,50.58496
-2.083333,5,50.598218
-2.083333,5,50.606896
-3.194444,13,50.630011
-2.083333,5,50.63716
-2.083333,5,50.647602
-2.083333,5,50.654994
-2.083333,5,50.664571
-2.083333,5,50.672034
-2.083333,5,50.681341
-3.861111,9,50.694417
-2.083333,5,50.703782
-2.5,7,50.713242
-2.916667,7,50.727911
-2.083333,5,50.735334
-2.083333,5,50.744621
-2.083333,5,50.751804
-2.083333,5,50.760445
-2.083333,5,50.766241
-2.444444,7,50.780599
-2.083333,5,50.788013
-2.5,7,50.799427
-2.083333,5,50.806198
-2.083333,5,50.816413
-2.083333,5,50.823179
-2.083333,5,50.834768
-2.083333,5,50.842048
-2.083333,5,50.85342
-2.083333,5,50.860334
-2.083333,5,50.868997
-2.083333,5,50.877298
-2.083333,5,50.886246
-2.083333,5,50.893521
-2.666667,7,50.935721
-2.361111,7,50.971015
-2.083333,5,51.00614
-2.083333,5,51.031238
-2.083333,5,51.074641
-2.083333,5,51.101384
-2.083333,5,51.134682
-2.083333,5,51.157255
-2.083333,5,51.188277
-2.083333,5,51.217106
-2.083333,5,51.252918
-2.083333,5,51.278626
-2.361111,7,51.333393
-2.083333,5,51.357243
-2.083333,5,51.386402
-2.583333,5,51.4101
-2.083333,5,51.442152
-2.083333,5,51.465452
-2.083333,5,51.479877
-2.083333,5,51.488432
-2.083333,5,51.497987
-2.666667,7,51.508355
-2.083333,5,51.520268
-2.361111,7,51.53067
-2.083333,5,51.539547
-2.083333,5,51.546127
-4.083333,7,51.558073
-2.416667,5,51.564233
-2.694444,7,51.577048
-2.083333,5,51.584457
-2.083333,5,51.593555
-2.083333,5,51.600776
-2.083333,5,51.609348
-2.083333,5,51.619751
-2.083333,5,51.631718
-2.083333,5,51.638718
-2.083333,5,51.648351
-2.083333,5,51.656176
-2.083333,5,51.6675
-2.083333,5,51.676118
-2.361111,7,51.688412
-2.361111,7,51.698279
-2.083333,5,51.707947
-2.083333,5,51.715031
-2.083333,5,51.725855
-2.083333,5,51.732098
-2.083333,5,51.741152
-2.083333,5,51.750147
-2.083333,5,51.758937
-2.083333,5,51.765817
-2.083333,5,51.774901
-2.083333,5,51.782437
-2.083333,5,51.791587
-2.083333,5,51.798285
-2.083333,5,51.807858
-2.083333,5,51.8155
-2.083333,5,51.825455
-2.083333,5,51.832366
-2.083333,5,51.841182
-2.083333,5,51.847809
-2.083333,5,51.856688
-2.083333,5,51.863236
-2.083333,5,51.871484
-2.083333,5,51.878269
-2.083333,5,51.887271
-2.583333,7,51.896301
-2.083333,5,51.905759
-2.083333,5,51.912557
-2.083333,5,51.921441
-2.083333,5,51.928039
-2.666667,7,51.938733
-3.333333,7,51.948554
-2.444444,7,51.96109
-2.583333,5,51.967388
-2.083333,5,51.976793
-2.083333,5,51.98569
-2.083333,5,51.998387
-2.083333,5,52.005443
-2.083333,5,52.016762
-2.083333,5,52.026798
-2.083333,5,52.037266
-2.083333,5,52.044471
-2.083333,5,52.054178
-2.083333,5,52.060668
-2.083333,5,52.070517
-4.583333,9,52.085603
-2.083333,5,52.095944
-2.083333,5,52.103971
-2.083333,5,52.113851
-2.083333,5,52.122207
-2.083333,5,52.131387
-2.444444,7,52.142251
-2.083333,5,52.152683
-2.083333,5,52.161851
-2.083333,5,52.175078
-2.361111,7,52.186892
-2.583333,7,52.200095
-2.083333,5,52.209511
-2.361111,7,52.22384
-2.777778,9,52.238769
-2.083333,5,52.24786
-2.083333,5,52.256345
-2.361111,7,52.270087
-2.083333,5,52.27706
-2.083333,5,52.287117
-3.416667,7,52.298374
-2.583333,7,52.312079
-2.083333,5,52.324039
-2.083333,5,52.339289
-2.083333,5,52.347319
-2.083333,5,52.358752
-3.333333,7,52.369184
-2.083333,5,52.386142
-2.083333,5,52.393644
-2.083333,5,52.402944
-2.083333,5,52.410731
-2.083333,5,52.420851
-3.416667,7,52.430083
-2.083333,5,52.439356
-2.083333,5,52.446435
-2.083333,5,52.456773
-2.083333,5,52.463702
-2.083333,5,52.473961
-2.444444,7,52.485811
-2.361111,7,52.499616
-2.083333,5,52.507049
-2.083333,5,52.515451
-2.083333,5,52.522959
-2.083333,5,52.535036
-2.083333,5,52.541877
-2.083333,5,52.550792
-2.083333,5,52.557392
-3.416667,7,52.569787
-2.083333,5,52.577158
-2.361111,7,52.590292
-2.083333,5,52.596898
-2.083333,5,52.60668
-2.083333,5,52.613999
-2.083333,5,52.622754
-2.083333,5,52.629529
-2.083333,5,52.638827
-2.083333,5,52.646677
-2.083333,5,52.655883
-2.083333,5,52.662907
-2.083333,5,52.671137
-2.083333,5,52.680606
-2.666667,7,52.693362
-2.083333,5,52.700789
-2.083333,5,52.711714
-2.083333,5,52.718841
-2.083333,5,52.728666
-2.083333,5,52.736845
-2.777778,7,52.748693
-2.083333,5,52.755948
-2.083333,5,52.767709
-2.083333,5,52.779414
-2.944444,9,52.793591
-2.083333,5,52.801201
-2.083333,5,52.810742
-2.083333,5,52.818494
-2.444444,7,52.830886
-2.083333,5,52.839232
-2.583333,5,52.848516
-2.083333,5,52.854678
-2.444444,7,52.867994
-2.083333,5,52.874919
-2.083333,5,52.885301
-2.5,7,52.894893
-2.361111,7,52.908582
-2.083333,5,52.917895
-2.083333,5,52.928965
-2.083333,5,52.936957
-2.083333,5,52.946651
-2.083333,5,52.953715
-2.083333,5,52.962591
-2.083333,5,52.972681
-2.083333,5,52.982619
-2.583333,7,52.993325
-2.083333,5,53.004899
-2.083333,5,53.012148
-2.083333,5,53.021418
-2.083333,5,53.029744
-2.083333,5,53.039092
-2.083333,5,53.046761
-2.083333,5,53.055602
-3.0,7,53.066678
-2.083333,5,53.075531
-2.083333,5,53.082752
-2.083333,5,53.093257
-2.083333,5,53.1004
-2.083333,5,53.109454
-2.083333,5,53.11701
-2.083333,5,53.128294
-2.083333,5,53.135936
-2.083333,5,53.15879
-2.083333,5,53.186379
-2.083333,5,53.216871
-2.083333,5,53.243238
-2.083333,5,53.287203
-2.083333,5,53.32986
-2.083333,5,53.371245
-2.083333,5,53.400566
-2.5,7,53.446997
-2.083333,5,53.473327
-2.083333,5,53.509415
-2.083333,5,53.536553
-2.083333,5,53.567966
-2.083333,5,53.59091
-2.361111,7,53.632384
-2.083333,5,53.659706
-2.5,7,53.700192
-2.083333,5,53.722628
-2.083333,5,53.756367
-2.5,7,53.790079
-2.083333,5,53.838301
-2.083333,5,53.870961
-2.083333,5,53.901438
-2.083333,5,53.926493
-2.444444,7,53.97251
-2.083333,5,53.99622
-2.083333,5,54.026369
-2.083333,5,54.049112
-2.083333,5,54.068536
-2.083333,5,54.075364
-2.083333,5,54.085445
-2.083333,5,54.094093
-2.083333,5,54.106346
-2.083333,5,54.113306
-2.083333,5,54.122855
-2.083333,5,54.131381
-2.083333,5,54.143261
-2.083333,5,54.150191
-2.083333,5,54.158489
-2.083333,5,54.166386
-2.083333,5,54.174971
-2.083333,5,54.181696
-2.583333,7,54.192575
-3.333333,7,54.202649
-2.083333,5,54.211667
-2.083333,5,54.218493
-2.083333,5,54.226609
-2.083333,5,54.233907
-2.083333,5,54.242893
-2.083333,5,54.249215
-2.5,7,54.261835
-2.083333,5,54.268527
-2.083333,5,54.278064
-2.083333,5,54.28654
-2.083333,5,54.33699
-2.083333,5,54.346789
-2.083333,5,54.357746
-2.083333,5,54.364521
-2.083333,5,54.374091
-2.361111,7,54.384403
-2.083333,5,54.393218
-2.083333,5,54.400308
-2.083333,5,54.409659
-2.083333,5,54.417399
-2.083333,5,54.426502
-2.083333,5,54.432944
-2.083333,5,54.44366
-2.083333,5,54.451527
-2.083333,5,54.46058
-2.083333,5,54.469695
-2.083333,5,54.480972
-2.083333,5,54.488832
-2.083333,5,54.49872
-2.083333,5,54.507382
-2.083333,5,54.517182
-2.583333,5,54.527054
-2.083333,5,54.536985
-2.083333,5,54.544453
-2.083333,5,54.554796
-2.083333,5,54.562355
-2.083333,5,54.574573
-2.083333,5,54.581258
-2.083333,5,54.590374
-3.416667,7,54.599308
-2.083333,5,54.607574
-2.083333,5,54.61428
-2.083333,5,54.622945
-2.083333,5,54.629563
-2.083333,5,54.639505
-2.083333,5,54.645902
-2.666667,7,54.656564
-2.083333,5,54.66326
-3.333333,7,54.674401
-2.083333,5,54.684033
-2.083333,5,54.692906
-2.083333,5,54.699342
-2.083333,5,54.709282
-2.083333,5,54.716046
-2.083333,5,54.725113
-2.083333,5,54.734091
-2.083333,5,54.743228
-2.083333,5,54.751392
-2.083333,5,54.759854
-2.083333,5,54.767933
-2.083333,5,54.77667
-2.083333,5,54.783149
-2.083333,5,54.793157
-2.083333,5,54.799753
-2.083333,5,54.835111
-2.083333,5,54.843076
-2.083333,5,54.852832
-2.083333,5,54.859533
-2.083333,5,54.87463
-2.083333,5,54.882858
-2.083333,5,54.894654
-2.083333,5,54.901697
-2.083333,5,54.911342
-2.083333,5,54.918245
-2.083333,5,54.9281
-2.083333,5,54.935259
-2.083333,5,54.947242
-2.083333,5,54.953885
-2.083333,5,54.963705
-2.416667,5,54.969559
-2.583333,5,54.978343
-2.361111,7,54.987252
-2.083333,5,54.995935
-2.083333,5,55.002341
-2.083333,5,55.011379
-2.083333,5,55.018904
-2.083333,5,55.027857
-2.083333,5,55.034338
-2.083333,5,55.043362
-2.083333,5,55.050724
-2.083333,5,55.059534
-2.638889,9,55.071745
-2.361111,7,55.085571
-2.083333,5,55.095562
-2.083333,5,55.10386
-2.583333,7,55.112705
-2.583333,7,55.126281
-2.083333,5,55.134075
-2.694444,7,55.14562
-2.083333,5,55.151993
-2.083333,5,55.160403
-2.083333,5,55.166846
-2.083333,5,55.175407
-2.361111,7,55.188171
-2.083333,5,55.196372
-2.083333,5,55.203251
-2.083333,5,55.213175
-2.083333,5,55.221841
-2.416667,5,55.229961
-2.083333,5,55.236045
-2.083333,5,55.245926
-2.083333,5,55.252661
-2.083333,5,55.262094
-2.083333,5,55.268888
-2.083333,5,55.278204
-2.083333,5,55.294473
-2.083333,5,55.305246
-2.083333,5,55.319937
-2.083333,5,55.332553
-2.083333,5,55.340739
-2.083333,5,55.350499
-2.444444,7,55.360953
-2.083333,5,55.371093
-2.083333,5,55.378173
-2.083333,5,55.38758
-2.083333,5,55.394069
-2.083333,5,55.405039
-2.083333,5,55.413505
-3.0,7,55.429875
-2.083333,5,55.437206
-2.083333,5,55.447122
-2.083333,5,55.454018
-2.083333,5,55.463305
-2.083333,5,55.469954
-2.083333,5,55.479817
-2.083333,5,55.486878
-2.083333,5,55.496059
-3.277778,11,55.511537
-2.083333,5,55.520122
-2.083333,5,55.526298
-2.083333,5,55.535515
-2.083333,5,55.541771
-2.083333,5,55.551472
-2.361111,7,55.55988
-3.583333,7,55.57115
-2.083333,5,55.57722
-2.083333,5,55.586062
-2.666667,7,55.596476
-2.583333,5,55.604961
-2.083333,5,55.611309
-2.083333,5,55.619861
-2.083333,5,55.629011
-2.083333,5,55.639027
-2.083333,5,55.646369
-3.583333,7,55.657331
-2.083333,5,55.664269
-2.083333,5,55.673954
-2.083333,5,55.680227
-2.083333,5,55.690602
-2.083333,5,55.697541
-2.083333,5,55.706903
-2.583333,5,55.728102
-2.083333,5,55.76632
-2.083333,5,55.79528
-2.083333,5,55.831475
-2.083333,5,55.854919
-2.083333,5,55.886987
-2.083333,5,55.912536
-2.083333,5,55.947509
-2.083333,5,55.974153
-2.083333,5,56.003232
-2.083333,5,56.029977
-2.583333,7,56.069274
-2.083333,5,56.089114
-3.277778,9,56.141798
-2.083333,5,56.166804
-2.666667,7,56.211076
-2.083333,5,56.235922
-2.083333,5,56.261136
-2.666667,7,56.274774
-2.083333,5,56.301631
-2.083333,5,56.313447
-2.083333,5,56.326925
-2.083333,5,56.336859
-2.083333,5,56.348404
-2.083333,5,56.359065
-2.083333,5,56.370843
-2.083333,5,56.378284
-2.083333,5,56.388303
-2.083333,5,56.396379
-2.083333,5,56.405764
-2.083333,5,56.412865
-2.083333,5,56.422234
-2.083333,5,56.429757
-2.083333,5,56.438119
-2.083333,5,56.444671
-2.361111,7,56.457758
-2.083333,5,56.464955
-2.083333,5,56.473547
-2.083333,5,56.480723
-2.083333,5,56.489848
-2.083333,5,56.496397
-2.083333,5,56.507096
-2.361111,7,56.51705
-2.083333,5,56.525228
-2.583333,5,56.532896
-2.083333,5,56.54175
-2.083333,5,56.549498
-2.083333,5,56.557939
-2.083333,5,56.564796
-2.083333,5,56.57316
-2.083333,5,56.580794
-2.083333,5,56.589761
-2.083333,5,56.596484
-2.083333,5,56.606505
-2.083333,5,56.613135
-2.083333,5,56.621807
-3.916667,9,56.633029
-2.583333,7,56.64342
-2.083333,5,56.650424
-2.083333,5,56.65906
-2.083333,5,56.667477
-2.083333,5,56.676527
-2.083333,5,56.683101
-2.083333,5,56.691403
-2.083333,5,56.697973
-2.083333,5,56.706509
-2.083333,5,56.713902
-2.083333,5,56.72285
-2.083333,5,56.729801
-2.361111,7,56.742214
-2.361111,7,56.753276
-2.361111,7,56.764864
-2.083333,5,56.771447
-2.083333,5,56.779888
-2.083333,5,56.788129
-2.083333,5,56.796653
-2.083333,5,56.80427
-2.083333,5,56.812704
-2.083333,5,56.819544
-2.083333,5,56.827184
-2.083333,5,56.833694
-3.583333,7,56.84425
-2.083333,5,56.85128
-2.083333,5,56.86036
-2.083333,5,56.868681
-2.083333,5,56.877516
-2.083333,5,56.88356
-2.083333,5,56.893075
-3.0,7,56.901685
-2.083333,5,56.911129
-2.083333,5,56.926931
-2.083333,5,56.937005
-2.777778,9,56.951256
-2.083333,5,56.960612
-2.083333,5,56.969156
-2.083333,5,56.979167
-2.583333,7,56.989528
-3.0,7,57.003102
-2.083333,5,57.009994
-2.083333,5,57.019782
-2.361111,7,57.029151
-2.083333,5,57.038362
-2.083333,5,57.045365
-2.916667,5,57.053527
-2.083333,5,57.060263
-2.083333,5,57.068628
-2.083333,5,57.077297
-3.0,7,57.092165
-2.083333,5,57.098855
-2.083333,5,57.109711
-2.083333,5,57.117816
-2.083333,5,57.128121
-2.083333,5,57.135161
-2.083333,5,57.145382
-2.083333,5,57.151909
-2.083333,5,57.161441
-2.083333,5,57.169009
-2.083333,5,57.178352
-2.083333,5,57.18591
-2.083333,5,57.194617
-2.083333,5,57.203537
-2.083333,5,57.212204
-2.777778,9,57.224775
-2.416667,5,57.23346
-2.083333,5,57.24008
-2.083333,5,57.251287
-2.083333,5,57.257797
-2.083333,5,57.268456
-2.361111,7,57.287323
-2.083333,5,57.297823
-2.083333,5,57.307458
-2.083333,5,57.318511
-2.083333,5,57.326983
-2.361111,7,57.339506
-2.361111,7,57.349898
-2.083333,5,57.359831
-2.083333,5,57.367218
-3.583333,7,57.37912
-2.083333,5,57.386851
-2.083333,5,57.395707
-2.083333,5,57.403474
-2.916667,7,57.414837
-2.083333,5,57.421572
-2.083333,5,57.430422
-2.083333,5,57.436813
-2.361111,7,57.44798
-2.083333,5,57.455254
-2.083333,5,57.464562
-2.083333,5,57.471456
-2.083333,5,57.482186
-2.083333,5,57.488853
-2.083333,5,57.498918
-2.083333,5,57.505817
-2.083333,5,57.514278
-2.083333,5,57.521178
-2.083333,5,57.529961
-2.083333,5,57.537169
-2.444444,7,57.550129
-2.083333,5,57.55815
-2.083333,5,57.566484
-2.694444,7,57.576704
-2.083333,5,57.585155
-2.083333,5,57.592548
-2.083333,5,57.601228
-2.083333,5,57.608658
-2.083333,5,57.619567
-2.083333,5,57.626924
-2.361111,7,57.639612
-2.083333,5,57.647217
-2.083333,5,57.657206
-2.083333,5,57.663636
-2.083333,5,57.672443
-2.083333,5,57.681976
-3.416667,7,57.693938
-2.083333,5,57.70063
-2.083333,5,57.708986
-2.083333,5,57.715403
-2.083333,5,57.724148
-2.083333,5,57.731108
-2.083333,5,57.739903
-2.083333,5,57.746496
-2.5,7,57.758004
-2.083333,5,57.764694
-2.083333,5,57.77641
-2.083333,5,57.783666
-2.083333,5,57.792556
-2.083333,5,57.799396
-3.583333,7,57.814899
-2.083333,5,57.822077
-2.083333,5,57.830495
-2.083333,5,57.837719
-2.083333,5,57.847117
-2.083333,5,57.8541
-2.083333,5,57.863058
-2.083333,5,57.870288
-2.083333,5,57.879482
-2.083333,5,57.886707
-2.083333,5,57.895284
-2.083333,5,57.901666
-3.972222,11,57.949178
-2.083333,5,57.976838
-2.083333,5,58.009643
-2.083333,5,58.036397
-2.083333,5,58.0764
-3.583333,7,58.115565
-2.416667,5,58.147198
-2.083333,5,58.177019
-2.083333,5,58.208898
-2.583333,5,58.230975
-2.083333,5,58.270889
-2.083333,5,58.301406
-2.583333,5,58.332697
-2.083333,5,58.360132
-2.083333,5,58.389911
-2.083333,5,58.413537
-2.416667,5,58.445093
-2.083333,5,58.463945
-2.416667,5,58.472621
-2.361111,7,58.484211
-2.083333,5,58.49548
-3.583333,7,58.506163
-2.083333,5,58.515353
-2.083333,5,58.523422
-2.083333,5,58.533362
-2.083333,5,58.541244
-2.083333,5,58.550608
-2.083333,5,58.558686
-2.083333,5,58.570418
-2.083333,5,58.580033
-2.083333,5,58.589465
-2.361111,7,58.599028
-2.083333,5,58.609763
-2.083333,5,58.617236
-2.583333,7,58.631329
-2.583333,5,58.637775
-2.583333,7,58.649571
-2.083333,5,58.655911
-2.083333,5,58.664548
-2.083333,5,58.674963
-2.083333,5,58.694189
-3.333333,7,58.710124
-2.083333,5,58.72096
-2.083333,5,58.729082
-2.083333,5,58.738662
-2.083333,5,58.747225
-2.5,7,58.761177
-2.666667,7,58.773101
-2.083333,5,58.782817
-2.083333,5,58.789681
-2.083333,5,58.798774
-2.083333,5,58.808012
-2.083333,5,58.816674
-2.083333,5,58.823542
-2.083333,5,58.832612
-2.083333,5,58.841661
-3.333333,9,58.856792
-2.083333,5,58.86422
-2.083333,5,58.873187
-2.083333,5,58.881283
-2.083333,5,58.889972
-2.083333,5,58.896267
-2.083333,5,58.904705
-2.083333,5,58.912146
-2.083333,5,58.920802
-2.444444,7,58.929749
-2.083333,5,58.938347
-2.083333,5,58.944488
-2.083333,5,58.953928
-2.083333,5,58.960541
-2.083333,5,58.969117
-2.583333,5,58.975691
-2.666667,7,58.987224
-2.083333,5,58.993814
-3.5,9,59.007433
-2.083333,5,59.013764
-2.083333,5,59.028455
-2.083333,5,59.036288
-2.083333,5,59.044423
-2.083333,5,59.050868
-2.083333,5,59.059117
-2.083333,5,59.066547
-2.361111,7,59.078414
-2.083333,5,59.085076
-2.666667,7,59.097309
-2.083333,5,59.105595
-2.083333,5,59.114849
-2.083333,5,59.121437
-2.083333,5,59.129396
-2.083333,5,59.135847
-2.083333,5,59.146338
-2.083333,5,59.154161
-2.083333,5,59.162521
-2.083333,5,59.169436
-2.083333,5,59.18143
-2.361111,7,59.193119
-2.583333,5,59.203947
-3.333333,7,59.214254
-2.083333,5,59.22558
-2.083333,5,59.232427
-2.694444,7,59.243958
-2.083333,5,59.271195
-2.083333,5,59.282629
-2.083333,5,59.291001
-2.083333,5,59.302312
-2.083333,5,59.311323
-2.083333,5,59.322212
-2.083333,5,59.329673
-2.083333,5,59.338906
-2.083333,5,59.3459
-2.083333,5,59.355568
-2.083333,5,59.362612
-2.083333,5,59.371051
-2.083333,5,59.379232
-2.083333,5,59.387991
-2.083333,5,59.395326
-2.083333,5,59.404415
-2.083333,5,59.410959
-2.361111,7,59.423095
-2.083333,5,59.430064
-2.083333,5,59.439928
-2.083333,5,59.447229
-2.083333,5,59.456426
-2.083333,5,59.463238
-2.5,7,59.476688
-2.083333,5,59.483422
-2.083333,5,59.494068
-2.083333,5,59.500491
-2.361111,7,59.511195
-2.083333,5,59.518755
-2.083333,5,59.527733
-2.083333,5,59.535483
-2.083333,5,59.543693
-2.083333,5,59.550921
-2.083333,5,59.559123
-2.083333,5,59.565472
-2.083333,5,59.573583
-2.083333,5,59.580185
-2.083333,5,59.58903
-2.083333,5,59.595459
-2.361111,7,59.606854
-2.083333,5,59.613346
-3.333333,7,59.623831
-2.083333,5,59.631067
-2.083333,5,59.642466
-2.083333,5,59.648963
-2.083333,5,59.657437
-2.083333,5,59.664347
-2.083333,5,59.672999
-2.083333,5,59.679242
-2.083333,5,59.688559
-2.083333,5,59.69512
-2.5,7,59.706927
-2.083333,5,59.713206
-2.361111,7,59.72481
-2.361111,7,59.733852
-2.583333,7,59.744094
-2.083333,5,59.750584
-2.361111,7,59.762284
-2.083333,5,59.768598
-2.083333,5,59.778587
-2.583333,5,59.785866
-2.583333,5,59.79527
-2.083333,5,59.803857
-2.083333,5,59.813767
-2.083333,5,59.820894
-2.083333,5,59.831441
-2.083333,5,59.839541
-2.083333,5,59.849472
-2.083333,5,59.856855
-2.666667,7,59.869018
-2.583333,5,59.877197
-2.583333,5,59.887476
-2.083333,5,59.894267
-2.083333,5,59.906821
-2.083333,5,59.916181
-2.694444,7,59.927716
-2.083333,5,59.93425
-2.083333,5,59.943409
-2.083333,5,59.952992
-2.083333,5,59.962556
-2.083333,5,59.969763
-2.083333,5,59.97892
-2.083333,5,59.988597
-2.083333,5,60.000362
-2.083333,5,60.00837
-4.083333,11,60.027851
-2.083333,5,60.035049
-2.083333,5,60.044778
-2.583333,7,60.054179
-2.083333,5,60.063928
-2.083333,5,60.072368
-2.444444,7,60.084743
-2.083333,5,60.091785
-2.083333,5,60.101102
-4.361111,9,60.138565
-2.777778,7,60.190741
-2.666667,7,60.224974
-2.666667,7,60.27975
-2.083333,5,60.313374
-2.083333,5,60.344021
-2.583333,5,60.364432
-2.083333,5,60.397461
-2.083333,5,60.42387
-2.083333,5,60.457379
-2.083333,5,60.483212
-2.083333,5,60.515123
-2.583333,5,60.540495
-2.083333,5,60.570826
-2.083333,5,60.593714
-2.083333,5,60.624974
-2.083333,5,60.647568
-2.083333,5,60.667869
-3.0,7,60.68021
-2.083333,5,60.689532
-2.083333,5,60.698195
-2.083333,5,60.70765
-2.083333,5,60.715614
-2.083333,5,60.725587
-2.083333,5,60.732507
-2.083333,5,60.741697
-2.083333,5,60.748911
-2.083333,5,60.758722
-2.083333,5,60.767754
-2.083333,5,60.777498
-2.083333,5,60.783942
-2.083333,5,60.795348
-2.083333,5,60.804054
-2.083333,5,60.813595
-4.083333,7,60.825728
-2.083333,5,60.836133
-2.083333,5,60.843783
-2.083333,5,60.852992
-2.083333,5,60.860021
-2.083333,5,60.868931
-2.083333,5,60.875679
-2.583333,7,60.888701
-2.083333,5,60.896496
-2.666667,7,60.908744
-2.083333,5,60.916726
-2.083333,5,60.925289
-2.083333,5,60.931857
-2.083333,5,60.940276
-2.083333,5,60.947294
-2.666667,7,60.960071
-2.083333,5,60.966607
-2.083333,5,60.975208
-2.083333,5,60.981996
-2.083333,5,60.990386
-2.083333,5,60.996985
-2.083333,5,61.005365
-2.083333,5,61.011927
-2.083333,5,61.020761
-2.083333,5,61.027457
-2.083333,5,61.037022
-2.083333,5,61.043722
-2.083333,5,61.054466
-2.083333,5,61.061361
-2.083333,5,61.070301
-2.583333,5,61.078022
-2.583333,5,61.085958
-2.083333,5,61.094584
-2.083333,5,61.103851
-2.083333,5,61.116648
-2.444444,7,61.12824
-3.138889,9,61.141694
-2.083333,5,61.151069
-3.583333,7,61.160493
-2.083333,5,61.169131
-2.083333,5,61.175745
-2.361111,7,61.187986
-2.083333,5,61.196146
-2.083333,5,61.20499
-2.083333,5,61.213169
-2.083333,5,61.225958
-2.361111,7,61.245083
-2.083333,5,61.255209
-2.083333,5,61.276227
-3.583333,7,61.291082
-2.083333,5,61.299886
-2.083333,5,61.309117
-2.083333,5,61.317348
-2.083333,5,61.326576
-2.083333,5,61.334666
-2.083333,5,61.344974
-2.083333,5,61.352327
-2.083333,5,61.36182
-2.083333,5,61.36961
-2.083333,5,61.379423
-2.083333,5,61.386371
-3.916667,7,61.398217
-2.083333,5,61.406295
-2.083333,5,61.416112
-2.666667,7,61.424999
-2.083333,5,61.434109
-2.083333,5,61.441078
-2.083333,5,61.44944
-2.583333,5,61.455851
-2.083333,5,61.464565
-2.083333,5,61.471316
-2.083333,5,61.48092
-2.083333,5,61.488256
-2.083333,5,61.497761
-2.083333,5,61.505203
-2.083333,5,61.514214
-2.083333,5,61.521091
-2.083333,5,61.529991
-2.583333,5,61.536871
-2.083333,5,61.544881
-2.083333,5,61.553103
-3.333333,7,61.564178
-2.583333,5,61.57126
-2.083333,5,61.580487
-2.583333,5,61.588269
-2.083333,5,61.599231
-2.083333,5,61.607671
-2.083333,5,61.616728
-2.083333,5,61.623798
-2.083333,5,61.634387
-2.083333,5,61.641093
-2.083333,5,61.652707
-2.5,7,61.664275
-2.083333,5,61.67356
-2.083333,5,61.680614
-2.083333,5,61.690623
-2.083333,5,61.698955
-2.083333,5,61.709352
-2.083333,5,61.717546
-2.083333,5,61.727967
-2.083333,5,61.735849
-2.083333,5,61.746412
-3.333333,7,61.757579
-3.0,7,61.769867
-2.083333,5,61.778893
-2.083333,5,61.789762
-2.083333,5,61.799269
-2.083333,5,61.809136
-2.083333,5,61.815778
-2.083333,5,61.825035
-3.0,7,61.836108
-2.083333,5,61.846349
-2.083333,5,61.854934
-2.083333,5,61.865538
-2.083333,5,61.872607
-2.083333,5,61.882392
-2.083333,5,61.88936
-2.583333,5,61.898162
-2.083333,5,61.904934
-4.083333,7,61.91761
-2.083333,5,61.925169
-2.083333,5,61.934259
-2.083333,5,61.941736
-2.416667,5,61.952741
-2.083333,5,61.96016
-2.083333,5,61.968657
-2.083333,5,61.97554
-2.083333,5,61.986634
-2.083333,5,61.992808
-2.083333,5,62.003448
-2.083333,5,62.010149
-2.083333,5,62.020267
-2.583333,7,62.029997
-2.083333,5,62.040083
-2.083333,5,62.046581
-2.083333,5,62.054994
-2.083333,5,62.061459
-2.666667,7,62.073128
-2.083333,5,62.079722
-4.25,9,62.094971
-2.083333,5,62.103855
-2.083333,5,62.113487
-2.083333,5,62.120376
-2.083333,5,62.130528
-2.083333,5,62.136866
-2.083333,5,62.146005
-2.083333,5,62.153916
-2.083333,5,62.162421
-2.083333,5,62.170531
-2.083333,5,62.180002
-2.083333,5,62.186971
-2.083333,5,62.196821
-4.083333,7,62.207499
-2.083333,5,62.217373
-3.0,9,62.230365
-2.083333,5,62.239486
-2.083333,5,62.247676
-2.083333,5,62.266426
-2.416667,5,62.273752
-2.083333,5,62.284206
-2.083333,5,62.291456
-2.083333,5,62.30155
-2.083333,5,62.309045
-2.083333,5,62.318925
-2.777778,9,62.338082
-2.083333,5,62.376819
-2.083333,5,62.406753
-3.583333,7,62.459844
-2.083333,5,62.486916
-2.083333,5,62.51751
-2.083333,5,62.544785
-2.083333,5,62.574161
-2.083333,5,62.597871
-2.083333,5,62.631791
-2.083333,5,62.658046
-2.083333,5,62.69104
-2.083333,5,62.718411
-2.083333,5,62.752685
-2.083333,5,62.778839
-2.083333,5,62.81294
-2.083333,5,62.833966
-2.083333,5,62.868116
-2.083333,5,62.891777
-2.083333,5,62.903001
-2.083333,5,62.910196
-2.083333,5,62.919398
-2.083333,5,62.92752
-2.083333,5,62.93636
-2.083333,5,62.94449
-2.083333,5,62.953827
-2.083333,5,62.961425
-2.083333,5,62.971774
-2.083333,5,62.984104
-2.916667,7,62.999629
-2.083333,5,63.008209
-2.083333,5,63.018313
-2.666667,7,63.030148
-2.583333,5,63.039978
-2.083333,5,63.047437
-2.416667,5,63.058701
-2.083333,5,63.066146
-2.083333,5,63.07638
-2.083333,5,63.083919
-2.083333,5,63.093246
-2.083333,5,63.101276
-2.083333,5,63.111433
-3.583333,7,63.122036
-2.083333,5,63.130672
-2.916667,7,63.140274
-2.083333,5,63.151314
-2.083333,5,63.159044
-2.083333,5,63.168219
-2.083333,5,63.17517
-2.083333,5,63.184949
-2.083333,5,63.192359
-2.083333,5,63.201845
-4.083333,7,63.211273
-2.083333,5,63.221715
-2.083333,5,63.229776
-2.583333,5,63.24327
-2.083333,5,63.251712
-2.083333,5,63.264727
-2.416667,5,63.285714
-2.083333,5,63.29609
-2.083333,5,63.303843
-3.0,7,63.317308
-2.083333,5,63.325086
-2.083333,5,63.33511
-2.083333,5,63.343098
-3.333333,7,63.357348
-2.083333,5,63.3642
-2.083333,5,63.375076
-2.083333,5,63.383303
-2.083333,5,63.393708
-2.083333,5,63.400357
-2.083333,5,63.40745
-2.083333,5,63.414444
-2.083333,5,63.422529
-2.083333,5,63.429932
-2.083333,5,63.438747
-3.416667,7,63.447949
-2.083333,5,63.456183
-2.083333,5,63.463937
-2.083333,5,63.472228
-2.083333,5,63.480393
-2.083333,5,63.489581
-2.5,7,63.498838
-2.083333,5,63.508009
-2.083333,5,63.514775
-2.083333,5,63.524937
-2.083333,5,63.532119
-2.083333,5,63.540395
-2.083333,5,63.54743
-2.083333,5,63.555485
-2.083333,5,63.562521
-2.083333,5,63.573082
-2.083333,5,63.58071
-2.083333,5,63.589789
-2.083333,5,63.599355
-2.083333,5,63.608176
-2.083333,5,63.615423
-2.083333,5,63.626788
-2.083333,5,63.633954
-3.583333,7,63.646719
-2.083333,5,63.653755
-2.083333,5,63.665098
-2.083333,5,63.673995
-2.083333,5,63.683198
-2.583333,5,63.690843
-2.083333,5,63.701249
-2.083333,5,63.709913
-2.083333,5,63.720212
-2.083333,5,63.727684
-2.083333,5,63.737278
-2.083333,5,63.746009
-2.083333,5,63.75491
-2.083333,5,63.762835
-2.083333,5,63.772935
-2.083333,5,63.780358
-2.083333,5,63.789963
-2.083333,5,63.79742
-2.583333,5,63.805929
-2.083333,5,63.812956
-2.083333,5,63.821921
-2.083333,5,63.829053
-2.083333,5,63.837355
-2.083333,5,63.844025
-2.083333,5,63.853111
-2.083333,5,63.859714
-2.083333,5,63.868671
-2.083333,5,63.875606
-2.083333,5,63.88394
-2.5,7,63.893227
-2.083333,5,63.901376
-2.083333,5,63.90821
-2.083333,5,63.917007
-2.083333,5,63.923145
-2.083333,5,63.932145
-2.083333,5,63.939357
-2.083333,5,63.949607
-2.083333,5,63.956431
-2.083333,5,63.965233
-2.083333,5,63.973884
-2.083333,5,63.983047
-2.083333,5,63.990034
-2.083333,5,63.999414
-2.083333,5,64.006786
-2.083333,5,64.015995
-2.083333,5,64.023057
-2.083333,5,64.032869
-2.416667,5,64.040093
-2.083333,5,64.049847
-2.083333,5,64.057097
-2.083333,5,64.066119
-2.083333,5,64.073951
-2.083333,5,64.083766
-2.083333,5,64.090916
-2.083333,5,64.099879
-2.5,7,64.109118
-2.083333,5,64.117559
-2.083333,5,64.124211
-2.083333,5,64.133939
-2.083333,5,64.140483
-2.083333,5,64.148507
-2.083333,5,64.155028
-2.083333,5,64.163984
-2.083333,5,64.171066
-2.083333,5,64.179998
-2.083333,5,64.186907
-2.083333,5,64.195202
-2.083333,5,64.202388
-2.083333,5,64.224306
-3.583333,7,64.238704
-2.083333,5,64.253231
-2.083333,5,64.262457
-2.083333,5,64.276474
-2.083333,5,64.286782
-2.583333,5,64.295492
-2.083333,5,64.302748
-2.083333,5,64.312865
-2.083333,5,64.32171
-2.083333,5,64.331723
-2.083333,5,64.33934
-2.083333,5,64.348535
-2.083333,5,64.35585
-2.083333,5,64.364979
-3.416667,7,64.374885
-2.083333,5,64.383858
-2.083333,5,64.390916
-2.083333,5,64.400407
-2.583333,5,64.406884
-2.666667,7,64.419182
-3.583333,7,64.428336
-2.083333,5,64.437386
-2.083333,5,64.444007
-2.083333,5,64.452519
-2.083333,5,64.45895
-2.083333,5,64.468113
-2.083333,5,64.475174
-2.083333,5,64.483838
-2.083333,5,64.490617
-2.083333,5,64.499454
-2.083333,5,64.506129
-2.083333,5,64.515002
-2.083333,5,64.521751
-2.583333,5,64.530536
-2.083333,5,64.537593
-2.083333,5,64.545883
-2.083333,5,64.55285
-2.083333,5,64.570454
-2.083333,5,64.595896
-2.083333,5,64.637106
-2.083333,5,64.671622
-2.083333,5,64.703595
-2.083333,5,64.72859
-2.083333,5,64.764786
-2.083333,5,64.789704
-2.083333,5,64.820426
-2.083333,5,64.840456
-2.083333,5,64.871485
-3.0,7,64.908025
-2.083333,5,64.941615
-2.083333,5,64.967099
-2.083333,5,64.997524
-2.083333,5,65.022706
-2.083333,5,65.057371
-2.083333,5,65.082675
-2.083333,5,65.111761
-2.083333,5,65.12253
-2.083333,5,65.131786
-2.083333,5,65.138684
-2.083333,5,65.147632
-2.583333,5,65.154626
-2.083333,5,65.163336
-2.083333,5,65.170058
-2.083333,5,65.178455
-2.083333,5,65.184777
-2.083333,5,65.19365
-2.083333,5,65.200603
-2.083333,5,65.211124
-2.083333,5,65.217716
-2.083333,5,65.227678
-2.083333,5,65.234688
-2.083333,5,65.244056
-2.083333,5,65.251523
-2.083333,5,65.259878
-2.416667,5,65.266562
-2.083333,5,65.275005
-2.083333,5,65.28239
-2.083333,5,65.29168
-2.083333,5,65.297783
-2.083333,5,65.306021
-2.083333,5,65.312553
-2.083333,5,65.321145
-2.083333,5,65.328524
-2.666667,7,65.339551
-2.694444,7,65.353894
-2.083333,5,65.363377
-2.083333,5,65.371589
-2.083333,5,65.381559
-2.083333,5,65.389106
-2.083333,5,65.399882
-2.083333,5,65.407622
-2.083333,5,65.416601
-2.583333,5,65.42444
-3.583333,7,65.43758
-2.083333,5,65.445692
-2.083333,5,65.454701
-2.083333,5,65.461815
-2.083333,5,65.471454
-2.083333,5,65.478857
-2.083333,5,65.488916
-2.083333,5,65.496973
-2.416667,5,65.505437
-2.416667,5,65.512781
-2.083333,5,65.52451
-2.083333,5,65.532688
-2.083333,5,65.543514
-2.083333,5,65.552597
-2.083333,5,65.563377
-2.083333,5,65.574898
-2.083333,5,65.58419
-2.083333,5,65.591463
-3.333333,7,65.603641
-2.083333,5,65.611196
-2.083333,5,65.62028
-2.916667,7,65.630041
-2.083333,5,65.639033
-2.083333,5,65.645801
-2.083333,5,65.654998
-2.083333,5,65.662183
-2.083333,5,65.671926
-2.083333,5,65.679072
-2.083333,5,65.689302
-2.083333,5,65.696498
-2.083333,5,65.706416
-2.5,7,65.715685
-2.083333,5,65.726396
-2.083333,5,65.732863
-2.083333,5,65.741667
-2.083333,5,65.748176
-2.083333,5,65.757191
-2.083333,5,65.76342
-2.083333,5,65.772685
-2.083333,5,65.779531
-2.083333,5,65.79091
-2.083333,5,65.799496
-2.083333,5,65.809983
-2.083333,5,65.817763
-2.583333,7,65.83081
-2.083333,5,65.837746
-2.083333,5,65.847099
-2.083333,5,65.856618
-2.083333,5,65.869632
-2.416667,5,65.878223
-2.083333,5,65.888763
-2.5,7,65.901468
-2.583333,5,65.912482
-2.083333,5,65.921346
-2.083333,5,65.931663
-2.083333,5,65.939782
-2.083333,5,65.950175
-2.083333,5,65.958315
-2.083333,5,65.968039
-2.083333,5,65.977328
-2.083333,5,65.986754
-2.916667,7,65.999156
-2.416667,5,66.007822
-2.083333,5,66.014918
-2.083333,5,66.025575
-2.083333,5,66.031988
-2.083333,5,66.042047
-2.083333,5,66.04864
-2.416667,5,66.057308
-2.083333,5,66.066109
-2.083333,5,66.075156
-2.083333,5,66.082785
-2.083333,5,66.091395
-2.083333,5,66.099102
-2.083333,5,66.108681
-2.083333,5,66.114957
-2.083333,5,66.123324
-2.083333,5,66.13145
-2.083333,5,66.140671
-2.083333,5,66.147587
-2.916667,7,66.160526
-2.083333,5,66.168578
-2.083333,5,66.179237
-3.416667,7,66.189774
-2.083333,5,66.200309
-2.083333,5,66.207902
-2.083333,5,66.219753
-2.083333,5,66.227347
-2.083333,5,66.236668
-2.083333,5,66.243846
-2.083333,5,66.253577
-2.083333,5,66.261255
-4.083333,7,66.27384
-2.083333,5,66.282183
-2.083333,5,66.292213
-2.083333,5,66.300506
-2.083333,5,66.313272
-2.083333,5,66.320796
-2.083333,5,66.330025
-2.083333,5,66.341233
-2.083333,5,66.350156
-2.083333,5,66.357012
-2.083333,5,66.367403
-2.083333,5,66.374744
-2.083333,5,66.385084
-2.083333,5,66.392934
-2.083333,5,66.404981
-2.083333,5,66.412013
-2.083333,5,66.421378
-2.083333,5,66.427844
-2.083333,5,66.436964
-2.083333,5,66.445629
-2.083333,5,66.454452
-2.083333,5,66.46154
-2.083333,5,66.470555
-2.083333,5,66.47966
-2.083333,5,66.488485
-2.083333,5,66.495624
-2.083333,5,66.505926
-2.083333,5,66.512957
-2.083333,5,66.52216
-2.583333,5,66.531076
-2.083333,5,66.539915
-2.083333,5,66.546308
-2.083333,5,66.554553
-2.083333,5,66.562494
-2.083333,5,66.570203
-2.083333,5,66.57622
-2.083333,5,66.584509
-2.083333,5,66.592072
-2.083333,5,66.601534
-3.0,7,66.611203
-2.083333,5,66.620791
-2.083333,5,66.627429
-2.083333,5,66.637488
-2.083333,5,66.644409
-2.083333,5,66.653495
-2.416667,5,66.660214
-2.083333,5,66.668755
-2.083333,5,66.676119
-2.083333,5,66.684274
-2.083333,5,66.691809
-2.083333,5,66.700568
-2.083333,5,66.70863
-2.083333,5,66.720201
-2.083333,5,66.728392
-2.083333,5,66.739288
-2.083333,5,66.747417
-2.083333,5,66.758386
-2.083333,5,66.766716
-2.583333,5,66.77623
-2.083333,5,66.786029
-2.083333,5,66.824995
-2.083333,5,66.8536
-2.083333,5,66.893892
-2.583333,7,66.934238
-4.083333,7,66.981604
-2.083333,5,67.010009
-2.083333,5,67.046686
-2.083333,5,67.072304
-2.083333,5,67.105866
-2.083333,5,67.130114
-2.361111,7,67.179307
-2.083333,5,67.218227
-2.083333,5,67.25117
-4.75,9,67.300977
-2.083333,5,67.327627
-2.083333,5,67.357361
-2.083333,5,67.391718
-2.083333,5,67.416337
-2.083333,5,67.452679
-2.083333,5,67.477318
-2.083333,5,67.508741
-2.083333,5,67.531161
-2.083333,5,67.540906
-2.083333,5,67.547575
-2.083333,5,67.556848
-2.083333,5,67.563532
-2.5,7,67.574767
-2.083333,5,67.58106
-2.083333,5,67.58949
-2.083333,5,67.596562
-2.083333,5,67.60496
-2.083333,5,67.614557
-2.083333,5,67.629253
-2.083333,5,67.636758
-2.083333,5,67.64711
-2.083333,5,67.654695
-2.083333,5,67.664814
-2.083333,5,67.673784
-2.083333,5,67.683412
-2.083333,5,67.692535
-2.083333,5,67.704142
-2.083333,5,67.710876
-2.083333,5,67.720872
-2.083333,5,67.728598
-2.083333,5,67.740795
-2.083333,5,67.748621
-3.0,7,67.761261
-2.083333,5,67.768744
-2.083333,5,67.778688
-2.083333,5,67.785876
-2.083333,5,67.795159
-2.083333,5,67.802077
-2.083333,5,67.811091
-2.083333,5,67.817933
-3.583333,7,67.830638
-2.583333,5,67.837228
-2.083333,5,67.847924
-2.083333,5,67.855212
-2.083333,5,67.865848
-2.083333,5,67.873364
-2.083333,5,67.883059
-2.083333,5,67.890577
-2.083333,5,67.899593
-2.083333,5,67.908268
-2.083333,5,67.919589
-2.083333,5,67.927781
-2.083333,5,67.939658
-2.083333,5,67.946799
-2.083333,5,67.956439
-2.083333,5,67.964537
-2.083333,5,67.975959
-2.083333,5,67.982586
-2.361111,7,67.994969
-2.083333,5,68.00252
-2.083333,5,68.01128
-2.083333,5,68.019367
-2.083333,5,68.029556
-2.083333,5,68.038177
-2.083333,5,68.04767
-2.083333,5,68.05459
-2.083333,5,68.063793
-2.083333,5,68.072512
-2.083333,5,68.081231
-2.083333,5,68.088155
-2.083333,5,68.098011
-2.083333,5,68.106296
-2.083333,5,68.115695
-2.083333,5,68.122802
-2.083333,5,68.132411
-2.083333,5,68.139122
-2.083333,5,68.149634
-2.083333,5,68.158588
-2.083333,5,68.169475
-2.083333,5,68.177451
-3.416667,7,68.197763
-3.75,7,68.209439
-2.361111,7,68.229626
-2.083333,5,68.239004
-2.083333,5,68.249761
-2.083333,5,68.258003
-2.5,7,68.27054
-2.083333,5,68.277818
-2.083333,5,68.287489
-2.083333,5,68.295257
-2.666667,7,68.309557
-2.083333,5,68.317761
-2.083333,5,68.326963
-2.083333,5,68.334672
-2.083333,5,68.344882
-2.083333,5,68.351932
-2.083333,5,68.362796
-2.083333,5,68.369505
-2.083333,5,68.379973
-2.083333,5,68.38668
-2.083333,5,68.396284
-2.083333,5,68.402709
-2.083333,5,68.411788
-3.083333,9,68.423366
-2.583333,5,68.431823
-2.083333,5,68.439019
-2.083333,5,68.448768
-2.083333,5,68.45584
-2.083333,5,68.465364
-2.083333,5,68.472328
-2.083333,5,68.481114
-2.083333,5,68.48793
-3.0,7,68.49911
-2.5,7,68.509014
-3.416667,7,68.520242
-2.083333,5,68.527777
-3.0,7,68.543073
-2.083333,5,68.552437
-2.083333,5,68.562179
-2.083333,5,68.570698
-2.083333,5,68.581689
-2.083333,5,68.590472
-2.083333,5,68.601152
-2.083333,5,68.609145
-3.583333,7,68.621981
-2.083333,5,68.632763
-3.583333,7,68.64525
-2.083333,5,68.652604
-2.083333,5,68.664848
-2.083333,5,68.672268
-2.083333,5,68.680912
-2.5,7,68.691076
-2.083333,5,68.701455
-2.083333,5,68.708336
-2.666667,7,68.723633
-2.083333,5,68.731119
-2.583333,7,68.74417
-2.083333,5,68.751221
-2.083333,5,68.762844
-2.083333,5,68.770044
-2.083333,5,68.780711
-2.916667,7,68.790692
-2.083333,5,68.799974
-2.083333,5,68.810178
-2.083333,5,68.821121
-2.083333,5,68.828632
-2.083333,5,68.838305
-2.083333,5,68.845652
-2.083333,5,68.855613
-2.083333,5,68.863048
-2.083333,5,68.872609
-2.5,7,68.881796
-2.083333,5,68.89033
-2.083333,5,68.897769
-2.083333,5,68.906345
-2.083333,5,68.912755
-2.083333,5,68.921201
-2.083333,5,68.928782
-2.083333,5,68.9371
-2.083333,5,68.944871
-2.083333,5,68.953992
-2.083333,5,68.960831
-2.083333,5,68.969393
-2.083333,5,68.976355
-2.083333,5,68.986069
-2.083333,5,68.993719
-2.083333,5,69.002286
-2.083333,5,69.011885
-2.083333,5,69.020644
-2.083333,5,69.027812
-2.083333,5,69.037648
-2.083333,5,69.044835
-2.083333,5,69.054256
-2.083333,5,69.06155
-3.583333,7,69.07374
-2.083333,5,69.080309
-2.083333,5,69.089197
-2.5,7,69.099021
-2.083333,5,69.108217
-2.083333,5,69.1152
-2.083333,5,69.124731
-2.083333,5,69.133172
-2.083333,5,69.141711
-2.083333,5,69.148968
-2.083333,5,69.159804
-2.083333,5,69.166909
-2.083333,5,69.177448
-2.083333,5,69.184844
-2.083333,5,69.196299
-2.083333,5,69.223648
-2.083333,5,69.257914
-2.083333,5,69.282184
-2.083333,5,69.31827
-2.083333,5,69.347005
-2.916667,9,69.403643
-2.083333,5,69.430218
-2.083333,5,69.463256
-2.083333,5,69.489995
-2.083333,5,69.523289
-2.083333,5,69.548548
-2.083333,5,69.580188
-2.083333,5,69.601861
-2.083333,5,69.631206
-2.083333,5,69.653559
-2.083333,5,69.690178
-2.083333,5,69.719431
-2.083333,5,69.777771
-2.083333,5,69.803688
-2.083333,5,69.85517
-2.083333,5,69.881703
-2.083333,5,69.917402
-2.083333,5,69.939782
-2.083333,5,69.958838
-2.083333,5,69.966131
-2.083333,5,69.975032
-2.083333,5,69.984592
-2.083333,5,69.995124
-2.083333,5,70.002325
-2.083333,5,70.012073
-2.083333,5,70.020572
-2.083333,5,70.029866
-2.083333,5,70.036626
-2.083333,5,70.045915
-2.083333,5,70.05368
-2.083333,5,70.062469
-2.083333,5,70.069037
-2.083333,5,70.078009
-2.083333,5,70.085162
-2.083333,5,70.093641
-2.083333,5,70.102034
-2.083333,5,70.111931
-2.083333,5,70.118636
-2.083333,5,70.126898
-2.083333,5,70.133162
-3.416667,7,70.145133
-2.083333,5,70.153363
-2.083333,5,70.163557
-2.083333,5,70.19208
-2.083333,5,70.213527
-2.083333,5,72.532845
-2.083333,5,72.547971
-2.083333,5,72.554696
-2.083333,5,72.56647
-2.083333,5,72.574339
-2.083333,5,72.58333
-2.083333,5,72.590351
-2.083333,5,72.59973
-2.083333,5,72.606622
-2.083333,5,72.61592
-2.083333,5,72.623623
-2.083333,5,72.63217
-2.083333,5,72.638878
-2.083333,5,72.648532
-2.083333,5,72.655808
-3.583333,7,72.667082
-2.083333,5,72.673559
-2.083333,5,72.682185
-2.083333,5,72.690086
-2.083333,5,72.698836
-2.083333,5,72.705615
-2.083333,5,72.714123
-2.916667,5,72.720817
-2.083333,5,72.730157
-2.083333,5,72.73878
-2.083333,5,72.747452
-2.083333,5,72.753956
-2.583333,5,72.762636
-2.083333,5,72.769114
-2.083333,5,72.77781
-2.083333,5,72.784981
-2.083333,5,72.796011
-2.083333,5,72.805436
-2.083333,5,72.815584
-2.416667,5,72.823328
-2.083333,5,72.838337
-2.083333,5,72.846005
-2.083333,5,72.856249
-2.083333,5,72.863965
-2.083333,5,72.874963
-2.083333,5,72.883121
-2.083333,5,72.893376
-2.083333,5,72.901472
-2.416667,5,72.913266
-2.083333,5,72.922668
-2.083333,5,72.931975
-2.083333,5,72.939751
-2.083333,5,72.949373
-2.083333,5,72.958387
-2.083333,5,72.967885
-2.583333,7,72.979102
-2.083333,5,72.988657
-2.083333,5,72.996601
-2.083333,5,73.006622
-2.083333,5,73.014258
-2.083333,5,73.023316
-2.083333,5,73.031357
-2.083333,5,73.040993
-2.083333,5,73.047923
-4.0,9,73.063746
-2.083333,5,73.072032
-2.083333,5,73.081504
-2.083333,5,73.089544
-2.083333,5,73.099395
-2.083333,5,73.10821
-2.083333,5,73.11865
-2.416667,5,73.12691
-2.083333,5,73.136553
-2.583333,5,73.143826
-2.083333,5,73.154391
-2.083333,5,73.162181
-3.416667,7,73.174424
-2.083333,5,73.182286
-2.083333,5,73.193953
-2.083333,5,73.201432
-2.083333,5,73.211755
-2.083333,5,73.219634
-2.083333,5,73.230639
-2.083333,5,73.237645
-2.083333,5,73.247072
-2.083333,5,73.254968
-2.083333,5,73.264627
-2.083333,5,73.272115
-2.083333,5,73.280776
-2.083333,5,73.287742
-2.083333,5,73.298336
-2.083333,5,73.305347
-2.083333,5,73.314118
-2.083333,5,73.321024
-2.083333,5,73.329401
-2.083333,5,73.335603
-2.083333,5,73.345162
-2.083333,5,73.353153
-2.083333,5,73.363052
-2.083333,5,73.370266
-2.083333,5,73.379415
-2.083333,5,73.390018
-2.083333,5,73.400268
-2.416667,5,73.407815
-2.583333,5,73.417607
-2.916667,7,73.428376
-2.083333,5,73.43828
-2.083333,5,73.446742
-2.083333,5,73.457226
-2.083333,5,73.465333
-2.083333,5,73.485734
-2.083333,5,73.496822
-2.083333,5,73.513027
-2.083333,5,73.52442
-2.083333,5,73.539223
-2.083333,5,73.548839
-2.083333,5,73.562656
-2.083333,5,73.571798
-2.083333,5,73.585687
-2.361111,7,73.598356
-2.083333,5,73.610153
-2.083333,5,73.620658
-2.083333,5,73.630957
-2.083333,5,73.639436
-2.083333,5,73.649642
-3.333333,7,73.66025
-2.083333,5,73.670386
-2.083333,5,73.677732
-2.083333,5,73.690116
-2.083333,5,73.698
-2.083333,5,73.707453
-2.083333,5,73.715091
-3.833333,7,73.728572
-2.083333,5,73.736345
-2.083333,5,73.745326
-2.083333,5,73.75337
-2.083333,5,73.763921
-2.083333,5,73.772478
-2.083333,5,73.784947
-2.083333,5,73.792608
-2.083333,5,73.804301
-2.083333,5,73.812942
-2.083333,5,73.826233
-2.083333,5,73.835488
-2.083333,5,73.846027
-2.083333,5,73.855947
-2.083333,5,73.866207
-2.5,7,73.87712
-2.083333,5,73.887892
-2.083333,5,73.896343
-2.083333,5,73.908698
-2.083333,5,73.915573
-2.083333,5,73.92526
-2.083333,5,73.933952
-2.083333,5,73.954241
-2.083333,5,73.98468
-3.0,7,74.03019
-2.083333,5,74.059641
-2.583333,7,74.109766
-2.083333,5,74.137911
-3.416667,7,74.180143
-2.083333,5,74.206053
-3.416667,7,74.24784
-2.083333,5,74.271966
-2.083333,5,74.30491
-2.083333,5,74.332752
-2.083333,5,74.363578
-2.083333,5,74.386386
-2.083333,5,74.42804
-2.083333,5,74.451128
-2.083333,5,74.487389
-2.583333,5,74.512738
-2.083333,5,74.530055
-2.083333,5,74.538773
-2.083333,5,74.553848
-2.083333,5,74.561194
-2.083333,5,74.57184
-2.083333,5,74.578895
-2.083333,5,74.588904
-2.083333,5,74.597728
-2.083333,5,74.609236
-2.083333,5,74.61592
-2.083333,5,74.625557
-2.083333,5,74.632545
-2.083333,5,74.640932
-2.083333,5,74.647471
-2.083333,5,74.656541
-2.083333,5,74.663029
-3.333333,7,74.677207
-2.083333,5,74.684344
-2.083333,5,74.693234
-2.083333,5,74.700408
-2.083333,5,74.70938
-2.083333,5,74.716198
-2.694444,7,74.727371
-2.583333,5,74.733648
-2.083333,5,74.742704
-2.083333,5,74.750329
-2.083333,5,74.759137
-2.083333,5,74.766034
-2.083333,5,74.774385
-2.083333,5,74.781375
-2.361111,7,74.796788
-4.083333,7,74.806498
-2.083333,5,74.81586
-2.083333,5,74.824753
-2.083333,5,74.833809
-2.083333,5,74.841601
-2.083333,5,74.85018
-2.083333,5,74.858316
-2.083333,5,74.867915
-2.083333,5,74.874199
-2.083333,5,74.883218
-2.083333,5,74.890394
-2.083333,5,74.899565
-2.083333,5,74.90703
-2.083333,5,74.915667
-2.083333,5,74.923862
-2.083333,5,74.931899
-2.083333,5,74.939035
-2.083333,5,74.948267
-2.083333,5,74.95631
-2.083333,5,74.964089
-3.833333,9,74.976004
-2.083333,5,74.985057
-2.083333,5,74.991678
-2.083333,5,75.0015
-2.083333,5,75.009443
-2.083333,5,75.020795
-2.083333,5,75.027638
-2.083333,5,75.036644
-2.666667,7,75.046644
-2.083333,5,75.055541
-2.083333,5,75.062603
-2.083333,5,75.072962
-2.083333,5,75.079825
-2.083333,5,75.088731
-2.083333,5,75.095804
-2.083333,5,75.105778
-2.083333,5,75.112782
-2.083333,5,75.122591
-2.083333,5,75.13042
-2.083333,5,75.140591
-2.083333,5,75.148484
-2.083333,5,75.157491
-2.083333,5,75.164502
-2.083333,5,75.174452
-2.083333,5,75.182764
-2.361111,7,75.195091
-2.083333,5,75.202519
-2.666667,7,75.214284
-2.083333,5,75.220776
-2.083333,5,75.229973
-2.083333,5,75.236591
-2.083333,5,75.24517
-2.083333,5,75.253441
-2.083333,5,75.262276
-2.083333,5,75.269099
-2.083333,5,75.27771
-2.083333,5,75.285507
-2.083333,5,75.294726
-2.083333,5,75.301666
-2.083333,5,75.310319
-2.083333,5,75.31715
-2.083333,5,75.325888
-2.083333,5,75.332955
-2.083333,5,75.341993
-2.083333,5,75.352211
-2.083333,5,75.361051
-2.083333,5,75.368411
-2.083333,5,75.377798
-2.666667,7,75.387153
-2.083333,5,75.39549
-3.583333,7,75.405034
-2.083333,5,75.415374
-2.083333,5,75.422125
-2.583333,5,75.431433
-2.083333,5,75.438447
-2.083333,5,75.448073
-2.083333,5,75.454974
-2.083333,5,75.464882
-2.083333,5,75.471613
-2.416667,5,75.481384
-2.083333,5,75.496382
-2.083333,5,75.508533
-2.083333,5,75.51564
-2.083333,5,75.526961
-2.083333,5,75.536677
-2.083333,5,75.547486
-2.083333,5,75.555249
-2.083333,5,75.565688
-2.083333,5,75.573012
-2.083333,5,75.583441
-2.083333,5,75.590544
-2.083333,5,75.600115
-2.083333,5,75.607751
-2.083333,5,75.617514
-2.083333,5,75.624747
-2.083333,5,75.63383
-2.083333,5,75.639919
-2.083333,5,75.649246
-2.083333,5,75.657991
-2.083333,5,75.667369
-2.083333,5,75.673659
-2.083333,5,75.683003
-2.083333,5,75.690479
-2.083333,5,75.699324
-2.083333,5,75.706806
-3.0,9,75.720245
-2.083333,5,75.728269
-2.083333,5,75.737988
-2.083333,5,75.745956
-2.083333,5,75.756266
-2.083333,5,75.764892
-2.083333,5,75.774693
-2.583333,5,75.780946
-2.083333,5,75.790478
-2.083333,5,75.798063
-2.083333,5,75.810134
-2.083333,5,75.820998
-2.083333,5,75.830953
-2.083333,5,75.838328
-2.083333,5,75.847764
-2.083333,5,75.855807
-2.083333,5,75.86551
-2.083333,5,75.872903
-2.083333,5,75.884457
-2.083333,5,75.892216
-2.083333,5,75.904493
-2.083333,5,75.911929
-3.583333,7,75.925493
-3.583333,7,75.936077
-2.083333,5,75.947235
-2.083333,5,75.955992
-2.083333,5,75.964671
-2.083333,5,75.971475
-2.083333,5,75.981334
-2.083333,5,75.98829
-2.5,7,76.000962
-2.083333,5,76.007913
-2.083333,5,76.017806
-2.083333,5,76.025152
-2.083333,5,76.034514
-2.083333,5,76.042528
-2.083333,5,76.053176
-2.083333,5,76.061496
-2.083333,5,76.071647
-2.083333,5,76.079399
-2.083333,5,76.089264
-2.083333,5,76.096594
-2.083333,5,76.105743
-2.583333,5,76.112449
-3.416667,7,76.125456
-2.083333,5,76.132014
-2.083333,5,76.141262
-2.083333,5,76.147378
-2.083333,5,76.156734
-2.083333,5,76.16664
-2.083333,5,76.175643
-2.083333,5,76.182155
-2.083333,5,76.197282
-2.083333,5,76.221211
-3.416667,7,76.271186
-2.083333,5,76.297562
-2.083333,5,76.331963
-2.083333,5,76.358575
-2.083333,5,76.392845
-2.083333,5,76.420541
-2.083333,5,76.460539
-2.083333,5,76.482301
-2.083333,5,76.525221
-2.083333,5,76.559597
-2.666667,7,76.603764
-2.083333,5,76.628061
-2.083333,5,76.665488
-3.416667,7,76.700487
-2.083333,5,76.733103
-2.083333,5,76.753438
-2.083333,5,76.764915
-2.083333,5,76.773862
-2.083333,5,76.782982
-2.083333,5,76.793713
-2.083333,5,76.803674
-2.083333,5,76.810377
-2.083333,5,76.821762
-2.583333,5,76.828404
-3.333333,7,76.839607
-2.083333,5,76.846416
-2.083333,5,76.8562
-2.083333,5,76.863868
-2.083333,5,76.872263
-2.083333,5,76.878956
-2.083333,5,76.888246
-2.083333,5,76.894784
-2.083333,5,76.903609
-2.083333,5,76.910306
-2.083333,5,76.919097
-2.083333,5,76.925279
-2.083333,5,76.936149
-2.083333,5,76.942876
-2.083333,5,76.952088
-2.083333,5,76.958724
-2.083333,5,76.967709
-2.083333,5,76.975523
-2.083333,5,76.984603
-2.083333,5,76.991729
-2.083333,5,77.001618
-2.083333,5,77.010133
-2.083333,5,77.020595
-2.083333,5,77.027131
-2.083333,5,77.036029
-2.083333,5,77.044802
-2.083333,5,77.054814
-2.083333,5,77.061568
-2.083333,5,77.070914
-2.083333,5,77.078219
-2.5,7,77.089531
-2.083333,5,77.098481
-2.083333,5,77.106398
-2.083333,5,77.11313
-2.083333,5,77.121608
-2.083333,5,77.128628
-2.083333,5,77.137841
-2.083333,5,77.144739
-2.083333,5,77.154001
-2.083333,5,77.161044
-2.083333,5,77.171191
-2.083333,5,77.178202
-2.083333,5,77.186911
-2.083333,5,77.193589
-2.5,7,77.205454
-2.083333,5,77.213264
-2.083333,5,77.222682
-2.083333,5,77.229342
-2.083333,5,77.237944
-2.083333,5,77.244547
-2.083333,5,77.255549
-2.083333,5,77.262101
-2.083333,5,77.272095
-3.0,7,77.28278
-2.083333,5,77.292338
-2.083333,5,77.298368
-2.083333,5,77.307275
-2.083333,5,77.314576
-2.083333,5,77.32413
-2.083333,5,77.330976
-2.083333,5,77.339779
-2.083333,5,77.346203
-2.083333,5,77.355269
-2.083333,5,77.363446
-2.083333,5,77.373433
-2.083333,5,77.381059
-2.083333,5,77.389861
-2.083333,5,77.396377
-2.083333,5,77.405182
-2.083333,5,77.411739
-2.083333,5,77.420959
-2.083333,5,77.427941
-2.083333,5,77.437216
-2.583333,7,77.450363
-2.083333,5,77.459343
-2.083333,5,77.467475
-2.083333,5,77.481804
-2.083333,5,77.492272
-2.083333,5,77.502663
-2.083333,5,77.524555
-2.083333,5,77.535113
-2.083333,5,77.543483
-2.083333,5,77.555234
-2.083333,5,77.56365
-2.083333,5,77.576984
-2.083333,5,77.585674
-3.694444,9,77.600839
-2.083333,5,77.609751
-2.083333,5,77.646163
-2.5,7,77.659646
-2.083333,5,77.675248
-2.083333,5,77.734953
-2.083333,5,77.744702
-2.083333,5,77.76824
-2.083333,5,77.794169
-2.083333,5,77.8021
-2.083333,5,77.813255
-2.083333,5,77.823371
-2.083333,5,77.834638
-2.083333,5,77.842735
-2.083333,5,77.8611
-2.083333,5,77.893704
-2.083333,5,77.905762
-2.083333,5,77.940508
-2.416667,5,77.950591
-2.083333,5,77.961605
-4.083333,7,78.002541
-2.083333,5,78.021568
-2.083333,5,78.05845
-2.083333,5,78.075203
-2.083333,5,78.089455
-2.083333,5,78.114408
-2.083333,5,78.14018
-2.083333,5,78.152978
-2.083333,5,78.172619
-2.083333,5,78.180222
-2.083333,5,78.199041
-2.083333,5,78.241381
-2.083333,5,78.257407
-2.083333,5,78.269964
-2.083333,5,78.312837
-2.083333,5,78.350425
-2.083333,5,78.376168
-2.083333,5,78.436477
-2.666667,7,78.487197
-2.083333,5,78.527183
-2.416667,5,78.57237
-2.083333,5,78.601416
-2.083333,5,78.638839
-2.083333,5,78.671594
-2.083333,5,78.703678
-2.083333,5,78.730431
-2.083333,5,78.765939
-2.083333,5,78.790663
-2.083333,5,78.82273
-3.0,7,78.859208
-2.083333,5,78.893887
-2.083333,5,78.920553
-2.083333,5,78.952204
-2.083333,5,78.978159
-2.083333,5,79.010733
-2.083333,5,79.033739
-2.083333,5,79.065728
-2.083333,5,79.092445
-2.083333,5,79.126027
-2.083333,5,79.152073
-2.416667,5,79.184669
-2.583333,5,79.199403
-2.416667,5,79.209375
-2.083333,5,79.216562
-2.083333,5,79.225695
-2.083333,5,79.232702
-2.083333,5,79.243721
-2.083333,5,79.250829
-2.083333,5,79.259872
-2.083333,5,79.267056
-2.083333,5,79.278921
-2.083333,5,79.286651
-3.416667,7,79.299215
-2.083333,5,79.307861
-2.583333,5,79.317742
-2.083333,5,79.32783
-2.083333,5,79.337713
-2.083333,5,79.345517
-2.5,7,79.358845
-2.083333,5,79.366851
-2.083333,5,79.376954
-2.083333,5,79.385754
-2.083333,5,79.39635
-2.666667,7,79.415606
-2.083333,5,79.426616
-2.083333,5,79.436847
-2.083333,5,79.447101
-2.083333,5,79.455034
-2.083333,5,79.46617
-2.083333,5,79.474056
-2.083333,5,79.483637
-2.083333,5,79.490444
-2.083333,5,79.501512
-2.916667,7,79.511678
-2.083333,5,79.524227
-2.083333,5,79.532193
-2.083333,5,79.543831
-2.083333,5,79.556692
-2.083333,5,79.567969
-2.083333,5,79.578499
-2.083333,5,79.590045
-2.083333,5,79.598274
-2.083333,5,79.609095
-2.083333,5,79.618386
-2.083333,5,79.628903
-2.083333,5,79.637756
-2.083333,5,79.6474
-2.083333,5,79.656619
-2.083333,5,79.666715
-2.083333,5,79.676195
-2.083333,5,79.686476
-2.083333,5,79.695738
-2.083333,5,79.70901
-2.083333,5,79.716001
-2.083333,5,79.726461
-2.083333,5,79.735775
-2.083333,5,79.746
-2.083333,5,79.754657
-2.083333,5,79.765364
-2.083333,5,79.775736
-2.083333,5,79.78546
-2.083333,5,79.793137
-2.083333,5,79.803313
-2.083333,5,79.810618
-2.083333,5,79.81988
-2.083333,5,79.829671
-2.083333,5,79.839244
-2.083333,5,79.846091
-4.083333,7,79.857383
-2.083333,5,79.865531
-2.083333,5,79.875727
-2.083333,5,79.883571
-2.083333,5,79.894022
-2.083333,5,79.901152
-2.083333,5,79.91168
-2.083333,5,79.919616
-2.916667,7,79.93225
-2.083333,5,79.940587
-2.416667,5,79.949386
-2.083333,5,79.957377
-2.083333,5,79.966807
-2.083333,5,79.973372
-2.083333,5,79.982594
-2.083333,5,79.989485
-2.083333,5,79.999449
-2.083333,5,80.008505
-2.083333,5,80.018353
-2.083333,5,80.025256
-2.583333,5,80.034254
-2.083333,5,80.040784
-2.083333,5,80.051167
-2.083333,5,80.058025
-2.083333,5,80.066735
-2.444444,7,80.07701
-2.083333,5,80.086082
-2.083333,5,80.093513
-2.083333,5,80.102272
-2.083333,5,80.109542
-2.083333,5,80.118385
-2.083333,5,80.125043
-3.416667,7,80.138975
-3.333333,7,80.148602
-2.083333,5,80.158443
-2.083333,5,80.16536
-2.083333,5,80.174974
-2.083333,5,80.182858
-2.083333,5,80.191364
-2.083333,5,80.198581
-2.083333,5,80.207839
-2.583333,7,80.218309
-3.416667,7,80.230428
-2.416667,5,80.236757
-2.083333,5,80.245682
-2.083333,5,80.252331
-2.083333,5,80.262062
-2.083333,5,80.269629
-2.083333,5,80.27881
-2.5,7,80.289522
-2.083333,5,80.298203
-2.083333,5,80.305923
-2.083333,5,80.315477
-3.0,7,80.325299
-2.083333,5,80.333999
-2.083333,5,80.340599
-2.083333,5,80.349842
-2.083333,5,80.357137
-3.583333,7,80.370147
-2.083333,5,80.377179
-2.083333,5,80.385601
-2.083333,5,80.394276
-2.083333,5,80.404382
-2.083333,5,80.412159
-2.083333,5,80.421219
-2.083333,5,80.429754
-2.083333,5,80.439219
-2.083333,5,80.448759
-2.083333,5,80.45944
-2.083333,5,80.470151
-2.083333,5,80.481276
-3.333333,7,80.491875
-2.083333,5,80.506095
-2.083333,5,80.51588
-2.666667,7,80.539757
-2.083333,5,80.550563
-2.5,7,80.56411
-2.083333,5,80.574461
-2.083333,5,80.591019
-2.083333,5,80.598967
-2.583333,5,80.608541
-2.083333,5,80.616848
-2.083333,5,80.630252
-2.083333,5,80.638415
-2.083333,5,80.651122
-2.083333,5,80.662517
-2.083333,5,80.676303
-2.083333,5,80.683981
-2.083333,5,80.694669
-2.083333,5,80.701716
-2.083333,5,80.71307
-2.083333,5,80.720755
-2.083333,5,80.730667
-2.083333,5,80.738258
-2.083333,5,80.751014
-2.083333,5,80.758242
-2.083333,5,80.768619
-2.5,7,80.78025
-2.083333,5,80.791533
-2.083333,5,80.800277
-2.083333,5,80.811217
-2.083333,5,80.821924
-2.083333,5,80.833403
-2.083333,5,80.841146
-2.083333,5,80.851672
-2.083333,5,80.859031
-2.083333,5,80.871685
-2.694444,7,80.882462
-2.083333,5,80.892626
-2.083333,5,80.919044
-2.083333,5,80.96031
-2.083333,5,80.990239
-2.083333,5,81.027573
-2.583333,7,81.069281
-2.083333,5,81.107184
-2.083333,5,81.136232
-2.666667,7,81.222089
-2.083333,5,81.249314
-2.083333,5,81.28436
-2.083333,5,81.312321
-2.083333,5,81.349591
-2.083333,5,81.378124
-2.083333,5,81.413865
-2.083333,5,81.442467
-2.083333,5,81.475786
-2.083333,5,81.505335
-2.083333,5,81.54665
-2.083333,5,81.575999
-2.083333,5,81.613356
-2.083333,5,81.64046
-2.083333,5,81.664571
-2.083333,5,81.672462
-2.083333,5,81.68207
-2.083333,5,81.691013
-2.083333,5,81.70091
-2.083333,5,81.7092
-3.583333,7,81.722968
-2.083333,5,81.730384
-2.916667,9,81.744929
-2.083333,5,81.75405
-2.083333,5,81.765611
-2.083333,5,81.773118
-2.083333,5,81.781758
-2.083333,5,81.788891
-2.083333,5,81.79801
-2.083333,5,81.806165
-2.361111,7,81.823327
-2.083333,5,81.831018
-2.083333,5,81.839708
-2.583333,5,81.847779
-2.083333,5,81.858896
-2.083333,5,81.866182
-3.083333,7,81.878813
-2.083333,5,81.887834
-2.083333,5,81.8997
-3.0,7,81.910024
-2.083333,5,81.920991
-2.583333,5,81.928798
-2.083333,5,81.939404
-2.583333,7,81.950527
-2.083333,5,81.962385
-2.75,7,81.974693
-2.416667,5,81.987302
-2.083333,5,81.994899
-2.083333,5,82.007894
-2.083333,5,82.016155
-2.083333,5,82.027172
-2.083333,5,82.036889
-2.083333,5,82.048696
-2.083333,5,82.055667
-2.083333,5,82.06607
-2.083333,5,82.074515
-2.083333,5,82.086859
-2.083333,5,82.094102
-2.083333,5,82.104226
-2.5,7,82.11638
-3.416667,7,82.13159
-2.083333,5,82.139846
-2.083333,5,82.150917
-2.083333,5,82.158854
-2.083333,5,82.170363
-2.083333,5,82.178465
-2.083333,5,82.189824
-2.083333,5,82.198542
-2.083333,5,82.209037
-2.083333,5,82.217826
-2.083333,5,82.227511
-2.5,7,82.238473
-2.083333,5,82.249183
-2.083333,5,82.257246
-2.083333,5,82.267743
-2.083333,5,82.275325
-2.083333,5,82.285379
-2.083333,5,82.292943
-2.083333,5,82.304591
-2.083333,5,82.312084
-2.083333,5,82.32238
-2.083333,5,82.329731
-2.583333,5,82.339676
-2.083333,5,82.346581
-2.083333,5,82.355909
-2.083333,5,82.363412
-2.083333,5,82.373579
-2.083333,5,82.381624
-2.083333,5,82.392187
-2.583333,5,82.400704
-2.083333,5,82.410363
-2.5,7,82.420706
-2.083333,5,82.430933
-2.083333,5,82.437262
-2.666667,7,82.45047
-2.083333,5,82.458552
-2.083333,5,82.468308
-2.083333,5,82.4755
-2.083333,5,82.484497
-2.083333,5,82.491454
-2.083333,5,82.50097
-2.083333,5,82.507608
-2.083333,5,82.516965
-2.083333,5,82.524651
-2.083333,5,82.536427
-2.083333,5,82.544324
-2.083333,5,82.553849
-2.083333,5,82.562499
-3.583333,7,82.608031
-2.083333,5,82.616019
-2.083333,5,82.628586
-2.083333,5,82.638921
-2.083333,5,82.649776
-2.083333,5,82.657451
-2.083333,5,82.667508
-2.083333,5,82.677674
-2.666667,7,82.692376
-4.666667,9,82.704918
-2.083333,5,82.715838
-2.083333,5,82.723978
-2.083333,5,82.73279
-2.083333,5,82.739556
-2.083333,5,82.747176
-2.083333,5,82.755917
-2.083333,5,82.767597
-2.583333,5,82.774271
-2.083333,5,82.783828
-2.083333,5,82.790066
-2.5,7,82.804295
-2.083333,5,82.811071
-2.083333,5,82.819373
-2.083333,5,82.827633
-2.083333,5,82.838481
-2.083333,5,82.845626
-2.083333,5,82.855337
-2.083333,5,82.864651
-2.083333,5,82.873439
-2.083333,5,82.879865
-2.083333,5,82.88849
-2.083333,5,82.896015
-2.416667,5,82.904087
-2.083333,5,82.911684
-2.083333,5,82.920528
-2.083333,5,82.927086
-2.083333,5,82.936358
-2.083333,5,82.943449
-2.083333,5,82.952526
-2.75,7,82.9623
-3.416667,7,82.974327
-2.083333,5,82.98093
-2.083333,5,82.991119
-2.083333,5,82.998602
-2.083333,5,83.008557
-2.083333,5,83.016227
-2.083333,5,83.024899
-2.083333,5,83.033506
-3.333333,7,83.046225
-2.083333,5,83.053553
-2.083333,5,83.063009
-2.083333,5,83.071928
-2.083333,5,83.080653
-2.083333,5,83.086497
-2.083333,5,83.095295
-2.583333,5,83.103424
-2.083333,5,83.112576
-3.583333,7,83.12257
-2.083333,5,83.133422
-2.083333,5,83.140566
-2.083333,5,83.150305
-2.083333,5,83.157685
-3.583333,7,83.169651
-2.083333,5,83.177461
-2.083333,5,83.186569
-2.083333,5,83.194101
-2.083333,5,83.203662
-2.083333,5,83.210551
-2.361111,7,83.22335
-2.083333,5,83.230129
-2.083333,5,83.240036
-2.5,7,83.249779
-2.083333,5,83.259764
-2.083333,5,83.266588
-2.083333,5,83.275549
-2.083333,5,83.282917
-2.083333,5,83.293621
-2.083333,5,83.30038
-2.083333,5,83.309122
-2.083333,5,83.316737
-2.083333,5,83.326044
-2.083333,5,83.333641
-2.083333,5,83.343633
-2.083333,5,83.351392
-2.083333,5,83.364796
-2.083333,5,83.393702
-4.083333,7,83.445079
-2.083333,5,83.475556
-2.083333,5,83.515578
-2.083333,5,83.539556
-2.083333,5,83.572733
-2.083333,5,83.6057
-2.083333,5,83.644404
-2.083333,5,83.670887
-2.083333,5,83.703381
-2.083333,5,83.730819
-3.333333,7,83.779932
-2.083333,5,83.806785
-2.666667,7,83.854184
-2.083333,5,83.87577
-2.083333,5,83.911834
-2.083333,5,83.934752
-2.083333,5,83.970243
-2.083333,5,83.992842
-2.083333,5,84.030737
-2.083333,5,84.053566
-2.083333,5,84.08513
-2.083333,5,84.111519
-3.0,7,84.131075
-2.083333,5,84.13891
-2.083333,5,84.148791
-2.083333,5,84.155667
-2.083333,5,84.170516
-2.083333,5,84.177508
-2.083333,5,84.187166
-2.083333,5,84.194044
-2.083333,5,84.202926
-2.083333,5,84.209445
-2.083333,5,84.218467
-2.083333,5,84.225448
-2.083333,5,84.234821
-2.083333,5,84.241391
-2.083333,5,84.250359
-2.083333,5,84.257344
-2.083333,5,84.267573
-2.083333,5,84.27404
-2.083333,5,84.283522
-2.083333,5,84.290957
-2.083333,5,84.300363
-2.083333,5,84.30798
-3.416667,7,84.319564
-2.083333,5,84.32674
-2.083333,5,84.335847
-2.083333,5,84.344085
-2.583333,5,84.352933
-2.083333,5,84.359728
-2.083333,5,84.369044
-2.083333,5,84.375793
-2.583333,7,84.387836
-2.083333,5,84.394516
-3.583333,7,84.406147
-2.083333,5,84.414802
-2.083333,5,84.424605
-2.083333,5,84.431403
-2.083333,5,84.441343
-2.083333,5,84.449737
-2.583333,5,84.457771
-2.083333,5,84.466047
-2.083333,5,84.474693
-2.5,7,84.484473
-2.083333,5,84.492556
-4.583333,7,84.502163
-2.083333,5,84.510646
-2.083333,5,84.517351
-2.083333,5,84.526302
-2.083333,5,84.533431
-2.083333,5,84.544625
-2.083333,5,84.551962
-2.083333,5,84.561115
-2.416667,5,84.567366
-2.083333,5,84.576646
-2.083333,5,84.586608
-4.083333,7,84.598427
-2.083333,5,84.605376
-2.083333,5,84.61512
-2.083333,5,84.654152
-2.083333,5,84.666971
-2.083333,5,84.676859
-2.083333,5,84.686547
-2.083333,5,84.694266
-2.083333,5,84.707446
-2.083333,5,84.715523
-2.083333,5,84.72621
-2.083333,5,84.736753
-2.083333,5,84.747416
-2.083333,5,84.756196
-2.083333,5,84.765529
-2.083333,5,84.773101
-2.083333,5,84.78532
-2.083333,5,84.793055
-3.583333,7,84.806772
-2.083333,5,84.813631
-2.916667,5,84.822067
-2.083333,5,84.830185
-2.083333,5,84.839842
-2.083333,5,84.846658
-2.083333,5,84.857288
-2.083333,5,84.863973
-2.666667,7,84.875013
-2.083333,5,84.884228
-2.083333,5,84.893851
-2.083333,5,84.899987
-2.083333,5,84.909156
-2.083333,5,84.915622
-2.083333,5,84.925545
-2.083333,5,84.93202
-2.083333,5,84.941182
-2.083333,5,84.947785
-2.083333,5,84.958651
-2.083333,5,84.966516
-2.083333,5,84.975355
-2.583333,5,84.982846
-2.083333,5,84.991749
-2.583333,7,85.00145
-2.083333,5,85.012589
-2.083333,5,85.019327
-2.083333,5,85.029391
-2.083333,5,85.03575
-2.083333,5,85.045555
-2.5,7,85.055887
-2.083333,5,85.06679
-2.083333,5,85.073539
-2.083333,5,85.082577
-2.083333,5,85.08953
-2.083333,5,85.099049
-2.083333,5,85.105914
-2.083333,5,85.11583
-3.5,9,85.129836
-2.083333,5,85.140235
-2.083333,5,85.148216
-2.083333,5,85.156914
-2.083333,5,85.163824
-2.416667,5,85.174549
-2.083333,5,85.1813
-2.083333,5,85.190399
-2.083333,5,85.197026
-2.083333,5,85.205717
-2.666667,7,85.217345
-2.083333,5,85.225611
-2.083333,5,85.233423
-2.083333,5,85.242109
-2.083333,5,85.250157
-2.083333,5,85.261157
-2.083333,5,85.267735
-2.083333,5,85.276305
-2.083333,5,85.283675
-2.083333,5,85.293283
-2.083333,5,85.300065
-2.083333,5,85.308765
-2.083333,5,85.316262
-2.083333,5,85.325231
-2.083333,5,85.332765
-2.083333,5,85.341414
-2.083333,5,85.350215
-2.083333,5,85.359965
-2.416667,5,85.367482
-2.083333,5,85.378713
-2.083333,5,85.388218
-2.083333,5,85.398176
-4.083333,7,85.407366
-2.083333,5,85.416466
-2.083333,5,85.423407
-2.083333,5,85.432163
-2.083333,5,85.439192
-2.083333,5,85.447826
-2.083333,5,85.454881
-2.083333,5,85.465094
-2.083333,5,85.47181
-2.083333,5,85.481553
-2.083333,5,85.489522
-2.083333,5,85.498531
-2.083333,5,85.504991
-2.083333,5,85.515199
-2.083333,5,85.524216
-2.083333,5,85.533125
-3.333333,7,85.543397
-2.083333,5,85.552185
-2.083333,5,85.558729
-2.083333,5,85.569484
-2.083333,5,85.576549
-3.0,7,85.587903
-2.083333,5,85.595052
-2.083333,5,85.605726
-2.083333,5,85.613854
-2.083333,5,85.622306
-2.083333,5,85.632643
-2.083333,5,85.648962
-2.083333,5,85.656606
-2.083333,5,85.676482
-2.083333,5,85.684996
-2.083333,5,85.696113
-2.083333,5,85.703587
-2.083333,5,85.71455
-2.083333,5,85.722415
-2.083333,5,85.733593
-2.083333,5,85.741267
-2.083333,5,85.751398
-2.083333,5,85.759898
-2.916667,7,85.775389
-2.083333,5,85.782926
-2.083333,5,85.793534
-2.083333,5,85.80214
-2.083333,5,85.813028
-2.083333,5,85.822316
-2.083333,5,85.860236
-2.083333,5,85.886198
-2.083333,5,85.922347
-2.083333,5,85.945851
-2.583333,7,85.989957
-2.083333,5,86.017935
-2.083333,5,86.055146
-2.083333,5,86.080504
-2.083333,5,86.112605
-2.083333,5,86.137729
-2.083333,5,86.173286
-2.083333,5,86.208168
-2.583333,5,86.242248
-2.083333,5,86.266883
-2.083333,5,86.3008
-2.083333,5,86.326467
-2.083333,5,86.359665
-2.083333,5,86.383722
-3.583333,7,86.400513
-2.083333,5,86.40931
-2.083333,5,86.417968
-2.083333,5,86.42458
-2.083333,5,86.433884
-2.083333,5,86.440625
-2.083333,5,86.451018
-2.083333,5,86.459095
-2.083333,5,86.467584
-2.083333,5,86.477706
-2.083333,5,86.48812
-2.083333,5,86.494803
-2.083333,5,86.503803
-2.5,7,86.513841
-2.083333,5,86.523103
-2.083333,5,86.531538
-2.083333,5,86.540822
-2.083333,5,86.54793
-2.083333,5,86.557605
-2.083333,5,86.564303
-2.083333,5,86.572797
-3.0,7,86.58245
-2.083333,5,86.591582
-2.083333,5,86.598456
-2.083333,5,86.609451
-4.333333,9,86.622222
-2.083333,5,86.631153
-2.083333,5,86.638356
-2.083333,5,86.649372
-2.416667,5,86.677316
-2.083333,5,86.697036
-2.083333,5,86.704703
-2.083333,5,86.71413
-2.083333,5,86.722082
-2.083333,5,86.730335
-2.083333,5,86.737756
-2.083333,5,86.747442
-2.083333,5,86.755511
-2.083333,5,86.764503
-2.083333,5,86.773263
-2.083333,5,86.783316
-3.0,7,86.794027
-2.361111,7,86.804758
-2.083333,5,86.811041
-2.083333,5,86.819687
-2.083333,5,86.826251
-2.083333,5,86.834476
-2.083333,5,86.840938
-3.0,7,86.851605
-2.083333,5,86.858429
-2.083333,5,86.867683
-2.083333,5,86.874305
-3.333333,7,86.884931
-2.083333,5,86.89251
-2.083333,5,86.90271
-2.083333,5,86.90941
-2.083333,5,86.918106
-2.083333,5,86.925582
-2.083333,5,86.935437
-2.083333,5,86.942822
-2.083333,5,86.953276
-2.083333,5,86.960495
-2.083333,5,86.968812
-2.083333,5,86.976171
-2.083333,5,86.985914
-2.083333,5,86.993735
-2.083333,5,87.001926
-2.083333,5,87.008684
-2.083333,5,87.018633
-2.083333,5,87.02575
-2.083333,5,87.034544
-2.083333,5,87.041256
-2.083333,5,87.051086
-2.083333,5,87.059299
-3.416667,7,87.070288
-2.083333,5,87.077649
-2.083333,5,87.088728
-2.083333,5,87.096393
-2.083333,5,87.104871
-2.083333,5,87.11151
-2.083333,5,87.121105
-2.083333,5,87.128644
-2.083333,5,87.137346
-2.083333,5,87.144711
-2.083333,5,87.152812
-2.083333,5,87.159449
-2.083333,5,87.168914
-2.083333,5,87.175221
-2.083333,5,87.18398
-2.083333,5,87.191385
-2.083333,5,87.201444
-2.083333,5,87.207983
-2.083333,5,87.217856
-2.083333,5,87.224454
-2.083333,5,87.233126
-2.083333,5,87.240247
-2.083333,5,87.248995
-2.083333,5,87.256135
-2.083333,5,87.267578
-2.083333,5,87.274473
-2.083333,5,87.285133
-2.083333,5,87.29292
-2.083333,5,87.303233
-2.083333,5,87.310676
-2.083333,5,87.32281
-2.083333,5,87.330672
-4.25,9,87.345043
-2.083333,5,87.351945
-2.083333,5,87.362332
-2.083333,5,87.36964
-2.083333,5,87.378239
-2.083333,5,87.385732
-3.416667,7,87.398295
-2.583333,7,87.407667
-2.083333,5,87.416132
-2.083333,5,87.425448
-2.083333,5,87.434221
-2.083333,5,87.440915
-2.083333,5,87.44973
-2.083333,5,87.456524
-2.083333,5,87.464875
-2.083333,5,87.472243
-2.083333,5,87.480737
-2.083333,5,87.488098
-2.583333,5,87.496169
-2.083333,5,87.502744
-2.083333,5,87.512744
-2.083333,5,87.519494
-2.583333,5,87.527663
-2.083333,5,87.534669
-2.083333,5,87.545023
-2.083333,5,87.553098
-2.583333,5,87.563148
-2.083333,5,87.572388
-2.083333,5,87.583326
-2.083333,5,87.59145
-2.083333,5,87.601208
-2.583333,5,87.608592
-2.083333,5,87.617633
-2.083333,5,87.625699
-2.083333,5,87.634801
-2.083333,5,87.642422
-2.083333,5,87.668483
-2.083333,5,87.689683
-2.083333,5,87.699714
-2.083333,5,87.707669
-2.083333,5,87.717975
-2.083333,5,87.726645
-2.5,7,87.739153
-2.083333,5,87.747033
-2.083333,5,87.758209
-3.583333,7,87.768559
-2.083333,5,87.77877
-2.083333,5,87.785853
-2.083333,5,87.79616
-2.083333,5,87.803627
-2.083333,5,87.813202
-2.083333,5,87.820689
-2.083333,5,87.830513
-2.083333,5,87.837767
-2.083333,5,87.848291
-2.083333,5,87.856093
-2.083333,5,87.865405
-2.083333,5,87.872015
-2.083333,5,87.88185
-2.083333,5,87.889698
-2.083333,5,87.898597
-2.083333,5,87.905945
-2.083333,5,87.914521
-2.083333,5,87.921892
-2.083333,5,87.933217
-2.083333,5,87.939986
-2.583333,5,87.949754
-2.083333,5,87.956659
-2.083333,5,87.967198
-2.083333,5,87.974427
-2.083333,5,87.985025
-2.583333,5,87.992697
-2.083333,5,88.001834
-2.083333,5,88.009981
-2.5,7,88.022209
-2.083333,5,88.029987
-2.916667,7,88.042986
-2.083333,5,88.070555
-2.083333,5,88.11555
-2.083333,5,88.143475
-2.083333,5,88.186772
-3.583333,7,88.226625
-2.083333,5,88.260257
-2.583333,5,88.283046
-2.083333,5,88.317275
-2.083333,5,88.340544
-2.083333,5,88.377965
-2.083333,5,88.406059
-2.083333,5,88.439671
-2.083333,5,88.470155
-2.083333,5,88.510203
-2.083333,5,88.556513
-2.083333,5,88.613431
-2.083333,5,88.651013
-2.083333,5,88.691255
-2.083333,5,88.716709
-2.083333,5,88.755583
-2.083333,5,88.789925
-2.083333,5,88.834908
-2.083333,5,88.862788
-2.083333,5,88.895468
-2.916667,7,88.936485
-2.083333,5,88.97676
-2.083333,5,89.010476
-2.083333,5,89.054813
-2.083333,5,89.082607
-2.083333,5,89.118578
-2.083333,5,89.148623
-2.083333,5,89.16532
-2.083333,5,89.176901
-2.083333,5,89.189579
-2.083333,5,89.200569
-3.583333,7,89.217625
-2.083333,5,89.227235
-2.083333,5,89.237183
-2.083333,5,89.247188
-2.083333,5,89.256958
-3.583333,7,89.268533
-2.083333,5,89.279826
-2.083333,5,89.287495
-2.083333,5,89.297731
-2.583333,5,89.308594
-2.083333,5,89.320581
-2.083333,5,89.330174
-2.083333,5,89.341878
-2.083333,5,89.351096
-2.083333,5,89.365279
-2.083333,5,89.376735
-2.083333,5,89.390611
-2.083333,5,89.400287
-2.083333,5,89.411721
-2.083333,5,89.421455
-2.083333,5,89.431571
-2.083333,5,89.439817
-2.083333,5,89.449316
-2.666667,7,89.460232
-2.083333,5,89.471049
-2.583333,5,89.477885
-2.083333,5,89.48698
-2.083333,5,89.493684
-2.083333,5,89.502759
-2.083333,5,89.509929
-2.083333,5,89.519322
-2.083333,5,89.526675
-3.416667,7,89.538768
-2.083333,5,89.546323
-2.083333,5,89.555034
-2.083333,5,89.561782
-2.083333,5,89.570785
-2.083333,5,89.577854
-2.083333,5,89.587585
-3.333333,7,89.598176
-2.083333,5,89.608714
-2.083333,5,89.616378
-2.083333,5,89.628893
-2.083333,5,89.639615
-2.083333,5,89.651763
-2.083333,5,89.659909
-2.083333,5,89.671946
-2.083333,5,89.679435
-2.083333,5,89.689542
-2.083333,5,89.697251
-2.083333,5,89.709959
-2.083333,5,89.720137
-2.083333,5,89.7322
-2.083333,5,89.741774
-2.083333,5,89.752282
-2.083333,5,89.759649
-2.083333,5,89.768955
-2.083333,5,89.775707
-2.083333,5,89.78648
-2.083333,5,89.793742
-2.083333,5,89.804021
-2.083333,5,89.813162
-2.083333,5,89.82315
-2.083333,5,89.831139
-3.333333,7,89.843832
-2.083333,5,89.851038
-2.083333,5,89.860387
-2.916667,7,89.870379
-2.083333,5,89.881239
-2.083333,5,89.88998
-2.083333,5,89.900727
-2.083333,5,89.90843
-2.083333,5,89.919206
-2.083333,5,89.927159
-2.083333,5,89.938055
-2.083333,5,89.945248
-2.083333,5,89.962772
-2.083333,5,89.98931
-2.083333,5,90.014836
-2.083333,5,90.049576
-2.083333,5,90.080669
-2.083333,5,90.093123
-2.083333,5,90.106135
-2.083333,5,90.120003
-2.083333,5,90.133995
-2.083333,5,90.142536
-2.75,7,90.156511
-2.083333,5,90.166133
-2.083333,5,90.175693
-2.083333,5,90.182254
-2.083333,5,90.19236
-2.083333,5,90.200003
-2.083333,5,90.210927
-2.083333,5,90.218261
-2.083333,5,90.227136
-2.083333,5,90.234476
-2.083333,5,90.244417
-2.083333,5,90.251867
-2.083333,5,90.261215
-2.5,7,90.270571
-2.083333,5,90.280503
-2.083333,5,90.288297
-2.083333,5,90.297974
-2.083333,5,90.305509
-2.083333,5,90.314551
-2.083333,5,90.322052
-2.083333,5,90.332469
-2.083333,5,90.340945
-2.083333,5,90.351328
-2.083333,5,90.360439
-2.666667,7,90.375092
-2.083333,5,90.38358
-2.083333,5,90.393195
-2.083333,5,90.400072
-2.083333,5,90.411378
-2.083333,5,90.419948
-2.666667,7,90.434106
-2.083333,5,90.442209
-2.083333,5,90.451202
-2.083333,5,90.458168
-2.083333,5,90.469059
-2.083333,5,90.478634
-2.083333,5,90.488537
-2.083333,5,90.495792
-2.083333,5,90.506368
-2.083333,5,90.513151
-2.083333,5,90.522429
-3.583333,7,90.532151
-2.083333,5,90.541565
-2.083333,5,90.548911
-2.361111,7,90.561013
-2.083333,5,90.568945
-2.083333,5,90.577518
-2.083333,5,90.584952
-2.083333,5,90.596028
-4.416667,9,90.613309
-2.083333,5,90.622766
-2.083333,5,90.630601
-2.083333,5,90.64122
-2.083333,5,90.655629
-2.416667,5,90.666748
-2.666667,7,90.677764
-4.083333,7,90.69449
-2.916667,7,90.707627
-2.083333,5,90.722799
-2.083333,5,90.731882
-2.083333,5,90.745163
-2.083333,5,90.756856
-2.083333,5,90.768019
-2.083333,5,90.776205
-3.416667,7,90.789591
-2.083333,5,90.809013
-2.083333,5,90.851078
-2.083333,5,90.880379
-2.083333,5,90.913306
-2.083333,5,90.941262
-2.083333,5,90.980606
-2.083333,5,91.005901
-2.083333,5,91.037958
-2.083333,5,91.072694
-2.083333,5,91.106703
-2.083333,5,91.132513
-2.083333,5,91.166116
-2.416667,5,91.190255
-2.083333,5,91.22784
-2.583333,5,91.254326
-2.916667,7,91.304975
-2.083333,5,91.328096
-2.083333,5,91.359787
-2.083333,5,91.38342
-2.083333,5,91.413471
-2.083333,5,91.437757
-2.083333,5,91.466506
-2.083333,5,91.48865
-3.333333,7,91.52967
-2.083333,5,91.538671
-2.083333,5,91.5489
-2.583333,5,91.557683
-2.083333,5,91.569318
-2.083333,5,91.580958
-2.083333,5,91.594621
-2.083333,5,91.602324
-2.083333,5,91.612748
-2.083333,5,91.623873
-2.916667,7,91.637135
-2.083333,5,91.647267
-2.083333,5,91.660187
-2.083333,5,91.667645
-3.0,7,91.680485
-2.083333,5,91.690465
-2.083333,5,91.700218
-2.083333,5,91.709152
-2.083333,5,91.719285
-2.083333,5,91.727418
-2.083333,5,91.738378
-2.083333,5,91.746997
-2.083333,5,91.757077
-2.083333,5,91.765578
-2.083333,5,91.774726
-2.083333,5,91.78205
-2.583333,5,91.791195
-2.083333,5,91.798611
-3.416667,7,91.811198
-2.083333,5,91.818859
-2.083333,5,91.829809
-2.083333,5,91.837862
-2.083333,5,91.848283
-2.083333,5,91.856544
-2.083333,5,91.866186
-2.083333,5,91.874208
-2.083333,5,91.883843
-2.083333,5,91.892029
-2.583333,5,91.903111
-2.083333,5,91.910491
-2.083333,5,91.91999
-2.083333,5,91.928025
-2.083333,5,91.937695
-2.083333,5,91.944655
-2.083333,5,91.954341
-2.083333,5,91.962637
-2.083333,5,91.972227
-2.083333,5,91.978965
-2.083333,5,91.989477
-2.666667,7,91.999849
-2.083333,5,92.010261
-2.083333,5,92.01777
-2.583333,5,92.027182
-2.083333,5,92.03363
-2.083333,5,92.042872
-2.5,7,92.053389
-2.083333,5,92.064127
-2.083333,5,92.072244
-2.083333,5,92.084379
-2.083333,5,92.091772
-2.083333,5,92.100786
-2.083333,5,92.107953
-2.083333,5,92.118141
-2.083333,5,92.125673
-2.583333,7,92.138897
-2.083333,5,92.147101
-2.083333,5,92.156418
-2.083333,5,92.163748
-2.083333,5,92.173125
-2.083333,5,92.180628
-2.083333,5,92.190761
-2.083333,5,92.198529
-2.083333,5,92.208013
-2.083333,5,92.216147
-2.083333,5,92.225974
-2.083333,5,92.233078
-2.083333,5,92.241798
-2.083333,5,92.2484
-2.083333,5,92.25744
-2.083333,5,92.264477
-2.083333,5,92.273481
-2.083333,5,92.280731
-2.083333,5,92.289186
-2.083333,5,92.296457
-2.083333,5,92.306588
-2.083333,5,92.313195
-2.083333,5,92.32349
-3.0,7,92.333503
-2.083333,5,92.346136
-2.083333,5,92.353711
-2.083333,5,92.363749
-2.083333,5,92.371355
-2.083333,5,92.381279
-2.083333,5,92.38852
-2.083333,5,92.397005
-2.083333,5,92.404214
-2.083333,5,92.413904
-2.083333,5,92.421269
-2.083333,5,92.430126
-2.083333,5,92.43908
-2.083333,5,92.447675
-2.083333,5,92.454279
-2.083333,5,92.463161
-3.583333,7,92.473377
-2.083333,5,92.481371
-2.083333,5,92.488402
-3.333333,7,92.500384
-2.083333,5,92.507006
-2.083333,5,92.515957
-2.083333,5,92.522257
-2.083333,5,92.531474
-2.083333,5,92.539276
-2.083333,5,92.547813
-2.083333,5,92.554064
-2.083333,5,92.564262
-2.083333,5,92.58229
-2.083333,5,92.599447
-2.083333,5,92.610566
-2.083333,5,92.622819
-2.083333,5,92.631073
-2.083333,5,92.640605
-2.666667,7,92.650927
-2.083333,5,92.661422
-2.083333,5,92.668697
-2.083333,5,92.678198
-2.583333,7,92.688563
-2.083333,5,92.69788
-2.083333,5,92.706918
-2.083333,5,92.716173
-2.083333,5,92.724553
-2.083333,5,92.733754
-3.0,7,92.743429
-2.083333,5,92.753315
-2.083333,5,92.761734
-2.083333,5,92.770792
-2.083333,5,92.77758
-2.083333,5,92.789998
-2.083333,5,92.797649
-2.083333,5,92.807304
-2.083333,5,92.815416
-2.083333,5,92.824377
-2.583333,5,92.830967
-2.083333,5,92.842527
-2.083333,5,92.850959
-2.083333,5,92.861206
-2.083333,5,92.868958
-2.083333,5,92.879225
-2.083333,5,92.886593
-2.083333,5,92.895514
-2.083333,5,92.904609
-2.083333,5,92.913935
-2.083333,5,92.920652
-2.583333,5,92.930265
-2.083333,5,92.938211
-2.083333,5,92.947372
-2.083333,5,92.954874
-2.083333,5,92.964465
-2.083333,5,92.971606
-2.583333,7,92.983779
-2.083333,5,92.991115
-2.083333,5,92.999781
-2.083333,5,93.00682
-2.083333,5,93.016657
-2.083333,5,93.023922
-2.083333,5,93.03423
-3.0,7,93.043528
-2.083333,5,93.052234
-2.083333,5,93.061779
-2.083333,5,93.072881
-2.083333,5,93.079933
-2.083333,5,93.089
-2.083333,5,93.096669
-2.083333,5,93.109179
-2.583333,5,93.116239
-2.083333,5,93.12496
-2.416667,5,93.1322
-2.083333,5,93.142323
-2.083333,5,93.151229
-2.083333,5,93.160905
-2.083333,5,93.18237
-2.083333,5,93.220736
-2.083333,5,93.263723
-2.083333,5,93.299615
-2.083333,5,93.333444
-2.583333,5,93.37552
-2.083333,5,93.410949
-2.083333,5,93.463233
-2.083333,5,93.503942
-2.083333,5,93.549945
-2.083333,5,93.601278
-2.083333,5,93.653657
-2.583333,7,93.698865
-2.083333,5,93.744825
-3.583333,7,93.785151
-2.083333,5,93.835786
-2.083333,5,93.874965
-2.416667,5,93.926932
-2.083333,5,93.954501
-2.083333,5,93.986284
-2.083333,5,94.008518
-2.083333,5,94.042455
-2.083333,5,94.066203
-2.083333,5,94.100966
-2.083333,5,94.12405
-2.083333,5,94.152774
-2.083333,5,94.176037
-2.083333,5,94.208594
-2.083333,5,94.230672
-2.083333,5,94.264672
-2.083333,5,94.288022
-2.083333,5,94.318403
-2.083333,5,94.341796
-2.083333,5,94.372055
-2.083333,5,94.394426
-2.083333,5,94.424498
-2.083333,5,94.449118
-2.083333,5,94.46609
-3.0,7,94.476103
-2.083333,5,94.484726
-2.083333,5,94.491144
-2.083333,5,94.50015
-2.083333,5,94.506647
-2.083333,5,94.515975
-2.083333,5,94.522832
-2.083333,5,94.531208
-2.083333,5,94.54017
-2.083333,5,94.551894
-2.083333,5,94.56265
-2.583333,7,94.58186
-2.083333,5,94.593135
-2.083333,5,94.603777
-2.083333,5,94.611202
-2.083333,5,94.620604
-2.583333,7,94.632098
-2.083333,5,94.642652
-3.333333,7,94.65298
-2.583333,5,94.662439
-2.083333,5,94.669475
-2.083333,5,94.678388
-2.416667,5,94.685449
-2.416667,5,94.694966
-2.083333,5,94.701555
-2.666667,7,94.712763
-2.083333,5,94.719399
-4.583333,7,94.730358
-2.083333,5,94.73753
-2.083333,5,94.746277
-2.361111,7,94.755394
-2.083333,5,94.763495
-2.083333,5,94.770053
-2.083333,5,94.778867
-2.083333,5,94.787717
-2.083333,5,94.796925
-2.083333,5,94.803707
-2.083333,5,94.811866
-2.083333,5,94.818666
-2.083333,5,94.828096
-2.083333,5,94.834615
-2.083333,5,94.842828
-2.083333,5,94.849283
-2.083333,5,94.858287
-2.083333,5,94.865183
-2.083333,5,94.874495
-2.083333,5,94.880954
-2.5,7,94.894327
-2.083333,5,94.902484
-2.5,7,94.913679
-2.083333,5,94.920927
-2.083333,5,94.929327
-2.083333,5,94.936803
-2.083333,5,94.945375
-2.083333,5,94.952252
-2.083333,5,94.962399
-2.361111,7,94.97337
-2.083333,5,94.981936
-2.083333,5,94.989302
-2.083333,5,94.999483
-2.083333,5,95.006201
-2.083333,5,95.015401
-2.083333,5,95.022044
-2.083333,5,95.030938
-2.583333,7,95.040127
-2.083333,5,95.05187
-2.916667,7,95.062736
-2.083333,5,95.071461
-2.083333,5,95.077827
-2.083333,5,95.086729
-2.083333,5,95.093475
-2.583333,7,95.104673
-2.083333,5,95.111472
-2.083333,5,95.121491
-2.083333,5,95.128034
-2.083333,5,95.136878
-2.083333,5,95.143704
-2.083333,5,95.15241
-2.083333,5,95.160173
-2.083333,5,95.169191
-2.083333,5,95.175823
-2.083333,5,95.186095
-2.083333,5,95.192411
-2.583333,5,95.201161
-2.083333,5,95.208767
-2.083333,5,95.21738
-2.083333,5,95.223238
-2.083333,5,95.231521
-2.583333,5,95.238222
-2.083333,5,95.246696
-2.083333,5,95.253247
-2.083333,5,95.262512
-2.083333,5,95.269843
-2.083333,5,95.278464
-2.583333,5,95.284858
-2.083333,5,95.294303
-2.083333,5,95.301292
-3.416667,7,95.312879
-2.083333,5,95.319459
-2.083333,5,95.327626
-2.083333,5,95.334031
-2.083333,5,95.342465
-2.083333,5,95.349522
-2.083333,5,95.358526
-2.083333,5,95.366695
-3.0,7,95.377422
-2.083333,5,95.384629
-2.083333,5,95.392966
-2.083333,5,95.40009
-2.083333,5,95.409605
-2.083333,5,95.417459
-3.583333,7,95.430027
-2.083333,5,95.437495
-2.083333,5,95.446685
-2.083333,5,95.453992
-2.083333,5,95.465071
-2.083333,5,95.472662
-2.083333,5,95.481591
-2.083333,5,95.488696
-2.583333,5,95.49805
-2.083333,5,95.505301
-3.333333,7,95.519095
-2.083333,5,95.525983
-2.083333,5,95.547381
-2.083333,5,95.555726
-2.583333,5,95.573216
-2.083333,5,95.582112
-2.083333,5,95.592328
-2.083333,5,95.599308
-2.083333,5,95.608348
-2.083333,5,95.615516
-3.25,7,95.62832
-2.083333,5,95.635965
-2.083333,5,95.645323
-2.083333,5,95.652643
-2.583333,5,95.662117
-2.083333,5,95.668935
-2.083333,5,95.677269
-4.083333,7,95.686499
-2.083333,5,95.698141
-2.083333,5,95.705131
-2.083333,5,95.715796
-2.083333,5,95.722368
-2.083333,5,95.730355
-2.083333,5,95.738095
-2.083333,5,95.747348
-2.666667,7,95.756283
-2.083333,5,95.765635
-2.083333,5,95.772167
-2.083333,5,95.781447
-3.583333,7,95.79167
-2.083333,5,95.799892
-2.083333,5,95.806926
-2.361111,7,95.824691
-2.083333,5,95.833007
-2.083333,5,95.841812
-2.083333,5,95.84981
-2.083333,5,95.861731
-4.083333,7,95.870803
-2.083333,5,95.879674
-2.083333,5,95.886653
-2.083333,5,95.898573
-2.083333,5,95.908987
-2.916667,7,95.922647
-2.083333,5,95.930667
-2.083333,5,95.940042
-2.083333,5,95.947598
-2.916667,7,95.960527
-2.083333,5,95.968668
-2.083333,5,95.979535
-2.083333,5,95.98672
-2.083333,5,95.996804
-2.083333,5,96.003912
-2.083333,5,96.015492
-2.083333,5,96.025279
-2.083333,5,96.036251
-2.083333,5,96.045981
-2.083333,5,96.055846
-2.083333,5,96.063321
-2.083333,5,96.073279
-2.083333,5,96.080192
-2.083333,5,96.090094
-2.083333,5,96.097503
-2.083333,5,96.110552
-2.583333,5,96.136786
-2.083333,5,96.176668
-2.083333,5,96.207393
-3.75,9,96.269293
-2.083333,5,96.297151
-2.083333,5,96.338094
-2.083333,5,96.366115
-2.083333,5,96.396734
-2.083333,5,96.418902
-2.083333,5,96.458577
-2.083333,5,96.49145
-2.083333,5,96.52908
-2.083333,5,96.562105
-2.583333,7,96.612136
-2.083333,5,96.638006
-2.083333,5,96.672067
-2.083333,5,96.6988
-2.083333,5,96.734443
-2.083333,5,96.757511
-2.083333,5,96.788979
-2.083333,5,96.807971
-2.083333,5,96.843046
-2.083333,5,96.851003
-2.083333,5,96.860572
-2.083333,5,96.87023
-2.083333,5,96.880864
-2.083333,5,96.888283
-2.083333,5,96.897207
-2.083333,5,96.903686
-2.083333,5,96.913863
-2.083333,5,96.920681
-2.083333,5,96.929264
-2.083333,5,96.936375
-2.083333,5,96.944379
-2.083333,5,96.951418
-2.083333,5,96.960037
-2.083333,5,96.966814
-2.083333,5,96.975681
-2.083333,5,96.982615
-2.583333,7,96.993292
-2.083333,5,97.000312
-3.166667,9,97.016256
-2.083333,5,97.023034
-2.083333,5,97.031741
-2.083333,5,97.040684
-2.083333,5,97.049806
-2.083333,5,97.057171
-2.083333,5,97.065965
-2.083333,5,97.072728
-2.5,7,97.085063
-2.083333,5,97.091887
-2.083333,5,97.102659
-2.083333,5,97.109247
-2.083333,5,97.117263
-2.083333,5,97.123874
-2.083333,5,97.132327
-2.083333,5,97.138711
-2.083333,5,97.147051
-2.083333,5,97.154541
-2.083333,5,97.163066
-2.083333,5,97.1699
-2.083333,5,97.178897
-2.083333,5,97.185728
-2.083333,5,97.194596
-2.083333,5,97.201135
-2.083333,5,97.209691
-2.083333,5,97.216242
-2.083333,5,97.225361
-2.083333,5,97.232319
-2.083333,5,97.240538
-2.083333,5,97.248516
-2.083333,5,97.256768
-2.083333,5,97.264156
-2.083333,5,97.273857
-3.333333,7,97.283496
-2.083333,5,97.295632
-2.083333,5,97.304163
-2.083333,5,97.313934
-2.083333,5,97.32078
-2.083333,5,97.33094
-2.083333,5,97.338488
-3.416667,7,97.351207
-2.083333,5,97.360348
-2.083333,5,97.369042
-2.083333,5,97.376309
-2.083333,5,97.387487
-2.083333,5,97.394423
-2.083333,5,97.403249
-2.083333,5,97.409507
-2.083333,5,97.418437
-2.083333,5,97.427261
-2.083333,5,97.435959
-2.083333,5,97.442877
-2.083333,5,97.451811
-2.083333,5,97.459585
-2.083333,5,97.468417
-2.083333,5,97.475049
-2.083333,5,97.483352
-2.083333,5,97.492153
-2.083333,5,97.503371
-2.083333,5,97.524522
-2.083333,5,97.54218
-2.083333,5,97.551219
-2.083333,5,97.565997
-3.416667,7,97.578958
-3.583333,7,97.590854
-2.083333,5,97.598305
-3.583333,7,97.60986
-2.083333,5,97.617556
-2.083333,5,97.627214
-2.083333,5,97.634027
-3.0,7,97.647454
-2.083333,5,97.654444
-2.083333,5,97.665283
-2.083333,5,97.672468
-2.083333,5,97.682159
-2.083333,5,97.689287
-2.083333,5,97.70035
-2.083333,5,97.708336
-2.666667,7,97.719631
-3.583333,7,97.729438
-2.083333,5,97.738093
-2.083333,5,97.745975
-2.083333,5,97.75559
-2.083333,5,97.762238
-2.083333,5,97.771771
-2.083333,5,97.781349
-2.083333,5,97.791698
-2.083333,5,97.80022
-2.083333,5,97.809208
-2.083333,5,97.816
-2.083333,5,97.824859
-2.083333,5,97.831654
-2.083333,5,97.841006
-2.083333,5,97.847705
-2.083333,5,97.857379
-2.083333,5,97.864038
-2.083333,5,97.872841
-2.083333,5,97.882868
-2.5,7,97.894343
-2.083333,5,97.901122
-2.083333,5,97.909562
-2.083333,5,97.917473
-2.083333,5,97.926729
-2.083333,5,97.933999
-2.083333,5,97.94279
-2.666667,7,97.952113
-2.083333,5,97.961542
-2.083333,5,97.968749
-2.083333,5,97.977163
-2.916667,7,97.986803
-2.083333,5,97.995296
-2.083333,5,98.002453
-2.083333,5,98.011253
-2.083333,5,98.018548
-2.5,7,98.029975
-2.083333,5,98.036816
-2.083333,5,98.046133
-2.083333,5,98.054062
-2.083333,5,98.069609
-2.083333,5,98.077103
-2.083333,5,98.08633
-2.083333,5,98.094097
-2.083333,5,98.106925
-2.083333,5,98.114399
-2.583333,5,98.12281
-2.083333,5,98.12993
-2.083333,5,98.140018
-2.083333,5,98.14911
-2.416667,5,98.15915
-2.083333,5,98.166806
-2.083333,5,98.175563
-2.083333,5,98.183259
-2.083333,5,98.191873
-2.083333,5,98.198945
-2.083333,5,98.207644
-2.083333,5,98.214346
-2.083333,5,98.22428
-2.083333,5,98.233604
-2.083333,5,98.242075
-2.083333,5,98.248556
-2.583333,7,98.261856
-2.083333,5,98.270917
-2.083333,5,98.284076
-3.583333,7,98.294149
-2.083333,5,98.303425
-2.083333,5,98.31059
-2.083333,5,98.320198
-2.5,7,98.329388
-2.083333,5,98.339374
-2.083333,5,98.346431
-2.583333,5,98.354511
-2.083333,5,98.360487
-2.083333,5,98.369287
-2.083333,5,98.377414
-2.083333,5,98.38596
-2.083333,5,98.392748
-2.083333,5,98.401127
-2.083333,5,98.407945
-3.0,7,98.419958
-2.083333,5,98.426842
-2.083333,5,98.43522
-3.083333,9,98.446748
-2.361111,7,98.459397
-2.083333,5,98.466183
-2.083333,5,98.476844
-2.083333,5,98.485027
-2.083333,5,98.509392
-2.083333,5,98.53568
-2.083333,5,98.572079
-2.083333,5,98.60122
-2.083333,5,98.639633
-2.083333,5,98.667982
-2.083333,5,98.709279
-2.666667,7,98.753899
-2.083333,5,98.784204
-2.083333,5,98.809206
-2.083333,5,98.844769
-2.083333,5,98.867993
-2.083333,5,98.897856
-5.083333,9,98.940049
-2.083333,5,98.970985
-2.083333,5,98.995564
-2.083333,5,99.0261
-2.083333,5,99.045239
-2.083333,5,99.054327
-2.083333,5,99.063008
-2.361111,7,99.074492
-2.083333,5,99.081387
-2.083333,5,99.08977
-2.083333,5,99.097553
-2.083333,5,99.106661
-2.083333,5,99.11419
-2.083333,5,99.123084
-2.083333,5,99.130226
-2.083333,5,99.13958
-2.083333,5,99.14644
-2.083333,5,99.156205
-2.083333,5,99.162965
-2.083333,5,99.17196
-2.083333,5,99.178316
-2.083333,5,99.18731
-2.083333,5,99.193944
-2.083333,5,99.20276
-2.083333,5,99.209301
-2.083333,5,99.218321
-2.083333,5,99.225584
-2.083333,5,99.235304
-2.083333,5,99.24216
-2.083333,5,99.250427
-2.083333,5,99.257841
-3.333333,7,99.268639
-2.083333,5,99.274611
-2.083333,5,99.282959
-2.083333,5,99.289803
-2.083333,5,99.299875
-2.083333,5,99.3069
-2.083333,5,99.316212
-2.083333,5,99.324227
-2.083333,5,99.334359
-2.083333,5,99.342426
-2.083333,5,99.351659
-2.083333,5,99.358499
-2.083333,5,99.36763
-2.083333,5,99.375366
-2.083333,5,99.384946
-2.083333,5,99.391797
-2.083333,5,99.40079
-2.083333,5,99.40788
-2.083333,5,99.417646
-2.083333,5,99.424445
-2.083333,5,99.433338
-2.083333,5,99.439893
-2.083333,5,99.450327
-2.083333,5,99.456955
-2.083333,5,99.466395
-2.083333,5,99.473357
-2.083333,5,99.482445
-2.083333,5,99.490338
-2.083333,5,99.500948
-2.083333,5,99.508353
-2.083333,5,99.519205
-2.083333,5,99.528174
-2.083333,5,99.539063
-2.083333,5,99.546179
-2.083333,5,99.55591
-2.083333,5,99.563277
-2.083333,5,99.572571
-2.083333,5,99.580726
-2.083333,5,99.58964
-4.361111,9,99.602303
-2.083333,5,99.611701
-3.333333,7,99.621267
-2.083333,5,99.630193
-2.083333,5,99.63735
-2.083333,5,99.645732
-2.083333,5,99.654088
-2.083333,5,99.66547
-2.083333,5,99.674624
-2.083333,5,99.685505
-2.083333,5,99.692056
-2.083333,5,99.700472
-2.083333,5,99.707696
-2.583333,5,99.719212
-2.083333,5,99.727034
-2.083333,5,99.738522
-2.083333,5,99.745169
-2.083333,5,99.754453
-2.083333,5,99.761052
-2.083333,5,99.769304
-2.083333,5,99.775574
-2.083333,5,99.785103
-2.083333,5,99.792657
-2.083333,5,99.800687
-2.083333,5,99.807799
-2.083333,5,99.817355
-2.083333,5,99.824472
-2.083333,5,99.833402
-2.083333,5,99.840228
-2.083333,5,99.851208
-4.083333,7,99.860439
-2.083333,5,99.869255
-2.083333,5,99.875897
-2.083333,5,99.884014
-2.083333,5,99.890649
-2.083333,5,99.902907
-2.083333,5,99.911081
-2.083333,5,99.92097
-2.083333,5,99.928152
-2.083333,5,99.937716
-2.083333,5,99.944896
-2.083333,5,99.954637
-2.083333,5,99.962122
-2.083333,5,99.971384
-2.083333,5,99.978573
-2.083333,5,99.987477
-2.083333,5,99.995471
-2.083333,5,100.007267
-3.583333,7,100.018563
-2.083333,5,100.02802
-2.083333,5,100.035225
-2.083333,5,100.044272
-2.083333,5,100.051415
-2.083333,5,100.060361
-2.083333,5,100.066772
-2.083333,5,100.075207
-2.083333,5,100.082974
-2.083333,5,100.094661
-2.083333,5,100.10261
-2.083333,5,100.1123
-2.083333,5,100.120269
-2.083333,5,100.132771
-2.083333,5,100.140631
-2.083333,5,100.174162
-2.083333,5,100.182723
-2.083333,5,100.192244
-2.083333,5,100.19879
-2.083333,5,100.207725
-2.083333,5,100.214535
-3.583333,7,100.226394
-2.083333,5,100.233159
-2.083333,5,100.242277
-2.083333,5,100.249503
-2.083333,5,100.258656
-2.083333,5,100.265773
-2.083333,5,100.273994
-2.083333,5,100.281038
-2.083333,5,100.29017
-2.083333,5,100.296777
-2.083333,5,100.307148
-2.083333,5,100.315207
-2.083333,5,100.323737
-2.083333,5,100.330491
-2.083333,5,100.339038
-2.083333,5,100.345987
-2.083333,5,100.356586
-2.083333,5,100.364349
-2.083333,5,100.373294
-2.083333,5,100.380231
-2.083333,5,100.3903
-2.083333,5,100.397414
-2.833333,7,100.410798
-2.083333,5,100.418852
-2.083333,5,100.42914
-2.083333,5,100.439538
-3.416667,7,100.460631
-2.5,7,100.474068
-2.083333,5,100.484851
-2.083333,5,100.493967
-2.083333,5,100.506447
-2.083333,5,100.514623
-2.083333,5,100.527395
-2.083333,5,100.535241
-2.083333,5,100.546929
-2.083333,5,100.555058
-2.083333,5,100.565094
-2.5,7,100.576458
-2.083333,5,100.586238
-2.083333,5,100.595162
-2.083333,5,100.605695
-2.083333,5,100.615367
-2.083333,5,100.626101
-2.083333,5,100.633692
-2.083333,5,100.649082
-2.083333,5,100.656439
-2.083333,5,100.666154
-2.083333,5,100.67411
-2.083333,5,100.684315
-2.083333,5,100.69902
-2.083333,5,100.735379
-2.083333,5,100.762588
-2.083333,5,100.797402
-2.083333,5,100.822644
-2.083333,5,100.864086
-2.083333,5,100.896173
-2.083333,5,100.927705
-2.083333,5,100.955521
-2.083333,5,100.989892
-2.083333,5,101.018253
-2.083333,5,101.056636
-3.333333,7,101.092579
-2.583333,7,101.139838
-2.583333,5,101.161398
-2.083333,5,101.196377
-2.083333,5,101.221296
-2.083333,5,101.245367
-2.083333,5,101.252393
-2.083333,5,101.26167
-2.083333,5,101.269245
-2.416667,5,101.280327
-2.083333,5,101.288514
-2.083333,5,101.298203
-2.083333,5,101.307135
-2.083333,5,101.318896
-2.083333,5,101.327458
-2.083333,5,101.336293
-2.083333,5,101.34263
-2.083333,5,101.350531
-2.666667,7,101.360045
-2.083333,5,101.369
-2.583333,5,101.37535
-2.083333,5,101.384905
-2.083333,5,101.392261
-2.083333,5,101.401376
-2.083333,5,101.407818
-2.083333,5,101.417356
-2.083333,5,101.424741
-2.083333,5,101.448113
-2.083333,5,101.457604
-2.083333,5,101.47322
-2.083333,5,101.483723
-2.083333,5,101.495032
-4.083333,7,101.504471
-2.083333,5,101.515255
-2.083333,5,101.522649
-2.083333,5,101.532294
-2.083333,5,101.54001
-2.083333,5,101.549766
-2.361111,7,101.559048
-2.083333,5,101.568391
-2.416667,5,101.575551
-2.083333,5,101.585363
-2.083333,5,101.593852
-2.083333,5,101.602802
-2.916667,7,101.612883
-2.583333,7,101.62433
-2.083333,5,101.631002
-2.083333,5,101.64054
-2.083333,5,101.648128
-2.083333,5,101.656337
-2.083333,5,101.663226
-2.083333,5,101.671788
-2.083333,5,101.678185
-2.083333,5,101.68664
-2.916667,7,101.696332
-2.083333,5,101.705421
-2.666667,7,101.715317
-2.083333,5,101.724918
-2.083333,5,101.731377
-2.083333,5,101.74125
-2.083333,5,101.748043
-2.083333,5,101.75683
-2.083333,5,101.763211
-2.083333,5,101.773965
-2.083333,5,101.781211
-2.083333,5,101.78974
-2.083333,5,101.796173
-2.083333,5,101.805402
-2.083333,5,101.812535
-2.083333,5,101.821108
-2.083333,5,101.828255
-2.083333,5,101.837593
-2.083333,5,101.843596
-2.083333,5,101.852557
-2.083333,5,101.85918
-2.083333,5,101.867647
-2.083333,5,101.873834
-2.083333,5,101.882231
-2.083333,5,101.890946
-2.083333,5,101.899956
-2.083333,5,101.906947
-2.083333,5,101.915491
-2.083333,5,101.923209
-2.083333,5,101.93259
-2.083333,5,101.942438
-2.083333,5,101.952772
-2.083333,5,101.960204
-2.416667,5,101.97106
-2.083333,5,101.977841
-2.083333,5,101.986325
-2.083333,5,101.993486
-2.083333,5,102.003513
-2.083333,5,102.010436
-2.083333,5,102.018947
-2.083333,5,102.025735
-2.083333,5,102.034633
-2.083333,5,102.041564
-2.083333,5,102.051022
-2.083333,5,102.057532
-2.083333,5,102.066416
-2.083333,5,102.07305
-2.583333,5,102.081081
-2.083333,5,102.088209
-2.083333,5,102.096892
-2.083333,5,102.10422
-2.083333,5,102.113628
-2.083333,5,102.121043
-2.083333,5,102.131009
-2.083333,5,102.137312
-2.083333,5,102.146246
-2.083333,5,102.154585
-2.083333,5,102.162945
-2.083333,5,102.169395
-2.083333,5,102.178005
-2.083333,5,102.184634
-2.083333,5,102.193537
-2.083333,5,102.202329
-2.083333,5,102.211241
-2.083333,5,102.218892
-2.083333,5,102.22837
-5.25,9,102.240131
-2.083333,5,102.249602
-2.083333,5,102.25586
-2.583333,5,102.26391
-2.666667,7,102.273464
-2.083333,5,102.281835
-2.083333,5,102.293583
-2.083333,5,102.302407
-2.083333,5,102.309043
-2.083333,5,102.317829
-2.083333,5,102.325235
-2.583333,5,102.334171
-2.083333,5,102.340819
-2.083333,5,102.349108
-2.083333,5,102.356325
-2.083333,5,102.364787
-2.083333,5,102.37128
-2.083333,5,102.380047
-4.083333,7,102.389386
-2.083333,5,102.398844
-2.083333,5,102.406093
-2.083333,5,102.425924
-2.083333,5,102.436302
-2.083333,5,102.446146
-2.083333,5,102.455256
-2.666667,7,102.470126
-4.583333,7,102.480237
-2.083333,5,102.491251
-2.083333,5,102.49964
-4.083333,7,102.512147
-2.583333,7,102.522688
-2.083333,5,102.533293
-2.083333,5,102.541272
-2.583333,7,102.553368
-2.083333,5,102.56008
-2.083333,5,102.568914
-2.083333,5,102.575292
-2.083333,5,102.584261
-2.083333,5,102.590931
-2.083333,5,102.598984
-2.083333,5,102.60605
-2.083333,5,102.614565
-2.083333,5,102.621419
-2.416667,5,102.631018
-2.583333,5,102.637095
-2.083333,5,102.645451
-2.083333,5,102.651913
-2.083333,5,102.660556
-2.083333,5,102.666863
-2.083333,5,102.675907
-2.083333,5,102.682856
-2.083333,5,102.691577
-3.583333,7,102.701372
-2.083333,5,102.709515
-2.666667,7,102.71872
-2.083333,5,102.727325
-2.083333,5,102.734185
-2.083333,5,102.743117
-2.083333,5,102.751598
-2.083333,5,102.760846
-2.083333,5,102.768411
-2.5,7,102.781027
-2.083333,5,102.788771
-2.083333,5,102.797403
-2.083333,5,102.80515
-2.416667,5,102.813972
-2.861111,7,102.823473
-2.083333,5,102.832804
-2.083333,5,102.839862
-2.083333,5,102.849092
-2.083333,5,102.856586
-2.083333,5,102.866655
-2.583333,5,102.87335
-2.083333,5,102.882453
-2.083333,5,102.893239
-2.083333,5,102.91989
-2.083333,5,102.943661
-2.083333,5,102.971804
-2.083333,5,102.993141
-2.083333,5,103.023937
-2.361111,7,103.059288
-2.083333,5,103.087729
-2.083333,5,103.110253
-2.083333,5,103.138915
-2.083333,5,103.166137
-2.583333,7,103.208803
-2.083333,5,103.228885
-2.083333,5,103.257556
-2.416667,5,103.264197
-2.916667,7,103.279159
-3.583333,7,103.289105
-2.083333,5,103.297865
-2.083333,5,103.306527
-2.083333,5,103.317874
-2.083333,5,103.326983
-2.083333,5,103.339832
-2.583333,5,103.346133
-2.083333,5,103.357035
-2.083333,5,103.364572
-2.083333,5,103.37475
-2.083333,5,103.391441
-2.083333,5,103.405515
-2.083333,5,103.421297
-2.083333,5,103.432083
-2.083333,5,103.439306
-2.083333,5,103.448689
-2.083333,5,103.455912
-2.083333,5,103.465359
-2.083333,5,103.473079
-2.083333,5,103.4832
-2.583333,7,103.492879
-2.083333,5,103.502833
-2.083333,5,103.50999
-2.083333,5,103.519701
-2.083333,5,103.526572
-2.083333,5,103.535006
-2.083333,5,103.542235
-2.083333,5,103.551265
-2.083333,5,103.558162
-2.083333,5,103.566448
-2.583333,5,103.573123
-2.083333,5,103.581116
-2.083333,5,103.587412
-2.083333,5,103.595551
-2.5,7,103.604662
-2.083333,5,103.612884
-2.083333,5,103.619504
-2.083333,5,103.628022
-2.083333,5,103.633971
-2.583333,5,103.64205
-2.083333,5,103.648747
-2.083333,5,103.657133
-2.083333,5,103.663496
-2.083333,5,103.672519
-2.083333,5,103.678722
-3.333333,7,103.690145
-2.083333,5,103.696752
-2.083333,5,103.705084
-2.083333,5,103.711781
-2.083333,5,103.72012
-2.083333,5,103.727595
-2.083333,5,103.738144
-2.083333,5,103.74508
-2.083333,5,103.755818
-2.083333,5,103.764703
-2.083333,5,103.776417
-2.083333,5,103.785849
-2.083333,5,103.795108
-3.166667,9,103.809631
-2.083333,5,103.818919
-2.5,7,103.828436
-2.083333,5,103.837564
-2.083333,5,103.844892
-2.083333,5,103.853496
-2.083333,5,103.860476
-2.083333,5,103.869537
-2.083333,5,103.876683
-2.083333,5,103.886308
-2.083333,5,103.892879
-2.083333,5,103.901869
-2.083333,5,103.909333
-2.083333,5,103.919502
-2.083333,5,103.926672
-2.083333,5,103.935411
-2.083333,5,103.94226
-2.083333,5,103.951437
-2.083333,5,103.958995
-2.083333,5,103.969345
-2.083333,5,103.977032
-2.083333,5,103.985652
-2.083333,5,103.99266
-2.083333,5,104.001416
-2.916667,7,104.010109
-2.083333,5,104.018188
-3.583333,7,104.0271
-2.083333,5,104.036347
-2.083333,5,104.042803
-2.083333,5,104.051313
-3.416667,7,104.060317
-2.083333,5,104.069523
-2.083333,5,104.07615
-2.083333,5,104.084724
-2.416667,5,104.090913
-2.916667,7,104.102294
-2.083333,5,104.108796
-2.083333,5,104.117141
-2.083333,5,104.123364
-2.083333,5,104.131669
-2.083333,5,104.138181
-2.083333,5,104.145862
-2.083333,5,104.152448
-2.083333,5,104.16238
-2.083333,5,104.168541
-2.083333,5,104.176667
-2.083333,5,104.182975
-2.083333,5,104.191059
-2.083333,5,104.203183
-2.083333,5,104.211215
-2.083333,5,104.21773
-2.083333,5,104.226873
-2.083333,5,104.233413
-2.083333,5,104.241166
-2.083333,5,104.247803
-2.083333,5,104.256447
-2.083333,5,104.263182
-2.083333,5,104.271649
-2.083333,5,104.278135
-2.083333,5,104.286635
-2.083333,5,104.293108
-2.083333,5,104.302186
-2.083333,5,104.308678
-2.416667,5,104.316802
-2.083333,5,104.322862
-2.083333,5,104.331932
-2.083333,5,104.34029
-2.083333,5,104.349032
-2.083333,5,104.354846
-2.083333,5,104.363894
-2.083333,5,104.376325
-2.083333,5,104.387001
-2.583333,5,104.394869
-2.083333,5,104.406281
-2.083333,5,104.415263
-2.083333,5,104.426939
-2.083333,5,104.433897
-2.083333,5,104.443416
-2.083333,5,104.451355
-2.083333,5,104.461015
-2.083333,5,104.467976
-2.583333,5,104.476995
-2.083333,5,104.483761
-2.083333,5,104.492179
-2.083333,5,104.498554
-2.083333,5,104.506585
-2.083333,5,104.512936
-2.083333,5,104.52144
-2.083333,5,104.528805
-2.083333,5,104.537099
-2.083333,5,104.543534
-2.083333,5,104.551588
-2.083333,5,104.557957
-2.083333,5,104.565673
-2.083333,5,104.572698
-2.083333,5,104.581263
-2.583333,5,104.587435
-2.083333,5,104.595323
-2.083333,5,104.601725
-2.083333,5,104.610077
-2.083333,5,104.616624
-2.083333,5,104.624797
-2.083333,5,104.631246
-2.083333,5,104.639155
-2.083333,5,104.646633
-2.083333,5,104.656079
-2.083333,5,104.662488
-2.583333,5,104.671649
-2.083333,5,104.681082
-2.583333,5,104.68959
-2.083333,5,104.696646
-2.083333,5,104.705271
-2.083333,5,104.712542
-2.083333,5,104.722332
-2.5,7,104.732208
-2.083333,5,104.741112
-2.083333,5,104.747919
-2.083333,5,104.757187
-2.083333,5,104.764164
-2.583333,7,104.774382
-3.416667,7,107.302703
-2.666667,7,107.313763
-2.916667,7,107.323731
-2.083333,5,107.332642
-2.083333,5,107.33922
-2.416667,5,107.347164
-2.5,7,107.35566
-2.083333,5,107.364353
-2.083333,5,107.370896
-2.083333,5,107.37969
-2.083333,5,107.38649
-2.083333,5,107.394732
-2.083333,5,107.401026
-2.083333,5,107.410274
-3.416667,7,107.418913
-2.083333,5,107.438338
-2.083333,5,107.465862
-2.083333,5,107.508511
-2.083333,5,107.538377
-2.083333,5,107.572374
-2.083333,5,107.597577
-2.083333,5,107.633422
-2.083333,5,107.662283
-2.083333,5,107.696455
-2.083333,5,107.722996
-2.083333,5,107.760269
-2.083333,5,107.784184
-2.083333,5,107.802953
-2.083333,5,107.809641
-2.083333,5,107.819467
-2.083333,5,107.825838
-2.083333,5,107.835052
-2.083333,5,107.842643
-2.083333,5,107.853682
-2.361111,7,107.863561
-2.083333,5,107.872391
-2.083333,5,107.879543
-2.583333,5,107.911859
-2.083333,5,107.922754
-2.083333,5,107.936244
-2.083333,5,107.944286
-2.083333,5,107.95557
-2.083333,5,107.962935
-2.416667,5,107.971761
-2.083333,5,107.979016
-2.583333,5,107.989655
-2.583333,5,107.997018
-2.083333,5,108.007366
-2.083333,5,108.014973
-2.083333,5,108.024411
-2.083333,5,108.031746
-2.083333,5,108.041984
-2.083333,5,108.051326
-2.083333,5,108.061951
-3.583333,7,108.071841
-2.083333,5,108.080929
-2.083333,5,108.088205
-2.083333,5,108.097248
-2.083333,5,108.104244
-2.083333,5,108.114386
-2.083333,5,108.123102
-2.083333,5,108.134454
-2.083333,5,108.142518
-2.083333,5,108.152292
-2.083333,5,108.161218
-2.083333,5,108.175387
-2.083333,5,108.186284
-2.083333,5,108.196554
-2.416667,5,108.203214
-2.083333,5,108.213046
-2.083333,5,108.220145
-2.583333,5,108.229177
-2.083333,5,108.236664
-2.083333,5,108.247662
-2.083333,5,108.257417
-2.083333,5,108.267897
-2.083333,5,108.27694
-2.083333,5,108.286099
-2.5,7,108.295472
-2.083333,5,108.304547
-2.416667,5,108.310867
-2.083333,5,108.319955
-2.083333,5,108.326993
-2.083333,5,108.335991
-2.083333,5,108.343107
-2.083333,5,108.352219
-3.416667,7,108.361671
-2.083333,5,108.370699
-2.083333,5,108.377144
-2.083333,5,108.3861
-2.083333,5,108.393365
-2.083333,5,108.401518
-2.083333,5,108.407896
-2.083333,5,108.41644
-2.083333,5,108.422932
-2.083333,5,108.432361
-2.083333,5,108.439188
-2.083333,5,108.448533
-2.083333,5,108.455458
-2.083333,5,108.464848
-2.083333,5,108.471751
-2.916667,5,108.479178
-2.083333,5,108.486028
-2.083333,5,108.494342
-2.083333,5,108.501115
-2.583333,5,108.509365
-2.083333,5,108.516647
-2.083333,5,108.526863
-2.083333,5,108.534484
-2.583333,5,108.542595
-2.083333,5,108.549152
-2.083333,5,108.558326
-2.083333,5,108.565033
-2.083333,5,108.576286
-2.083333,5,108.583926
-2.083333,5,108.592958
-2.083333,5,108.601546
-2.083333,5,108.609566
-2.083333,5,108.618741
-2.083333,5,108.628659
-2.083333,5,108.634896
-2.083333,5,108.645218
-3.0,7,108.655782
-2.083333,5,108.670248
-2.083333,5,108.677748
-2.083333,5,108.68675
-2.083333,5,108.694194
-2.083333,5,108.703463
-2.583333,5,108.709037
-2.083333,5,108.719192
-2.083333,5,108.726307
-2.083333,5,108.73589
-2.083333,5,108.742843
-2.083333,5,108.751948
-2.083333,5,108.758608
-2.583333,5,108.767881
-2.083333,5,108.778274
-2.083333,5,108.788873
-2.083333,5,108.795692
-2.083333,5,108.805429
-2.083333,5,108.812691
-2.083333,5,108.82167
-2.083333,5,108.829339
-2.083333,5,108.838429
-2.083333,5,108.845368
-2.416667,5,108.854298
-2.083333,5,108.861509
-2.083333,5,108.871071
-2.083333,5,108.905882
-2.083333,5,108.915538
-2.083333,5,108.926306
-2.083333,5,108.942946
-2.083333,5,108.950289
-2.083333,5,108.960582
-2.083333,5,108.967727
-2.083333,5,108.976536
-2.083333,5,108.985662
-2.083333,5,108.995862
-2.083333,5,109.003343
-2.083333,5,109.013573
-2.083333,5,109.02034
-2.083333,5,109.030024
-2.083333,5,109.037328
-2.583333,5,109.045723
-2.083333,5,109.052771
-2.083333,5,109.061798
-2.416667,5,109.068839
-2.083333,5,109.078686
-2.666667,7,109.089042
-2.083333,5,109.098184
-2.083333,5,109.104464
-2.083333,5,109.11283
-2.083333,5,109.119684
-2.083333,5,109.12817
-2.083333,5,109.134408
-2.083333,5,109.144722
-2.083333,5,109.15185
-2.083333,5,109.160581
-2.083333,5,109.169357
-2.083333,5,109.179025
-2.916667,7,109.189164
-2.083333,5,109.198223
-2.083333,5,109.205238
-2.083333,5,109.214004
-2.083333,5,109.220697
-2.083333,5,109.230369
-2.083333,5,109.23742
-2.083333,5,109.245848
-2.083333,5,109.252469
-2.083333,5,109.260614
-2.083333,5,109.268528
-2.083333,5,109.276862
-2.916667,7,109.285712
-2.083333,5,109.294527
-2.083333,5,109.301785
-2.083333,5,109.310375
-3.583333,7,109.31967
-2.083333,5,109.327372
-2.083333,5,109.333635
-2.083333,5,109.342228
-2.083333,5,109.348805
-2.083333,5,109.357732
-2.777778,9,109.370417
-2.083333,5,109.381508
-2.083333,5,109.389249
-2.083333,5,109.399445
-2.083333,5,109.406333
-2.083333,5,109.415839
-2.083333,5,109.423062
-2.083333,5,109.431648
-2.083333,5,109.438503
-2.083333,5,109.466916
-2.083333,5,109.497161
-2.083333,5,109.536324
-3.0,9,109.58368
-2.083333,5,109.611893
-2.083333,5,109.639575
-2.083333,5,109.664954
-2.083333,5,109.687572
-2.083333,5,109.717458
-2.083333,5,109.742016
-2.083333,5,109.774135
-2.083333,5,109.798514
-2.083333,5,109.81643
-2.083333,5,109.823354
-2.083333,5,109.832942
-2.583333,5,109.838909
-2.083333,5,109.84859
-2.083333,5,109.871014
-2.083333,5,109.881253
-2.083333,5,109.896547
-2.5,7,109.910502
-2.361111,7,109.922852
-2.083333,5,109.932621
-2.083333,5,109.939348
-2.416667,5,109.95065
-2.083333,5,109.959583
-2.083333,5,109.970494
-2.083333,5,109.977853
-2.083333,5,109.986246
-2.083333,5,109.993672
-2.083333,5,110.003412
-2.083333,5,110.010978
-2.083333,5,110.021238
-2.083333,5,110.028968
-2.083333,5,110.038333
-2.083333,5,110.04535
-2.083333,5,110.05417
-2.083333,5,110.063417
-2.083333,5,110.073333
-2.083333,5,110.080594
-2.916667,7,110.093121
-2.083333,5,110.100217
-2.083333,5,110.109483
-2.916667,9,110.122106
-2.083333,5,110.131493
-2.083333,5,110.138415
-2.083333,5,110.149846
-2.083333,5,110.157237
-2.083333,5,110.166166
-2.083333,5,110.17348
-2.083333,5,110.184188
-2.583333,5,110.191127
-2.083333,5,110.199542
-2.083333,5,110.205943
-2.083333,5,110.214328
-2.083333,5,110.221535
-2.083333,5,110.230093
-2.916667,7,110.239847
-2.083333,5,110.248026
-2.083333,5,110.25493
-2.5,7,110.266593
-2.083333,5,110.272556
-2.083333,5,110.280855
-2.083333,5,110.287647
-2.416667,5,110.295765
-2.583333,5,110.301579
-2.083333,5,110.309651
-2.083333,5,110.3164
-2.083333,5,110.324815
-2.083333,5,110.331639
-2.083333,5,110.34064
-2.083333,5,110.347258
-2.083333,5,110.355153
-2.083333,5,110.361428
-2.083333,5,110.370214
-2.083333,5,110.376902
-2.083333,5,110.386038
-3.583333,7,110.395088
-2.083333,5,110.404714
-3.0,7,110.414643
-2.083333,5,110.423392
-2.083333,5,110.431175
-2.083333,5,110.44203
-2.083333,5,110.449422
-2.083333,5,110.459007
-3.333333,7,110.468402
-2.083333,5,110.477565
-2.083333,5,110.487487
-2.083333,5,110.496646
-2.083333,5,110.503623
-3.583333,7,110.517133
-2.083333,5,110.524292
-2.916667,7,110.536363
-2.416667,5,110.542404
-2.083333,5,110.551645
-2.416667,5,110.558519
-2.083333,5,110.567958
-2.583333,5,110.574553
-2.083333,5,110.584728
-2.083333,5,110.59139
-2.083333,5,110.600478
-3.583333,7,110.610215
-2.083333,5,110.61834
-2.083333,5,110.624782
