#{"t_start": 1754807037.2687285, "env_id": "None"}
r,l,t
-1.0,1,0.032806
-1.0,1,0.05909
-1.0,1,0.06411
-1.0,1,0.068321
-1.0,1,0.073057
-0.25,1,0.077429
-0.3333333333333333,1,0.081579
-0.25,1,0.085343
-0.16666666666666666,1,0.089867
-0.2,1,0.094999
-0.2,1,0.099375
-0.25,1,0.103555
-0.3333333333333333,1,0.108751
-0.25,1,0.114762
-0.3,1,0.120939
-0.2,1,0.131461
-0.2222222222222222,1,0.140175
-0.2,1,0.149884
-0.3333333333333333,1,0.157875
-0.25,1,0.168404
-0.1,1,0.17488
-0.2,1,0.182273
-0.2,1,0.189622
-0.2,1,0.196402
-0.2,1,0.200919
-0.16666666666666666,1,0.204832
-0.2222222222222222,1,0.209158
-0.16666666666666666,1,0.213579
-0.2222222222222222,1,0.217172
-0.16666666666666666,1,0.220918
0.0,1,0.227241
-1.0,1,0.232666
-1.0,1,0.23661
-1.0,1,0.241239
-1.0,1,0.246621
-1.0,1,0.25096
-0.5,1,0.254937
-0.4,1,0.2595
-0.5,1,0.264994
-1.0,1,0.269053
-0.25,1,0.273644
-1.0,1,0.278451
-1.0,1,0.282242
-1.0,1,0.286051
-0.5,1,0.289791
-0.6666666666666666,1,0.294247
-1.0,1,0.297884
-1.0,1,0.301261
-0.75,1,0.30494
-0.4,1,0.31062
-0.25,1,0.314615
-0.3333333333333333,1,0.318285
-0.25,1,0.323445
-0.16666666666666666,1,0.328404
-0.125,1,0.332453
-0.3,1,0.336281
-0.25,1,0.340557
-0.3,1,0.345188
-0.06666666666666667,1,0.349206
-0.2,1,0.353538
-0.12,1,0.357763
-0.06666666666666667,1,0.362612
-0.16666666666666666,1,0.366977
-0.06666666666666667,1,0.373178
-0.16666666666666666,1,0.378606
-0.2,1,0.382799
-0.2,1,0.386912
-0.3333333333333333,1,0.391412
-0.2,1,0.395955
-0.2,1,0.400232
-0.2,1,0.404353
-0.2,1,0.408846
-0.25,1,0.413539
-0.3,1,0.418288
-0.12,1,0.42298
-0.1,1,0.427605
-0.25,1,0.432549
-0.2,1,0.436735
-0.3333333333333333,1,0.441813
-0.2,1,0.446878
0.0,1,0.451199
-1.0,1,0.45624
-1.0,1,0.460875
-0.6666666666666666,1,0.466752
-1.0,1,0.471266
-1.0,1,0.476283
-1.0,1,0.48103
-0.6666666666666666,1,0.48535
-1.0,1,0.490864
-1.0,1,0.495504
-1.0,1,0.49953
-0.6666666666666666,1,0.503301
-0.5,1,0.507578
-0.2,1,0.512184
-0.5,1,0.51604
-0.3333333333333333,1,0.521672
-0.5555555555555556,1,0.527199
-0.6666666666666666,1,0.53161
-0.5555555555555556,1,0.535207
-0.16666666666666666,1,0.539648
-0.3333333333333333,1,0.544734
-0.3333333333333333,1,0.549249
-0.3333333333333333,1,0.55362
-0.3333333333333333,1,0.558638
-0.7777777777777778,1,0.56354
-0.6666666666666666,1,0.568057
-0.3333333333333333,1,0.572769
-0.3333333333333333,1,0.578685
-0.3333333333333333,1,0.582676
-0.6666666666666666,1,0.586805
-0.3333333333333333,1,0.591215
-0.3333333333333333,1,0.595885
-0.3333333333333333,1,0.599953
-0.3333333333333333,1,0.604154
-0.3333333333333333,1,0.608919
-0.16666666666666666,1,0.613908
-0.06666666666666667,1,0.618143
-0.16666666666666666,1,0.622624
-0.3333333333333333,1,0.627681
-0.3333333333333333,1,0.63195
-0.2,1,0.637102
-0.4,1,0.641919
-0.16666666666666666,1,0.646056
-0.2222222222222222,1,0.656263
-0.16666666666666666,1,0.66957
-0.2222222222222222,1,0.681457
-0.16666666666666666,1,0.688023
-0.2,1,0.697834
-0.25,1,0.711831
-0.4,1,0.719862
-0.75,1,0.729191
-0.3333333333333333,1,0.737112
-0.25,1,0.744458
-0.1,1,0.749299
-0.25,1,0.753657
-0.2,1,0.758136
-0.25,1,0.76336
-0.16666666666666666,1,0.768107
-0.2,1,0.772159
-0.2,1,0.777542
-0.16666666666666666,1,0.781784
-0.2222222222222222,1,0.785837
-0.16666666666666666,1,0.790524
-0.2222222222222222,1,0.795205
-0.16666666666666666,1,0.799539
0.0,1,0.803524
-1.0,1,0.808994
-1.0,1,0.813574
-0.6666666666666666,1,0.817665
-0.3333333333333333,1,0.82252
-0.3333333333333333,1,0.840562
-0.2,1,0.858743
-0.2222222222222222,1,0.86629
-0.2,1,0.871407
-0.3333333333333333,1,0.877976
-0.75,1,0.884772
-0.3333333333333333,1,0.888912
-0.125,1,0.893316
-0.3333333333333333,1,0.898296
-0.25,1,0.902428
-0.1,1,0.906964
-0.25,1,0.911849
-0.3333333333333333,1,0.916142
-0.3333333333333333,1,0.920371
-0.2,1,0.924761
-0.25,1,0.929614
-0.16666666666666666,1,0.934087
-0.3333333333333333,1,0.938043
-0.6666666666666666,1,0.942145
-0.3333333333333333,1,0.947074
-0.3333333333333333,1,0.951575
-0.25,1,0.955518
-0.3333333333333333,1,0.961008
-0.25,1,0.96531
-0.3333333333333333,1,0.968976
-0.5,1,0.973196
-0.6666666666666666,1,0.978952
-0.3333333333333333,1,0.984497
-0.6666666666666666,1,0.989176
-0.5,1,0.99809
-0.3333333333333333,1,1.00507
-0.06666666666666667,1,1.009193
-0.3,1,1.012631
-0.125,1,1.016784
-0.3,1,1.020313
-0.16666666666666666,1,1.025174
-0.3,1,1.031203
-0.16666666666666666,1,1.035291
0.0,1,1.041398
-1.0,1,1.045326
-1.0,1,1.04986
-1.0,1,1.05371
-0.5,1,1.06193
-0.3333333333333333,1,1.068534
-0.25,1,1.075595
-0.3333333333333333,1,1.082859
-0.25,1,1.089388
-0.1,1,1.095479
-0.25,1,1.101217
-0.3333333333333333,1,1.105699
-0.25,1,1.112218
-0.1,1,1.116541
-0.2,1,1.120193
-0.1,1,1.123954
-0.25,1,1.12781
-0.2,1,1.131887
-0.2,1,1.135924
-0.2222222222222222,1,1.139671
-0.16666666666666666,1,1.143211
-0.2,1,1.146868
-0.5,1,1.150625
-0.4,1,1.154483
-0.16666666666666666,1,1.158102
-0.2222222222222222,1,1.161666
-0.16666666666666666,1,1.165689
-0.2,1,1.169577
-0.2,1,1.17412
-0.3333333333333333,1,1.178336
-0.25,1,1.182317
-0.16666666666666666,1,1.186179
-0.5,1,1.190422
-0.2,1,1.194235
-0.3333333333333333,1,1.198352
-0.2,1,1.201841
-0.25,1,1.205124
-0.2,1,1.208437
-0.25,1,1.21216
-0.1,1,1.215338
-0.2,1,1.218819
-0.2,1,1.222254
-0.12,1,1.226171
-0.2,1,1.233678
-0.3333333333333333,1,1.23875
-0.1,1,1.242628
-0.2,1,1.246965
-0.2,1,1.251474
-0.2,1,1.2561
-0.2,1,1.260225
-0.25,1,1.264126
0.0,1,1.268126
-1.0,1,1.272125
-1.0,1,1.276695
-1.0,1,1.280222
-0.5555555555555556,1,1.284037
-0.6666666666666666,1,1.288656
-0.5,1,1.292326
-0.4,1,1.295972
-0.75,1,1.299651
-1.0,1,1.303725
-1.0,1,1.307613
-0.6666666666666666,1,1.311411
-0.5,1,1.315511
-0.6666666666666666,1,1.319175
-0.75,1,1.322791
-0.16666666666666666,1,1.326556
-0.06666666666666667,1,1.330342
-0.3,1,1.374307
-0.12,1,1.423923
-0.2,1,1.428564
-0.12,1,1.433167
-0.06666666666666667,1,1.437508
-0.16666666666666666,1,1.44197
-0.2,1,1.448336
-0.12,1,1.453074
-0.3,1,1.457273
-0.12,1,1.461391
-0.3,1,1.466219
-0.25,1,1.470348
-0.2,1,1.474042
-0.25,1,1.480312
-0.1,1,1.484869
-0.2,1,1.489319
-0.4,1,1.49355
-0.5,1,1.497703
-0.3333333333333333,1,1.501885
-0.25,1,1.507189
-0.2,1,1.511518
-0.12,1,1.51613
-0.3,1,1.52051
-0.2,1,1.524966
-0.2,1,1.528818
-0.3333333333333333,1,1.532729
-0.2222222222222222,1,1.536563
-0.3333333333333333,1,1.54062
-0.2222222222222222,1,1.544703
-0.16666666666666666,1,1.548782
-0.06666666666666667,1,1.552991
-0.12,1,1.557448
-0.06666666666666667,1,1.561126
-0.2,1,1.564952
-0.06666666666666667,1,1.569032
-0.12,1,1.572764
-0.3,1,1.57674
-0.12,1,1.580679
-0.1,1,1.586671
-0.3333333333333333,1,1.591458
-0.2,1,1.59719
0.0,1,1.604649
-1.0,1,1.609861
-1.0,1,1.617032
-0.6666666666666666,1,1.623879
-1.0,1,1.628072
-1.0,1,1.63228
-1.0,1,1.635827
-1.0,1,1.639286
-1.0,1,1.642899
-1.0,1,1.64712
-0.5,1,1.651096
-0.3333333333333333,1,1.654837
-0.25,1,1.658949
-0.3333333333333333,1,1.663636
-0.3333333333333333,1,1.667275
-0.1,1,1.670854
-0.3333333333333333,1,1.67501
-0.2,1,1.679354
-0.2,1,1.683364
-0.2222222222222222,1,1.687238
-0.16666666666666666,1,1.690695
-0.2,1,1.695152
-0.5,1,1.699131
-0.3333333333333333,1,1.702788
-0.2,1,1.708584
-0.2,1,1.712986
-0.2,1,1.716795
0.0,1,1.720325
-1.0,1,1.724961
-1.0,1,1.729014
-0.6666666666666666,1,1.732224
-0.5,1,1.736
-0.3333333333333333,1,1.740729
-0.25,1,1.745402
-0.2,1,1.749484
-0.16666666666666666,1,1.753767
-0.06666666666666667,1,1.758167
-0.12,1,1.762356
-0.06666666666666667,1,1.766512
-0.2,1,1.773801
0.0,1,1.783314
-1.0,1,1.789181
-1.0,1,1.796747
-1.0,1,1.802889
-1.0,1,1.809341
-1.0,1,1.815201
-0.75,1,1.819189
-0.16666666666666666,1,1.824414
-0.06666666666666667,1,1.829134
-0.2,1,1.833413
-0.2,1,1.837152
-0.16666666666666666,1,1.840919
-0.75,1,1.845138
-0.16666666666666666,1,1.848727
-0.125,1,1.852892
-0.2,1,1.858043
-0.2,1,1.863064
-0.2222222222222222,1,1.867325
-0.2,1,1.871228
0.0,1,1.875733
-1.0,1,1.880128
-0.5,1,1.884078
-0.3333333333333333,1,1.888287
-0.5,1,1.892988
-0.6666666666666666,1,1.897548
-0.3333333333333333,1,1.901728
-0.3333333333333333,1,1.906676
-0.25,1,1.91095
-0.2,1,1.915432
-0.2,1,1.919611
-0.3333333333333333,1,1.923512
-0.3333333333333333,1,1.92747
-0.2,1,1.931916
-0.16666666666666666,1,1.936194
-0.2222222222222222,1,1.943177
-0.16666666666666666,1,1.948882
-1.0,1,1.953768
-0.16666666666666666,1,1.960896
-0.2222222222222222,1,1.986499
-0.2,1,2.007262
-0.2,1,2.026896
-0.2,1,2.032002
-0.16666666666666666,1,2.038099
-0.75,1,2.071541
-1.0,1,2.084121
-0.3333333333333333,1,2.089061
-0.6666666666666666,1,2.116639
-0.25,1,2.148139
-0.3333333333333333,1,2.179213
-0.25,1,2.193609
-1.0,1,2.20135
-0.25,1,2.207656
-0.3333333333333333,1,2.231753
-0.2,1,2.237032
-0.3333333333333333,1,2.243772
-0.7777777777777778,1,2.253091
-0.6666666666666666,1,2.267204
-0.7777777777777778,1,2.271716
-0.6666666666666666,1,2.285129
-0.3333333333333333,1,2.289696
-0.3333333333333333,1,2.303361
-0.25,1,2.321731
-0.3333333333333333,1,2.337053
-0.25,1,2.34389
0.0,1,2.350476
-1.0,1,2.356917
-1.0,1,2.363918
-0.3333333333333333,1,2.372123
-0.3333333333333333,1,2.379754
-0.3333333333333333,1,2.38539
-0.7777777777777778,1,2.390936
-0.3333333333333333,1,2.396061
-0.7777777777777778,1,2.400654
-0.3333333333333333,1,2.405102
-0.25,1,2.411056
-0.3333333333333333,1,2.416076
0.0,1,2.42067
-1.0,1,2.4256
-1.0,1,2.432059
-0.6666666666666666,1,2.436805
-1.0,1,2.441407
-0.6666666666666666,1,2.446627
-0.3333333333333333,1,2.450808
-0.6666666666666666,1,2.455482
-0.25,1,2.460344
-0.6666666666666666,1,2.465721
-0.25,1,2.470521
-0.3333333333333333,1,2.488513
-0.5555555555555556,1,2.522351
-0.3333333333333333,1,2.551772
-0.2,1,2.580463
-0.3333333333333333,1,2.586873
-0.3333333333333333,1,2.599553
-0.3333333333333333,1,2.621912
-0.3333333333333333,1,2.634277
-0.3333333333333333,1,2.642058
-0.25,1,2.648864
-0.2,1,2.658234
-0.25,1,2.664305
-0.3333333333333333,1,2.668703
-0.125,1,2.673035
-0.2,1,2.677685
-0.2,1,2.681927
-0.3333333333333333,1,2.685841
-0.5,1,2.689745
-0.4,1,2.69993
-0.06666666666666667,1,2.709065
-0.4,1,2.71544
-0.16666666666666666,1,2.719827
-0.2,1,2.726492
-0.2,1,2.737372
-0.3,1,2.753723
-0.125,1,2.766682
-0.3333333333333333,1,2.772501
-0.7777777777777778,1,2.779038
-0.3333333333333333,1,2.783867
-0.2,1,2.788515
-0.2222222222222222,1,2.793968
-0.16666666666666666,1,2.799128
-0.2222222222222222,1,2.803922
-0.2,1,2.809101
-0.3,1,2.813776
-0.12,1,2.818184
-0.2,1,2.822828
-0.2,1,2.829276
-0.2,1,2.834174
-0.12,1,2.838639
-0.2,1,2.844378
-0.25,1,2.851015
-0.2,1,2.856999
-0.25,1,2.871568
-0.1,1,2.879526
-0.125,1,2.887702
-0.3,1,2.895997
-0.12,1,2.907312
-0.1,1,2.914191
-0.2,1,2.91939
-0.3333333333333333,1,2.924579
-0.5,1,2.929504
-0.3333333333333333,1,2.933998
-0.5555555555555556,1,2.941483
-0.3333333333333333,1,2.946771
-0.3333333333333333,1,2.954147
-0.6666666666666666,1,2.98538
-0.3333333333333333,1,2.999879
-0.3333333333333333,1,3.013605
-0.3333333333333333,1,3.021742
-0.3333333333333333,1,3.025417
-0.75,1,3.029716
-0.16666666666666666,1,3.033588
-0.125,1,3.037262
-0.3333333333333333,1,3.040832
-0.3333333333333333,1,3.04504
-0.3333333333333333,1,3.048744
-0.25,1,3.052365
-0.1,1,3.056078
-0.25,1,3.059608
-0.2,1,3.065134
-0.2,1,3.069115
-0.3,1,3.073334
-0.2,1,3.078047
-0.2222222222222222,1,3.081724
-0.2,1,3.085308
-0.3333333333333333,1,3.090624
-0.3333333333333333,1,3.095455
-0.6666666666666666,1,3.100012
-1.0,1,3.103788
-1.0,1,3.107898
-1.0,1,3.111943
-1.0,1,3.115715
-1.0,1,3.119475
-1.0,1,3.123811
-1.0,1,3.128109
-0.4,1,3.132099
-0.5,1,3.135613
-0.3333333333333333,1,3.199666
-0.2,1,3.204538
-0.2222222222222222,1,3.20877
-0.2,1,3.213315
-0.4,1,3.218184
-0.2,1,3.222856
-0.3,1,3.227715
-0.125,1,3.234917
-0.3333333333333333,1,3.239174
-0.3333333333333333,1,3.243658
0.0,1,3.248315
-1.0,1,3.252664
-1.0,1,3.257696
-0.6666666666666666,1,3.262614
-1.0,1,3.266621
-0.6666666666666666,1,3.270586
-0.5555555555555556,1,3.275025
-0.16666666666666666,1,3.279685
-0.3333333333333333,1,3.283758
-0.16666666666666666,1,3.287342
-0.06666666666666667,1,3.2921
-0.16666666666666666,1,3.296138
-0.125,1,3.300077
-0.16666666666666666,1,3.303922
-0.2,1,3.308805
-0.2,1,3.313646
-0.25,1,3.318751
-0.2,1,3.322589
-0.2,1,3.32653
-0.1,1,3.330704
-0.2,1,3.334481
0.0,1,3.338665
-1.0,1,3.342491
-1.0,1,3.346472
-0.6666666666666666,1,3.349976
-0.3333333333333333,1,3.353671
0.0,1,3.357246
-1.0,1,3.361309
-1.0,1,3.365382
-0.6666666666666666,1,3.369376
-1.0,1,3.37352
-0.6666666666666666,1,3.377466
-0.3333333333333333,1,3.381511
-0.3333333333333333,1,3.385327
-0.3333333333333333,1,3.389383
0.0,1,3.394011
-1.0,1,3.398342
-1.0,1,3.402472
-1.0,1,3.408741
-1.0,1,3.412933
-1.0,1,3.417138
-1.0,1,3.42075
-0.4,1,3.424612
-0.16666666666666666,1,3.428377
-0.2222222222222222,1,3.434392
-0.16666666666666666,1,3.439461
-0.3,1,3.44626
-0.06666666666666667,1,3.450929
-0.4,1,3.454952
-0.16666666666666666,1,3.458916
-1.0,1,3.463537
-1.0,1,3.467933
-1.0,1,3.471744
-0.16666666666666666,1,3.475551
-0.2222222222222222,1,3.479625
-0.16666666666666666,1,3.484822
-0.4,1,3.488833
-0.75,1,3.495291
-1.0,1,3.502401
-0.5555555555555556,1,3.506578
-0.16666666666666666,1,3.510264
-0.25,1,3.514865
-0.2,1,3.518899
-0.16666666666666666,1,3.523519
-0.2222222222222222,1,3.530326
-0.16666666666666666,1,3.535152
-0.2222222222222222,1,3.539892
-0.16666666666666666,1,3.543828
-0.2222222222222222,1,3.54849
-0.2,1,3.552905
-0.2222222222222222,1,3.557763
-0.2,1,3.563251
0.0,1,3.568746
-1.0,1,3.574807
-1.0,1,3.578803
-0.6666666666666666,1,3.583866
-0.3333333333333333,1,3.587933
-0.6666666666666666,1,3.591742
-0.5,1,3.595796
-0.4,1,3.600337
-0.06666666666666667,1,3.604395
-0.2,1,3.608249
-0.25,1,3.611857
-0.2,1,3.615489
-0.16666666666666666,1,3.619558
-0.2,1,3.623405
0.0,1,3.627283
-1.0,1,3.631226
-0.5,1,3.63517
-0.6666666666666666,1,3.639411
-0.3333333333333333,1,3.642983
-0.3333333333333333,1,3.646539
-0.2,1,3.651609
-0.1,1,3.656126
-0.16666666666666666,1,3.65941
0.0,1,3.662778
-1.0,1,3.667163
-1.0,1,3.670929
-1.0,1,3.674754
-1.0,1,3.678497
-0.6666666666666666,1,3.683552
-0.3333333333333333,1,3.688304
-0.3333333333333333,1,3.695004
-0.25,1,3.701918
-0.3,1,3.707269
-0.16666666666666666,1,3.713356
-0.2222222222222222,1,3.720621
-0.3333333333333333,1,3.724599
0.0,1,3.728577
-1.0,1,3.732508
-1.0,1,3.736018
-1.0,1,3.739527
-1.0,1,3.743407
-1.0,1,3.748218
-1.0,1,3.752101
-0.2,1,3.755415
-0.2,1,3.759394
-0.3,1,3.763141
-0.2,1,3.767416
-0.2,1,3.771277
-0.25,1,3.775752
-0.2,1,3.779711
-0.2,1,3.783546
-0.3333333333333333,1,3.788054
-0.25,1,3.792496
-0.3333333333333333,1,3.797165
-0.25,1,3.802246
-0.2,1,3.807067
-0.12,1,3.812962
-0.06666666666666667,1,3.817367
-0.2,1,3.821681
-0.06666666666666667,1,3.826834
-0.12,1,3.831127
-0.06666666666666667,1,3.836132
-0.16666666666666666,1,3.841552
-0.06666666666666667,1,3.846164
-0.12,1,3.851145
-0.06666666666666667,1,3.855122
-0.16666666666666666,1,3.859407
-0.06666666666666667,1,3.863842
-0.16666666666666666,1,3.869819
-0.06666666666666667,1,3.87414
-0.16666666666666666,1,3.878193
-0.06666666666666667,1,3.882471
-0.16666666666666666,1,3.888032
-0.3,1,3.892087
-0.25,1,3.896543
-0.3333333333333333,1,3.900951
-0.25,1,3.905209
-0.3333333333333333,1,3.909469
-0.5,1,3.935468
-0.3333333333333333,1,3.944291
0.0,1,3.95139
-1.0,1,3.956216
-1.0,1,3.960859
-1.0,1,3.967953
-0.5,1,3.974222
-0.3333333333333333,1,3.982843
-0.25,1,3.988287
-0.3333333333333333,1,3.992814
-1.0,1,3.998001
-1.0,1,4.002978
-1.0,1,4.008297
-0.2,1,4.013461
-0.2,1,4.018065
-0.2222222222222222,1,4.022518
-0.2,1,4.026945
-0.2,1,4.032202
0.0,1,4.036822
-1.0,1,4.04147
-0.5,1,4.047101
-0.6666666666666666,1,4.051691
-0.3333333333333333,1,4.057189
-0.3333333333333333,1,4.065434
-0.5,1,4.069605
-1.0,1,4.086948
-0.5,1,4.107065
0.0,1,4.117786
-1.0,1,4.138784
-1.0,1,4.143271
-0.6666666666666666,1,4.155933
-0.5,1,4.185493
-0.4,1,4.192485
-0.2,1,4.211447
-0.2222222222222222,1,4.216969
-0.2,1,4.229429
0.0,1,4.257908
-1.0,1,4.267641
-1.0,1,4.288475
-0.6666666666666666,1,4.303928
-0.7777777777777778,1,4.312284
-0.3333333333333333,1,4.320954
-0.25,1,4.325191
-0.2,1,4.329572
-0.3333333333333333,1,4.333809
-0.1,1,4.338005
-0.12,1,4.342114
-0.2,1,4.346521
-0.2,1,4.351264
-0.3333333333333333,1,4.355631
-0.25,1,4.359961
-0.6666666666666666,1,4.364668
-0.5,1,4.36916
-0.2,1,4.374024
-0.2,1,4.378909
-0.3333333333333333,1,4.383284
-0.3333333333333333,1,4.388009
-0.1,1,4.392462
-0.3333333333333333,1,4.397528
-0.2,1,4.401937
-0.16666666666666666,1,4.406893
-0.2,1,4.411842
-0.16666666666666666,1,4.417274
-0.06666666666666667,1,4.421625
-0.12,1,4.426264
-0.3,1,4.431821
-0.25,1,4.438682
-0.2,1,4.445984
-0.2,1,4.455095
-0.2,1,4.459519
-0.2,1,4.46384
-0.2,1,4.467646
-0.2,1,4.471453
-0.2,1,4.47551
-0.2,1,4.479681
-0.2222222222222222,1,4.483849
-0.16666666666666666,1,4.487823
-0.2,1,4.492303
-0.2,1,4.49684
-0.06666666666666667,1,4.501212
-0.16666666666666666,1,4.505561
-0.2222222222222222,1,4.509933
-0.16666666666666666,1,4.514777
-0.2,1,4.518816
-0.12,1,4.524236
-0.2,1,4.529561
-0.16666666666666666,1,4.534347
-0.2222222222222222,1,4.538992
-0.3333333333333333,1,4.543368
0.0,1,4.547565
-1.0,1,4.551327
-1.0,1,4.555741
-0.6666666666666666,1,4.562193
-0.7777777777777778,1,4.566137
-0.3333333333333333,1,4.569993
-0.3333333333333333,1,4.574114
-0.6666666666666666,1,4.634477
-0.7777777777777778,1,4.639076
-0.3333333333333333,1,4.643348
-0.3333333333333333,1,4.648732
-0.6666666666666666,1,4.65349
-0.5,1,4.657974
-0.6666666666666666,1,4.662768
-0.3333333333333333,1,4.66735
-0.16666666666666666,1,4.672044
-0.75,1,4.676816
-1.0,1,4.681674
-0.5,1,4.685663
-1.0,1,4.689888
-1.0,1,4.694813
-0.6666666666666666,1,4.698868
-0.5,1,4.702838
-0.3333333333333333,1,4.707038
-0.3333333333333333,1,4.711696
-0.3333333333333333,1,4.715692
0.0,1,4.719676
-1.0,1,4.724079
-0.5,1,4.728194
-0.3333333333333333,1,4.73192
-0.5,1,4.735933
0.0,1,4.740582
-1.0,1,4.745275
-0.5,1,4.749456
-0.6666666666666666,1,4.754048
-0.5555555555555556,1,4.759498
-0.3333333333333333,1,4.76545
-0.06666666666666667,1,4.770765
-0.3,1,4.775113
-0.06666666666666667,1,4.779293
-0.4,1,4.783345
-0.06666666666666667,1,4.787411
-0.4,1,4.791328
-0.2,1,4.795743
-0.2222222222222222,1,4.799767
-0.16666666666666666,1,4.803663
-0.2,1,4.807282
-0.16666666666666666,1,4.812035
-0.06666666666666667,1,4.816274
-0.12,1,4.820282
-0.06666666666666667,1,4.823814
-0.12,1,4.82759
-0.06666666666666667,1,4.831691
-0.16666666666666666,1,4.83529
0.0,1,4.839292
-1.0,1,4.843927
-1.0,1,4.847802
-0.6666666666666666,1,4.851093
-1.0,1,4.854331
-0.6666666666666666,1,4.858282
-0.3333333333333333,1,4.86228
-0.3333333333333333,1,4.866061
-0.3333333333333333,1,4.869473
-0.2,1,4.873829
-0.25,1,4.878556
-0.3,1,4.882145
-0.12,1,4.885766
-0.1,1,4.891203
-0.3333333333333333,1,4.896459
-0.2,1,4.900039
-0.3333333333333333,1,4.904092
-0.3333333333333333,1,4.90828
-0.3333333333333333,1,4.912805
-0.2222222222222222,1,4.917171
-0.16666666666666666,1,4.922039
-0.2222222222222222,1,4.931063
-0.16666666666666666,1,4.935335
-0.2222222222222222,1,4.939924
-0.16666666666666666,1,4.944585
-0.4,1,4.94819
-0.5,1,4.951919
-1.0,1,4.95595
-0.3333333333333333,1,4.959824
-0.3333333333333333,1,4.963694
-0.25,1,4.967865
-0.1,1,4.972048
-0.3333333333333333,1,4.976405
-0.2222222222222222,1,4.980139
-0.16666666666666666,1,4.98397
-0.2222222222222222,1,4.988087
-0.16666666666666666,1,4.992457
-0.2,1,4.996427
-0.12,1,5.000586
-0.3,1,5.004596
-0.125,1,5.008626
-0.16666666666666666,1,5.012752
-0.75,1,5.019984
-0.3333333333333333,1,5.025661
-0.75,1,5.03513
-0.3333333333333333,1,5.041921
-0.3333333333333333,1,5.04926
-0.16666666666666666,1,5.053692
-0.25,1,5.06069
-0.2,1,5.069827
-0.25,1,5.074579
-0.2,1,5.079566
-0.16666666666666666,1,5.083505
-0.06666666666666667,1,5.08739
-0.12,1,5.09212
-0.2,1,5.096185
-0.2,1,5.100597
-0.2,1,5.105004
-0.2,1,5.109387
-0.2222222222222222,1,5.114015
-0.16666666666666666,1,5.118234
-0.2,1,5.123588
-0.12,1,5.128896
-0.3,1,5.133317
-0.125,1,5.137986
-0.16666666666666666,1,5.142338
-0.125,1,5.147361
-0.3333333333333333,1,5.151497
-0.2,1,5.156862
-0.3333333333333333,1,5.162045
-0.3333333333333333,1,5.165808
-0.3333333333333333,1,5.169739
-0.2,1,5.173981
-0.2,1,5.17902
-0.12,1,5.184726
-0.2,1,5.188335
-0.12,1,5.192246
-0.06666666666666667,1,5.196883
-0.12,1,5.200892
-0.06666666666666667,1,5.204761
-0.16666666666666666,1,5.208528
0.0,1,5.212644
-1.0,1,5.216557
-1.0,1,5.220274
-0.6666666666666666,1,5.226936
-1.0,1,5.231286
-1.0,1,5.234984
-1.0,1,5.238436
-1.0,1,5.242267
-1.0,1,5.246714
-0.4,1,5.250497
-0.16666666666666666,1,5.253946
-0.4,1,5.258396
-0.16666666666666666,1,5.263052
-0.2222222222222222,1,5.266751
-0.2,1,5.27062
-0.4,1,5.278249
-0.2,1,5.282694
-0.2,1,5.286711
-0.12,1,5.291367
-0.3,1,5.29579
-0.2,1,5.299345
-0.4,1,5.302801
-0.2,1,5.307924
-0.2,1,5.316006
-0.12,1,5.319367
-0.3,1,5.326209
-0.125,1,5.330745
-0.3333333333333333,1,5.334796
-0.75,1,5.338727
-0.3333333333333333,1,5.342689
-0.2,1,5.346957
-0.2222222222222222,1,5.350866
-0.2,1,5.354533
-0.2222222222222222,1,5.358729
-0.2,1,5.362658
-0.3333333333333333,1,5.366859
-0.125,1,5.37062
-0.16666666666666666,1,5.374494
-0.25,1,5.378897
-0.16666666666666666,1,5.382987
-0.5,1,5.386646
-0.6666666666666666,1,5.390206
-0.5,1,5.394375
-0.3333333333333333,1,5.398392
-0.25,1,5.402462
-0.3333333333333333,1,5.406493
-0.3333333333333333,1,5.410703
-0.2222222222222222,1,5.414456
-0.3333333333333333,1,5.418455
-0.2222222222222222,1,5.422577
-0.16666666666666666,1,5.426689
-0.06666666666666667,1,5.430655
-0.16666666666666666,1,5.434231
-0.06666666666666667,1,5.437566
-0.16666666666666666,1,5.441291
-0.2,1,5.445642
-0.25,1,5.449555
-0.16666666666666666,1,5.453316
-0.3333333333333333,1,5.45766
-0.6666666666666666,1,5.462979
-0.3333333333333333,1,5.467303
-0.3333333333333333,1,5.471855
-0.5555555555555556,1,5.47599
-0.3333333333333333,1,5.480115
-0.3333333333333333,1,5.48404
0.0,1,5.487759
-1.0,1,5.492511
-1.0,1,5.496488
-1.0,1,5.500123
-1.0,1,5.503747
-1.0,1,5.508868
-1.0,1,5.513269
-1.0,1,5.517228
-1.0,1,5.520668
-1.0,1,5.52424
-1.0,1,5.528562
-0.6666666666666666,1,5.532111
-0.3333333333333333,1,5.535236
-0.3333333333333333,1,5.538855
-0.3333333333333333,1,5.542648
0.0,1,5.54733
-1.0,1,5.551378
-1.0,1,5.555247
-0.6666666666666666,1,5.558719
-0.5,1,5.562777
-0.6666666666666666,1,5.566283
-0.5,1,5.569948
-0.4,1,5.574067
-0.3333333333333333,1,5.578004
-0.2,1,5.581952
-0.2,1,5.586277
-0.16666666666666666,1,5.591529
-0.75,1,5.596088
-0.3333333333333333,1,5.599696
-0.125,1,5.602851
-0.3333333333333333,1,5.607543
-0.3333333333333333,1,5.611605
-0.6666666666666666,1,5.615361
-0.5,1,5.61903
-0.16666666666666666,1,5.622965
-0.3333333333333333,1,5.627699
-0.6666666666666666,1,5.632201
-0.3333333333333333,1,5.636085
-0.6666666666666666,1,5.640207
-0.25,1,5.644886
-1.0,1,5.648455
-1.0,1,5.652106
-0.6666666666666666,1,5.655934
-0.5,1,5.659645
-0.16666666666666666,1,5.664116
-0.25,1,5.668195
-0.16666666666666666,1,5.671617
-0.125,1,5.675756
-0.3,1,5.679724
-0.12,1,5.683065
-0.2,1,5.686633
-0.12,1,5.690713
-0.06666666666666667,1,5.695465
-0.16666666666666666,1,5.699073
-0.2222222222222222,1,5.702514
-0.06666666666666667,1,5.707272
-0.2222222222222222,1,5.711653
-0.16666666666666666,1,5.715249
-0.3,1,5.71973
-0.16666666666666666,1,5.724115
-0.2,1,5.728558
-0.2,1,5.732418
-0.2222222222222222,1,5.736058
-0.2,1,5.805147
-0.3333333333333333,1,5.850402
-0.25,1,5.854639
-0.1,1,5.858707
-0.2,1,5.863043
-0.1,1,5.86741
-0.16666666666666666,1,5.871409
-0.2222222222222222,1,5.875434
-0.3333333333333333,1,5.880544
-0.3333333333333333,1,5.885253
-0.3333333333333333,1,5.890098
-0.2222222222222222,1,5.894037
-0.16666666666666666,1,5.898364
-0.2222222222222222,1,5.902324
-0.16666666666666666,1,5.90612
-0.2222222222222222,1,5.911223
-0.3333333333333333,1,5.915646
0.0,1,5.919688
-1.0,1,5.923434
-1.0,1,5.92786
-1.0,1,5.932744
-0.75,1,5.936975
-1.0,1,5.94077
-0.75,1,5.944734
-0.16666666666666666,1,5.948534
-0.2,1,5.952707
-0.2,1,5.957209
-0.25,1,5.96098
-0.3333333333333333,1,5.964495
-0.2,1,5.968297
-0.1,1,5.972557
-0.125,1,5.976262
-0.16666666666666666,1,5.979927
-0.125,1,5.983739
-0.3333333333333333,1,5.987455
-0.125,1,5.991041
-0.3333333333333333,1,5.994707
-0.25,1,5.99959
-0.1,1,6.003262
-0.16666666666666666,1,6.007161
-0.06666666666666667,1,6.01091
-0.16666666666666666,1,6.014832
-0.06666666666666667,1,6.019113
-0.16666666666666666,1,6.024844
-0.06666666666666667,1,6.029411
-0.12,1,6.03616
-0.1,1,6.040154
-0.16666666666666666,1,6.043623
-0.2222222222222222,1,6.047293
-0.16666666666666666,1,6.051686
-0.2222222222222222,1,6.055467
-0.2,1,6.059132
-0.4,1,6.062837
-0.3333333333333333,1,6.067846
-0.2222222222222222,1,6.071263
-0.16666666666666666,1,6.075011
-0.2222222222222222,1,6.079188
-0.2,1,6.083727
-0.3333333333333333,1,6.088147
-0.3333333333333333,1,6.101882
-0.6666666666666666,1,6.11157
-0.3333333333333333,1,6.116779
-0.3333333333333333,1,6.126244
-0.2,1,6.13372
-0.1,1,6.139844
-0.125,1,6.147021
-0.3,1,6.152738
-0.12,1,6.157691
-0.06666666666666667,1,6.162259
-0.2,1,6.16668
-0.2,1,6.170665
-0.2,1,6.174836
-0.4,1,6.17883
-0.2,1,6.183158
-0.4,1,6.187394
-0.75,1,6.193249
-0.3333333333333333,1,6.197582
-0.2,1,6.201725
-0.3,1,6.20574
-0.06666666666666667,1,6.209752
-0.2222222222222222,1,6.213631
-0.3333333333333333,1,6.21775
0.0,1,6.221959
-1.0,1,6.225956
-1.0,1,6.2299
-1.0,1,6.236063
-1.0,1,6.240308
-1.0,1,6.244467
-1.0,1,6.248458
-0.6666666666666666,1,6.252784
-0.3333333333333333,1,6.256616
-0.3333333333333333,1,6.261289
-0.2,1,6.265545
-0.3333333333333333,1,6.269541
-0.125,1,6.274265
-0.16666666666666666,1,6.277717
-0.5555555555555556,1,6.281984
-0.16666666666666666,1,6.285775
-0.3333333333333333,1,6.289804
-0.3333333333333333,1,6.293546
-0.2,1,6.297416
-0.3,1,6.30137
-0.25,1,6.305299
-0.16666666666666666,1,6.308903
-0.3333333333333333,1,6.312548
-0.1,1,6.31664
-0.16666666666666666,1,6.320727
-0.2222222222222222,1,6.324452
-0.16666666666666666,1,6.32809
-0.3,1,6.331585
-0.12,1,6.336184
-0.06666666666666667,1,6.340323
-0.12,1,6.343993
-0.3,1,6.347993
-0.125,1,6.35193
-0.16666666666666666,1,6.356421
-0.5555555555555556,1,6.360561
-0.3333333333333333,1,6.364077
-1.0,1,6.3678
-0.6666666666666666,1,6.371995
-0.3333333333333333,1,6.376526
-0.3333333333333333,1,6.380413
-0.25,1,6.384254
0.0,1,6.38859
-1.0,1,6.392247
-1.0,1,6.396313
-1.0,1,6.40027
-1.0,1,6.404096
-1.0,1,6.408699
-1.0,1,6.412807
-0.3333333333333333,1,6.416824
-0.3333333333333333,1,6.420623
-0.3333333333333333,1,6.42433
-0.25,1,6.428872
-0.3333333333333333,1,6.432445
-0.25,1,6.436992
-0.3333333333333333,1,6.44094
-0.2,1,6.445204
-0.3,1,6.448981
-0.2,1,6.452397
-0.3333333333333333,1,6.456267
-0.2,1,6.460939
-0.4,1,6.46454
-0.2,1,6.468101
-0.2,1,6.47157
-0.25,1,6.475241
-0.2,1,6.479146
-0.3333333333333333,1,6.483327
-0.2,1,6.48669
-0.16666666666666666,1,6.492799
-0.2222222222222222,1,6.496758
-0.16666666666666666,1,6.500957
-0.06666666666666667,1,6.505067
-0.16666666666666666,1,6.509268
-0.2222222222222222,1,6.516167
-0.2,1,6.520903
0.0,1,6.525425
-1.0,1,6.529843
-0.5,1,6.53412
-0.6666666666666666,1,6.537819
-0.5,1,6.542182
-0.4,1,6.546396
-0.5,1,6.550223
-0.2,1,6.554444
-0.25,1,6.558522
-0.6666666666666666,1,6.562913
-0.3333333333333333,1,6.566738
-0.3333333333333333,1,6.570175
-0.2,1,6.574264
-0.2222222222222222,1,6.578744
-0.16666666666666666,1,6.582483
-0.2,1,6.586141
-0.125,1,6.589923
-0.16666666666666666,1,6.596993
-0.3333333333333333,1,6.600814
0.0,1,6.604291
-1.0,1,6.608291
-0.5,1,6.612202
-0.3333333333333333,1,6.616
-0.5,1,6.619541
-0.6666666666666666,1,6.624825
-1.0,1,6.62986
-1.0,1,6.635134
-1.0,1,6.639935
-0.6666666666666666,1,6.644062
-0.3333333333333333,1,6.647966
-0.16666666666666666,1,6.651606
-0.75,1,6.655426
-1.0,1,6.659132
-0.3333333333333333,1,6.663433
-0.6666666666666666,1,6.667557
-0.5,1,6.671355
-0.3333333333333333,1,6.675433
-0.06666666666666667,1,6.679204
-0.4,1,6.683254
-0.3333333333333333,1,6.687357
-0.1,1,6.691098
-0.2,1,6.695019
0.0,1,6.699545
-1.0,1,6.703825
-1.0,1,6.707654
-0.6666666666666666,1,6.711882
-1.0,1,6.715777
-1.0,1,6.720014
-1.0,1,6.724282
-1.0,1,6.728932
-0.5,1,6.733065
-0.4,1,6.73671
-0.75,1,6.741549
-0.16666666666666666,1,6.746136
-0.2,1,6.752698
-0.2,1,6.757514
-0.16666666666666666,1,6.761832
-0.2,1,6.765479
-0.25,1,6.769355
-0.2,1,6.77324
-0.25,1,6.778006
-0.3333333333333333,1,6.781883
-0.25,1,6.785213
-0.16666666666666666,1,6.788942
-0.06666666666666667,1,6.793383
-0.3333333333333333,1,6.797605
-0.2,1,6.801005
-0.2,1,6.804759
-0.2,1,6.809413
-0.2,1,6.813458
-0.3333333333333333,1,6.817183
-0.2222222222222222,1,6.820524
-0.3333333333333333,1,6.824969
-0.16666666666666666,1,6.829243
-0.25,1,6.833293
-0.16666666666666666,1,6.837423
-0.3333333333333333,1,6.841675
-0.3333333333333333,1,6.846019
-0.2,1,6.850011
-0.3333333333333333,1,6.854287
-0.7777777777777778,1,6.858136
-0.3333333333333333,1,6.862334
-0.2,1,6.866529
-0.2,1,6.870534
-0.16666666666666666,1,6.875066
0.0,1,6.879375
-1.0,1,6.88374
-0.5,1,6.887863
-1.0,1,6.892132
-1.0,1,6.896418
-1.0,1,6.900469
-0.75,1,6.904148
-0.3333333333333333,1,6.907753
-0.3333333333333333,1,6.912399
0.0,1,6.916332
-1.0,1,6.919932
-1.0,1,6.923561
-1.0,1,6.92822
-1.0,1,6.932316
-0.6666666666666666,1,6.937201
-0.25,1,6.986646
-0.4,1,6.99442
-0.2,1,6.999309
-0.4,1,7.003896
-0.2,1,7.008583
-0.2222222222222222,1,7.013188
-0.16666666666666666,1,7.017628
-0.2222222222222222,1,7.021987
-0.16666666666666666,1,7.027303
-0.2222222222222222,1,7.032116
-0.16666666666666666,1,7.036296
-0.2222222222222222,1,7.040955
-0.3333333333333333,1,7.045568
-0.2222222222222222,1,7.049652
-0.16666666666666666,1,7.053653
-0.06666666666666667,1,7.058442
-0.16666666666666666,1,7.063009
-0.06666666666666667,1,7.067223
-0.16666666666666666,1,7.071963
-0.06666666666666667,1,7.07632
-0.16666666666666666,1,7.08072
-0.2222222222222222,1,7.085011
-0.2,1,7.089423
-0.2,1,7.093505
-0.16666666666666666,1,7.097822
-0.2,1,7.101511
-0.125,1,7.105466
-0.3,1,7.112023
-0.12,1,7.117955
-0.06666666666666667,1,7.123185
-0.16666666666666666,1,7.129358
0.0,1,7.134236
-1.0,1,7.138302
-1.0,1,7.144194
-1.0,1,7.148652
-0.75,1,7.152918
-1.0,1,7.157039
-0.25,1,7.161674
-0.16666666666666666,1,7.179886
-0.25,1,7.184526
-0.3333333333333333,1,7.197263
-0.25,1,7.210156
-0.1,1,7.217604
-0.2,1,7.223457
-0.3333333333333333,1,7.231242
-0.2,1,7.240015
0.0,1,7.24599
-1.0,1,7.252131
-1.0,1,7.256237
-1.0,1,7.26055
-1.0,1,7.264433
-0.3333333333333333,1,7.268049
-0.3333333333333333,1,7.272727
-0.3333333333333333,1,7.276561
-0.25,1,7.281101
-0.3333333333333333,1,7.28525
-0.2,1,7.291765
-0.1,1,7.295968
-0.2,1,7.299769
-0.1,1,7.303473
-0.125,1,7.307854
-0.16666666666666666,1,7.312408
-0.3333333333333333,1,7.317009
-0.16666666666666666,1,7.32116
-0.3333333333333333,1,7.324965
-0.3333333333333333,1,7.329517
-0.3333333333333333,1,7.333781
-0.3333333333333333,1,7.337289
-0.3333333333333333,1,7.341275
0.0,1,7.346031
-1.0,1,7.350125
-1.0,1,7.354543
-0.6666666666666666,1,7.359875
-0.5555555555555556,1,7.363896
-0.16666666666666666,1,7.368731
-0.25,1,7.378807
-0.3333333333333333,1,7.384325
-0.3333333333333333,1,7.392175
-0.3333333333333333,1,7.398327
-0.25,1,7.40249
-0.1,1,7.407694
-0.3333333333333333,1,7.415491
-0.1,1,7.429976
-0.2,1,7.443885
-0.2,1,7.449053
-0.25,1,7.453719
-0.3333333333333333,1,7.463934
-0.25,1,7.468427
-0.2,1,7.472376
-0.16666666666666666,1,7.476844
-0.2,1,7.481114
-0.2,1,7.495121
-0.2,1,7.501103
0.0,1,7.509502
-1.0,1,7.517778
-1.0,1,7.524221
-1.0,1,7.529089
-1.0,1,7.533485
-0.6666666666666666,1,7.539046
-0.5555555555555556,1,7.545414
-1.0,1,7.554288
-1.0,1,7.558758
-1.0,1,7.56323
-0.25,1,7.58293
-0.16666666666666666,1,7.587627
-0.2,1,7.592131
-0.2222222222222222,1,7.596971
-0.16666666666666666,1,7.604176
-0.1,1,7.608795
-0.125,1,7.613602
-0.16666666666666666,1,7.622728
-0.5555555555555556,1,7.630682
-0.16666666666666666,1,7.645033
-0.125,1,7.661598
-0.16666666666666666,1,7.694788
-0.5555555555555556,1,7.706956
-0.3333333333333333,1,7.722179
-0.25,1,7.738255
-0.3,1,7.745247
-0.12,1,7.750228
-0.3,1,7.755517
-0.12,1,7.76027
-0.06666666666666667,1,7.765738
-0.2,1,7.770103
-0.06666666666666667,1,7.774422
-0.2,1,7.778682
0.0,1,7.782841
-1.0,1,7.788347
-1.0,1,7.795951
-0.6666666666666666,1,7.800602
-0.3333333333333333,1,7.804404
-0.16666666666666666,1,7.808223
-0.2,1,7.815246
-0.2,1,7.824208
0.0,1,7.828321
-1.0,1,7.831971
-0.5,1,7.835581
-0.6666666666666666,1,7.839507
-0.3333333333333333,1,7.844937
-0.3333333333333333,1,7.85351
-0.2,1,7.861062
-0.16666666666666666,1,7.867383
-0.3333333333333333,1,7.871744
-0.3333333333333333,1,7.8766
-0.25,1,7.882174
-0.3333333333333333,1,7.886815
-0.2,1,7.891373
-0.2222222222222222,1,7.89662
-0.06666666666666667,1,7.900954
-0.3,1,7.905262
-0.125,1,7.910491
-0.1,1,7.915277
-0.3333333333333333,1,7.919471
-0.2222222222222222,1,7.923673
-0.3333333333333333,1,7.928472
-0.2,1,7.93266
-0.5,1,7.936689
-0.3333333333333333,1,7.941849
0.0,1,7.946469
-1.0,1,7.950671
-1.0,1,7.955132
-1.0,1,7.959688
-1.0,1,7.964219
-0.4,1,7.968119
-0.2,1,7.973364
-0.4,1,7.977408
-0.06666666666666667,1,7.981347
-0.2222222222222222,1,7.985284
-0.16666666666666666,1,7.994013
-0.1,1,7.999737
-0.25,1,8.006125
-0.3333333333333333,1,8.023138
-0.25,1,8.033302
-0.2,1,8.048839
-0.16666666666666666,1,8.056487
-0.06666666666666667,1,8.065121
-0.16666666666666666,1,8.081072
-0.06666666666666667,1,8.088687
-0.2,1,8.103017
-0.1,1,8.108339
-0.25,1,8.118196
-0.2,1,8.123754
-0.16666666666666666,1,8.130051
-0.1,1,8.143125
-0.25,1,8.156065
-0.3333333333333333,1,8.167335
-0.25,1,8.176635
-0.3333333333333333,1,8.202288
-0.2,1,8.207929
-0.2,1,8.211695
-0.125,1,8.215455
-0.2,1,8.219681
-0.125,1,8.22554
-0.3,1,8.229966
-0.06666666666666667,1,8.235537
-0.4,1,8.242718
-0.06666666666666667,1,8.250726
-0.3333333333333333,1,8.256927
-0.25,1,8.264884
-0.2,1,8.273536
-0.2,1,8.27767
-0.1,1,8.282206
-0.25,1,8.286845
-0.3333333333333333,1,8.290812
-0.25,1,8.295035
-0.3333333333333333,1,8.299872
-0.25,1,8.304419
-0.3333333333333333,1,8.308683
-0.5,1,8.312635
-0.6666666666666666,1,8.317216
-0.5,1,8.321333
-0.3333333333333333,1,8.325563
-0.125,1,8.32987
-0.3,1,8.334356
-0.12,1,8.338686
-0.06666666666666667,1,8.343189
-0.16666666666666666,1,8.347528
-0.2,1,8.352054
-0.16666666666666666,1,8.356066
-0.2222222222222222,1,8.360497
-0.16666666666666666,1,8.366631
-0.2222222222222222,1,8.371945
-0.2,1,8.375989
-0.2,1,8.379413
-0.12,1,8.383358
-0.06666666666666667,1,8.38752
-0.12,1,8.391083
-0.06666666666666667,1,8.395042
-0.2,1,8.398618
-0.1,1,8.402537
-0.16666666666666666,1,8.406749
-0.2222222222222222,1,8.410694
-0.3333333333333333,1,8.414509
-0.2222222222222222,1,8.418632
-0.16666666666666666,1,8.422914
-0.2,1,8.426923
-0.2,1,8.430744
-0.2222222222222222,1,8.434613
-0.3333333333333333,1,8.438511
0.0,1,8.4429
-1.0,1,8.447238
-1.0,1,8.451305
-0.3333333333333333,1,8.455186
-0.5,1,8.459552
-0.3333333333333333,1,8.463736
-0.5555555555555556,1,8.46758
-0.16666666666666666,1,8.471502
-0.75,1,8.474978
-0.4,1,8.478533
-0.2,1,8.483126
-0.3333333333333333,1,8.488155
-0.5,1,8.493823
-1.0,1,8.497823
-0.25,1,8.50207
-0.3333333333333333,1,8.506391
-0.125,1,8.510967
-0.1,1,8.568563
-0.16666666666666666,1,8.572831
-0.3,1,8.577409
-0.125,1,8.582218
-0.2,1,8.587203
-0.16666666666666666,1,8.591538
-0.3,1,8.595468
-0.06666666666666667,1,8.600045
-0.4,1,8.604301
-0.5,1,8.609737
-0.3333333333333333,1,8.613929
-0.2,1,8.617967
-0.2222222222222222,1,8.6222
-0.3333333333333333,1,8.626366
-0.3333333333333333,1,8.630532
-0.3333333333333333,1,8.635008
-0.3333333333333333,1,8.639523
-0.25,1,8.643636
-0.3333333333333333,1,8.648235
-0.125,1,8.653212
-0.3333333333333333,1,8.658515
-0.125,1,8.663199
-0.3,1,8.668113
-0.12,1,8.672091
-0.3,1,8.676494
-0.125,1,8.680764
-0.3,1,8.685034
-0.06666666666666667,1,8.692327
-0.16666666666666666,1,8.696567
-0.5555555555555556,1,8.703429
-0.3333333333333333,1,8.70781
-0.06666666666666667,1,8.711896
-0.3333333333333333,1,8.716601
-0.2,1,8.720518
-0.2,1,8.724132
-0.25,1,8.72816
-0.2,1,8.733201
-0.2,1,8.738105
-0.2,1,8.744784
-0.2,1,8.748341
-0.2,1,8.75203
-0.12,1,8.756113
-0.2,1,8.759788
-0.2,1,8.763679
-0.1,1,8.767851
-0.3333333333333333,1,8.771704
-0.3333333333333333,1,8.775149
-0.25,1,8.779107
0.0,1,8.783043
-1.0,1,8.786424
-1.0,1,8.790798
-1.0,1,8.794765
-1.0,1,8.798707
-0.4,1,8.802173
-0.16666666666666666,1,8.805629
-0.2222222222222222,1,8.809507
-0.16666666666666666,1,8.813896
0.0,1,8.81789
-1.0,1,8.821645
-1.0,1,8.825626
-0.6666666666666666,1,8.830215
-1.0,1,8.834409
-1.0,1,8.838496
-0.5,1,8.843922
-0.16666666666666666,1,8.84804
-0.06666666666666667,1,8.851972
-0.2222222222222222,1,8.856358
-0.16666666666666666,1,8.864639
-0.2222222222222222,1,8.869555
-0.16666666666666666,1,8.874352
0.0,1,8.878536
-1.0,1,8.882217
-1.0,1,8.885507
-1.0,1,8.889161
-1.0,1,8.892787
-1.0,1,8.896643
-1.0,1,8.900361
-1.0,1,8.904563
-0.5,1,8.908773
-0.6666666666666666,1,8.912649
-0.5,1,8.916981
-0.6666666666666666,1,8.920799
-0.5555555555555556,1,8.924414
-0.6666666666666666,1,8.928701
-0.5,1,8.933069
-0.4,1,8.937513
-0.06666666666666667,1,8.94227
-0.2222222222222222,1,8.946654
-0.06666666666666667,1,8.950732
-0.2,1,8.954563
-0.12,1,8.958357
-0.2,1,8.962564
-0.06666666666666667,1,8.966542
-0.4,1,8.970823
-0.06666666666666667,1,8.974405
-0.16666666666666666,1,8.979398
-0.06666666666666667,1,8.98353
-0.3333333333333333,1,8.987583
0.0,1,8.991521
-1.0,1,8.995698
-1.0,1,8.999233
-1.0,1,9.002667
-1.0,1,9.006706
-1.0,1,9.01106
-1.0,1,9.014516
-0.4,1,9.01795
-0.5,1,9.021426
-0.4,1,9.025434
-0.5,1,9.029297
-0.4,1,9.032635
-0.5,1,9.036433
-0.6666666666666666,1,9.040913
-0.3333333333333333,1,9.044919
-0.3333333333333333,1,9.048518
-0.3333333333333333,1,9.052238
0.0,1,9.056265
-1.0,1,9.060073
-1.0,1,9.064056
-1.0,1,9.067634
-1.0,1,9.073763
-0.6666666666666666,1,9.078115
-0.3333333333333333,1,9.081551
0.0,1,9.08485
-1.0,1,9.088504
-0.5,1,9.093644
-0.3333333333333333,1,9.098212
-0.3333333333333333,1,9.102121
-0.3333333333333333,1,9.106426
-0.25,1,9.110062
-0.3333333333333333,1,9.114163
-0.06666666666666667,1,9.117819
-0.2222222222222222,1,9.121874
-0.06666666666666667,1,9.12577
-0.2222222222222222,1,9.129499
-0.16666666666666666,1,9.133293
-0.2,1,9.137368
-0.16666666666666666,1,9.142229
-0.2,1,9.146202
-0.16666666666666666,1,9.149757
-0.2,1,9.154012
0.0,1,9.158232
-1.0,1,9.162169
-1.0,1,9.166813
-0.3333333333333333,1,9.170527
-0.3333333333333333,1,9.176035
-0.3333333333333333,1,9.18004
-0.25,1,9.183441
-0.3333333333333333,1,9.187052
-0.25,1,9.191485
-0.2,1,9.195583
-0.2,1,9.199362
-0.2222222222222222,1,9.202662
-0.3333333333333333,1,9.207058
0.0,1,9.211316
-1.0,1,9.215083
-1.0,1,9.21835
-0.6666666666666666,1,9.221856
-0.3333333333333333,1,9.225464
0.0,1,9.229646
-1.0,1,9.233844
-0.5,1,9.237775
-0.6666666666666666,1,9.241264
-0.5555555555555556,1,9.24621
-0.16666666666666666,1,9.24969
-0.125,1,9.253001
-0.16666666666666666,1,9.257593
-0.06666666666666667,1,9.262217
-0.16666666666666666,1,9.266511
-0.125,1,9.270482
-0.16666666666666666,1,9.284202
-0.25,1,9.288929
-0.2,1,9.293648
-0.16666666666666666,1,9.297596
-0.06666666666666667,1,9.300822
-0.12,1,9.30411
-0.3,1,9.308028
-0.12,1,9.313812
-0.2,1,9.319492
-0.2,1,9.325883
-0.2,1,9.355911
-0.3333333333333333,1,9.368905
-0.2,1,9.374997
-0.2,1,9.38422
-0.2,1,9.388327
-0.2,1,9.392244
-0.2,1,9.396662
-1.0,1,9.401282
-0.2,1,9.405288
-0.3333333333333333,1,9.409436
-0.1,1,9.413225
-0.2,1,9.417654
-0.4,1,9.421413
-0.16666666666666666,1,9.425434
-0.2,1,9.429752
-0.2,1,9.433659
-0.3,1,9.437487
-0.16666666666666666,1,9.441447
-0.3,1,9.446036
-0.125,1,9.449782
-0.3333333333333333,1,9.453607
-0.25,1,9.457899
-0.3,1,9.462215
-0.125,1,9.465979
-0.3,1,9.46985
-0.2,1,9.473768
-0.1,1,9.478885
-0.16666666666666666,1,9.482345
-0.06666666666666667,1,9.486509
-0.16666666666666666,1,9.490069
-0.2,1,9.495323
-0.2,1,9.499036
-0.06666666666666667,1,9.502291
-0.16666666666666666,1,9.505898
-0.06666666666666667,1,9.510111
-0.2,1,9.513633
-0.2,1,9.517027
-0.2,1,9.520778
-0.2,1,9.524718
-0.25,1,9.530287
-0.3333333333333333,1,9.534262
-0.3333333333333333,1,9.539895
-0.1,1,9.544369
-0.25,1,9.548322
-0.2,1,9.551847
-0.06666666666666667,1,9.557688
-0.3,1,9.563815
-0.16666666666666666,1,9.568066
-0.2,1,9.573181
-0.2,1,9.578567
-0.2,1,9.583042
-0.12,1,9.586812
-0.06666666666666667,1,9.591249
-0.16666666666666666,1,9.5962
-0.06666666666666667,1,9.600151
-0.16666666666666666,1,9.604137
-0.06666666666666667,1,9.608547
-0.16666666666666666,1,9.613093
-0.2222222222222222,1,9.616991
-0.16666666666666666,1,9.62093
-0.2222222222222222,1,9.624722
-0.16666666666666666,1,9.629553
-0.3,1,9.633689
-0.06666666666666667,1,9.637845
-0.2,1,9.642236
-0.16666666666666666,1,9.646873
0.0,1,9.650867
-1.0,1,9.654851
-1.0,1,9.65936
-0.6666666666666666,1,9.66366
-0.3333333333333333,1,9.667649
-0.3333333333333333,1,9.673122
-0.3333333333333333,1,9.677424
-0.3333333333333333,1,9.682487
-0.5555555555555556,1,9.687459
-0.3333333333333333,1,9.69188
-0.5,1,9.696208
-0.3333333333333333,1,9.757425
-0.06666666666666667,1,9.765882
-0.2222222222222222,1,9.770995
-0.16666666666666666,1,9.776609
-0.2,1,9.782635
-0.25,1,9.787157
-0.2,1,9.791659
-0.2,1,9.796466
-0.2,1,9.800762
-0.16666666666666666,1,9.80478
-0.2,1,9.808989
-0.16666666666666666,1,9.813267
-0.2,1,9.817647
0.0,1,9.821689
-1.0,1,9.82605
-0.5,1,9.830684
-0.3333333333333333,1,9.834957
-0.5,1,9.839497
-0.2,1,9.844426
-0.2,1,9.848575
-0.2,1,9.852485
-0.12,1,9.856985
-0.06666666666666667,1,9.861528
-0.12,1,9.865428
-0.3,1,9.869317
-0.16666666666666666,1,9.87486
-0.06666666666666667,1,9.879004
-0.12,1,9.882968
-0.06666666666666667,1,9.886999
-0.2,1,9.891749
0.0,1,9.895707
-1.0,1,9.899469
-1.0,1,9.903023
-0.3333333333333333,1,9.907571
-0.5555555555555556,1,9.911804
-0.6666666666666666,1,9.915451
-1.0,1,9.91876
-1.0,1,9.922735
-0.5555555555555556,1,9.927673
-0.3333333333333333,1,9.931435
-0.5555555555555556,1,9.935069
-1.0,1,9.938953
-0.5555555555555556,1,9.942699
-0.16666666666666666,1,9.946958
-0.25,1,9.950509
-0.2,1,9.954605
-0.25,1,9.958677
-0.16666666666666666,1,9.96313
-0.2,1,9.96766
-0.3333333333333333,1,9.972786
-0.3333333333333333,1,9.980438
-0.2,1,9.986425
0.0,1,9.991344
-1.0,1,9.997112
-0.5,1,10.002798
-0.6666666666666666,1,10.008507
-1.0,1,10.016951
-0.6666666666666666,1,10.022376
-0.3333333333333333,1,10.028504
-0.3333333333333333,1,10.035327
-0.5,1,10.039387
-0.3333333333333333,1,10.04486
-0.06666666666666667,1,10.050037
-0.2222222222222222,1,10.055923
-0.16666666666666666,1,10.061346
-0.06666666666666667,1,10.065096
-0.2,1,10.068515
-0.1,1,10.072298
-0.2,1,10.078063
-0.2222222222222222,1,10.083312
-0.2,1,10.08718
-0.2,1,10.091606
-0.12,1,10.096064
-0.3,1,10.099978
-0.25,1,10.103859
-0.2,1,10.108235
0.0,1,10.112175
-1.0,1,10.116668
-1.0,1,10.120976
-1.0,1,10.12494
-0.5,1,10.129346
-0.4,1,10.133333
-1.0,1,10.137318
-0.4,1,10.14185
-0.5,1,10.145875
-1.0,1,10.150118
-1.0,1,10.154883
-0.4,1,10.158829
-0.06666666666666667,1,10.162898
-0.3333333333333333,1,10.166619
-0.25,1,10.170424
-0.3,1,10.174595
-0.12,1,10.179731
-0.2,1,10.184075
-0.12,1,10.187512
-0.06666666666666667,1,10.191445
-0.2,1,10.195363
-0.2,1,10.199229
-0.25,1,10.202853
-0.2,1,10.20686
-0.2,1,10.210723
-0.2,1,10.214656
-0.2,1,10.218364
-0.2222222222222222,1,10.221674
-0.16666666666666666,1,10.225464
0.0,1,10.229602
-1.0,1,10.233716
-1.0,1,10.237373
-1.0,1,10.240902
-1.0,1,10.245048
-1.0,1,10.248947
-0.5,1,10.252663
-0.6666666666666666,1,10.257789
-1.0,1,10.262974
-1.0,1,10.267292
-1.0,1,10.271282
-0.6666666666666666,1,10.275154
-0.75,1,10.279713
-0.16666666666666666,1,10.283914
-0.06666666666666667,1,10.287251
-0.3333333333333333,1,10.290885
-0.5,1,10.295804
-0.4,1,10.299686
-0.16666666666666666,1,10.303299
-0.2222222222222222,1,10.308208
-0.16666666666666666,1,10.312342
-0.06666666666666667,1,10.31626
-0.16666666666666666,1,10.319761
0.0,1,10.324288
-1.0,1,10.328355
-1.0,1,10.331764
-0.6666666666666666,1,10.335099
-0.25,1,10.33921
-0.16666666666666666,1,10.34329
-0.25,1,10.346964
-0.3333333333333333,1,10.350436
-0.3333333333333333,1,10.354091
-0.1,1,10.358645
-0.3333333333333333,1,10.362859
-0.2,1,10.366657
-0.16666666666666666,1,10.370318
-0.2222222222222222,1,10.373877
-0.16666666666666666,1,10.378253
-0.06666666666666667,1,10.382225
-0.12,1,10.386693
-0.06666666666666667,1,10.390184
-0.16666666666666666,1,10.39423
-0.06666666666666667,1,10.397799
-0.16666666666666666,1,10.401486
-0.06666666666666667,1,10.416167
-0.12,1,10.424389
-0.3,1,10.429981
-0.2,1,10.434772
-0.2,1,10.445932
-0.25,1,10.45485
-0.3333333333333333,1,10.463075
-0.75,1,10.468408
-0.16666666666666666,1,10.472866
-0.06666666666666667,1,10.477612
-0.3,1,10.481942
-0.125,1,10.486518
-0.3,1,10.490722
-0.16666666666666666,1,10.495358
-0.06666666666666667,1,10.499434
-0.16666666666666666,1,10.503661
-0.06666666666666667,1,10.508595
-0.16666666666666666,1,10.51406
-0.06666666666666667,1,10.518198
-0.16666666666666666,1,10.522346
-0.06666666666666667,1,10.527114
-0.16666666666666666,1,10.531737
0.0,1,10.535881
-1.0,1,10.541364
-0.5,1,10.546689
-0.6666666666666666,1,10.551058
-1.0,1,10.55569
-0.6666666666666666,1,10.559967
-0.7777777777777778,1,10.564953
-0.3333333333333333,1,10.568961
-0.2,1,10.573672
-0.3333333333333333,1,10.578279
-0.5,1,10.582474
-0.6666666666666666,1,10.586753
-0.3333333333333333,1,10.591761
-1.0,1,10.596983
-0.3333333333333333,1,10.600792
-0.6666666666666666,1,10.607376
-0.3333333333333333,1,10.61134
-0.6666666666666666,1,10.615335
-0.25,1,10.619503
-0.3333333333333333,1,10.623559
-0.25,1,10.628202
-0.16666666666666666,1,10.633152
-0.75,1,10.637576
-0.4,1,10.64133
-0.75,1,10.645096
-0.16666666666666666,1,10.649255
-0.3333333333333333,1,10.653324
-0.16666666666666666,1,10.657657
-0.3333333333333333,1,10.661079
-0.3333333333333333,1,10.664995
-0.2,1,10.669267
-0.2,1,10.674958
-0.16666666666666666,1,10.679227
-0.2,1,10.683193
-0.2,1,10.687387
-0.4,1,10.69153
-0.16666666666666666,1,10.695531
-0.4,1,10.699089
-0.75,1,10.702786
-0.16666666666666666,1,10.706988
-0.5555555555555556,1,10.715569
-0.3333333333333333,1,10.719455
-0.5,1,10.723446
-0.3333333333333333,1,10.726855
-0.2,1,10.730381
-0.2,1,10.734231
-0.12,1,10.7384
-0.06666666666666667,1,10.744277
-0.16666666666666666,1,10.75076
-0.06666666666666667,1,10.755751
-0.16666666666666666,1,10.759361
-0.3,1,10.762953
-0.125,1,10.767291
-0.1,1,10.771984
-0.25,1,10.779546
-0.1,1,10.78425
-0.16666666666666666,1,10.788396
0.0,1,10.793159
-1.0,1,10.797179
-1.0,1,10.80169
-1.0,1,10.805401
-0.5,1,10.809422
-0.6666666666666666,1,10.813358
-0.5555555555555556,1,10.817756
-0.16666666666666666,1,10.821799
-0.06666666666666667,1,10.825266
-0.2222222222222222,1,10.82866
-0.16666666666666666,1,10.832827
-0.2222222222222222,1,10.836942
-0.16666666666666666,1,10.84081
-0.2222222222222222,1,10.844297
-0.16666666666666666,1,10.848217
0.0,1,10.851768
-1.0,1,10.85527
-1.0,1,10.858815
-0.6666666666666666,1,10.862208
-1.0,1,10.866161
-0.6666666666666666,1,10.870221
-0.3333333333333333,1,10.874085
-0.3333333333333333,1,10.878235
-0.5,1,10.882702
-0.4,1,10.887175
-0.16666666666666666,1,10.891074
-0.2222222222222222,1,10.894499
-0.2,1,10.901626
-0.2,1,10.95984
-0.16666666666666666,1,11.007853
-0.2222222222222222,1,11.012126
-0.16666666666666666,1,11.016737
-0.4,1,11.02174
-0.06666666666666667,1,11.025907
-0.16666666666666666,1,11.029858
-0.3333333333333333,1,11.034129
-0.1,1,11.038074
-0.2,1,11.042043
-0.06666666666666667,1,11.046551
-0.12,1,11.050944
-0.1,1,11.082172
-0.16666666666666666,1,11.086739
0.0,1,11.091304
-1.0,1,11.096027
-1.0,1,11.105362
-1.0,1,11.109627
-0.3333333333333333,1,11.114317
-0.3333333333333333,1,11.118844
-0.3333333333333333,1,11.123359
-0.16666666666666666,1,11.127656
-0.3333333333333333,1,11.132263
-0.3333333333333333,1,11.141271
-0.3333333333333333,1,11.14677
-0.3333333333333333,1,11.155601
-0.25,1,11.173849
-0.2,1,11.178725
-0.06666666666666667,1,11.183707
-0.4,1,11.188038
-0.16666666666666666,1,11.19299
-0.4,1,11.197615
-0.25,1,11.202644
-0.3333333333333333,1,11.207683
-1.0,1,11.212522
-1.0,1,11.216947
-0.25,1,11.221333
-0.3333333333333333,1,11.225598
-0.25,1,11.230642
-0.3333333333333333,1,11.235231
-0.2,1,11.239793
-0.2,1,11.244397
-0.16666666666666666,1,11.248886
-0.2222222222222222,1,11.25313
-0.16666666666666666,1,11.257363
-0.2,1,11.262312
-0.3333333333333333,1,11.267037
-0.2,1,11.272719
-0.16666666666666666,1,11.278978
-0.2222222222222222,1,11.292925
-0.16666666666666666,1,11.301764
-0.2,1,11.30817
-0.12,1,11.31301
-0.3,1,11.317334
-0.12,1,11.321884
-0.2,1,11.326206
-0.25,1,11.340553
-0.3333333333333333,1,11.359586
-0.7777777777777778,1,11.373387
-0.3333333333333333,1,11.378869
-0.2,1,11.387582
-0.4,1,11.397428
-0.2,1,11.404354
-0.16666666666666666,1,11.412013
-0.75,1,11.416862
-0.16666666666666666,1,11.421609
-0.2,1,11.425822
-0.2222222222222222,1,11.430574
-0.16666666666666666,1,11.434936
-0.2222222222222222,1,11.439042
-0.3333333333333333,1,11.443796
-0.2,1,11.448394
-0.12,1,11.45261
-0.2,1,11.456772
-0.25,1,11.461549
-0.2,1,11.466343
-0.12,1,11.471015
-0.3,1,11.475334
-0.12,1,11.480448
-0.06666666666666667,1,11.492895
-0.12,1,11.499046
-0.2,1,11.503671
-0.25,1,11.512197
0.0,1,11.519071
-1.0,1,11.524278
-1.0,1,11.529885
-0.3333333333333333,1,11.533753
-0.3333333333333333,1,11.537576
-0.3333333333333333,1,11.541671
-0.3333333333333333,1,11.546238
-0.6666666666666666,1,11.550621
-0.5,1,11.554792
-0.6666666666666666,1,11.558776
-0.25,1,11.563283
-0.6666666666666666,1,11.567816
-0.3333333333333333,1,11.571777
-0.16666666666666666,1,11.57589
-0.25,1,11.581542
-0.1,1,11.586173
-0.25,1,11.590867
0.0,1,11.595717
-1.0,1,11.600645
-0.5,1,11.605011
-0.6666666666666666,1,11.609317
-0.75,1,11.613762
-0.4,1,11.618105
-0.16666666666666666,1,11.627163
-0.2222222222222222,1,11.638083
-0.2,1,11.643575
-0.2222222222222222,1,11.649792
-0.16666666666666666,1,11.654826
-0.2222222222222222,1,11.659288
-0.16666666666666666,1,11.66416
-0.2,1,11.668317
-0.2,1,11.672032
-0.2222222222222222,1,11.676347
-0.16666666666666666,1,11.681352
-0.1,1,11.686
-0.16666666666666666,1,11.690322
0.0,1,11.694826
-1.0,1,11.699507
-1.0,1,11.703717
-0.6666666666666666,1,11.708616
-0.25,1,11.713581
-0.3333333333333333,1,11.718047
-0.5,1,11.722688
-0.3333333333333333,1,11.727293
-0.3333333333333333,1,11.732231
-0.3333333333333333,1,11.736893
-0.06666666666666667,1,11.741642
-0.3,1,11.746049
-0.12,1,11.749927
-0.06666666666666667,1,11.754358
-0.12,1,11.758122
-0.2,1,11.762722
-0.2,1,11.768179
-0.2,1,11.774122
-0.25,1,11.778463
-0.1,1,11.782305
-0.25,1,11.788379
-0.3333333333333333,1,11.793922
-0.3333333333333333,1,11.797895
-0.1,1,11.801822
-0.3333333333333333,1,11.805701
-0.3333333333333333,1,11.81023
-0.3333333333333333,1,11.814413
-0.3333333333333333,1,11.818127
-0.3333333333333333,1,11.821784
-0.16666666666666666,1,11.825527
-0.75,1,11.828991
-0.16666666666666666,1,11.832323
-0.3333333333333333,1,11.836077
-0.3333333333333333,1,11.840414
-0.25,1,11.848226
-0.4,1,11.852317
-0.25,1,11.870641
-0.16666666666666666,1,11.88575
-0.06666666666666667,1,11.891336
-0.3,1,11.896504
-0.12,1,11.900668
-0.3,1,11.904505
-0.12,1,11.908376
-0.3,1,11.912733
-0.12,1,11.916532
-0.2,1,11.919934
-0.16666666666666666,1,11.923887
-0.2222222222222222,1,11.927964
-0.3333333333333333,1,11.931455
0.0,1,11.934721
-1.0,1,11.938252
-0.5,1,11.942106
-0.6666666666666666,1,11.946189
-0.3333333333333333,1,11.95028
-0.3333333333333333,1,11.954114
-0.5,1,11.958481
-0.2,1,11.963305
-0.3333333333333333,1,11.967623
-0.3333333333333333,1,11.971547
-0.25,1,11.975525
-0.3333333333333333,1,11.979774
-0.3333333333333333,1,11.983642
-0.3333333333333333,1,11.987318
-0.3333333333333333,1,11.990973
-0.3333333333333333,1,11.995299
-0.3333333333333333,1,11.998866
-0.3333333333333333,1,12.002846
-0.3333333333333333,1,12.009002
0.0,1,12.013924
-1.0,1,12.017913
-1.0,1,12.021729
-1.0,1,12.025537
-0.5,1,12.029421
-1.0,1,12.033047
-1.0,1,12.036369
-0.3333333333333333,1,12.040613
-0.5,1,12.045146
-0.2,1,12.049325
-0.2,1,12.053618
-0.2,1,12.059858
-0.3333333333333333,1,12.0679
-0.3333333333333333,1,12.073093
-0.25,1,12.078384
-0.3333333333333333,1,12.082353
-1.0,1,12.086059
-1.0,1,12.091306
-0.75,1,12.095713
-0.4,1,12.099743
-0.75,1,12.103823
-0.4,1,12.107982
-1.0,1,12.112278
-0.4,1,12.115811
-0.2,1,12.119139
-0.3333333333333333,1,12.123388
-0.25,1,12.127245
-0.3333333333333333,1,12.132483
-0.25,1,12.136196
-0.1,1,12.140163
-0.3333333333333333,1,12.144987
-0.1,1,12.148598
-0.25,1,12.152029
-0.1,1,12.156116
-0.2,1,12.159625
-0.06666666666666667,1,12.163945
-0.2,1,12.167637
-0.06666666666666667,1,12.171164
-0.16666666666666666,1,12.175245
-0.06666666666666667,1,12.179174
-0.12,1,12.182576
-0.3,1,12.185943
-0.12,1,12.19302
-0.2,1,12.197798
-0.16666666666666666,1,12.20168
-0.1,1,12.206083
-0.16666666666666666,1,12.211251
-0.2222222222222222,1,12.214859
-0.16666666666666666,1,12.218783
-0.06666666666666667,1,12.223117
-0.2,1,12.227545
-0.2,1,12.231734
-0.16666666666666666,1,12.235787
-0.06666666666666667,1,12.239821
-0.2,1,12.244344
0.0,1,12.24877
-1.0,1,12.252631
-0.5,1,12.257297
-0.6666666666666666,1,12.262645
-0.3333333333333333,1,12.268197
-0.3333333333333333,1,12.273427
-0.2,1,12.277995
-0.3333333333333333,1,12.28232
-0.2,1,12.286394
-0.2,1,12.291024
-0.16666666666666666,1,12.295473
-0.2222222222222222,1,12.299232
-0.16666666666666666,1,12.30327
0.0,1,12.307574
-1.0,1,12.355801
-1.0,1,12.401239
-1.0,1,12.405631
-1.0,1,12.411313
-0.6666666666666666,1,12.415495
-0.3333333333333333,1,12.419581
-0.3333333333333333,1,12.423985
-0.2,1,12.428822
-0.1,1,12.433231
-0.12,1,12.437671
-0.2,1,12.442653
-0.12,1,12.448
-0.3,1,12.45223
-0.12,1,12.456686
-0.3,1,12.461741
-0.12,1,12.46612
-0.06666666666666667,1,12.470302
-0.16666666666666666,1,12.474802
-0.3,1,12.479583
-0.06666666666666667,1,12.48422
-0.2222222222222222,1,12.487995
-0.16666666666666666,1,12.492475
-0.1,1,12.4965
-0.3333333333333333,1,12.500851
-0.1,1,12.505358
-0.16666666666666666,1,12.510326
-0.2222222222222222,1,12.51614
-0.16666666666666666,1,12.519691
-0.2222222222222222,1,12.524012
-0.2,1,12.528491
-0.3333333333333333,1,12.532237
-0.125,1,12.535978
-0.3333333333333333,1,12.540307
-0.2,1,12.544422
-0.2222222222222222,1,12.548735
-0.16666666666666666,1,12.552516
-0.2222222222222222,1,12.556308
-0.16666666666666666,1,12.560196
-0.2222222222222222,1,12.57485
-0.2,1,12.582242
-0.3333333333333333,1,12.587861
-0.5,1,12.591827
-0.3333333333333333,1,12.60591
-0.3333333333333333,1,12.615929
0.0,1,12.622468
-1.0,1,12.629118
-1.0,1,12.632793
-1.0,1,12.636726
-1.0,1,12.641984
-0.6666666666666666,1,12.646451
-0.7777777777777778,1,12.650653
-0.3333333333333333,1,12.655118
-0.125,1,12.659406
-0.16666666666666666,1,12.663556
-0.3333333333333333,1,12.667403
-0.1,1,12.671394
-0.125,1,12.676205
-0.3,1,12.680666
-0.2,1,12.684891
-0.3333333333333333,1,12.688679
-0.3333333333333333,1,12.69332
-0.3333333333333333,1,12.697792
-0.2,1,12.701977
-0.2,1,12.706153
-0.2,1,12.710272
-0.06666666666666667,1,12.71482
-0.16666666666666666,1,12.718884
0.0,1,12.72297
-1.0,1,12.727682
-1.0,1,12.732539
-1.0,1,12.736525
-0.3333333333333333,1,12.740133
-1.0,1,12.74461
-0.3333333333333333,1,12.748441
-0.3333333333333333,1,12.752209
-0.7777777777777778,1,12.757627
-0.6666666666666666,1,12.762174
-0.5,1,12.766211
-0.4,1,12.770289
-0.06666666666666667,1,12.774465
-0.2,1,12.779522
-0.25,1,12.78343
-0.2,1,12.786993
-0.125,1,12.791663
-0.2,1,12.796333
-0.25,1,12.799992
-0.16666666666666666,1,12.803586
-0.75,1,12.807298
-0.4,1,12.811436
-1.0,1,12.815298
-1.0,1,12.81886
-0.16666666666666666,1,12.822884
-0.4,1,12.827096
-0.75,1,12.830608
-0.6666666666666666,1,12.833792
-0.25,1,12.837262
-0.16666666666666666,1,12.84167
-0.2,1,12.845968
-0.16666666666666666,1,12.850595
-0.25,1,12.854589
-0.2,1,12.858522
-0.2,1,12.862998
-0.2,1,12.866882
-0.25,1,12.870696
-0.2,1,12.877206
-0.2,1,12.882702
-0.2,1,12.886909
-0.2,1,12.891196
-0.4,1,12.895436
-0.75,1,12.899384
-0.16666666666666666,1,12.903684
-0.2,1,12.907477
-0.2,1,12.911748
-0.12,1,12.91538
-0.3,1,12.919274
-0.125,1,12.923065
-0.16666666666666666,1,12.926944
-0.3333333333333333,1,12.930541
-0.3333333333333333,1,12.934389
-0.25,1,12.937743
-0.3,1,12.942136
-0.06666666666666667,1,12.946446
-0.3,1,12.950122
-0.12,1,12.953854
-0.3,1,12.957763
-0.12,1,12.961812
-0.06666666666666667,1,12.965972
-0.16666666666666666,1,12.969681
-0.1,1,12.973579
-0.12,1,12.979931
-0.06666666666666667,1,12.983692
-0.2,1,12.988215
-0.2,1,12.992455
-0.25,1,12.997859
-0.2,1,13.003464
-0.3333333333333333,1,13.008459
-0.1,1,13.013085
-0.3333333333333333,1,13.017558
-0.3333333333333333,1,13.021266
-0.3333333333333333,1,13.02614
-0.3333333333333333,1,13.029749
-0.5,1,13.034435
-1.0,1,13.038244
-1.0,1,13.042051
-0.2,1,13.046268
-0.2,1,13.050182
-0.2,1,13.054646
-0.16666666666666666,1,13.05925
-0.2222222222222222,1,13.062942
-0.06666666666666667,1,13.067216
-0.3,1,13.072092
-0.16666666666666666,1,13.076008
-0.2,1,13.079827
-0.16666666666666666,1,13.083894
-0.2222222222222222,1,13.088078
-0.3333333333333333,1,13.092581
-0.2222222222222222,1,13.096646
-0.16666666666666666,1,13.101028
-0.2222222222222222,1,13.10661
-0.16666666666666666,1,13.114808
-0.2,1,13.11937
-0.12,1,13.125899
-0.2,1,13.131624
-0.25,1,13.135634
-0.2,1,13.139552
-0.12,1,13.143305
-0.2,1,13.146901
-0.25,1,13.15128
-0.2,1,13.154963
-0.25,1,13.158703
-0.2,1,13.162851
-0.16666666666666666,1,13.167403
-0.2222222222222222,1,13.171011
-0.3333333333333333,1,13.175114
-0.2,1,13.178472
-0.06666666666666667,1,13.183308
-0.16666666666666666,1,13.18792
-0.3333333333333333,1,13.191859
-0.16666666666666666,1,13.196315
-0.5555555555555556,1,13.200648
-0.3333333333333333,1,13.204757
-0.25,1,13.208436
-0.1,1,13.214147
-0.3333333333333333,1,13.219478
-0.2,1,13.223139
-1.0,1,13.227184
-1.0,1,13.230839
-1.0,1,13.234544
-1.0,1,13.237863
-0.25,1,13.241638
-0.3333333333333333,1,13.245499
-0.3333333333333333,1,13.250048
-0.3333333333333333,1,13.254139
-0.3333333333333333,1,13.257847
-0.1,1,13.261637
-0.2,1,13.266495
-0.06666666666666667,1,13.270872
-0.12,1,13.275066
-0.06666666666666667,1,13.278625
-0.16666666666666666,1,13.282412
-0.2222222222222222,1,13.286119
-0.16666666666666666,1,13.290314
-0.3,1,13.293939
-0.12,1,13.297743
-0.1,1,13.30172
-0.2,1,13.307291
-0.06666666666666667,1,13.311119
-0.2,1,13.315624
-0.1,1,13.319401
-0.2,1,13.323109
-0.06666666666666667,1,13.327004
-0.2,1,13.331596
-0.06666666666666667,1,13.336396
-0.16666666666666666,1,13.340615
-0.06666666666666667,1,13.344257
-0.16666666666666666,1,13.347698
-0.06666666666666667,1,13.352071
-0.12,1,13.35688
-0.2,1,13.360881
-0.25,1,13.366124
-0.3,1,13.369718
-0.25,1,13.374343
-0.2,1,13.378064
-0.25,1,13.38309
-0.3333333333333333,1,13.386911
-0.25,1,13.391543
-0.2,1,13.395491
-0.2,1,13.399171
-0.3333333333333333,1,13.403543
-0.2,1,13.407596
-0.4,1,13.41161
-0.2,1,13.417176
-0.1,1,13.421448
-0.25,1,13.424926
-0.3333333333333333,1,13.429985
-0.5,1,13.434031
-0.3333333333333333,1,13.437639
-1.0,1,13.441068
-0.3333333333333333,1,13.444924
-0.3333333333333333,1,13.448958
-0.3333333333333333,1,13.452765
-0.3333333333333333,1,13.45747
-0.2222222222222222,1,13.461523
-0.16666666666666666,1,13.466066
-0.06666666666666667,1,13.470426
-0.12,1,13.474742
-0.2,1,13.480794
-0.16666666666666666,1,13.489004
-0.2,1,13.492957
-0.2,1,13.497087
-0.2,1,13.501
-0.25,1,13.505286
-0.16666666666666666,1,13.509224
-0.125,1,13.513546
-0.16666666666666666,1,13.518082
-0.3333333333333333,1,13.523172
-0.2,1,13.58127
-0.5,1,13.585889
-0.3333333333333333,1,13.589804
-0.25,1,13.594448
-0.1,1,13.599865
-0.12,1,13.604329
-0.06666666666666667,1,13.609374
-0.12,1,13.614371
-0.2,1,13.618503
-0.12,1,13.622979
-0.2,1,13.628591
-0.06666666666666667,1,13.633133
-0.3333333333333333,1,13.63739
-0.06666666666666667,1,13.642119
-0.3333333333333333,1,13.647418
-0.3333333333333333,1,13.651509
-0.3333333333333333,1,13.655745
0.0,1,13.661033
-1.0,1,13.680497
-1.0,1,13.684611
-0.6666666666666666,1,13.689345
-0.5555555555555556,1,13.694353
-0.16666666666666666,1,13.698775
-0.2,1,13.702984
-0.2,1,13.707417
-0.12,1,13.71232
-0.06666666666666667,1,13.716484
-0.16666666666666666,1,13.721932
-0.06666666666666667,1,13.72653
-0.16666666666666666,1,13.731397
-0.06666666666666667,1,13.735519
-0.12,1,13.740124
-0.06666666666666667,1,13.74535
-0.16666666666666666,1,13.749452
-0.06666666666666667,1,13.753828
-0.16666666666666666,1,13.757766
-0.2,1,13.762508
-0.12,1,13.766667
-0.2,1,13.770302
-0.12,1,13.774001
-0.06666666666666667,1,13.777971
-0.16666666666666666,1,13.781942
-0.06666666666666667,1,13.785244
-0.16666666666666666,1,13.788826
-0.06666666666666667,1,13.792954
-0.2,1,13.797627
-0.2,1,13.801243
-0.25,1,13.805119
-0.2,1,13.809179
-0.25,1,13.813821
-0.2,1,13.817498
-0.25,1,13.825022
-0.3,1,13.829691
-0.125,1,13.833795
-0.16666666666666666,1,13.837679
-0.3333333333333333,1,13.844219
-0.16666666666666666,1,13.848514
-0.3333333333333333,1,13.852073
-0.3333333333333333,1,13.856226
-0.125,1,13.861025
-0.2,1,13.865019
-0.125,1,13.868911
-0.16666666666666666,1,13.873188
-0.25,1,13.877931
-0.3333333333333333,1,13.881458
-0.5555555555555556,1,13.885052
-0.16666666666666666,1,13.889085
-0.06666666666666667,1,13.893347
-0.3333333333333333,1,13.897722
-0.25,1,13.901788
-0.2,1,13.906171
-0.2,1,13.91039
-0.1,1,13.914332
-0.2,1,13.917939
-0.1,1,13.922655
-0.16666666666666666,1,13.927722
-0.06666666666666667,1,13.931329
-0.16666666666666666,1,13.934449
-0.1,1,13.938437
-0.2,1,13.942529
-0.1,1,13.946995
-0.25,1,13.950791
-0.1,1,13.954454
-0.2,1,13.958736
-0.1,1,13.963037
-0.2,1,13.967066
-0.1,1,13.970615
-0.12,1,13.975263
-0.3,1,13.979336
-0.16666666666666666,1,13.983033
-0.2222222222222222,1,13.986604
-0.16666666666666666,1,13.99056
-0.1,1,13.99494
-0.25,1,13.999969
-0.1,1,14.003882
-0.16666666666666666,1,14.008127
-0.2222222222222222,1,14.012325
-0.16666666666666666,1,14.016873
-0.2,1,14.02055
-0.12,1,14.026227
-0.06666666666666667,1,14.031044
-0.2,1,14.034915
0.0,1,14.039559
-1.0,1,14.043234
-1.0,1,14.047774
-1.0,1,14.051893
-1.0,1,14.056081
-0.4,1,14.060465
-0.2,1,14.064047
-0.2,1,14.067414
-0.25,1,14.070918
-0.1,1,14.07521
-0.16666666666666666,1,14.079379
-0.2,1,14.083109
-0.125,1,14.086617
-0.16666666666666666,1,14.091101
-0.06666666666666667,1,14.095609
-0.4,1,14.099129
-0.2,1,14.102586
-0.2222222222222222,1,14.106855
-0.2,1,14.110673
-0.3333333333333333,1,14.1149
-0.2,1,14.118349
-0.3,1,14.122453
-0.12,1,14.126915
-0.2,1,14.130909
-0.25,1,14.135038
-0.2,1,14.141467
0.0,1,14.146263
-1.0,1,14.150799
-1.0,1,14.155143
-1.0,1,14.159992
-1.0,1,14.166197
-1.0,1,14.170288
-0.16666666666666666,1,14.175097
-0.2222222222222222,1,14.179185
-0.16666666666666666,1,14.183434
-0.2222222222222222,1,14.187093
-0.3333333333333333,1,14.191084
-0.2,1,14.195694
-0.2,1,14.199219
-0.3,1,14.202633
-0.12,1,14.207137
-0.06666666666666667,1,14.212146
-0.16666666666666666,1,14.215832
-0.06666666666666667,1,14.220996
-0.12,1,14.226282
-0.1,1,14.231028
-0.25,1,14.234785
-0.3333333333333333,1,14.23831
-0.25,1,14.242685
-0.3,1,14.247007
-0.25,1,14.250674
-0.2,1,14.254116
-0.12,1,14.259351
-0.3,1,14.263356
-0.12,1,14.267528
-0.2,1,14.271413
-0.2,1,14.276285
-0.2,1,14.280046
-0.12,1,14.28424
-0.06666666666666667,1,14.288316
-0.12,1,14.292673
-0.2,1,14.29672
-0.2,1,14.30077
-0.2,1,14.304815
-0.25,1,14.308963
-0.2,1,14.313366
-0.12,1,14.317598
-0.06666666666666667,1,14.321769
-0.16666666666666666,1,14.325946
-0.2222222222222222,1,14.330649
-0.06666666666666667,1,14.334943
-0.3,1,14.33953
-0.16666666666666666,1,14.344576
0.0,1,14.348997
-1.0,1,14.353745
-0.5,1,14.358026
-0.3333333333333333,1,14.362367
-0.25,1,14.366745
-0.4,1,14.371487
-0.5,1,14.375347
0.0,1,14.379215
-1.0,1,14.383441
-1.0,1,14.388384
-0.6666666666666666,1,14.392375
-0.3333333333333333,1,14.396389
-0.16666666666666666,1,14.401796
-0.06666666666666667,1,14.406322
-0.3,1,14.410725
-0.12,1,14.414679
-0.06666666666666667,1,14.418537
-0.16666666666666666,1,14.423128
0.0,1,14.427922
-1.0,1,14.432081
-1.0,1,14.435901
-0.6666666666666666,1,14.4406
-0.3333333333333333,1,14.445175
-0.3333333333333333,1,14.449022
-0.5,1,14.452632
-0.16666666666666666,1,14.457401
-0.125,1,14.4624
-0.1,1,14.46674
-0.2,1,14.471983
-0.1,1,14.477266
-0.2,1,14.481173
-0.1,1,14.485053
-0.25,1,14.48865
-0.2,1,14.494032
-0.25,1,14.49804
-0.16666666666666666,1,14.502131
-0.2,1,14.506436
-0.2222222222222222,1,14.513462
-0.3333333333333333,1,14.52826
-0.2222222222222222,1,14.538668
-0.2,1,14.545599
-0.2,1,14.556901
-0.2,1,14.565083
-0.2222222222222222,1,14.56936
-0.3333333333333333,1,14.574798
0.0,1,14.579614
-1.0,1,14.583445
-1.0,1,14.589697
-1.0,1,14.606517
-0.3333333333333333,1,14.612123
-0.3333333333333333,1,14.617181
-0.7777777777777778,1,14.621519
-0.6666666666666666,1,14.626635
-0.7777777777777778,1,14.633348
-0.6666666666666666,1,14.641088
-0.3333333333333333,1,14.646549
-0.3333333333333333,1,14.651227
-0.5,1,14.654914
0.0,1,14.659007
-1.0,1,14.663162
-1.0,1,14.667037
-1.0,1,14.679296
-0.25,1,14.692299
-0.3333333333333333,1,14.715336
-1.0,1,14.72151
-0.6666666666666666,1,14.727792
-0.3333333333333333,1,14.732144
-0.3333333333333333,1,14.73645
-0.25,1,14.744457
-0.3333333333333333,1,14.750506
-0.25,1,14.756815
-0.1,1,14.765533
-0.3333333333333333,1,14.777546
-0.1,1,14.783382
-0.25,1,14.788102
-0.3,1,14.794076
-0.25,1,14.799246
-0.1,1,14.803594
-0.16666666666666666,1,14.808626
-0.2222222222222222,1,14.813698
-0.2,1,14.818089
-0.1,1,14.880848
-0.2,1,14.885332
-0.06666666666666667,1,14.889456
-0.2,1,14.893977
-0.2,1,14.899113
-0.16666666666666666,1,14.903323
-0.2222222222222222,1,14.907942
-0.2,1,14.912638
-0.2222222222222222,1,14.916533
-0.3333333333333333,1,14.920402
-0.2222222222222222,1,14.925039
-0.2,1,14.929857
-0.1,1,14.934306
-0.12,1,14.938869
-0.3,1,14.943875
-0.125,1,14.948581
-0.3,1,14.952862
-0.125,1,14.95709
-0.2,1,14.971472
-0.2,1,14.979644
-0.3333333333333333,1,14.984575
-0.125,1,14.991449
-0.3,1,14.996539
-0.16666666666666666,1,15.006166
-0.2222222222222222,1,15.011728
-0.3333333333333333,1,15.016312
0.0,1,15.021412
-1.0,1,15.026054
-1.0,1,15.031352
-1.0,1,15.036352
-1.0,1,15.041577
-0.6666666666666666,1,15.046539
-0.5555555555555556,1,15.050267
-0.3333333333333333,1,15.053833
-0.3333333333333333,1,15.060957
-0.3333333333333333,1,15.064932
-0.25,1,15.068811
-0.2,1,15.0737
-0.2,1,15.078462
-0.2,1,15.086052
-0.2,1,15.094801
-0.3333333333333333,1,15.099203
-0.2,1,15.103071
-0.3333333333333333,1,15.107563
-0.25,1,15.112427
-0.3333333333333333,1,15.120333
-0.25,1,15.12517
-0.3333333333333333,1,15.130051
-0.3333333333333333,1,15.133837
-0.3333333333333333,1,15.138596
-0.25,1,15.143207
-0.2,1,15.147739
-0.16666666666666666,1,15.152272
-0.06666666666666667,1,15.156993
-0.2,1,15.162656
-0.1,1,15.167324
-0.16666666666666666,1,15.1716
-0.06666666666666667,1,15.177889
-0.2,1,15.183192
-0.06666666666666667,1,15.187293
-0.16666666666666666,1,15.193275
-0.06666666666666667,1,15.197963
-0.16666666666666666,1,15.201878
-0.3,1,15.207136
-0.125,1,15.213991
-0.2,1,15.218373
-0.16666666666666666,1,15.223568
0.0,1,15.228818
-1.0,1,15.232979
-0.5,1,15.237031
-1.0,1,15.242229
-0.5,1,15.24709
-1.0,1,15.251545
-1.0,1,15.255222
-0.6666666666666666,1,15.260204
-0.5,1,15.264402
0.0,1,15.268207
-1.0,1,15.27245
-1.0,1,15.277052
-0.6666666666666666,1,15.28143
-0.5,1,15.285843
-0.3333333333333333,1,15.289932
-0.5555555555555556,1,15.294383
-0.16666666666666666,1,15.299143
-0.25,1,15.303505
-0.2,1,15.308073
-0.2,1,15.313253
-0.2222222222222222,1,15.317141
-0.16666666666666666,1,15.320554
-0.06666666666666667,1,15.326745
-0.16666666666666666,1,15.331065
-0.06666666666666667,1,15.337948
-0.16666666666666666,1,15.343223
0.0,1,15.347737
-1.0,1,15.351305
-1.0,1,15.355067
-1.0,1,15.359379
-0.75,1,15.363648
-0.4,1,15.367699
-0.2,1,15.371348
-0.1,1,15.375311
-0.16666666666666666,1,15.379848
-0.2,1,15.383911
-0.25,1,15.388246
-0.2,1,15.393064
-0.12,1,15.397184
-0.06666666666666667,1,15.401528
-0.12,1,15.406087
-0.06666666666666667,1,15.417623
-0.16666666666666666,1,15.42776
-0.06666666666666667,1,15.446571
-0.16666666666666666,1,15.461496
-0.06666666666666667,1,15.466431
-0.12,1,15.473517
-0.2,1,15.485364
-0.2,1,15.493023
-0.2,1,15.497845
-0.2,1,15.506131
-0.1,1,15.510529
-0.125,1,15.514695
-0.2,1,15.519518
-0.16666666666666666,1,15.52452
-0.06666666666666667,1,15.528662
-0.16666666666666666,1,15.533479
-0.3,1,15.537665
-0.125,1,15.545907
-0.3,1,15.550844
-0.2,1,15.555274
-0.2222222222222222,1,15.559361
-0.2,1,15.564082
-0.2,1,15.568621
-0.3333333333333333,1,15.573169
-0.1,1,15.577996
-0.2,1,15.585554
-0.2222222222222222,1,15.591999
-0.16666666666666666,1,15.596726
0.0,1,15.60095
-1.0,1,15.605152
-1.0,1,15.609195
-1.0,1,15.613105
-0.5,1,15.617759
-0.4,1,15.62172
-1.0,1,15.625765
-0.4,1,15.629292
-0.5,1,15.634249
-0.3333333333333333,1,15.63898
-0.25,1,15.642908
-0.3333333333333333,1,15.646757
-0.3333333333333333,1,15.651143
-0.16666666666666666,1,15.655546
-0.3333333333333333,1,15.659472
-0.3333333333333333,1,15.66294
-0.25,1,15.667468
-0.2,1,15.67175
-0.12,1,15.675599
-0.2,1,15.679695
-0.16666666666666666,1,15.683642
0.0,1,15.687768
-1.0,1,15.693469
-1.0,1,15.698267
-1.0,1,15.704299
-1.0,1,15.708663
-0.3333333333333333,1,15.712331
-0.3333333333333333,1,15.71763
-0.6666666666666666,1,15.721433
-0.5555555555555556,1,15.725397
-0.3333333333333333,1,15.729647
-1.0,1,15.734177
-1.0,1,15.738039
-1.0,1,15.742007
-0.6666666666666666,1,15.745755
-0.5,1,15.750774
-0.4,1,15.75501
-0.06666666666666667,1,15.758622
-0.2222222222222222,1,15.762716
-0.3333333333333333,1,15.767503
0.0,1,15.77202
-1.0,1,15.776402
-1.0,1,15.780584
-1.0,1,15.785115
-1.0,1,15.790009
-1.0,1,15.812111
-0.5,1,15.820255
-0.2,1,15.825678
-0.3333333333333333,1,15.832425
-0.2,1,15.838425
-0.3333333333333333,1,15.848462
-0.2222222222222222,1,15.854099
-0.3333333333333333,1,15.858904
-0.2,1,15.863735
-0.2,1,15.868705
-0.2222222222222222,1,15.874013
-0.2,1,15.878588
-0.3,1,15.88381
-0.16666666666666666,1,15.88841
-0.1,1,15.892443
-0.2,1,15.896543
-0.1,1,15.901299
-0.125,1,15.905908
-0.3,1,15.9101
-0.16666666666666666,1,15.914365
-0.2,1,15.918787
-0.16666666666666666,1,15.922841
-0.2,1,15.927272
-0.2,1,15.931846
-0.1,1,15.936659
-0.2,1,15.941411
-0.06666666666666667,1,15.947414
-0.16666666666666666,1,15.951807
-0.2,1,15.956743
-0.2,1,15.962894
-0.3333333333333333,1,15.968279
-0.2,1,15.9722
-0.2,1,15.976164
-0.25,1,15.979784
-0.2,1,15.98349
-0.12,1,15.987226
-0.2,1,15.991097
-0.25,1,15.994736
0.0,1,15.99823
-1.0,1,16.001897
-1.0,1,16.006013
-1.0,1,16.010091
-0.75,1,16.014038
-1.0,1,16.017633
-0.75,1,16.021773
-0.4,1,16.025775
-0.2,1,16.030895
-0.2,1,16.034435
-0.25,1,16.038141
-0.16666666666666666,1,16.042357
-0.5555555555555556,1,16.046377
-0.6666666666666666,1,16.050599
-1.0,1,16.054471
-0.6666666666666666,1,16.059355
-0.5555555555555556,1,16.063411
-0.16666666666666666,1,16.067117
-0.06666666666666667,1,16.070512
-0.2222222222222222,1,16.07411
-0.2,1,16.078323
-0.2222222222222222,1,16.082184
-0.16666666666666666,1,16.085623
-0.4,1,16.089878
-0.16666666666666666,1,16.093605
-0.2222222222222222,1,16.09767
-0.16666666666666666,1,16.10105
-0.3,1,16.10499
-0.12,1,16.108754
-0.06666666666666667,1,16.112896
-0.12,1,16.116982
-0.2,1,16.120539
-0.16666666666666666,1,16.124155
-0.06666666666666667,1,16.128521
-0.16666666666666666,1,16.13257
0.0,1,16.136719
-1.0,1,16.141052
-1.0,1,16.20192
-1.0,1,16.208266
-0.75,1,16.213321
-1.0,1,16.217655
-0.5,1,16.221972
-0.3333333333333333,1,16.226444
-0.25,1,16.231115
-0.16666666666666666,1,16.235281
-0.125,1,16.23917
-0.16666666666666666,1,16.245138
-0.2,1,16.249091
-0.2,1,16.253116
-0.12,1,16.257422
-0.06666666666666667,1,16.262071
-0.2,1,16.266358
0.0,1,16.270278
-1.0,1,16.275304
-1.0,1,16.280092
-1.0,1,16.284291
-0.5,1,16.288287
-0.3333333333333333,1,16.292812
-0.2,1,16.297464
-0.2222222222222222,1,16.301511
-0.16666666666666666,1,16.305636
0.0,1,16.310655
-1.0,1,16.314807
-1.0,1,16.318678
-0.6666666666666666,1,16.323123
-0.3333333333333333,1,16.327648
-0.3333333333333333,1,16.331263
-0.2,1,16.335011
-0.16666666666666666,1,16.339939
-0.2,1,16.344645
-0.2222222222222222,1,16.348507
-0.16666666666666666,1,16.352338
-0.2222222222222222,1,16.356582
-0.16666666666666666,1,16.360555
-0.2222222222222222,1,16.363905
-0.16666666666666666,1,16.36729
-0.06666666666666667,1,16.370723
-0.12,1,16.374504
-0.3,1,16.378487
-0.16666666666666666,1,16.382052
0.0,1,16.385262
-1.0,1,16.38862
-1.0,1,16.392819
-1.0,1,16.397356
-1.0,1,16.400992
-1.0,1,16.404871
-0.3333333333333333,1,16.408443
-0.3333333333333333,1,16.412207
-0.3333333333333333,1,16.416209
-0.2,1,16.420201
-0.16666666666666666,1,16.424264
-0.06666666666666667,1,16.429235
-0.12,1,16.436157
-0.06666666666666667,1,16.442048
-0.16666666666666666,1,16.446514
-0.2,1,16.450299
-0.2,1,16.454083
-0.1,1,16.457936
-0.25,1,16.462344
-0.16666666666666666,1,16.466567
-0.2,1,16.470264
-0.2,1,16.474543
-0.2,1,16.478841
-0.06666666666666667,1,16.482553
-0.12,1,16.486148
-0.1,1,16.491404
-0.25,1,16.497186
-0.2,1,16.500817
-0.16666666666666666,1,16.504694
-0.2,1,16.509419
-0.12,1,16.513701
-0.06666666666666667,1,16.517648
-0.2,1,16.522912
0.0,1,16.526954
-1.0,1,16.531213
-1.0,1,16.53518
-1.0,1,16.539251
-0.5,1,16.543443
-0.4,1,16.547268
-0.5,1,16.550984
-0.3333333333333333,1,16.555868
-0.06666666666666667,1,16.561787
-0.4,1,16.566792
-0.5,1,16.570761
0.0,1,16.574821
-1.0,1,16.579255
-1.0,1,16.583595
-0.6666666666666666,1,16.58741
-0.5,1,16.591248
-0.3333333333333333,1,16.595953
-0.3333333333333333,1,16.600336
0.0,1,16.604827
-1.0,1,16.608316
-0.5,1,16.612229
-0.6666666666666666,1,16.615755
-0.3333333333333333,1,16.619866
-0.3333333333333333,1,16.624428
-0.125,1,16.628724
-0.3333333333333333,1,16.632803
-0.3333333333333333,1,16.637024
-0.3333333333333333,1,16.641331
-0.125,1,16.645447
-0.3333333333333333,1,16.649562
-0.3333333333333333,1,16.653901
-0.6666666666666666,1,16.658109
-0.75,1,16.663218
-1.0,1,16.667423
-0.3333333333333333,1,16.671367
-0.6666666666666666,1,16.675427
-0.5555555555555556,1,16.681049
-1.0,1,16.684856
-0.3333333333333333,1,16.68921
-0.3333333333333333,1,16.694192
-0.7777777777777778,1,16.698425
-0.3333333333333333,1,16.702475
-0.2,1,16.709089
-0.3333333333333333,1,16.714171
-0.2,1,16.717684
-0.3,1,16.721378
-0.16666666666666666,1,16.725526
-0.06666666666666667,1,16.730407
-0.16666666666666666,1,16.735013
-0.06666666666666667,1,16.73912
-0.16666666666666666,1,16.74357
0.0,1,16.748019
-1.0,1,16.752408
-0.5,1,16.756931
-0.6666666666666666,1,16.76156
-0.5,1,16.766141
-0.6666666666666666,1,16.774624
-0.3333333333333333,1,16.778708
-0.3333333333333333,1,16.781999
-0.25,1,16.785658
-0.4,1,16.790099
-0.2,1,16.794485
-0.16666666666666666,1,16.798464
-0.25,1,16.802345
-0.1,1,16.806853
-0.2,1,16.811033
-0.06666666666666667,1,16.814883
-0.16666666666666666,1,16.81886
-0.06666666666666667,1,16.822764
-0.16666666666666666,1,16.826573
-0.06666666666666667,1,16.830885
-0.16666666666666666,1,16.834378
0.0,1,16.83794
-1.0,1,16.841902
-0.5,1,16.846692
-0.3333333333333333,1,16.850595
-0.5,1,16.854774
-0.6666666666666666,1,16.858782
-0.5,1,16.863119
-0.16666666666666666,1,16.86691
-0.3333333333333333,1,16.870642
-0.3333333333333333,1,16.874453
-0.3333333333333333,1,16.893928
-0.16666666666666666,1,16.904185
-0.06666666666666667,1,16.913921
-0.3333333333333333,1,16.918525
-0.3333333333333333,1,16.925682
-0.3333333333333333,1,16.932151
-0.3333333333333333,1,16.936211
-0.3333333333333333,1,16.941074
-0.3333333333333333,1,16.945946
-0.3333333333333333,1,16.950071
-0.25,1,16.953836
-0.1,1,16.958679
-0.2,1,16.963633
-0.06666666666666667,1,16.968194
-0.16666666666666666,1,16.972736
-0.2222222222222222,1,16.977685
-0.16666666666666666,1,16.9819
-0.06666666666666667,1,16.98618
-0.16666666666666666,1,16.991302
-0.2,1,16.995923
-0.25,1,17.000222
-0.2,1,17.00425
-0.25,1,17.00926
0.0,1,17.013839
-1.0,1,17.018106
-1.0,1,17.022102
-1.0,1,17.026562
-0.5,1,17.030143
-0.4,1,17.034409
-0.3333333333333333,1,17.038483
-0.1,1,17.042498
-0.3333333333333333,1,17.046609
-0.16666666666666666,1,17.050351
-0.25,1,17.053885
-0.16666666666666666,1,17.058408
-0.25,1,17.062774
-0.2,1,17.06662
-0.12,1,17.0704
-0.2,1,17.074091
-0.2,1,17.078228
-0.2,1,17.082107
-0.2,1,17.085953
-0.06666666666666667,1,17.090016
-0.16666666666666666,1,17.095518
-0.06666666666666667,1,17.099019
-0.16666666666666666,1,17.102201
-0.06666666666666667,1,17.10559
-0.16666666666666666,1,17.109812
0.0,1,17.113889
-1.0,1,17.117649
-1.0,1,17.122222
-0.6666666666666666,1,17.126801
-0.75,1,17.131244
-0.3333333333333333,1,17.135142
-0.25,1,17.140337
-0.1,1,17.144707
-0.2,1,17.148772
-0.06666666666666667,1,17.152696
-0.12,1,17.158226
-0.2,1,17.163993
-0.12,1,17.167922
-0.2,1,17.172256
-0.25,1,17.176456
-0.2,1,17.180466
-0.16666666666666666,1,17.18454
-0.2,1,17.187923
-0.2,1,17.191904
-0.2,1,17.19634
-0.2,1,17.20022
-0.06666666666666667,1,17.203854
-0.16666666666666666,1,17.207653
-0.06666666666666667,1,17.211914
-0.16666666666666666,1,17.215733
0.0,1,17.219505
-1.0,1,17.223459
-1.0,1,17.227683
-1.0,1,17.23188
-0.5,1,17.235747
-0.4,1,17.239995
-0.75,1,17.244351
-1.0,1,17.248027
-0.5,1,17.251433
-0.6666666666666666,1,17.255296
-0.7777777777777778,1,17.259296
-0.6666666666666666,1,17.263959
-0.3333333333333333,1,17.269391
-0.6666666666666666,1,17.275084
-0.3333333333333333,1,17.279496
-0.3333333333333333,1,17.284876
-0.25,1,17.290873
-0.16666666666666666,1,17.295228
-0.125,1,17.298581
-0.16666666666666666,1,17.302175
-0.125,1,17.306063
-0.3333333333333333,1,17.310132
-0.2,1,17.313999
-0.3,1,17.317595
-0.125,1,17.321127
-0.3,1,17.37075
-0.2,1,17.378786
-0.3333333333333333,1,17.38384
-0.25,1,17.388392
-0.3333333333333333,1,17.392737
-0.3333333333333333,1,17.397774
-0.1,1,17.402348
-0.2,1,17.406892
-0.3,1,17.411422
-0.12,1,17.415507
-0.06666666666666667,1,17.42123
-0.2,1,17.425467
-0.1,1,17.429881
-0.2,1,17.434079
-0.1,1,17.437844
-0.2,1,17.441965
-0.06666666666666667,1,17.446474
-0.16666666666666666,1,17.450504
-0.2222222222222222,1,17.454704
-0.16666666666666666,1,17.459182
0.0,1,17.464106
-1.0,1,17.46812
-1.0,1,17.472687
-0.6666666666666666,1,17.477236
-0.25,1,17.481054
-0.3333333333333333,1,17.484867
-0.25,1,17.488797
-0.2,1,17.493088
-0.25,1,17.497258
-0.3333333333333333,1,17.50145
-0.25,1,17.505187
-0.3333333333333333,1,17.509126
-0.25,1,17.51358
-0.3333333333333333,1,17.517932
-0.3333333333333333,1,17.521973
-0.3333333333333333,1,17.526901
-0.3333333333333333,1,17.53118
-1.0,1,17.535071
-1.0,1,17.539655
-1.0,1,17.543993
-0.5555555555555556,1,17.548031
-0.3333333333333333,1,17.551559
-0.5,1,17.556378
-0.4,1,17.560849
-0.16666666666666666,1,17.564749
-0.2222222222222222,1,17.568771
-0.3333333333333333,1,17.572724
-0.2,1,17.577157
-0.06666666666666667,1,17.580913
-0.16666666666666666,1,17.584877
-0.5555555555555556,1,17.588181
-0.3333333333333333,1,17.592025
-0.3333333333333333,1,17.595907
-0.3333333333333333,1,17.599817
-0.3333333333333333,1,17.60359
-0.3333333333333333,1,17.608563
-0.5,1,17.612823
-0.3333333333333333,1,17.617008
-0.25,1,17.620576
-0.2,1,17.626357
-0.25,1,17.63094
-0.3,1,17.635356
-0.125,1,17.640241
-0.1,1,17.64516
-0.16666666666666666,1,17.649925
0.0,1,17.654095
-1.0,1,17.65853
-1.0,1,17.663622
-0.6666666666666666,1,17.667965
-0.3333333333333333,1,17.67182
-0.3333333333333333,1,17.676963
-0.25,1,17.681431
-0.2,1,17.685226
-0.25,1,17.689322
-0.2,1,17.694162
-0.2,1,17.698096
-0.2222222222222222,1,17.701741
-0.3333333333333333,1,17.706447
-0.2222222222222222,1,17.711045
-0.16666666666666666,1,17.71505
-0.06666666666666667,1,17.718732
-0.16666666666666666,1,17.722693
0.0,1,17.726424
-1.0,1,17.730476
-1.0,1,17.734507
-1.0,1,17.743424
-0.5,1,17.757162
-0.2,1,17.764648
-1.0,1,17.769479
-1.0,1,17.776792
-0.16666666666666666,1,17.784374
0.0,1,17.790322
-1.0,1,17.799098
-1.0,1,17.80515
-1.0,1,17.809134
-1.0,1,17.81529
-0.6666666666666666,1,17.819855
-0.3333333333333333,1,17.823939
-0.3333333333333333,1,17.827549
-0.25,1,17.831266
-0.3333333333333333,1,17.83819
-0.25,1,17.842571
-0.16666666666666666,1,17.846954
-0.25,1,17.8508
-0.2,1,17.854262
-0.2,1,17.858001
-0.2,1,17.861474
-0.3333333333333333,1,17.86527
-0.3333333333333333,1,17.869455
-0.25,1,17.873285
-0.2,1,17.877
-0.25,1,17.881723
0.0,1,17.885807
-1.0,1,17.889766
-0.5,1,17.893636
-0.6666666666666666,1,17.897187
-0.5555555555555556,1,17.901012
-0.3333333333333333,1,17.904865
-0.5,1,17.908366
-0.4,1,17.912011
-1.0,1,17.915821
-1.0,1,17.919508
-1.0,1,17.924059
-0.4,1,17.927627
-0.16666666666666666,1,17.931324
-0.4,1,17.935128
-0.3333333333333333,1,17.938333
-0.1,1,17.942362
-0.2,1,17.945877
-0.2,1,17.950051
-0.12,1,17.954279
-0.2,1,17.961667
-0.16666666666666666,1,17.972712
-0.2,1,17.989438
-0.12,1,17.994816
-0.06666666666666667,1,18.009544
-0.16666666666666666,1,18.014918
-0.06666666666666667,1,18.01958
-0.16666666666666666,1,18.023751
0.0,1,18.028155
-1.0,1,18.033396
-1.0,1,18.037684
-0.3333333333333333,1,18.041947
-0.5,1,18.046166
-0.3333333333333333,1,18.050229
-0.5,1,18.054631
-0.2,1,18.058841
-0.3333333333333333,1,18.063118
-0.1,1,18.06761
-0.12,1,18.071601
-0.06666666666666667,1,18.075251
-0.2,1,18.078979
-0.06666666666666667,1,18.082562
-0.16666666666666666,1,18.086846
-0.06666666666666667,1,18.091105
-0.12,1,18.095235
-0.06666666666666667,1,18.099635
-0.2,1,18.104102
-0.1,1,18.107699
-0.25,1,18.112917
-0.2,1,18.117146
-0.25,1,18.120929
-0.1,1,18.124591
-0.16666666666666666,1,18.129593
-0.2,1,18.134171
-0.16666666666666666,1,18.13831
0.0,1,18.142413
-1.0,1,18.146287
-1.0,1,18.150967
-0.6666666666666666,1,18.155395
-0.5,1,18.159737
-1.0,1,18.163527
-1.0,1,18.168558
-1.0,1,18.172683
-0.3333333333333333,1,18.177535
-1.0,1,18.182635
-0.5555555555555556,1,18.18666
-1.0,1,18.19177
-0.5,1,18.195944
-0.2,1,18.200154
-0.2,1,18.204377
-0.2222222222222222,1,18.241087
-0.16666666666666666,1,18.256996
-0.1,1,18.264202
-0.2,1,18.270682
-0.06666666666666667,1,18.284246
-0.16666666666666666,1,18.295346
0.0,1,18.304367
-1.0,1,18.310035
-0.5,1,18.318045
-0.3333333333333333,1,18.32261
-0.5,1,18.328812
-0.3333333333333333,1,18.345025
-0.5555555555555556,1,18.363339
-0.16666666666666666,1,18.370624
-0.25,1,18.37694
-0.3333333333333333,1,18.382431
-0.3333333333333333,1,18.391943
-0.3333333333333333,1,18.410534
-0.25,1,18.415387
-0.1,1,18.419647
-0.125,1,18.431216
-0.3,1,18.44488
-0.2,1,18.455541
-0.4,1,18.462416
-0.16666666666666666,1,18.466132
-0.2222222222222222,1,18.478878
-0.16666666666666666,1,18.485926
-0.2,1,18.495174
-0.2,1,18.499625
-0.1,1,18.507436
-0.16666666666666666,1,18.516617
-0.06666666666666667,1,18.525555
-0.12,1,18.533892
-0.2,1,18.543889
-0.25,1,18.573054
-0.3333333333333333,1,18.580341
-0.25,1,18.604029
-0.2,1,18.60918
-0.25,1,18.614218
-0.2,1,18.621964
-0.12,1,18.627638
-0.06666666666666667,1,18.634345
-0.16666666666666666,1,18.640513
-0.06666666666666667,1,18.645162
-0.12,1,18.649533
-0.06666666666666667,1,18.65368
-0.16666666666666666,1,18.657816
-0.06666666666666667,1,18.662325
-0.16666666666666666,1,18.666946
-0.06666666666666667,1,18.67123
-0.12,1,18.676167
-0.2,1,18.680813
-0.16666666666666666,1,18.685013
-0.2,1,18.688902
-0.12,1,18.693196
-0.06666666666666667,1,18.697955
-0.2,1,18.702615
-0.06666666666666667,1,18.706782
-0.12,1,18.711792
-0.2,1,18.716322
-0.2,1,18.720577
-0.2,1,18.725291
-0.12,1,18.730062
-0.06666666666666667,1,18.735389
-0.16666666666666666,1,18.739406
-0.06666666666666667,1,18.74355
-0.16666666666666666,1,18.748491
-0.06666666666666667,1,18.754454
-0.16666666666666666,1,18.762781
-0.06666666666666667,1,18.767017
-0.16666666666666666,1,18.774142
-0.06666666666666667,1,18.779266
-0.12,1,18.783231
-0.3,1,18.787017
-0.16666666666666666,1,18.79173
-0.1,1,18.844605
-0.2,1,18.852739
-0.06666666666666667,1,18.857229
-0.2,1,18.862735
-0.06666666666666667,1,18.867626
-0.12,1,18.872552
-0.2,1,18.877769
-0.16666666666666666,1,18.882257
0.0,1,18.886627
-1.0,1,18.890599
-1.0,1,18.895454
-1.0,1,18.8999
-0.75,1,18.90424
-0.16666666666666666,1,18.908537
-0.25,1,18.913321
-0.2,1,18.917072
-0.25,1,18.921094
-0.2,1,18.925272
-0.16666666666666666,1,18.929483
-0.2222222222222222,1,18.933373
-0.16666666666666666,1,18.936962
0.0,1,18.941017
-1.0,1,18.945151
-1.0,1,18.949134
-1.0,1,18.952774
-1.0,1,18.957893
-0.3333333333333333,1,18.96227
-0.3333333333333333,1,18.967086
-0.3333333333333333,1,18.970906
-0.3333333333333333,1,18.975496
-0.16666666666666666,1,18.980088
-0.25,1,18.997485
-0.2,1,19.001918
-0.12,1,19.00587
-0.2,1,19.011153
-0.16666666666666666,1,19.015931
-0.06666666666666667,1,19.01958
-0.2,1,19.023206
-0.2,1,19.027685
-0.25,1,19.032635
-0.1,1,19.036855
-0.25,1,19.041151
-0.3,1,19.049447
-0.12,1,19.056255
-0.06666666666666667,1,19.061736
-0.2,1,19.065969
0.0,1,19.069679
-1.0,1,19.075286
-1.0,1,19.079406
-1.0,1,19.083009
-1.0,1,19.086599
-1.0,1,19.09142
-1.0,1,19.101155
-0.6666666666666666,1,19.105588
-0.3333333333333333,1,19.109699
0.0,1,19.114009
-1.0,1,19.117814
-1.0,1,19.122091
-1.0,1,19.126844
-0.25,1,19.131158
-0.16666666666666666,1,19.135389
-0.2,1,19.139601
-0.2,1,19.144459
-0.25,1,19.14864
-0.2,1,19.152919
-0.2,1,19.157434
-0.2222222222222222,1,19.162228
-0.3333333333333333,1,19.166659
-0.1,1,19.170691
-0.16666666666666666,1,19.175223
-0.3,1,19.179564
-0.12,1,19.183771
-0.2,1,19.18771
-0.06666666666666667,1,19.19193
-0.2222222222222222,1,19.195989
-0.06666666666666667,1,19.199428
-0.3,1,19.202974
-0.12,1,19.207593
-0.2,1,19.212282
-0.12,1,19.216444
-0.2,1,19.220476
-0.2,1,19.225089
-0.4,1,19.229029
-0.5,1,19.232847
-0.3333333333333333,1,19.236983
-0.25,1,19.241251
-0.2,1,19.245877
-0.25,1,19.25253
-0.2,1,19.25809
-0.2,1,19.262584
-0.06666666666666667,1,19.266701
-0.16666666666666666,1,19.270725
-0.06666666666666667,1,19.275139
-0.16666666666666666,1,19.2795
-0.06666666666666667,1,19.283569
-0.12,1,19.287376
-0.06666666666666667,1,19.29205
-0.2,1,19.296798
-0.06666666666666667,1,19.301182
-0.16666666666666666,1,19.306448
-0.06666666666666667,1,19.315813
-0.12,1,19.330031
-0.06666666666666667,1,19.335245
-0.16666666666666666,1,19.339708
0.0,1,19.344261
-1.0,1,19.348981
-1.0,1,19.353588
-0.6666666666666666,1,19.358048
-0.5555555555555556,1,19.362116
-0.16666666666666666,1,19.365988
-0.5555555555555556,1,19.370472
-0.3333333333333333,1,19.374869
-0.3333333333333333,1,19.379467
-0.16666666666666666,1,19.383723
-0.3333333333333333,1,19.38776
-0.3333333333333333,1,19.392317
-0.2,1,19.396473
-0.3333333333333333,1,19.400627
-0.25,1,19.404651
0.0,1,19.409103
-1.0,1,19.413556
-1.0,1,19.417709
-0.6666666666666666,1,19.42175
-0.7777777777777778,1,19.425771
-0.3333333333333333,1,19.429831
-0.3333333333333333,1,19.433902
-0.3333333333333333,1,19.438928
-0.25,1,19.442535
-0.3333333333333333,1,19.446793
-0.125,1,19.450932
-0.3,1,19.455193
-0.16666666666666666,1,19.459107
-0.2222222222222222,1,19.463269
-0.2,1,19.467335
-0.4,1,19.47072
-0.2,1,19.474424
-0.2,1,19.479765
-0.16666666666666666,1,19.483704
-0.06666666666666667,1,19.487207
-0.12,1,19.491528
-0.2,1,19.497093
-0.16666666666666666,1,19.500739
-0.2,1,19.50471
-0.2,1,19.509957
-0.2,1,19.514408
-0.25,1,19.518301
-0.2,1,19.522767
-0.12,1,19.527101
-0.1,1,19.53106
-0.2,1,19.534861
-0.06666666666666667,1,19.539224
-0.16666666666666666,1,19.543992
-0.2222222222222222,1,19.547737
-0.16666666666666666,1,19.551512
-0.1,1,19.555144
-0.3333333333333333,1,19.560207
-0.1,1,19.564275
-0.125,1,19.567749
-0.16666666666666666,1,19.571757
-0.25,1,19.575515
-0.3333333333333333,1,19.57915
-0.25,1,19.58253
-0.3,1,19.587045
-0.12,1,19.591072
-0.06666666666666667,1,19.595398
-0.16666666666666666,1,19.598871
-0.06666666666666667,1,19.602303
-0.16666666666666666,1,19.606664
-0.06666666666666667,1,19.610867
-0.12,1,19.614263
-0.06666666666666667,1,19.617654
-0.16666666666666666,1,19.62198
-0.06666666666666667,1,19.626874
-0.2,1,19.630721
-0.1,1,19.634075
-0.2,1,19.637514
-0.06666666666666667,1,19.641037
-0.2,1,19.64487
-0.2,1,19.648686
-0.25,1,19.651912
-0.2,1,19.65531
-0.2,1,19.658823
-0.06666666666666667,1,19.662418
-0.2,1,19.665993
0.0,1,19.669538
-1.0,1,19.673617
-1.0,1,19.677749
-1.0,1,19.681348
-1.0,1,19.685352
-0.6666666666666666,1,19.689396
-1.0,1,19.693949
-1.0,1,19.697933
-1.0,1,19.701369
-1.0,1,19.705099
-0.5,1,19.709257
-0.3333333333333333,1,19.713255
-0.3333333333333333,1,19.716712
-0.3333333333333333,1,19.720055
-0.25,1,19.724958
-0.2,1,19.728953
-0.2,1,19.732399
-0.2,1,19.735796
-0.12,1,19.739237
-0.06666666666666667,1,19.745375
-0.16666666666666666,1,19.748932
0.0,1,19.753271
-1.0,1,19.758515
-1.0,1,19.762762
-0.3333333333333333,1,19.766659
-0.3333333333333333,1,19.770753
-0.6666666666666666,1,19.777426
-0.5,1,19.78202
-0.3333333333333333,1,19.786492
-0.3333333333333333,1,19.790395
-0.1,1,19.794828
-0.3333333333333333,1,19.798797
-0.1,1,19.803044
-0.25,1,19.807417
-0.2,1,19.811864
-0.2,1,19.815902
0.0,1,19.827886
-1.0,1,19.83201
-1.0,1,19.836072
-0.6666666666666666,1,19.840886
-1.0,1,19.846202
-0.6666666666666666,1,19.84995
-0.3333333333333333,1,19.853776
-0.6666666666666666,1,19.860613
-0.3333333333333333,1,19.86593
-0.3333333333333333,1,19.869712
-0.2,1,19.874477
-0.4,1,19.879248
-0.16666666666666666,1,19.884155
-0.4,1,19.887911
-0.16666666666666666,1,19.891818
-0.2,1,19.896217
-0.25,1,19.900131
-0.3333333333333333,1,19.903572
-0.3333333333333333,1,19.90766
-0.3333333333333333,1,19.912039
-0.25,1,19.916002
-0.1,1,19.919607
-0.12,1,19.923303
-0.3,1,19.928343
-0.25,1,19.932277
-0.2,1,19.935859
-0.16666666666666666,1,19.939648
-0.2,1,19.944011
-0.16666666666666666,1,19.947641
-0.2,1,19.951134
-0.16666666666666666,1,19.954865
-0.2222222222222222,1,19.958905
-0.3333333333333333,1,19.963021
-0.3333333333333333,1,19.96717
-0.25,1,19.970703
-0.2,1,19.976802
-0.16666666666666666,1,20.040319
-0.2,1,20.04925
-0.25,1,20.053783
-0.2,1,20.059104
-0.16666666666666666,1,20.063907
-0.06666666666666667,1,20.068412
-0.16666666666666666,1,20.072672
-0.06666666666666667,1,20.077674
-0.2,1,20.081825
-0.2,1,20.085913
-0.16666666666666666,1,20.091254
-0.06666666666666667,1,20.096449
-0.12,1,20.100532
-0.3,1,20.107983
-0.12,1,20.112519
-0.06666666666666667,1,20.117692
-0.12,1,20.121815
-0.06666666666666667,1,20.127815
-0.16666666666666666,1,20.139895
0.0,1,20.14625
-1.0,1,20.150941
-0.5,1,20.154813
-0.3333333333333333,1,20.159052
-0.3333333333333333,1,20.172635
-0.6666666666666666,1,20.180533
-0.5,1,20.185908
-0.4,1,20.19139
-0.2,1,20.195331
-0.2222222222222222,1,20.199302
-0.16666666666666666,1,20.202949
-0.4,1,20.207298
-1.0,1,20.211387
-0.4,1,20.215991
-0.75,1,20.219942
-0.3333333333333333,1,20.226608
-0.2,1,20.230466
-0.2,1,20.234575
-0.2,1,20.239718
-0.2,1,20.244871
-0.2,1,20.250775
-0.1,1,20.255286
-0.12,1,20.259499
-0.06666666666666667,1,20.263518
-0.16666666666666666,1,20.267726
-0.06666666666666667,1,20.278177
-0.12,1,20.282529
-0.2,1,20.288218
-0.12,1,20.292628
-0.06666666666666667,1,20.29857
-0.12,1,20.302237
-0.06666666666666667,1,20.306824
-0.2,1,20.310419
0.0,1,20.314361
-1.0,1,20.318256
-0.5,1,20.322969
-0.6666666666666666,1,20.32642
-0.5,1,20.330434
-1.0,1,20.334968
-1.0,1,20.339924
-1.0,1,20.343829
-0.25,1,20.347496
-0.3333333333333333,1,20.351882
-0.2,1,20.356535
-0.2222222222222222,1,20.361015
-0.16666666666666666,1,20.367028
-0.2,1,20.372318
-0.12,1,20.377336
-0.06666666666666667,1,20.381174
-0.2,1,20.386114
0.0,1,20.390738
-1.0,1,20.394704
-1.0,1,20.398439
-1.0,1,20.402014
-1.0,1,20.405933
-1.0,1,20.410002
-1.0,1,20.414192
-0.4,1,20.418333
-0.3333333333333333,1,20.422086
-0.2,1,20.425943
-0.12,1,20.429966
-0.2,1,20.434716
-0.12,1,20.438908
-0.06666666666666667,1,20.442651
-0.2,1,20.447104
-0.06666666666666667,1,20.451398
-0.16666666666666666,1,20.455439
-0.2,1,20.459305
-0.2,1,20.463047
-0.06666666666666667,1,20.467208
-0.2,1,20.47179
-0.06666666666666667,1,20.475556
-0.2,1,20.479276
-0.06666666666666667,1,20.483512
-0.16666666666666666,1,20.48854
-0.2222222222222222,1,20.494837
-0.16666666666666666,1,20.5002
-0.2222222222222222,1,20.504083
-0.16666666666666666,1,20.508069
-0.2,1,20.511883
-0.25,1,20.516406
-0.3333333333333333,1,20.521241
-0.06666666666666667,1,20.525913
-0.3,1,20.530843
-0.16666666666666666,1,20.535486
-0.06666666666666667,1,20.539684
-0.16666666666666666,1,20.54397
0.0,1,20.548074
-1.0,1,20.552305
-1.0,1,20.55627
-0.6666666666666666,1,20.560183
-0.3333333333333333,1,20.564346
-0.6666666666666666,1,20.568934
-0.7777777777777778,1,20.573241
-0.3333333333333333,1,20.577
-0.25,1,20.580959
-0.3333333333333333,1,20.585167
-0.7777777777777778,1,20.590916
-0.3333333333333333,1,20.594929
-0.2,1,20.599141
-0.3333333333333333,1,20.602684
-0.125,1,20.607364
-0.2,1,20.611869
-0.25,1,20.616019
-0.2,1,20.619702
-0.16666666666666666,1,20.62357
-0.2222222222222222,1,20.627539
-0.2,1,20.631173
-0.2222222222222222,1,20.634861
-0.16666666666666666,1,20.639125
-0.1,1,20.643291
-0.25,1,20.647125
-0.3,1,20.651422
-0.12,1,20.656651
-0.1,1,20.660658
-0.2,1,20.664169
-0.1,1,20.668029
-0.3333333333333333,1,20.673132
-0.1,1,20.676912
-0.2,1,20.680577
-0.2,1,20.684656
-0.2,1,20.688713
-0.2222222222222222,1,20.69248
-0.2,1,20.696082
-0.2,1,20.699681
-0.2,1,20.703297
-0.3,1,20.707404
-0.2,1,20.711875
-0.2222222222222222,1,20.715818
-0.16666666666666666,1,20.719778
-0.4,1,20.723793
-0.2,1,20.728262
-0.2,1,20.733746
-0.12,1,20.738383
-0.06666666666666667,1,20.745972
-0.16666666666666666,1,20.750269
-0.06666666666666667,1,20.753983
-0.2,1,20.757526
-0.1,1,20.761137
-0.25,1,20.765637
-0.3333333333333333,1,20.769527
-0.125,1,20.773669
-0.1,1,20.777323
-0.25,1,20.781822
-0.2,1,20.785498
-0.12,1,20.791276
-0.06666666666666667,1,20.806929
-0.16666666666666666,1,20.811243
-0.06666666666666667,1,20.815167
-0.16666666666666666,1,20.819537
-0.06666666666666667,1,20.824634
-0.16666666666666666,1,20.829422
-0.06666666666666667,1,20.833095
-0.16666666666666666,1,20.837308
-0.06666666666666667,1,20.842986
-0.16666666666666666,1,20.847478
-0.06666666666666667,1,20.85153
-0.12,1,20.85584
-0.06666666666666667,1,20.864074
-0.16666666666666666,1,20.86886
0.0,1,20.874115
-1.0,1,20.878707
-0.5,1,20.882626
-0.3333333333333333,1,20.886975
-0.5,1,20.898732
-0.3333333333333333,1,20.902567
-0.5,1,20.9065
-0.6666666666666666,1,20.910675
-0.3333333333333333,1,20.914581
-0.3333333333333333,1,20.918805
-0.3333333333333333,1,20.922909
-0.2,1,20.927249
-0.2,1,20.931322
0.0,1,20.935174
-1.0,1,20.939678
-1.0,1,20.944162
-1.0,1,20.948181
-1.0,1,20.953053
-1.0,1,20.958815
-1.0,1,20.962751
-1.0,1,20.967474
-1.0,1,20.971584
-1.0,1,20.975388
-1.0,1,20.979836
-0.4,1,20.984163
-0.5,1,20.991149
-0.3333333333333333,1,20.99595
-0.25,1,21.000208
-0.2,1,21.003961
-0.25,1,21.008447
-0.2,1,21.012949
-0.25,1,21.01712
-0.3333333333333333,1,21.021393
-0.5,1,21.025928
-0.3333333333333333,1,21.030189
-0.25,1,21.033991
-0.2,1,21.038005
-0.25,1,21.04201
-0.2,1,21.046283
-0.2,1,21.050451
-0.1,1,21.054085
-0.2,1,21.058501
-0.1,1,21.062364
-0.2,1,21.066488
-0.1,1,21.070739
-0.25,1,21.074561
-0.1,1,21.079088
-0.16666666666666666,1,21.082911
-0.06666666666666667,1,21.086837
-0.16666666666666666,1,21.090594
-0.2222222222222222,1,21.094997
-0.16666666666666666,1,21.098909
-0.3,1,21.102579
-0.06666666666666667,1,21.107592
-0.3,1,21.111881
-0.16666666666666666,1,21.115693
-0.3,1,21.120095
-0.12,1,21.123968
-0.06666666666666667,1,21.128446
-0.12,1,21.132473
-0.2,1,21.136231
-0.16666666666666666,1,21.140131
-0.2222222222222222,1,21.144465
-0.3333333333333333,1,21.147918
-0.2222222222222222,1,21.151498
-0.3333333333333333,1,21.155298
-0.2222222222222222,1,21.158988
-0.16666666666666666,1,21.163033
-0.2222222222222222,1,21.167516
-0.2,1,21.17114
-0.2222222222222222,1,21.17521
-0.2,1,21.179234
-0.2,1,21.183345
-0.25,1,21.187271
-0.3,1,21.191199
-0.25,1,21.195515
-0.2,1,21.199621
-0.2,1,21.276759
-0.2,1,21.285103
-0.2,1,21.289972
-0.06666666666666667,1,21.294806
-0.16666666666666666,1,21.29945
-0.06666666666666667,1,21.303738
-0.16666666666666666,1,21.308699
-0.06666666666666667,1,21.313593
-0.16666666666666666,1,21.318022
-0.06666666666666667,1,21.322025
-0.12,1,21.326582
-0.2,1,21.331138
-0.2,1,21.33551
-0.06666666666666667,1,21.339912
-0.16666666666666666,1,21.344586
-0.06666666666666667,1,21.348792
-0.2,1,21.352651
-0.06666666666666667,1,21.356722
-0.16666666666666666,1,21.361487
-0.2,1,21.366125
-0.12,1,21.370599
-0.06666666666666667,1,21.374791
-0.16666666666666666,1,21.379014
0.0,1,21.383166
-1.0,1,21.386965
-1.0,1,21.391316
-0.6666666666666666,1,21.395946
-0.3333333333333333,1,21.399894
0.0,1,21.403625
-1.0,1,21.407437
-1.0,1,21.411769
-1.0,1,21.415748
-0.25,1,21.419383
-0.3333333333333333,1,21.426183
-0.25,1,21.431502
-0.3333333333333333,1,21.436532
-0.3333333333333333,1,21.442284
-0.3333333333333333,1,21.448308
-0.25,1,21.452087
-0.3,1,21.456179
-0.16666666666666666,1,21.460186
-0.06666666666666667,1,21.464352
-0.16666666666666666,1,21.468097
-0.3,1,21.473977
-0.125,1,21.479074
-0.2,1,21.483031
-0.16666666666666666,1,21.487411
-0.06666666666666667,1,21.491346
-0.16666666666666666,1,21.495875
-0.2,1,21.499584
-0.16666666666666666,1,21.503547
-0.06666666666666667,1,21.50726
-0.2,1,21.51076
0.0,1,21.515364
-1.0,1,21.519429
-1.0,1,21.523575
-0.3333333333333333,1,21.527782
-0.5,1,21.531417
-0.3333333333333333,1,21.53515
-0.5555555555555556,1,21.539217
-0.3333333333333333,1,21.543268
-0.06666666666666667,1,21.54755
-0.2,1,21.551613
-0.16666666666666666,1,21.555517
-0.2222222222222222,1,21.559505
-0.16666666666666666,1,21.563464
-0.2,1,21.567813
-0.12,1,21.57143
-0.06666666666666667,1,21.575037
-0.16666666666666666,1,21.578826
-0.2222222222222222,1,21.583065
-0.16666666666666666,1,21.587123
-0.2222222222222222,1,21.590853
-0.16666666666666666,1,21.595646
-0.06666666666666667,1,21.601333
-0.16666666666666666,1,21.606961
-0.06666666666666667,1,21.611378
-0.16666666666666666,1,21.615231
-0.06666666666666667,1,21.619367
-0.12,1,21.624022
-0.2,1,21.629069
-0.125,1,21.632626
-0.2,1,21.636087
-0.12,1,21.639841
-0.1,1,21.64385
-0.25,1,21.648145
-0.2,1,21.651991
-0.2,1,21.656283
-0.2,1,21.66102
-0.16666666666666666,1,21.665095
-0.2,1,21.669283
-0.25,1,21.674653
-0.2,1,21.679048
-0.2,1,21.683217
-0.3,1,21.687395
-0.12,1,21.692194
-0.06666666666666667,1,21.696753
-0.12,1,21.700736
-0.06666666666666667,1,21.704884
-0.16666666666666666,1,21.708834
-0.1,1,21.712548
-0.12,1,21.716727
-0.06666666666666667,1,21.722346
-0.2,1,21.728145
-0.06666666666666667,1,21.732548
-0.16666666666666666,1,21.736651
0.0,1,21.741222
-1.0,1,21.745472
-0.5,1,21.749511
-1.0,1,21.753994
-0.5,1,21.75817
-0.6666666666666666,1,21.763337
-0.3333333333333333,1,21.767196
-0.3333333333333333,1,21.77106
-0.5,1,21.775791
-0.6666666666666666,1,21.780654
-0.3333333333333333,1,21.785247
-0.3333333333333333,1,21.789966
-0.3333333333333333,1,21.795124
-0.3333333333333333,1,21.798888
-0.2,1,21.802734
-0.2,1,21.807962
-0.2,1,21.825901
-0.06666666666666667,1,21.834071
-0.12,1,21.841523
-0.1,1,21.850645
-0.25,1,21.855493
-0.3333333333333333,1,21.863037
-0.5,1,21.868267
-0.3333333333333333,1,21.87553
-0.25,1,21.88176
-0.2,1,21.885999
-0.12,1,21.892499
-0.1,1,21.898347
-0.16666666666666666,1,21.902679
-0.06666666666666667,1,21.909541
-0.2,1,21.914351
-0.06666666666666667,1,21.918552
-0.12,1,21.922871
-0.06666666666666667,1,21.928102
-0.16666666666666666,1,21.932279
-0.06666666666666667,1,21.936809
-0.16666666666666666,1,21.948472
-0.2,1,21.95349
-0.25,1,21.957633
-0.3,1,21.961577
-0.25,1,21.966559
-0.1,1,21.971195
-0.16666666666666666,1,21.977725
0.0,1,21.991923
-1.0,1,22.004992
-1.0,1,22.009151
-0.6666666666666666,1,22.013413
-0.5,1,22.017094
-0.6666666666666666,1,22.020662
-0.3333333333333333,1,22.027775
0.0,1,22.034319
-1.0,1,22.037853
-0.5,1,22.042648
-0.6666666666666666,1,22.046597
-0.7777777777777778,1,22.050268
-0.3333333333333333,1,22.053801
-0.3333333333333333,1,22.058058
0.0,1,22.062224
-1.0,1,22.066048
-1.0,1,22.069628
-0.6666666666666666,1,22.07356
-0.5,1,22.077384
-0.3333333333333333,1,22.081045
-0.5,1,22.084632
0.0,1,22.088059
-1.0,1,22.09328
-1.0,1,22.098938
-1.0,1,22.103991
-0.3333333333333333,1,22.108861
0.0,1,22.113813
-1.0,1,22.11789
-1.0,1,22.124166
-1.0,1,22.13612
-0.5,1,22.15067
-0.3333333333333333,1,22.182424
-0.25,1,22.200261
-0.3333333333333333,1,22.206291
-0.25,1,22.212188
-0.16666666666666666,1,22.222766
-0.06666666666666667,1,22.228659
-0.16666666666666666,1,22.243669
-0.3333333333333333,1,22.251046
-0.16666666666666666,1,22.260644
-0.06666666666666667,1,22.267953
-0.2222222222222222,1,22.279035
-0.16666666666666666,1,22.286133
0.0,1,22.298041
-1.0,1,22.303286
-1.0,1,22.31553
-0.6666666666666666,1,22.321983
-1.0,1,22.329483
-0.3333333333333333,1,22.333589
-0.25,1,22.338089
-0.2,1,22.344481
-0.16666666666666666,1,22.348779
-0.2222222222222222,1,22.352926
-0.16666666666666666,1,22.357306
-0.2222222222222222,1,22.362041
-0.16666666666666666,1,22.366256
0.0,1,22.370205
-1.0,1,22.37429
-1.0,1,22.379088
-1.0,1,22.383244
-0.3333333333333333,1,22.387493
-1.0,1,22.391859
-0.75,1,22.395931
-0.4,1,22.400014
-0.16666666666666666,1,22.409382
0.0,1,22.421502
-1.0,1,22.426013
-1.0,1,22.430493
-1.0,1,22.434281
-1.0,1,22.437957
-0.4,1,22.441866
-0.75,1,22.445752
-0.16666666666666666,1,22.449376
-0.2,1,22.452997
-0.16666666666666666,1,22.456921
-0.06666666666666667,1,22.461457
-0.3,1,22.466239
-0.06666666666666667,1,22.470673
-0.2222222222222222,1,22.475607
-0.16666666666666666,1,22.482769
0.0,1,22.48711
-1.0,1,22.493038
-0.5,1,22.499914
-0.3333333333333333,1,22.505512
-0.25,1,22.510969
-0.3333333333333333,1,22.515305
-0.2,1,22.519747
-0.2222222222222222,1,22.525229
-0.16666666666666666,1,22.530161
-0.06666666666666667,1,22.53449
-0.12,1,22.538852
-0.3,1,22.543803
-0.12,1,22.548426
-0.2,1,22.552573
-0.25,1,22.558649
-0.2,1,22.563075
-0.06666666666666667,1,22.567821
-0.2222222222222222,1,22.572401
-0.16666666666666666,1,22.583519
-0.3,1,22.587699
-0.12,1,22.594187
-0.06666666666666667,1,22.609145
-0.2,1,22.617857
-0.06666666666666667,1,22.628118
-0.16666666666666666,1,22.639202
-0.06666666666666667,1,22.644573
-0.16666666666666666,1,22.656561
-0.1,1,22.725938
-0.16666666666666666,1,22.730258
-0.3,1,22.73533
-0.25,1,22.73982
-0.1,1,22.744263
-0.2,1,22.748421
-0.2,1,22.753174
-0.2,1,22.75779
-0.06666666666666667,1,22.762265
-0.16666666666666666,1,22.767248
-0.06666666666666667,1,22.772171
-0.16666666666666666,1,22.776742
-0.2222222222222222,1,22.781092
-0.16666666666666666,1,22.785738
-0.1,1,22.790338
-0.16666666666666666,1,22.79496
-0.06666666666666667,1,22.799804
-0.2,1,22.804237
-0.06666666666666667,1,22.808569
-0.12,1,22.812776
-0.2,1,22.817354
-0.12,1,22.822143
-0.3,1,22.827108
-0.12,1,22.831381
-0.2,1,22.835683
-0.25,1,22.843483
-0.16666666666666666,1,22.848054
-0.25,1,22.852506
-0.2,1,22.857138
-0.12,1,22.861329
-0.06666666666666667,1,22.867289
-0.16666666666666666,1,22.871673
-0.06666666666666667,1,22.875643
-0.16666666666666666,1,22.880021
-0.2,1,22.884131
0.0,1,22.888047
-1.0,1,22.891517
-1.0,1,22.895282
-0.6666666666666666,1,22.899384
-0.5,1,22.903287
-0.3333333333333333,1,22.907121
-0.25,1,22.911004
-0.3333333333333333,1,22.915837
-0.5555555555555556,1,22.919343
-0.16666666666666666,1,22.923369
-0.5555555555555556,1,22.927588
-0.16666666666666666,1,22.932012
-0.5555555555555556,1,22.936243
-0.16666666666666666,1,22.941097
-0.2,1,22.945064
-0.2,1,22.949395
-0.125,1,22.953984
-0.16666666666666666,1,22.959137
-0.2,1,22.963536
-0.2,1,22.967935
-0.12,1,22.971748
-0.06666666666666667,1,22.976063
-0.16666666666666666,1,22.980798
0.0,1,22.985439
-1.0,1,22.989243
-1.0,1,22.993924
-0.6666666666666666,1,22.997985
-0.75,1,23.002267
-0.16666666666666666,1,23.006458
-0.06666666666666667,1,23.009905
-0.2,1,23.013767
-0.25,1,23.018302
-0.2,1,23.022247
-0.06666666666666667,1,23.026019
-0.2222222222222222,1,23.030145
-0.16666666666666666,1,23.034224
-0.2,1,23.038072
-0.25,1,23.04171
-0.2,1,23.045194
-0.125,1,23.049276
-0.3333333333333333,1,23.053116
-0.25,1,23.057412
-0.2,1,23.06065
-0.12,1,23.064641
-0.2,1,23.068799
-0.16666666666666666,1,23.072529
0.0,1,23.076758
-1.0,1,23.081029
-1.0,1,23.085138
-1.0,1,23.088978
-1.0,1,23.093376
-1.0,1,23.097998
-0.5555555555555556,1,23.102195
-1.0,1,23.106662
-0.5555555555555556,1,23.110366
-0.16666666666666666,1,23.11473
-0.2,1,23.118723
-0.2222222222222222,1,23.122477
-0.16666666666666666,1,23.125907
-0.06666666666666667,1,23.129794
-0.2,1,23.133555
-0.1,1,23.137789
-0.12,1,23.141582
-0.2,1,23.145478
-0.2,1,23.149631
-0.2,1,23.153883
-0.25,1,23.158009
-0.1,1,23.161594
-0.12,1,23.165613
-0.06666666666666667,1,23.169376
-0.16666666666666666,1,23.17321
0.0,1,23.17792
-1.0,1,23.182591
-1.0,1,23.186485
-1.0,1,23.190658
-0.5,1,23.193981
-0.3333333333333333,1,23.198074
-0.3333333333333333,1,23.2023
-0.3333333333333333,1,23.206962
-0.3333333333333333,1,23.212052
-0.3333333333333333,1,23.216592
-0.2,1,23.220712
-0.1,1,23.224489
-0.16666666666666666,1,23.228535
-0.06666666666666667,1,23.232214
-0.12,1,23.235598
-0.06666666666666667,1,23.239493
-0.16666666666666666,1,23.243241
-0.06666666666666667,1,23.24709
-0.16666666666666666,1,23.250823
-0.06666666666666667,1,23.254458
-0.16666666666666666,1,23.257992
-0.2,1,23.262335
-0.12,1,23.266622
-0.06666666666666667,1,23.27055
-0.2,1,23.274547
-0.06666666666666667,1,23.279001
-0.16666666666666666,1,23.283116
-0.2222222222222222,1,23.287253
-0.2,1,23.29124
-0.2222222222222222,1,23.295289
-0.16666666666666666,1,23.299298
-0.2222222222222222,1,23.302913
-0.16666666666666666,1,23.30684
-0.4,1,23.311528
-0.16666666666666666,1,23.315027
-0.2222222222222222,1,23.319501
-0.06666666666666667,1,23.323978
-0.2,1,23.328995
-0.16666666666666666,1,23.332783
-0.2,1,23.336707
-0.25,1,23.340406
-0.2,1,23.351495
-0.25,1,23.359087
-0.2,1,23.363972
-0.25,1,23.373196
-0.2,1,23.37889
-0.16666666666666666,1,23.38528
-0.2,1,23.389344
-0.16666666666666666,1,23.394813
-0.2,1,23.401048
-0.16666666666666666,1,23.406559
0.0,1,23.413722
-1.0,1,23.419278
-1.0,1,23.43002
-0.6666666666666666,1,23.434486
-0.3333333333333333,1,23.438535
-0.16666666666666666,1,23.443198
-0.06666666666666667,1,23.447974
-0.16666666666666666,1,23.452252
-0.125,1,23.456458
-0.16666666666666666,1,23.461205
-0.125,1,23.466084
-0.2,1,23.470415
-0.16666666666666666,1,23.475553
0.0,1,23.480131
-1.0,1,23.484498
-1.0,1,23.488669
-0.6666666666666666,1,23.492955
-0.5555555555555556,1,23.498317
-0.3333333333333333,1,23.502599
-0.2,1,23.507264
-0.2,1,23.512591
-0.3333333333333333,1,23.516922
-0.2,1,23.5212
-0.12,1,23.525997
-0.3,1,23.531231
-0.16666666666666666,1,23.535115
0.0,1,23.538597
-1.0,1,23.542743
-1.0,1,23.549589
-1.0,1,23.555218
-0.3333333333333333,1,23.559257
-0.16666666666666666,1,23.563172
-0.125,1,23.566855
-0.2,1,23.570808
-0.25,1,23.574992
-0.1,1,23.579151
-0.25,1,23.58303
-0.3,1,23.58698
-0.16666666666666666,1,23.591974
-0.1,1,23.595971
-0.3333333333333333,1,23.599694
-0.16666666666666666,1,23.603159
-0.06666666666666667,1,23.608168
-0.2,1,23.612998
-0.25,1,23.617474
-0.3333333333333333,1,23.622047
-0.25,1,23.626371
-0.2,1,23.630329
-0.12,1,23.634334
-0.06666666666666667,1,23.637933
-0.2,1,23.641999
0.0,1,23.646667
-1.0,1,23.651252
-0.5,1,23.655051
-0.3333333333333333,1,23.65881
-0.5,1,23.662556
0.0,1,23.667356
-1.0,1,23.67391
-0.5,1,23.678403
-0.6666666666666666,1,23.682375
-0.3333333333333333,1,23.686028
0.0,1,23.689446
-1.0,1,23.69368
-1.0,1,23.69821
-1.0,1,23.701847
-1.0,1,23.705909
-1.0,1,23.709531
-0.5,1,23.713529
-0.4,1,23.717464
-0.16666666666666666,1,23.721492
-0.2222222222222222,1,23.72607
-0.16666666666666666,1,23.730191
-0.06666666666666667,1,23.733788
-0.12,1,23.737253
-0.06666666666666667,1,23.741473
-0.12,1,23.745941
-0.06666666666666667,1,23.750024
-0.16666666666666666,1,23.753957
0.0,1,23.758377
-1.0,1,23.762229
-0.5,1,23.766314
-0.3333333333333333,1,23.770488
-0.5,1,23.77509
-0.3333333333333333,1,23.778988
-0.3333333333333333,1,23.782629
-0.6666666666666666,1,23.786241
-0.5,1,23.791312
-0.4,1,23.796593
-0.2,1,23.800392
-0.1,1,23.804756
-0.16666666666666666,1,23.814934
-0.2222222222222222,1,23.820873
-0.16666666666666666,1,23.826793
-0.06666666666666667,1,23.831164
-0.16666666666666666,1,23.835172
0.0,1,23.839603
-1.0,1,23.843555
-1.0,1,23.847418
-1.0,1,23.85117
-0.75,1,23.920675
