#{"t_start": 1758895281.5464187, "env_id": "None"}
r,l,t
-1.0,1,0.091664
-1.0,1,0.236053
-1.0,1,0.310355
-1.0,1,0.358791
-0.8422983432739857,1,0.404307
-0.6424804774270401,1,0.472212
-0.5207600099034174,1,0.513103
-0.35553410236850186,1,0.551519
-0.4661087704978553,1,0.576065
-0.45042240199856287,1,0.585804
-0.3075130988090349,1,0.594948
-0.3936584440836529,1,0.606147
-0.35553410236850186,1,0.616162
-0.28679255545526133,1,0.629637
-0.23456197452549263,1,0.642333
-0.20685653341313992,1,0.657682
-0.19757116253789728,1,0.674662
-0.22637536081094042,1,0.687853
-0.12980126866527975,1,0.699378
-0.16014052438122356,1,0.711104
-0.15594980537188471,1,0.720639
-0.14122542155212847,1,0.730152
-0.23456197452549263,1,0.742872
-0.31353995921494837,1,0.75147
-0.23456197452549263,1,0.760221
-0.31353995921494837,1,0.769995
-0.19757116253789728,1,0.779289
-0.23915908691672272,1,0.790565
-0.19757116253789728,1,0.798693
-0.22842371983130924,1,0.808857
-0.19757116253789728,1,0.824325
-0.31353995921494837,1,0.838114
-0.2044517573898668,1,0.850862
-0.22637536081094042,1,0.867357
-0.3075130988090349,1,0.878869
-0.22842371983130924,1,0.88904
-0.16014052438122356,1,0.901088
-0.14122542155212847,1,0.910913
-0.10933139355162663,1,0.921423
-0.21981278266648344,1,0.933964
-0.2590177736618995,1,0.944021
-0.2711909879146074,1,0.954379
-0.32196547705471795,1,0.963686
-0.2784784944652248,1,0.971871
-0.3075130988090349,1,0.984392
-0.2711909879146074,1,0.993245
-0.16014052438122356,1,1.002608
-0.2711909879146074,1,1.014998
-0.3075130988090349,1,1.025769
-0.2427308079405328,1,1.039598
-0.2590177736618995,1,1.04971
-0.18514794267042364,1,1.06023
-0.1676667450195734,1,1.070695
-0.20685653341313992,1,1.079791
-0.12640449794697636,1,1.095401
-0.21981278266648344,1,1.115346
-0.2427308079405328,1,1.12774
-0.21981278266648344,1,1.137608
-0.21981278266648344,1,1.148955
-0.2784784944652248,1,1.161448
-0.21981278266648344,1,1.170576
-0.2711909879146074,1,1.18185
-0.16014052438122356,1,1.192759
-0.202880340222155,1,1.201419
-0.16014052438122356,1,1.210828
-0.18514794267042364,1,1.222531
-0.20994583200024086,1,1.232492
-0.16014052438122356,1,1.242278
-0.20994583200024086,1,1.250958
-0.3363775046578459,1,1.268162
-0.2881767605015656,1,1.277786
-0.38224636154839015,1,1.28685
-0.2881767605015656,1,1.295401
-0.21981278266648344,1,1.306296
-0.3075130988090349,1,1.317677
-0.2784784944652248,1,1.326779
-0.2711909879146074,1,1.339256
-0.3363775046578459,1,1.351074
-0.2590177736618995,1,1.363848
-0.2784784944652248,1,1.37871
-0.20994583200024086,1,1.394109
-0.2711909879146074,1,1.411343
-0.16571756332504103,1,1.422865
-0.18514794267042364,1,1.433522
-0.16014052438122356,1,1.445189
-0.16014052438122356,1,1.454498
-0.16571756332504103,1,1.463767
-0.21981278266648344,1,1.476319
-0.2711909879146074,1,1.485161
-0.14122542155212847,1,1.494035
-0.2590177736618995,1,1.506068
-0.14122542155212847,1,1.516239
-0.2590177736618995,1,1.527439
-0.245061589833413,1,1.536453
-0.2590177736618995,1,1.554439
-0.16014052438122356,1,1.564492
-0.16014052438122356,1,1.574169
-0.245061589833413,1,1.582806
-0.19757116253789728,1,1.595867
-0.2711909879146074,1,1.60613
-0.2590177736618995,1,1.615226
-0.18514794267042364,1,1.624096
-0.2881767605015656,1,1.645789
-0.29946578540239277,1,1.656037
-0.3075130988090349,1,1.666348
-0.35553410236850186,1,1.683
-0.35553410236850186,1,1.693378
-0.2711909879146074,1,1.702854
-0.3075130988090349,1,1.715386
-0.3345781397876577,1,1.730622
-0.3075130988090349,1,1.743865
-0.2711909879146074,1,1.768245
-0.4220999663688672,1,1.7842
-0.4617199525913289,1,1.796657
-0.32196547705471795,1,1.817009
-0.35553410236850186,1,1.827906
-0.21981278266648344,1,1.840375
-0.3017203772142007,1,1.85618
-0.2881767605015656,1,1.865919
-0.29946578540239277,1,1.882643
-0.2881767605015656,1,1.897928
-0.2427308079405328,1,1.908659
-0.2590177736618995,1,1.921661
-0.21981278266648344,1,1.945026
-0.20994583200024086,1,1.957906
-0.3363775046578459,1,1.969633
-0.2590177736618995,1,1.984974
-0.3363775046578459,1,1.99526
-0.2711909879146074,1,2.008434
-0.22842371983130924,1,2.021897
-0.1676667450195734,1,2.03357
-0.20685653341313992,1,2.043206
-0.23456197452549263,1,2.060084
-0.18514794267042364,1,2.069771
-0.21981278266648344,1,2.078868
-0.2711909879146074,1,2.093157
-0.4661087704978553,1,2.104943
-0.4386352935849928,1,2.115301
-0.21981278266648344,1,2.128204
-0.2784784944652248,1,2.147038
-0.11446970687829565,1,2.157986
-0.22842371983130924,1,2.175539
-0.20994583200024086,1,2.188441
-0.2427308079405328,1,2.198857
-0.3075130988090349,1,2.214745
-0.2711909879146074,1,2.22795
-0.3075130988090349,1,2.243034
-0.3936584440836529,1,2.256149
-0.3075130988090349,1,2.267246
-0.35553410236850186,1,2.279673
-0.2881767605015656,1,2.292776
-0.29946578540239277,1,2.305233
-0.4220999663688672,1,2.315534
-0.4386352935849928,1,2.328364
-0.35553410236850186,1,2.3393
-0.35553410236850186,1,2.360796
-0.35553410236850186,1,2.37923
-0.5207600099034174,1,2.405501
-0.6827215907658518,1,2.418461
-0.6182607553034482,1,2.449747
-0.4661087704978553,1,2.464627
-0.544070607381102,1,2.492877
-0.4386352935849928,1,2.531846
-0.5207600099034174,1,2.544747
-0.4386352935849928,1,2.573451
-0.6367191200587229,1,2.607254
-0.5207600099034174,1,2.622477
-0.3345781397876577,1,2.645611
-0.2711909879146074,1,2.66381
-0.20685653341313992,1,2.695785
-0.2427308079405328,1,2.710138
-0.3345781397876577,1,2.740968
-0.4386352935849928,1,2.772708
-0.544070607381102,1,2.789143
-0.4386352935849928,1,2.820269
-0.45042240199856287,1,2.850669
-0.4661087704978553,1,2.872481
-0.4386352935849928,1,2.904435
-0.4661087704978553,1,2.933222
-0.35553410236850186,1,2.957567
-0.4220999663688672,1,2.990964
-0.4880147650098113,1,3.022887
-0.4661087704978553,1,3.03828
-0.45042240199856287,1,3.065796
-0.35553410236850186,1,3.080433
-0.35553410236850186,1,3.106616
-0.35553410236850186,1,3.125989
-0.39722046524176174,1,3.151887
-0.45042240199856287,1,3.165689
-0.45042240199856287,1,3.234776
-0.4386352935849928,1,3.282235
-0.35553410236850186,1,3.318168
-0.2711909879146074,1,3.345292
-0.5207600099034174,1,3.372275
-0.4661087704978553,1,3.40115
-0.6424804774270401,1,3.475286
-0.5207600099034174,1,3.522969
-0.42945389519267935,1,3.544803
-0.29946578540239277,1,3.563077
-0.21981278266648344,1,3.595305
-0.3017203772142007,1,3.610604
-0.2655144896098338,1,3.635303
-0.3017203772142007,1,3.660018
-0.2541385738595232,1,3.676539
-0.1901232807353778,1,3.704279
-0.22637536081094042,1,3.734007
-0.19757116253789728,1,3.758236
-0.23915908691672272,1,3.781594
-0.19757116253789728,1,3.812083
-0.1934356550203257,1,3.830293
-0.16571756332504103,1,3.857167
-0.18514794267042364,1,3.869352
-0.2590177736618995,1,3.900122
-0.29946578540239277,1,3.915098
-0.2590177736618995,1,3.939746
-0.22842371983130924,1,3.970062
-0.2044517573898668,1,3.988086
-0.12640449794697636,1,4.010158
-0.2711909879146074,1,4.038278
-0.31353995921494837,1,4.061441
-0.19757116253789728,1,4.085805
-0.31353995921494837,1,4.099357
-0.20994583200024086,1,4.130291
-0.245061589833413,1,4.142586
-0.2590177736618995,1,4.168564
-0.18514794267042364,1,4.191501
-0.3075130988090349,1,4.211926
-0.22842371983130924,1,4.230238
-0.2427308079405328,1,4.266606
-0.2590177736618995,1,4.294234
-0.18514794267042364,1,4.322177
-0.15268550513598594,1,4.357212
-0.18514794267042364,1,4.373952
-0.22637536081094042,1,4.400944
-0.19757116253789728,1,4.439209
-0.1934356550203257,1,4.451652
-0.2044517573898668,1,4.473551
-0.31353995921494837,1,4.505607
-0.35553410236850186,1,4.521159
-0.2784784944652248,1,4.54775
-0.37939004297687867,1,4.571554
-0.3345781397876577,1,4.595296
-0.35553410236850186,1,4.620418
-0.3345781397876577,1,4.636019
-0.2711909879146074,1,4.647933
-0.3363775046578459,1,4.660101
-0.3722433526299351,1,4.671385
-0.3107283317527115,1,4.679672
-0.2044517573898668,1,4.693293
-0.3107283317527115,1,4.704217
-0.29946578540239277,1,4.712877
-0.42945389519267935,1,4.724042
-0.41105402806100744,1,4.738303
-0.5207600099034174,1,4.746645
-0.5207600099034174,1,4.755451
-0.5207600099034174,1,4.770477
-0.575055264819457,1,4.780579
-0.7468045620406756,1,4.789267
-0.6182607553034482,1,4.803082
-0.7627706768717363,1,4.813327
-0.5207600099034174,1,4.821383
-0.2711909879146074,1,4.831565
-0.2881767605015656,1,4.845004
-0.38224636154839015,1,4.85652
-0.4220999663688672,1,4.871728
-0.4617199525913289,1,4.8832
-0.6182607553034482,1,4.892143
-0.7468045620406756,1,4.908235
-0.6182607553034482,1,4.922507
-0.5403451646517261,1,4.93364
-0.5207600099034174,1,4.946819
-0.6424804774270401,1,4.965925
-0.6827215907658518,1,4.985014
-1.0,1,4.998803
-0.6827215907658518,1,5.01665
-0.7468045620406756,1,5.02973
-0.5207600099034174,1,5.043194
-0.35553410236850186,1,5.054955
-0.3075130988090349,1,5.06395
-0.5207600099034174,1,5.076291
-0.45042240199856287,1,5.087837
-0.3363775046578459,1,5.098715
-0.35553410236850186,1,5.110671
-0.29946578540239277,1,5.119802
-0.2881767605015656,1,5.130817
-0.29946578540239277,1,5.146277
-0.4220999663688672,1,5.163123
-0.38224636154839015,1,5.171904
-0.4220999663688672,1,5.191485
-0.4880147650098113,1,5.202844
-0.4661087704978553,1,5.215555
-0.6827215907658518,1,5.235212
-0.4661087704978553,1,5.247451
-0.4386352935849928,1,5.259806
-0.2881767605015656,1,5.272737
-0.21981278266648344,1,5.28355
-0.21981278266648344,1,5.292289
-0.21981278266648344,1,5.305542
-0.2881767605015656,1,5.317454
-0.2784784944652248,1,5.328763
-0.20994583200024086,1,5.348422
-0.29946578540239277,1,5.361143
-0.2590177736618995,1,5.37011
-0.18514794267042364,1,5.386982
-0.32196547705471795,1,5.398481
-0.14122542155212847,1,5.410906
-0.19757116253789728,1,5.429557
-0.1742349153892876,1,5.442837
-0.23456197452549263,1,5.455775
-0.245061589833413,1,5.471297
-0.16014052438122356,1,5.483082
-0.202880340222155,1,5.49321
-0.2590177736618995,1,5.511439
-0.28679255545526133,1,5.520851
-0.35553410236850186,1,5.534307
-0.2711909879146074,1,5.548727
-0.23456197452549263,1,5.559781
-0.20685653341313992,1,5.568729
-0.15594980537188471,1,5.57936
-0.14122542155212847,1,5.591529
-0.16014052438122356,1,5.601359
-0.14122542155212847,1,5.613559
-0.21981278266648344,1,5.62548
-0.3345781397876577,1,5.639257
-0.29946578540239277,1,5.653978
-0.2711909879146074,1,5.667278
-0.35553410236850186,1,5.681015
-0.2711909879146074,1,5.697011
-0.21981278266648344,1,5.706117
-0.21981278266648344,1,5.718212
-0.16014052438122356,1,5.73072
-0.16014052438122356,1,5.74631
-0.23456197452549263,1,5.757232
-0.1934356550203257,1,5.772104
-0.2044517573898668,1,5.789956
-0.22842371983130924,1,5.803019
-0.20994583200024086,1,5.820843
-0.16014052438122356,1,5.830857
-0.20994583200024086,1,5.843183
-0.35553410236850186,1,5.85895
-0.3075130988090349,1,5.870826
-0.2427308079405328,1,5.880723
-0.16014052438122356,1,5.894358
-0.29946578540239277,1,5.902806
-0.2590177736618995,1,5.913533
-0.18514794267042364,1,5.926774
-0.2590177736618995,1,5.938783
-0.2427308079405328,1,5.94845
-0.35553410236850186,1,5.960457
-0.35553410236850186,1,5.972306
-0.35553410236850186,1,5.981
-0.2784784944652248,1,5.994064
-0.2711909879146074,1,6.005393
-0.3363775046578459,1,6.017424
-0.2590177736618995,1,6.029736
-0.22842371983130924,1,6.038842
-0.2590177736618995,1,6.049023
-0.202880340222155,1,6.06214
-0.20994583200024086,1,6.071326
-0.22842371983130924,1,6.085024
-0.19757116253789728,1,6.102846
-0.1742349153892876,1,6.111501
-0.23456197452549263,1,6.121148
-0.18514794267042364,1,6.132055
-0.2590177736618995,1,6.140817
-0.22842371983130924,1,6.14887
-0.16014052438122356,1,6.162128
-0.202880340222155,1,6.174875
-0.3075130988090349,1,6.185886
-0.202880340222155,1,6.200036
-0.20994583200024086,1,6.217881
-0.2427308079405328,1,6.230133
-0.35553410236850186,1,6.243344
-0.35553410236850186,1,6.253884
-0.35553410236850186,1,6.263261
-0.3017203772142007,1,6.276249
-0.35553410236850186,1,6.285779
-0.3936584440836529,1,6.310268
-0.32196547705471795,1,6.339591
-0.21981278266648344,1,6.361768
-0.21981278266648344,1,6.392092
-0.3107283317527115,1,6.433799
-0.2044517573898668,1,6.463912
-0.22637536081094042,1,6.482071
-0.19757116253789728,1,6.513763
-0.14122542155212847,1,6.535781
-0.19757116253789728,1,6.555887
-0.22842371983130924,1,6.578102
-0.19757116253789728,1,6.604908
-0.202880340222155,1,6.619635
-0.20994583200024086,1,6.648077
-0.18514794267042364,1,6.667535
-0.2881767605015656,1,6.706541
-0.2784784944652248,1,6.741165
-0.2590177736618995,1,6.772703
-0.29946578540239277,1,6.79037
-0.2881767605015656,1,6.820842
-0.2784784944652248,1,6.841845
-0.2590177736618995,1,6.864845
-0.2784784944652248,1,6.893104
-0.4220999663688672,1,6.911796
-0.2427308079405328,1,6.949496
-0.10933139355162663,1,6.984751
-0.29946578540239277,1,7.018579
-0.20994583200024086,1,7.058773
-0.2784784944652248,1,7.107421
-0.37939004297687867,1,7.139367
-0.45042240199856287,1,7.157691
-0.4661087704978553,1,7.190083
-0.544070607381102,1,7.217007
-0.45042240199856287,1,7.234216
-0.2784784944652248,1,7.246949
-0.2711909879146074,1,7.257975
-0.2655144896098338,1,7.268029
-0.35553410236850186,1,7.279871
-0.21981278266648344,1,7.290384
-0.2044517573898668,1,7.302402
-0.2711909879146074,1,7.32097
-0.2711909879146074,1,7.332108
-0.2784784944652248,1,7.345886
-0.37939004297687867,1,7.358336
-0.4386352935849928,1,7.372221
-0.6182607553034482,1,7.3874
-0.7468045620406756,1,7.402355
-0.6827215907658518,1,7.420267
-0.35553410236850186,1,7.43816
-0.5207600099034174,1,7.457362
-0.4386352935849928,1,7.469721
-0.5207600099034174,1,7.482805
-0.38224636154839015,1,7.499653
-0.4220999663688672,1,7.512226
-0.2711909879146074,1,7.524184
-0.23456197452549263,1,7.541846
-0.2711909879146074,1,7.552982
-0.4220999663688672,1,7.565601
-0.5403451646517261,1,7.581668
-0.4220999663688672,1,7.600276
-0.6020814833172365,1,7.6142
-0.5207600099034174,1,7.630055
-0.39722046524176174,1,7.645788
-0.2711909879146074,1,7.65885
-0.3936584440836529,1,7.675268
-0.4220999663688672,1,7.688112
-0.35553410236850186,1,7.702924
-0.4220999663688672,1,7.718158
-0.2784784944652248,1,7.730068
-0.16014052438122356,1,7.738806
-0.29946578540239277,1,7.75233
-0.4880147650098113,1,7.763916
-0.3363775046578459,1,7.774971
-0.35553410236850186,1,7.786689
-0.3936584440836529,1,7.795924
-0.37939004297687867,1,7.806962
-0.3345781397876577,1,7.818817
-0.37939004297687867,1,7.827256
-0.35553410236850186,1,7.838556
-0.35553410236850186,1,7.852995
-0.35553410236850186,1,7.861411
-0.37939004297687867,1,7.869705
-0.2590177736618995,1,7.882681
-0.35553410236850186,1,7.890846
-0.35553410236850186,1,7.901606
-0.32196547705471795,1,7.91508
-0.4880147650098113,1,7.925213
-0.35553410236850186,1,7.933697
-0.35553410236850186,1,7.948099
-0.35553410236850186,1,7.959085
-0.5207600099034174,1,7.966621
-0.45042240199856287,1,7.980256
-0.3363775046578459,1,7.990772
-0.3075130988090349,1,8.000511
-0.35553410236850186,1,8.012237
-0.35553410236850186,1,8.026083
-0.29946578540239277,1,8.036494
-0.20994583200024086,1,8.047983
-0.3281468837894772,1,8.057162
-0.20994583200024086,1,8.068066
-0.3936584440836529,1,8.08204
-0.2711909879146074,1,8.095377
-0.21981278266648344,1,8.105411
-0.2427308079405328,1,8.119123
-0.1934356550203257,1,8.130972
-0.23456197452549263,1,8.141529
-0.2711909879146074,1,8.157629
-0.2427308079405328,1,8.168432
-0.1934356550203257,1,8.185272
-0.24925352599435066,1,8.198295
-0.18514794267042364,1,8.207873
-0.16014052438122356,1,8.22035
-0.12640449794697636,1,8.235007
-0.2427308079405328,1,8.244651
-0.2711909879146074,1,8.25395
-0.20994583200024086,1,8.270404
-0.21981278266648344,1,8.281805
-0.16014052438122356,1,8.29424
-0.20685653341313992,1,8.308453
-0.3075130988090349,1,8.317956
-0.35553410236850186,1,8.330423
-0.575055264819457,1,8.34634
-0.544070607381102,1,8.358673
-0.45042240199856287,1,8.369807
-0.544070607381102,1,8.38389
-0.575055264819457,1,8.393738
-0.4880147650098113,1,8.408513
-0.21981278266648344,1,8.424752
-0.3017203772142007,1,8.438004
-0.32196547705471795,1,8.451863
-0.35553410236850186,1,8.466783
-0.32196547705471795,1,8.478771
-0.4386352935849928,1,8.489725
-0.3075130988090349,1,8.503657
-0.35553410236850186,1,8.514542
-0.3075130988090349,1,8.525744
-0.3345781397876577,1,8.540675
-0.2427308079405328,1,8.554218
-0.3345781397876577,1,8.566959
-0.37939004297687867,1,8.579326
-0.5207600099034174,1,8.590189
-0.4661087704978553,1,8.601635
-0.5207600099034174,1,8.61615
-0.4220999663688672,1,8.625916
-0.4386352935849928,1,8.635061
-0.35553410236850186,1,8.649058
-0.35553410236850186,1,8.659758
-0.35553410236850186,1,8.671362
-0.5403451646517261,1,8.687558
-0.35553410236850186,1,8.698493
-0.4386352935849928,1,8.708235
-0.3075130988090349,1,8.721889
-0.3363775046578459,1,8.731291
-0.2881767605015656,1,8.741792
-0.35553410236850186,1,8.757124
-0.35553410236850186,1,8.771339
-0.4386352935849928,1,8.780021
-0.35553410236850186,1,8.796357
-0.2784784944652248,1,8.805025
-0.35553410236850186,1,8.815375
-0.29946578540239277,1,8.829273
-0.35553410236850186,1,8.838423
-0.38224636154839015,1,8.850738
-0.2881767605015656,1,8.882924
-0.3936584440836529,1,8.914513
-0.32196547705471795,1,8.942775
-0.39722046524176174,1,8.974025
-0.32196547705471795,1,9.00437
-0.3936584440836529,1,9.025987
-0.37939004297687867,1,9.045754
-0.3936584440836529,1,9.065305
-0.5533772851625305,1,9.083603
-0.5403451646517261,1,9.11008
-0.4220999663688672,1,9.136928
-0.4386352935849928,1,9.15515
-0.5207600099034174,1,9.184238
-0.4386352935849928,1,9.203091
-0.35553410236850186,1,9.228044
-0.4386352935849928,1,9.248525
-0.3075130988090349,1,9.270602
-0.5207600099034174,1,9.293421
-0.5207600099034174,1,9.323936
-0.7627706768717363,1,9.343108
-0.6182607553034482,1,9.375066
-0.6182607553034482,1,9.408138
-0.4220999663688672,1,9.429554
-0.38224636154839015,1,9.450865
-0.5207600099034174,1,9.480737
-0.4386352935849928,1,9.513851
-0.2881767605015656,1,9.533324
-0.38224636154839015,1,9.564586
-0.2881767605015656,1,9.596897
-0.35553410236850186,1,9.620975
-0.2881767605015656,1,9.646553
-0.4386352935849928,1,9.665816
-0.4220999663688672,1,9.697951
-0.4617199525913289,1,9.725451
-0.35553410236850186,1,9.742228
-0.3363775046578459,1,9.761586
-0.32196547705471795,1,9.791472
-0.3363775046578459,1,9.812661
-0.37939004297687867,1,9.832961
-0.3363775046578459,1,9.864843
-0.3075130988090349,1,9.895607
-0.21981278266648344,1,9.928492
-0.16014052438122356,1,9.959476
-0.18514794267042364,1,9.981751
-0.21981278266648344,1,10.015843
-0.3363775046578459,1,10.051332
-0.2590177736618995,1,10.088951
-0.18514794267042364,1,10.121387
-0.20994583200024086,1,10.163964
-0.245061589833413,1,10.190904
-0.2590177736618995,1,10.224549
-0.245061589833413,1,10.236721
-0.19757116253789728,1,10.254899
-0.16014052438122356,1,10.269009
-0.20994583200024086,1,10.281632
-0.16014052438122356,1,10.294356
-0.2711909879146074,1,10.308449
-0.28679255545526133,1,10.320288
-0.2590177736618995,1,10.329626
-0.21981278266648344,1,10.346997
-0.21981278266648344,1,10.36216
-0.3345781397876577,1,10.397813
-0.2711909879146074,1,10.412946
-0.2784784944652248,1,10.426924
-0.45042240199856287,1,10.437395
-0.2784784944652248,1,10.446867
-0.45042240199856287,1,10.462595
-0.4386352935849928,1,10.476136
-0.35553410236850186,1,10.48749
-0.45042240199856287,1,10.499866
-0.3075130988090349,1,10.516345
-0.21981278266648344,1,10.52711
-0.45042240199856287,1,10.550148
-0.21981278266648344,1,10.562701
-0.37939004297687867,1,10.583359
-0.39722046524176174,1,10.608907
-0.3722433526299351,1,10.622803
-0.3936584440836529,1,10.633123
-0.4220999663688672,1,10.64831
-0.38224636154839015,1,10.66032
-0.7148078684055887,1,10.67515
-0.6020814833172365,1,10.689683
-0.575055264819457,1,10.706704
-0.4386352935849928,1,10.715587
-0.35553410236850186,1,10.730439
-0.5207600099034174,1,10.741997
-0.5207600099034174,1,10.75158
-0.39722046524176174,1,10.76389
-0.3722433526299351,1,10.774754
-0.3363775046578459,1,10.788426
-0.3075130988090349,1,10.803468
-0.3936584440836529,1,10.813808
-0.2881767605015656,1,10.823788
-0.38224636154839015,1,10.837184
-0.2881767605015656,1,10.846894
-0.38224636154839015,1,10.859107
-0.4220999663688672,1,10.872069
-0.3017203772142007,1,10.885536
-0.4220999663688672,1,10.896324
-0.38224636154839015,1,10.914327
-0.4220999663688672,1,10.928683
-0.38224636154839015,1,10.945086
-0.35553410236850186,1,10.961041
-0.38224636154839015,1,10.973968
-0.32196547705471795,1,10.987874
-0.35553410236850186,1,11.001665
-0.32196547705471795,1,11.012627
-0.35553410236850186,1,11.023549
-0.32196547705471795,1,11.043186
-0.38224636154839015,1,11.055565
-0.35553410236850186,1,11.065025
-0.3363775046578459,1,11.078793
-0.3075130988090349,1,11.092256
-0.28679255545526133,1,11.101983
-0.23456197452549263,1,11.115741
-0.14122542155212847,1,11.127423
-0.23456197452549263,1,11.13881
-0.22842371983130924,1,11.150062
-0.16014052438122356,1,11.160822
-0.202880340222155,1,11.172717
-0.3075130988090349,1,11.184935
-0.3281468837894772,1,11.195306
-0.40315275368240816,1,11.207449
-0.3281468837894772,1,11.221136
-0.23456197452549263,1,11.2318
-0.16014052438122356,1,11.243343
-0.23456197452549263,1,11.261566
-0.28679255545526133,1,11.276983
-0.2711909879146074,1,11.290041
-0.1934356550203257,1,11.304628
-0.19757116253789728,1,11.3161
-0.2711909879146074,1,11.327572
-0.2044517573898668,1,11.34288
-0.18514794267042364,1,11.354047
-0.19757116253789728,1,11.36712
-0.245061589833413,1,11.380186
-0.20994583200024086,1,11.393146
-0.29946578540239277,1,11.407053
-0.21981278266648344,1,11.420735
-0.29946578540239277,1,11.429331
-0.2590177736618995,1,11.440225
-0.22842371983130924,1,11.454448
-0.16014052438122356,1,11.46491
-0.12640449794697636,1,11.47481
-0.09900860155862554,1,11.48787
-0.16014052438122356,1,11.497918
-0.16014052438122356,1,11.505697
-0.10772261038881333,1,11.524244
-0.09641764445864717,1,11.542131
-0.15268550513598594,1,11.551156
-0.09641764445864717,1,11.565223
-0.23915908691672272,1,11.576593
-0.19757116253789728,1,11.587104
-0.14122542155212847,1,11.59915
-0.19757116253789728,1,11.609339
-0.202880340222155,1,11.62001
-0.16014052438122356,1,11.633989
-0.16014052438122356,1,11.642299
-0.15594980537188471,1,11.653251
-0.1676667450195734,1,11.666455
-0.21981278266648344,1,11.676181
-0.21981278266648344,1,11.686364
-0.2806354599285221,1,11.701017
-0.1934356550203257,1,11.709198
-0.21981278266648344,1,11.717477
-0.22637536081094042,1,11.732782
-0.18514794267042364,1,11.744208
-0.22637536081094042,1,11.755086
-0.16014052438122356,1,11.768583
-0.15007093265273003,1,11.779073
-0.16571756332504103,1,11.787637
-0.18514794267042364,1,11.803778
-0.20994583200024086,1,11.812027
-0.21981278266648344,1,11.821795
-0.11446970687829565,1,11.83528
-0.21981278266648344,1,11.851582
-0.2881767605015656,1,11.859293
-0.2427308079405328,1,11.878584
-0.2590177736618995,1,11.887796
-0.22842371983130924,1,11.899147
-0.3075130988090349,1,11.914825
-0.3363775046578459,1,11.926508
-0.32196547705471795,1,11.935567
-0.2711909879146074,1,11.947326
-0.2711909879146074,1,11.964761
-0.2655144896098338,1,12.0042
-0.41105402806100744,1,12.039457
-0.35553410236850186,1,12.066696
-0.575055264819457,1,12.099602
-0.6424804774270401,1,12.127822
-0.5207600099034174,1,12.147118
-0.45042240199856287,1,12.169878
-0.4386352935849928,1,12.19158
-0.3345781397876577,1,12.209493
-0.3722433526299351,1,12.243899
-0.3363775046578459,1,12.26799
-0.2711909879146074,1,12.296641
-0.2711909879146074,1,12.32203
-0.1676667450195734,1,12.347637
-0.3345781397876577,1,12.37273
-0.37939004297687867,1,12.398619
-0.3363775046578459,1,12.421656
-0.37939004297687867,1,12.450679
-0.4592501005618275,1,12.477702
-0.32196547705471795,1,12.499837
-0.22842371983130924,1,12.524041
-0.2590177736618995,1,12.553162
-0.3936584440836529,1,12.575409
-0.32196547705471795,1,12.600858
-0.3107283317527115,1,12.619181
-0.4220999663688672,1,12.649976
-0.45042240199856287,1,12.675401
-0.3075130988090349,1,12.693605
-0.3363775046578459,1,12.718125
-0.35553410236850186,1,12.737
-0.4617199525913289,1,12.757473
-0.4220999663688672,1,12.790927
-0.18514794267042364,1,12.815886
-0.08339478106270443,1,12.835509
-0.2711909879146074,1,12.865059
-0.32196547705471795,1,12.890548
-0.2711909879146074,1,12.907903
-0.35553410236850186,1,12.932319
-0.4386352935849928,1,12.95277
-0.5207600099034174,1,12.971685
-0.4617199525913289,1,13.000739
-0.35553410236850186,1,13.022675
-0.5207600099034174,1,13.052517
-0.35553410236850186,1,13.078353
-0.3363775046578459,1,13.104427
-0.2711909879146074,1,13.122496
-0.2784784944652248,1,13.146196
-0.2590177736618995,1,13.166471
-0.16014052438122356,1,13.185386
-0.2590177736618995,1,13.214944
-0.28679255545526133,1,13.241696
-0.2590177736618995,1,13.256041
-0.29946578540239277,1,13.271382
-0.35553410236850186,1,13.285442
-0.35553410236850186,1,13.297665
-0.35553410236850186,1,13.311182
-0.41105402806100744,1,13.320915
-0.4880147650098113,1,13.335232
-0.6020814833172365,1,13.348019
-0.4880147650098113,1,13.357676
-0.4617199525913289,1,13.370537
-0.35553410236850186,1,13.38853
-0.38224636154839015,1,13.398683
-0.6182607553034482,1,13.413137
-0.35553410236850186,1,13.427287
-0.5207600099034174,1,13.440605
-0.3017203772142007,1,13.455053
-0.21981278266648344,1,13.471089
-0.2711909879146074,1,13.483352
-0.35553410236850186,1,13.495205
-0.3017203772142007,1,13.516746
-0.21981278266648344,1,13.530854
-0.35553410236850186,1,13.540773
-0.23456197452549263,1,13.553792
-0.544070607381102,1,13.56613
-0.3075130988090349,1,13.578068
-0.39722046524176174,1,13.594876
-0.29946578540239277,1,13.607907
-0.2655144896098338,1,13.621854
-0.21981278266648344,1,13.638615
-0.21981278266648344,1,13.650601
-0.16014052438122356,1,13.663365
-0.16014052438122356,1,13.678313
-0.20994583200024086,1,13.689373
-0.3363775046578459,1,13.701806
-0.37939004297687867,1,13.716738
-0.3936584440836529,1,13.732342
-0.3075130988090349,1,13.746019
-0.35553410236850186,1,13.760509
-0.2590177736618995,1,13.772493
-0.3363775046578459,1,13.788693
-0.4220999663688672,1,13.806118
-0.4617199525913289,1,13.821215
-0.6182607553034482,1,13.839869
-0.38224636154839015,1,13.856279
-0.2881767605015656,1,13.868586
-0.21981278266648344,1,13.880037
-0.23456197452549263,1,13.894031
-0.4386352935849928,1,13.904652
-0.45042240199856287,1,13.917939
-0.3345781397876577,1,13.934912
-0.2711909879146074,1,13.94792
-0.2784784944652248,1,13.958696
-0.2711909879146074,1,13.973025
-0.20685653341313992,1,13.985146
-0.35553410236850186,1,13.994493
-0.4592501005618275,1,14.015693
-0.4220999663688672,1,14.027478
-0.3107283317527115,1,14.040367
-0.3722433526299351,1,14.056501
-0.31353995921494837,1,14.070906
-0.3075130988090349,1,14.082624
-0.28679255545526133,1,14.100567
-0.2590177736618995,1,14.117169
-0.2784784944652248,1,14.134573
-0.21981278266648344,1,14.149731
-0.2427308079405328,1,14.161234
-0.21981278266648344,1,14.174635
-0.35553410236850186,1,14.192035
-0.21981278266648344,1,14.206158
-0.2784784944652248,1,14.223355
-0.32196547705471795,1,14.24833
-0.18514794267042364,1,14.265794
-0.2590177736618995,1,14.279374
-0.202880340222155,1,14.296561
-0.23456197452549263,1,14.319419
-0.31353995921494837,1,14.332413
-0.23456197452549263,1,14.357908
-0.202880340222155,1,14.377468
-0.2590177736618995,1,14.390951
-0.29946578540239277,1,14.407342
-0.2881767605015656,1,14.419391
-0.2784784944652248,1,14.434089
-0.2590177736618995,1,14.452977
-0.2427308079405328,1,14.470147
-0.35553410236850186,1,14.486752
-0.2711909879146074,1,14.503458
-0.35553410236850186,1,14.522267
-0.35553410236850186,1,14.538879
-0.16014052438122356,1,14.557888
-0.35553410236850186,1,14.569659
-0.2881767605015656,1,14.580571
-0.29946578540239277,1,14.600001
-0.2881767605015656,1,14.612398
-0.4386352935849928,1,14.625261
-0.4220999663688672,1,14.643046
-0.41105402806100744,1,14.656748
-0.3075130988090349,1,14.673291
-0.22842371983130924,1,14.695915
-0.2711909879146074,1,14.709698
-0.22842371983130924,1,14.725729
-0.2711909879146074,1,14.744843
-0.2655144896098338,1,14.759124
-0.2711909879146074,1,14.775359
-0.2784784944652248,1,14.795703
-0.2881767605015656,1,14.810684
-0.35553410236850186,1,14.827067
-0.4220999663688672,1,14.847506
-0.35553410236850186,1,14.860902
-0.3075130988090349,1,14.873069
-0.35553410236850186,1,14.890962
-0.21981278266648344,1,14.918449
-0.35553410236850186,1,14.974356
-0.4661087704978553,1,15.015454
-0.4880147650098113,1,15.049299
-0.4220999663688672,1,15.087842
-0.38224636154839015,1,15.104025
-0.35553410236850186,1,15.118636
-0.29946578540239277,1,15.133432
-0.20994583200024086,1,15.149697
-0.18514794267042364,1,15.16276
-0.35553410236850186,1,15.177913
-0.2427308079405328,1,15.196015
-0.16014052438122356,1,15.210109
-0.21981278266648344,1,15.220221
-0.2881767605015656,1,15.240554
-0.2784784944652248,1,15.25396
-0.2881767605015656,1,15.268108
-0.29946578540239277,1,15.283043
-0.2881767605015656,1,15.29639
-0.2784784944652248,1,15.308428
-0.2881767605015656,1,15.323923
-0.3017203772142007,1,15.335664
-0.2881767605015656,1,15.347332
-0.35553410236850186,1,15.360565
-0.20994583200024086,1,15.36971
-0.35553410236850186,1,15.380741
-0.40315275368240816,1,15.39421
-0.2711909879146074,1,15.40234
-0.32196547705471795,1,15.41225
-0.22842371983130924,1,15.426028
-0.4220999663688672,1,15.43689
-0.2711909879146074,1,15.446594
-0.20994583200024086,1,15.460344
-0.18514794267042364,1,15.471077
-0.2427308079405328,1,15.497096
-0.1934356550203257,1,15.579592
-0.23456197452549263,1,15.592943
-0.22842371983130924,1,15.606714
-0.23456197452549263,1,15.62674
-0.2711909879146074,1,15.640833
-0.2044517573898668,1,15.651312
-0.1934356550203257,1,15.675508
-0.16014052438122356,1,15.687269
-0.1934356550203257,1,15.697362
-0.18514794267042364,1,15.731424
-0.1934356550203257,1,15.761119
-0.23456197452549263,1,15.796527
-0.22842371983130924,1,15.818727
-0.20994583200024086,1,15.830799
-0.22842371983130924,1,15.844547
-0.12215049617686068,1,15.860519
-0.245061589833413,1,15.873118
-0.2590177736618995,1,15.883012
-0.2427308079405328,1,15.896647
-0.3075130988090349,1,15.908097
-0.35553410236850186,1,15.91682
-0.3075130988090349,1,15.930706
-0.22842371983130924,1,15.9454
-0.23456197452549263,1,15.956463
-0.28679255545526133,1,15.973337
-0.3075130988090349,1,15.98402
-0.35553410236850186,1,15.996497
-0.20994583200024086,1,16.012358
-0.202880340222155,1,16.023718
-0.20994583200024086,1,16.034164
-0.2711909879146074,1,16.050945
-0.20994583200024086,1,16.063846
-0.2711909879146074,1,16.078153
-0.2711909879146074,1,16.093662
-0.14122542155212847,1,16.104524
-0.12215049617686068,1,16.114697
-0.2711909879146074,1,16.132717
-0.20994583200024086,1,16.146168
-0.29946578540239277,1,16.159261
-0.2590177736618995,1,16.172048
-0.22842371983130924,1,16.188962
-0.23456197452549263,1,16.200347
-0.202880340222155,1,16.217317
-0.23456197452549263,1,16.230377
-0.14122542155212847,1,16.247954
-0.19757116253789728,1,16.261921
-0.2711909879146074,1,16.273007
-0.2044517573898668,1,16.283146
-0.2655144896098338,1,16.297614
-0.2044517573898668,1,16.312474
-0.18514794267042364,1,16.323923
-0.2044517573898668,1,16.335396
-0.22842371983130924,1,16.345751
-0.2044517573898668,1,16.358865
-0.12640449794697636,1,16.372108
-0.21981278266648344,1,16.381384
-0.3345781397876577,1,16.393365
-0.3075130988090349,1,16.409228
-0.21981278266648344,1,16.42173
-0.20994583200024086,1,16.431022
-0.35553410236850186,1,16.445296
-0.2590177736618995,1,16.456742
-0.22842371983130924,1,16.465734
-0.21981278266648344,1,16.480901
-0.2711909879146074,1,16.493229
-0.3075130988090349,1,16.508764
-0.2784784944652248,1,16.522262
-0.20994583200024086,1,16.56135
-0.2427308079405328,1,16.574445
-0.21981278266648344,1,16.588189
-0.21981278266648344,1,16.60493
-0.20994583200024086,1,16.614353
-0.21981278266648344,1,16.631086
-0.3075130988090349,1,16.642965
-0.35553410236850186,1,16.652499
-0.4661087704978553,1,16.671178
-0.35553410236850186,1,16.702589
-0.3075130988090349,1,16.713043
-0.544070607381102,1,16.727953
-0.6827215907658518,1,16.740793
-0.5207600099034174,1,16.757035
-0.3075130988090349,1,16.769147
-0.5207600099034174,1,16.778951
-0.6827215907658518,1,16.791981
-0.45042240199856287,1,16.804044
-0.37939004297687867,1,16.892951
-0.3345781397876577,1,16.9285
-0.32196547705471795,1,16.959888
-0.3345781397876577,1,16.989032
-0.3075130988090349,1,17.009648
-0.2784784944652248,1,17.034791
-0.37939004297687867,1,17.059493
-0.35553410236850186,1,17.081044
-0.35553410236850186,1,17.110739
-0.29946578540239277,1,17.130782
-0.4220999663688672,1,17.159452
-0.3017203772142007,1,17.19124
-0.4220999663688672,1,17.210367
-0.3017203772142007,1,17.233484
-0.35553410236850186,1,17.270213
-0.35553410236850186,1,17.296223
-0.3075130988090349,1,17.333134
-0.3936584440836529,1,17.364558
-0.35553410236850186,1,17.389476
-0.2784784944652248,1,17.406681
-0.3075130988090349,1,17.431103
-0.2784784944652248,1,17.451077
-0.37939004297687867,1,17.480931
-0.45042240199856287,1,17.499515
-0.37939004297687867,1,17.527203
-0.3363775046578459,1,17.549206
-0.2590177736618995,1,17.581405
-0.3363775046578459,1,17.6006
-0.2711909879146074,1,17.628072
-0.2784784944652248,1,17.650723
-0.2881767605015656,1,17.67784
-0.18514794267042364,1,17.699914
-0.3075130988090349,1,17.739346
-0.2784784944652248,1,17.758753
-0.2711909879146074,1,17.779138
-0.31353995921494837,1,17.811632
-0.3075130988090349,1,17.832787
-0.29946578540239277,1,17.859875
-0.21981278266648344,1,17.883851
-0.35553410236850186,1,17.913853
-0.35553410236850186,1,17.938446
-0.2427308079405328,1,17.968619
-0.2881767605015656,1,17.999583
-0.2711909879146074,1,18.033622
-0.4661087704978553,1,18.07494
-0.18514794267042364,1,18.104147
-0.32196547705471795,1,18.129006
-0.38224636154839015,1,18.166003
-0.21981278266648344,1,18.194335
-0.35553410236850186,1,18.217687
-0.4220999663688672,1,18.249583
-0.4386352935849928,1,18.278782
-0.35553410236850186,1,18.298103
-0.6827215907658518,1,18.330429
-0.45042240199856287,1,18.354654
-0.2711909879146074,1,18.384305
-0.35553410236850186,1,18.417634
-0.20685653341313992,1,18.447147
-0.21981278266648344,1,18.4833
-0.20685653341313992,1,18.54657
-0.21981278266648344,1,18.580221
-0.22842371983130924,1,18.616715
-0.3075130988090349,1,18.647742
-0.28679255545526133,1,18.659135
-0.19757116253789728,1,18.671902
-0.2711909879146074,1,18.689244
-0.19757116253789728,1,18.700189
-0.2711909879146074,1,18.714173
-0.2044517573898668,1,18.732766
-0.31353995921494837,1,18.745741
-0.19757116253789728,1,18.76166
-0.28679255545526133,1,18.777779
-0.2590177736618995,1,18.789464
-0.18514794267042364,1,18.798534
-0.19757116253789728,1,18.816009
-0.1934356550203257,1,18.826459
-0.21981278266648344,1,18.836784
-0.22637536081094042,1,18.848378
-0.19757116253789728,1,18.86002
-0.245061589833413,1,18.872216
-0.19757116253789728,1,18.891913
-0.18514794267042364,1,18.901316
-0.20994583200024086,1,18.910166
-0.2784784944652248,1,18.929492
-0.21981278266648344,1,18.94223
-0.21981278266648344,1,18.955091
-0.2427308079405328,1,18.969515
-0.2590177736618995,1,18.979937
-0.2711909879146074,1,18.992682
-0.1934356550203257,1,19.008589
-0.31822252126421113,1,19.017929
-0.2711909879146074,1,19.029519
-0.16014052438122356,1,19.04476
-0.14122542155212847,1,19.057471
-0.32196547705471795,1,19.068487
-0.20685653341313992,1,19.081463
-0.21981278266648344,1,19.095131
-0.21981278266648344,1,19.106527
-0.2427308079405328,1,19.123455
-0.3345781397876577,1,19.133222
-0.2711909879146074,1,19.147514
-0.39722046524176174,1,19.170396
-0.5207600099034174,1,19.183772
-0.2711909879146074,1,19.193818
-0.5207600099034174,1,19.207186
-0.6424804774270401,1,19.216217
-0.2711909879146074,1,19.229053
-0.2711909879146074,1,19.241403
-0.16014052438122356,1,19.250601
-0.2711909879146074,1,19.262233
-0.3075130988090349,1,19.276855
-0.3363775046578459,1,19.28833
-0.2590177736618995,1,19.304578
-0.2784784944652248,1,19.31818
-0.2711909879146074,1,19.328628
-0.2711909879146074,1,19.340383
-0.3075130988090349,1,19.351871
-0.2427308079405328,1,19.362163
-0.35553410236850186,1,19.37343
-0.2427308079405328,1,19.391245
-0.20994583200024086,1,19.401327
-0.245061589833413,1,19.409896
-0.23456197452549263,1,19.423091
-0.22637536081094042,1,19.431308
-0.19757116253789728,1,19.451202
-0.2590177736618995,1,19.473976
-0.23456197452549263,1,19.483235
-0.31353995921494837,1,19.495648
-0.23456197452549263,1,19.508286
-0.16014052438122356,1,19.518844
-0.2590177736618995,1,19.529607
-0.2784784944652248,1,19.545608
-0.2711909879146074,1,19.555709
-0.4592501005618275,1,19.564538
-0.32196547705471795,1,19.577954
-0.21981278266648344,1,19.586333
-0.2806354599285221,1,19.598974
-0.3107283317527115,1,19.613513
-0.2044517573898668,1,19.627504
-0.31353995921494837,1,19.635633
-0.19757116253789728,1,19.646974
-0.22842371983130924,1,19.658003
-0.23456197452549263,1,19.668874
-0.1934356550203257,1,19.681771
-0.19757116253789728,1,19.691264
-0.16014052438122356,1,19.702699
-0.20994583200024086,1,19.725271
-0.3936584440836529,1,19.738656
-0.35553410236850186,1,19.748672
-0.3281468837894772,1,19.766888
-0.19757116253789728,1,19.780166
-0.22637536081094042,1,19.790535
-0.2427308079405328,1,19.806013
-0.16014052438122356,1,19.816347
-0.2044517573898668,1,19.827891
-0.2711909879146074,1,19.842249
-0.23456197452549263,1,19.854585
-0.20685653341313992,1,19.864486
-0.19757116253789728,1,19.876968
-0.14122542155212847,1,19.924621
-0.09641764445864717,1,19.93645
-0.20685653341313992,1,19.949878
-0.19757116253789728,1,19.96051
-0.1742349153892876,1,19.970814
-0.12215049617686068,1,19.984707
-0.202880340222155,1,19.995366
-0.16014052438122356,1,20.004671
-0.202880340222155,1,20.020091
-0.16014052438122356,1,20.029232
-0.22842371983130924,1,20.036948
-0.19757116253789728,1,20.050215
-0.16014052438122356,1,20.060999
-0.19757116253789728,1,20.069195
-0.20685653341313992,1,20.089991
-0.12640449794697636,1,20.100379
-0.1934356550203257,1,20.109174
-0.12640449794697636,1,20.123119
-0.1742349153892876,1,20.131514
-0.19757116253789728,1,20.143973
-0.1742349153892876,1,20.159115
-0.12640449794697636,1,20.174657
-0.14122542155212847,1,20.185766
-0.19757116253789728,1,20.198961
-0.1934356550203257,1,20.20785
-0.2427308079405328,1,20.220508
-0.18514794267042364,1,20.235797
-0.20994583200024086,1,20.247342
-0.29946578540239277,1,20.256635
-0.3075130988090349,1,20.268719
-0.35553410236850186,1,20.280767
-0.2590177736618995,1,20.290845
-0.22842371983130924,1,20.303988
-0.16014052438122356,1,20.315418
-0.22842371983130924,1,20.327105
-0.11446970687829565,1,20.338116
-0.21981278266648344,1,20.346716
-0.5207600099034174,1,20.358316
-0.3363775046578459,1,20.380199
-0.4220999663688672,1,20.410381
-0.29946578540239277,1,20.442317
-0.4220999663688672,1,20.471255
-0.38224636154839015,1,20.493657
-0.35553410236850186,1,20.514236
-0.35553410236850186,1,20.546165
-0.2881767605015656,1,20.565259
-0.35553410236850186,1,20.587159
-0.2881767605015656,1,20.612864
-0.2711909879146074,1,20.636538
-0.3075130988090349,1,20.652173
-0.2711909879146074,1,20.673265
-0.4220999663688672,1,20.691272
-0.39722046524176174,1,20.718946
-0.32196547705471795,1,20.743648
-0.39722046524176174,1,20.764171
-0.5207600099034174,1,20.784774
-0.5207600099034174,1,20.826061
-0.32196547705471795,1,20.863661
-0.3017203772142007,1,20.893522
-0.32196547705471795,1,20.923476
-0.4880147650098113,1,20.951622
-0.6827215907658518,1,20.970651
-0.4880147650098113,1,21.00129
-0.4661087704978553,1,21.023016
-0.544070607381102,1,21.047612
-0.575055264819457,1,21.074445
-0.2711909879146074,1,21.095465
-0.3075130988090349,1,21.122412
-0.2711909879146074,1,21.15367
-0.2881767605015656,1,21.173291
-0.35553410236850186,1,21.198998
-0.37939004297687867,1,21.230208
-0.16014052438122356,1,21.250213
-0.20994583200024086,1,21.268203
-0.2427308079405328,1,21.295244
-0.35553410236850186,1,21.31414
-0.31353995921494837,1,21.340855
-0.20994583200024086,1,21.370591
-0.29946578540239277,1,21.390551
-0.20994583200024086,1,21.417119
-0.16014052438122356,1,21.446728
-0.23456197452549263,1,21.470902
-0.245061589833413,1,21.491161
-0.19757116253789728,1,21.516502
-0.22842371983130924,1,21.541503
-0.3075130988090349,1,21.561059
-0.245061589833413,1,21.591369
-0.20994583200024086,1,21.609279
-0.3936584440836529,1,21.626424
-0.45042240199856287,1,21.649559
-0.3936584440836529,1,21.669374
-0.3075130988090349,1,21.696158
-0.35553410236850186,1,21.718409
-0.2590177736618995,1,21.742739
-0.202880340222155,1,21.762035
-0.3075130988090349,1,21.78271
-0.202880340222155,1,21.804225
-0.3075130988090349,1,21.82566
-0.3936584440836529,1,21.854119
-0.2881767605015656,1,21.872606
-0.38224636154839015,1,21.898884
-0.2881767605015656,1,21.92003
-0.21981278266648344,1,21.941098
-0.2590177736618995,1,21.969486
-0.245061589833413,1,21.993765
-0.3075130988090349,1,22.023267
-0.245061589833413,1,22.041816
-0.3075130988090349,1,22.056077
-0.29946578540239277,1,22.066701
-0.2881767605015656,1,22.074948
-0.4386352935849928,1,22.088889
-0.37939004297687867,1,22.09991
-0.35553410236850186,1,22.109056
-0.35553410236850186,1,22.122833
-0.3363775046578459,1,22.135823
-0.35553410236850186,1,22.146881
-0.3363775046578459,1,22.161752
-0.23456197452549263,1,22.170382
-0.2711909879146074,1,22.181006
-0.3075130988090349,1,22.193724
-0.2711909879146074,1,22.201688
-0.2881767605015656,1,22.212631
-0.3363775046578459,1,22.228383
-0.2590177736618995,1,22.238602
-0.202880340222155,1,22.247916
-0.3075130988090349,1,22.261293
-0.22842371983130924,1,22.270851
-0.2711909879146074,1,22.287024
-0.3345781397876577,1,22.29937
-0.2711909879146074,1,22.309305
-0.2784784944652248,1,22.321479
-0.2711909879146074,1,22.338385
-0.2784784944652248,1,22.349777
-0.21981278266648344,1,22.358865
-0.3107283317527115,1,22.370568
-0.21981278266648344,1,22.381228
-0.2784784944652248,1,22.38984
-0.5207600099034174,1,22.404673
-0.2784784944652248,1,22.416601
-0.2590177736618995,1,22.427464
-0.2427308079405328,1,22.440969
-0.4220999663688672,1,22.458781
-0.41105402806100744,1,22.469476
-0.35553410236850186,1,22.484615
-0.31353995921494837,1,22.49467
-0.35553410236850186,1,22.505126
-0.202880340222155,1,22.517805
-0.19757116253789728,1,22.526741
-0.2711909879146074,1,22.537246
-0.2590177736618995,1,22.549918
-0.29946578540239277,1,22.56505
-0.2590177736618995,1,22.575652
-0.18514794267042364,1,22.587354
-0.3722433526299351,1,22.598742
-0.35553410236850186,1,22.6082
-0.32196547705471795,1,22.619779
-0.39722046524176174,1,22.63049
-0.2427308079405328,1,22.639335
-0.35553410236850186,1,22.650784
-0.4220999663688672,1,22.663827
-0.42945389519267935,1,22.672157
-0.35553410236850186,1,22.684559
-0.3722433526299351,1,22.694844
-0.21981278266648344,1,22.705338
-0.2881767605015656,1,22.717872
-0.2806354599285221,1,22.728537
-0.1934356550203257,1,22.740792
-0.16014052438122356,1,22.755474
-0.16014052438122356,1,22.766258
-0.12215049617686068,1,22.774771
-0.245061589833413,1,22.788752
-0.2590177736618995,1,22.801154
-0.2711909879146074,1,22.812607
-0.2590177736618995,1,22.824561
-0.18514794267042364,1,22.832905
-0.3075130988090349,1,22.843617
-0.3936584440836529,1,22.855436
-0.4220999663688672,1,22.866083
-0.35553410236850186,1,22.876343
-0.4220999663688672,1,22.889989
-0.3936584440836529,1,22.89941
-0.3075130988090349,1,22.90808
-0.14122542155212847,1,22.920109
-0.16014052438122356,1,22.930374
-0.202880340222155,1,22.941533
-0.19757116253789728,1,22.95545
-0.1934356550203257,1,22.966359
-0.12640449794697636,1,22.981578
-0.15268550513598594,1,22.993075
-0.15594980537188471,1,23.004321
-0.14122542155212847,1,23.013778
-0.15594980537188471,1,23.025938
-0.12640449794697636,1,23.036947
-0.15594980537188471,1,23.048316
-0.14122542155212847,1,23.061239
-0.15594980537188471,1,23.070652
-0.12640449794697636,1,23.082327
-0.15594980537188471,1,23.096109
-0.12640449794697636,1,23.109165
-0.15007093265273003,1,23.118129
-0.14122542155212847,1,23.133407
-0.12980126866527975,1,23.144109
-0.14122542155212847,1,23.154908
-0.16014052438122356,1,23.16615
-0.14122542155212847,1,23.177104
-0.12980126866527975,1,23.189349
-0.14122542155212847,1,23.207592
-0.16014052438122356,1,23.216586
-0.16014052438122356,1,23.227167
-0.23456197452549263,1,23.241037
-0.20685653341313992,1,23.252772
-0.19757116253789728,1,23.26411
-0.202880340222155,1,23.275362
-0.16014052438122356,1,23.286923
-0.202880340222155,1,23.295926
-0.2590177736618995,1,23.309425
-0.14122542155212847,1,23.320836
-0.16571756332504103,1,23.331506
-0.21981278266648344,1,23.346142
-0.35553410236850186,1,23.358846
-0.3345781397876577,1,23.367805
-0.3075130988090349,1,23.383153
-0.3936584440836529,1,23.394398
-0.35553410236850186,1,23.40542
-0.3363775046578459,1,23.419921
-0.3075130988090349,1,23.443167
-0.21981278266648344,1,23.457901
-0.2881767605015656,1,23.48314
-0.21981278266648344,1,23.493482
-0.35553410236850186,1,23.506824
-0.21981278266648344,1,23.522585
-0.2881767605015656,1,23.532624
-0.38224636154839015,1,23.542416
-0.4220999663688672,1,23.557326
-0.5207600099034174,1,23.568413
-0.6827215907658518,1,23.578493
-0.6182607553034482,1,23.592643
-0.5207600099034174,1,23.606094
-0.4386352935849928,1,23.616784
-0.21981278266648344,1,23.628837
-0.2711909879146074,1,23.639656
-0.35553410236850186,1,23.651052
-0.21981278266648344,1,23.665646
-0.35553410236850186,1,23.676354
-0.2427308079405328,1,23.692506
-0.35553410236850186,1,23.705042
-0.18514794267042364,1,23.718561
-0.2881767605015656,1,23.727512
-0.35553410236850186,1,23.745473
-0.4220999663688672,1,23.771683
-0.38224636154839015,1,23.806122
-0.21981278266648344,1,23.839143
-0.2427308079405328,1,23.864418
-0.16014052438122356,1,23.87807
-0.14122542155212847,1,23.910228
-0.21981278266648344,1,23.941159
-0.2655144896098338,1,23.957029
-0.2044517573898668,1,23.979475
-0.2655144896098338,1,24.004725
-0.21981278266648344,1,24.025601
-0.15007093265273003,1,24.056093
-0.21981278266648344,1,24.084106
-0.18514794267042364,1,24.122221
-0.2044517573898668,1,24.173303
-0.22842371983130924,1,24.204786
-0.16014052438122356,1,24.227301
-0.14122542155212847,1,24.259367
-0.19757116253789728,1,24.287496
-0.202880340222155,1,24.312404
-0.16014052438122356,1,24.343093
-0.12640449794697636,1,24.386749
-0.23456197452549263,1,24.413463
-0.18514794267042364,1,24.441983
-0.23456197452549263,1,24.479917
-0.14122542155212847,1,24.51141
-0.2044517573898668,1,24.543976
-0.21981278266648344,1,24.558368
-0.21981278266648344,1,24.570327
-0.15007093265273003,1,24.589306
-0.16014052438122356,1,24.602227
-0.14122542155212847,1,24.613932
-0.12640449794697636,1,24.626916
-0.14122542155212847,1,24.645991
-0.1901232807353778,1,24.666296
-0.1676667450195734,1,24.691925
-0.12640449794697636,1,24.706289
-0.16014052438122356,1,24.720318
-0.23456197452549263,1,24.737508
-0.22637536081094042,1,24.74905
-0.12640449794697636,1,24.758747
-0.1934356550203257,1,24.775324
-0.16014052438122356,1,24.785108
-0.16014052438122356,1,24.794651
-0.16014052438122356,1,24.808111
-0.2784784944652248,1,24.820211
-0.2881767605015656,1,24.830185
-0.21981278266648344,1,24.844459
-0.16014052438122356,1,24.858305
-0.22842371983130924,1,24.869866
-0.1676667450195734,1,24.882269
-0.2711909879146074,1,24.891988
-0.2711909879146074,1,24.904696
-0.14122542155212847,1,24.922041
-0.16014052438122356,1,24.933444
-0.22842371983130924,1,24.949502
-0.2427308079405328,1,24.963341
-0.16014052438122356,1,24.972949
-0.19757116253789728,1,24.984905
-0.18514794267042364,1,25.000771
-0.20994583200024086,1,25.010397
-0.18514794267042364,1,25.025498
-0.2711909879146074,1,25.041517
-0.12640449794697636,1,25.053244
-0.16571756332504103,1,25.061666
-0.12640449794697636,1,25.074975
-0.21981278266648344,1,25.086862
-0.2655144896098338,1,25.096581
-0.18514794267042364,1,25.1102
-0.2655144896098338,1,25.124197
-0.2427308079405328,1,25.137067
-0.22842371983130924,1,25.151719
-0.19757116253789728,1,25.161475
-0.18514794267042364,1,25.173155
-0.20994583200024086,1,25.186844
-0.3363775046578459,1,25.19699
-0.2711909879146074,1,25.206514
-0.21981278266648344,1,25.227003
-0.29946578540239277,1,25.240708
-0.21981278266648344,1,25.255809
-0.29946578540239277,1,25.271794
-0.3345781397876577,1,25.288796
-0.29946578540239277,1,25.313913
-0.2711909879146074,1,25.340014
-0.3075130988090349,1,25.360287
-0.35553410236850186,1,25.374789
-0.4220999663688672,1,25.392593
-0.2711909879146074,1,25.425185
-0.4220999663688672,1,25.441733
-0.2711909879146074,1,25.470164
-0.2881767605015656,1,25.486316
-0.29946578540239277,1,25.502787
-0.3075130988090349,1,25.518971
-0.22842371983130924,1,25.534462
-0.2590177736618995,1,25.545083
-0.2427308079405328,1,25.57202
-0.2590177736618995,1,25.589178
-0.2427308079405328,1,25.602175
-0.2590177736618995,1,25.620395
-0.2784784944652248,1,25.637298
-0.1676667450195734,1,25.657294
-0.2655144896098338,1,25.67465
-0.32196547705471795,1,25.688044
-0.3363775046578459,1,25.700949
-0.35553410236850186,1,25.715987
-0.3363775046578459,1,25.727079
-0.40315275368240816,1,25.739667
-0.41105402806100744,1,25.758862
-0.2590177736618995,1,25.772855
-0.41105402806100744,1,25.786374
-0.3075130988090349,1,25.805741
-0.35553410236850186,1,25.818211
-0.2711909879146074,1,25.830466
-0.20685653341313992,1,25.855908
-0.23456197452549263,1,25.873143
-0.1934356550203257,1,25.890042
-0.2427308079405328,1,25.912101
-0.2711909879146074,1,25.925784
-0.2711909879146074,1,25.93982
-0.3363775046578459,1,25.959038
-0.4220999663688672,1,25.974231
-0.5403451646517261,1,25.988049
-0.6182607553034482,1,26.006005
-0.5207600099034174,1,26.021611
-0.35553410236850186,1,26.038537
-0.2427308079405328,1,26.056091
-0.2590177736618995,1,26.070587
-0.2711909879146074,1,26.088936
-0.2711909879146074,1,26.109149
-0.28679255545526133,1,26.124099
-0.23456197452549263,1,26.141365
-0.1742349153892876,1,26.163469
-0.18514794267042364,1,26.175701
-0.1742349153892876,1,26.189745
-0.19757116253789728,1,26.206722
-0.09641764445864717,1,26.220337
-0.19757116253789728,1,26.241823
-0.11666740777311288,1,26.264293
-0.16014052438122356,1,26.27655
-0.12640449794697636,1,26.293074
-0.20994583200024086,1,26.311399
-0.21981278266648344,1,26.324771
-0.21981278266648344,1,26.342684
-0.12640449794697636,1,26.378628
-0.21981278266648344,1,26.410715
-0.18514794267042364,1,26.444225
-0.21981278266648344,1,26.489213
-0.3017203772142007,1,26.527682
-0.21981278266648344,1,26.560356
-0.21981278266648344,1,26.611249
-0.20994583200024086,1,26.652699
-0.22842371983130924,1,26.687518
-0.12215049617686068,1,26.726051
-0.14122542155212847,1,26.745357
-0.18514794267042364,1,26.765931
-0.1934356550203257,1,26.781791
-0.18514794267042364,1,26.794509
-0.12640449794697636,1,26.807214
-0.18514794267042364,1,26.824595
-0.12640449794697636,1,26.838485
-0.1901232807353778,1,26.853665
-0.15007093265273003,1,26.870525
-0.21981278266648344,1,26.882906
-0.18514794267042364,1,26.894452
-0.1901232807353778,1,26.913182
-0.2541385738595232,1,26.939846
-0.16014052438122356,1,26.957542
-0.18514794267042364,1,26.97891
-0.16014052438122356,1,26.993136
-0.12640449794697636,1,27.007451
-0.2427308079405328,1,27.026626
-0.15007093265273003,1,27.042112
-0.16571756332504103,1,27.056454
-0.14122542155212847,1,27.074459
-0.21981278266648344,1,27.091055
-0.3345781397876577,1,27.104155
-0.3075130988090349,1,27.122061
-0.21981278266648344,1,27.136233
-0.21981278266648344,1,27.153444
-0.22842371983130924,1,27.174716
-0.20994583200024086,1,27.192036
-0.2427308079405328,1,27.208394
-0.2881767605015656,1,27.22783
-0.29946578540239277,1,27.24728
-0.35553410236850186,1,27.266375
-0.3363775046578459,1,27.283729
-0.35553410236850186,1,27.305148
-0.2784784944652248,1,27.320755
-0.35553410236850186,1,27.350008
-0.29946578540239277,1,27.36158
-0.3075130988090349,1,27.374254
-0.4661087704978553,1,27.393646
-0.35553410236850186,1,27.407317
-0.4661087704978553,1,27.425951
-0.4220999663688672,1,27.442223
-0.5207600099034174,1,27.45654
-0.6182607553034482,1,27.469643
-0.6424804774270401,1,27.485384
-0.6827215907658518,1,27.500007
-0.6182607553034482,1,27.516956
-0.4220999663688672,1,27.537753
-0.6424804774270401,1,27.551343
-0.6827215907658518,1,27.569318
-0.7468045620406756,1,27.599001
-0.575055264819457,1,27.620787
-0.6182607553034482,1,27.636261
-0.5207600099034174,1,27.655238
-0.6424804774270401,1,27.669136
-0.5207600099034174,1,27.684162
-0.4386352935849928,1,27.712672
-0.4220999663688672,1,27.737478
-0.35553410236850186,1,27.764256
-0.20994583200024086,1,27.801962
-0.22842371983130924,1,27.822648
-0.16571756332504103,1,27.840912
-0.22842371983130924,1,27.859425
-0.19757116253789728,1,27.876399
-0.22842371983130924,1,27.894508
-0.16014052438122356,1,27.924319
-0.20685653341313992,1,27.950164
-0.23456197452549263,1,27.963818
-0.22637536081094042,1,27.979321
-0.2427308079405328,1,27.993578
-0.2711909879146074,1,28.007458
-0.2590177736618995,1,28.025256
-0.2427308079405328,1,28.038301
-0.2590177736618995,1,28.054335
-0.245061589833413,1,28.076353
-0.2590177736618995,1,28.089881
-0.35553410236850186,1,28.103758
-0.35553410236850186,1,28.142535
-0.3363775046578459,1,28.195856
-0.2590177736618995,1,28.218155
-0.202880340222155,1,28.236227
-0.19757116253789728,1,28.252418
-0.14122542155212847,1,28.266003
-0.23456197452549263,1,28.282877
-0.1742349153892876,1,28.296625
-0.09641764445864717,1,28.318997
-0.1742349153892876,1,28.344086
-0.2711909879146074,1,28.430825
-0.22842371983130924,1,28.444964
-0.21981278266648344,1,28.465974
-0.21981278266648344,1,28.480447
-0.2044517573898668,1,28.492251
-0.22842371983130924,1,28.518388
-0.23456197452549263,1,28.554561
-0.1934356550203257,1,28.586501
-0.16571756332504103,1,28.609383
-0.1934356550203257,1,28.633141
-0.23456197452549263,1,28.656165
-0.20685653341313992,1,28.688521
-0.12640449794697636,1,28.717644
-0.16014052438122356,1,28.746234
-0.16014052438122356,1,28.779351
-0.202880340222155,1,28.798982
-0.19757116253789728,1,28.817447
-0.10772261038881333,1,28.845489
-0.16014052438122356,1,28.864605
-0.16014052438122356,1,28.890611
-0.12640449794697636,1,28.913948
-0.12640449794697636,1,28.943153
-0.10245666586838688,1,28.963033
-0.12640449794697636,1,28.990582
-0.10464711163640988,1,29.011366
-0.16014052438122356,1,29.045853
-0.10464711163640988,1,29.119035
-0.21981278266648344,1,29.165959
-0.3403013141283961,1,29.211454
-0.21981278266648344,1,29.27072
-0.1371934118726051,1,29.299328
-0.21981278266648344,1,29.313092
-0.1371934118726051,1,29.329495
-0.15007093265273003,1,29.350435
-0.3017203772142007,1,29.37537
-0.35553410236850186,1,29.390803
-0.29946578540239277,1,29.402861
-0.20685653341313992,1,29.415756
-0.21981278266648344,1,29.433948
-0.21981278266648344,1,29.451108
-0.2427308079405328,1,29.466514
-0.22842371983130924,1,29.490551
-0.3075130988090349,1,29.508283
-0.2784784944652248,1,29.539405
-0.2590177736618995,1,29.561979
-0.2711909879146074,1,29.598017
-0.2044517573898668,1,29.614482
-0.22637536081094042,1,29.636385
-0.23456197452549263,1,29.655257
-0.245061589833413,1,29.669369
-0.2711909879146074,1,29.688083
-0.28679255545526133,1,29.712638
-0.35553410236850186,1,29.732919
-0.2711909879146074,1,29.748518
-0.2427308079405328,1,29.765584
-0.1934356550203257,1,29.777584
-0.16571756332504103,1,29.791945
-0.2655144896098338,1,29.806102
-0.21981278266648344,1,29.819538
-0.3936584440836529,1,29.835968
-0.20994583200024086,1,29.85302
-0.2711909879146074,1,29.875312
-0.2711909879146074,1,29.89116
-0.22842371983130924,1,29.902089
-0.21981278266648344,1,29.915209
-0.3363775046578459,1,29.929897
-0.3075130988090349,1,29.941881
-0.3363775046578459,1,29.954689
-0.4220999663688672,1,29.976686
-0.3363775046578459,1,29.989321
-0.2711909879146074,1,29.998917
-0.3345781397876577,1,30.011764
-0.32196547705471795,1,30.023377
-0.3345781397876577,1,30.033135
-0.4386352935849928,1,30.045453
-0.39722046524176174,1,30.057776
-0.1676667450195734,1,30.068041
-0.16014052438122356,1,30.082882
-0.20994583200024086,1,30.092931
-0.202880340222155,1,30.103758
-0.20994583200024086,1,30.116848
-0.245061589833413,1,30.127
-0.3075130988090349,1,30.144281
-0.2711909879146074,1,30.158116
-0.2590177736618995,1,30.17011
-0.22842371983130924,1,30.181582
-0.2590177736618995,1,30.198176
-0.245061589833413,1,30.207558
-0.2590177736618995,1,30.220507
-0.28679255545526133,1,30.234671
-0.23456197452549263,1,30.254184
-0.14122542155212847,1,30.26688
-0.15594980537188471,1,30.293293
-0.14122542155212847,1,31.953005
-0.2711909879146074,1,31.9737
-0.245061589833413,1,31.98974
-0.20994583200024086,1,32.004127
-0.245061589833413,1,32.016917
-0.19757116253789728,1,32.032492
-0.245061589833413,1,32.047187
-0.2590177736618995,1,32.073139
-0.12640449794697636,1,32.092108
-0.35553410236850186,1,32.107218
-0.3017203772142007,1,32.118817
-0.35553410236850186,1,32.142359
-0.29946578540239277,1,32.151453
-0.3075130988090349,1,32.164058
-0.202880340222155,1,32.185633
-0.16014052438122356,1,32.195358
-0.22842371983130924,1,32.207886
-0.35553410236850186,1,32.221133
-0.202880340222155,1,32.230667
-0.23456197452549263,1,32.242678
-0.14122542155212847,1,32.255828
-0.19757116253789728,1,32.264691
-0.245061589833413,1,32.276354
-0.35553410236850186,1,32.289449
-0.245061589833413,1,32.30068
-0.2590177736618995,1,32.315452
-0.3363775046578459,1,32.329979
-0.37939004297687867,1,32.341105
-0.3363775046578459,1,32.351729
-0.35553410236850186,1,32.367585
-0.2427308079405328,1,32.378123
-0.20994583200024086,1,32.388424
-0.11666740777311288,1,32.403546
-0.3075130988090349,1,32.415048
-0.41105402806100744,1,32.42667
-0.4880147650098113,1,32.445568
-0.3363775046578459,1,32.467545
-0.4880147650098113,1,32.480692
-0.35553410236850186,1,32.496236
-0.2590177736618995,1,32.510143
-0.245061589833413,1,32.52734
-0.3075130988090349,1,32.550893
-0.1742349153892876,1,32.567181
-0.2711909879146074,1,32.582337
-0.35553410236850186,1,32.605264
-0.2711909879146074,1,32.63258
-0.2711909879146074,1,32.647825
-0.3722433526299351,1,32.685907
-0.2711909879146074,1,32.710781
-0.3075130988090349,1,32.742247
-0.245061589833413,1,32.766039
-0.23456197452549263,1,32.792249
-0.22842371983130924,1,32.828335
-0.2711909879146074,1,32.86289
-0.2784784944652248,1,32.891256
-0.3075130988090349,1,32.925699
-0.2711909879146074,1,32.959874
-0.35553410236850186,1,32.98419
-0.39722046524176174,1,33.0078
-0.2711909879146074,1,33.024628
-0.16014052438122356,1,33.052212
-0.18514794267042364,1,33.074507
-0.3345781397876577,1,33.104244
-0.3075130988090349,1,33.131711
-0.35553410236850186,1,33.152431
-0.45042240199856287,1,33.177372
-0.21981278266648344,1,33.196706
-0.45042240199856287,1,33.216841
-0.21981278266648344,1,33.247988
-0.45042240199856287,1,33.261403
-0.39722046524176174,1,33.279253
-0.2711909879146074,1,33.294872
-0.2784784944652248,1,33.30668
-0.2881767605015656,1,33.319784
-0.5207600099034174,1,33.333643
-0.4661087704978553,1,33.343747
-0.5207600099034174,1,33.355479
-0.4661087704978553,1,33.367435
-0.45042240199856287,1,33.377476
-0.45042240199856287,1,33.389018
-0.39722046524176174,1,33.402525
-0.4386352935849928,1,33.412757
-0.45042240199856287,1,33.421402
-0.4386352935849928,1,33.435506
-0.3345781397876577,1,33.444702
-0.37939004297687867,1,33.454872
-0.2784784944652248,1,33.470362
-0.23456197452549263,1,33.482254
-0.2711909879146074,1,33.492373
-0.21981278266648344,1,33.511092
-0.3363775046578459,1,33.521121
-0.3075130988090349,1,33.532392
-0.21981278266648344,1,33.544773
-0.1676667450195734,1,33.55569
-0.3345781397876577,1,33.567966
-0.29946578540239277,1,33.582975
-0.3345781397876577,1,33.594995
-0.2711909879146074,1,33.60444
-0.17350589142033865,1,33.619538
-0.2044517573898668,1,33.637371
-0.1934356550203257,1,33.648787
-0.19757116253789728,1,33.662711
-0.22842371983130924,1,33.675218
-0.2044517573898668,1,33.684812
-0.22842371983130924,1,33.69983
-0.2806354599285221,1,33.717396
-0.12640449794697636,1,33.728404
-0.23456197452549263,1,33.744371
-0.22842371983130924,1,33.754771
-0.2590177736618995,1,33.768178
-0.29946578540239277,1,33.782111
-0.35553410236850186,1,33.795358
-0.21981278266648344,1,33.804327
-0.32196547705471795,1,33.818145
-0.3017203772142007,1,33.831535
-0.32196547705471795,1,33.843305
-0.35553410236850186,1,33.855931
-0.35553410236850186,1,33.867281
-0.35553410236850186,1,33.879647
-0.35553410236850186,1,33.89399
-0.2711909879146074,1,33.904516
-0.5207600099034174,1,33.913
-0.6424804774270401,1,33.927086
-0.5207600099034174,1,33.936922
-0.21981278266648344,1,33.948669
-0.21981278266648344,1,33.963337
-0.35553410236850186,1,33.974968
-0.4880147650098113,1,33.984658
-0.35553410236850186,1,33.999576
-0.21981278266648344,1,34.015624
-0.35553410236850186,1,34.028697
-0.21981278266648344,1,34.042576
-0.38224636154839015,1,34.052479
-0.2881767605015656,1,34.065515
-0.4386352935849928,1,34.080957
-0.37939004297687867,1,34.093891
-0.2784784944652248,1,34.10369
-0.20994583200024086,1,34.118341
-0.22842371983130924,1,34.134709
-0.2590177736618995,1,34.147155
-0.202880340222155,1,34.161296
-0.16014052438122356,1,34.1707
-0.16014052438122356,1,34.183788
-0.2044517573898668,1,34.201819
-0.18514794267042364,1,34.21331
-0.23456197452549263,1,34.225638
-0.1742349153892876,1,34.240355
-0.15594980537188471,1,34.251259
-0.1742349153892876,1,34.264861
-0.2711909879146074,1,34.281648
-0.1742349153892876,1,34.295489
-0.15594980537188471,1,34.305162
-0.1742349153892876,1,34.327954
-0.16014052438122356,1,34.337427
-0.202880340222155,1,34.349195
-0.20994583200024086,1,34.363328
-0.2784784944652248,1,34.374182
-0.2711909879146074,1,34.384965
-0.21981278266648344,1,34.400449
-0.2881767605015656,1,34.412684
-0.2427308079405328,1,34.423212
-0.35553410236850186,1,34.436105
-0.38224636154839015,1,34.446395
-0.35553410236850186,1,34.457824
-0.38224636154839015,1,34.471602
-0.35553410236850186,1,34.482554
-0.2784784944652248,1,34.493749
-0.2881767605015656,1,34.508094
-0.2784784944652248,1,34.518759
-0.2711909879146074,1,34.531919
-0.2784784944652248,1,34.549234
-0.2590177736618995,1,34.564267
-0.22842371983130924,1,34.576658
-0.19757116253789728,1,34.592748
-0.1742349153892876,1,34.602978
-0.16014052438122356,1,34.614794
-0.16014052438122356,1,34.630001
-0.19757116253789728,1,34.64177
-0.14122542155212847,1,34.652568
-0.16571756332504103,1,34.668448
-0.22842371983130924,1,34.679786
-0.2590177736618995,1,34.695124
-0.28679255545526133,1,34.714491
-0.2711909879146074,1,34.731579
-0.14122542155212847,1,34.752568
-0.16014052438122356,1,34.778259
-0.2711909879146074,1,34.791147
-0.2427308079405328,1,34.805506
-0.21981278266648344,1,34.821967
-0.2427308079405328,1,34.834449
-0.12640449794697636,1,34.847867
-0.16571756332504103,1,34.864585
-0.22842371983130924,1,34.880935
-0.21981278266648344,1,34.899268
-0.18514794267042364,1,34.914356
-0.19757116253789728,1,34.929475
-0.31353995921494837,1,34.94076
-0.23456197452549263,1,34.955168
-0.245061589833413,1,34.966988
-0.2590177736618995,1,34.979735
-0.18514794267042364,1,34.99337
-0.2044517573898668,1,35.003757
-0.15007093265273003,1,35.021861
-0.16014052438122356,1,35.05333
-0.16014052438122356,1,35.07287
-0.15594980537188471,1,35.101263
-0.1742349153892876,1,35.135387
-0.23456197452549263,1,35.166425
-0.22842371983130924,1,35.198588
-0.12640449794697636,1,35.223224
-0.1934356550203257,1,35.252731
-0.16014052438122356,1,35.281355
-0.22637536081094042,1,35.313809
-0.2044517573898668,1,35.347756
-0.18514794267042364,1,35.376204
-0.1676667450195734,1,35.39744
-0.2784784944652248,1,35.429243
-0.20994583200024086,1,35.440632
-0.22842371983130924,1,35.457019
-0.2711909879146074,1,35.470273
-0.2590177736618995,1,35.484932
-0.23456197452549263,1,35.505988
-0.28679255545526133,1,35.519497
-0.2711909879146074,1,35.53339
-0.28679255545526133,1,35.550141
-0.23456197452549263,1,35.561254
-0.39722046524176174,1,35.576017
-0.23456197452549263,1,35.601231
-0.20685653341313992,1,35.620083
-0.23456197452549263,1,35.632999
-0.245061589833413,1,35.653275
-0.2590177736618995,1,35.667088
-0.2427308079405328,1,35.686325
-0.35553410236850186,1,35.70465
-0.29946578540239277,1,35.721062
-0.4220999663688672,1,35.732842
-0.3363775046578459,1,35.755718
-0.45042240199856287,1,35.767616
-0.4592501005618275,1,35.781784
-0.3722433526299351,1,35.800006
-0.31353995921494837,1,35.8122
-0.3722433526299351,1,35.826347
-0.3107283317527115,1,35.845548
-0.3722433526299351,1,35.861262
-0.45042240199856287,1,35.876202
-0.3075130988090349,1,35.900386
-0.245061589833413,1,35.941044
-0.3075130988090349,1,35.963299
-0.245061589833413,1,36.003904
-0.35553410236850186,1,36.034079
-0.2711909879146074,1,36.060197
-0.3075130988090349,1,36.098063
-0.21981278266648344,1,36.114233
-0.35553410236850186,1,36.129997
-0.2784784944652248,1,36.149623
-0.20994583200024086,1,36.165155
-0.18514794267042364,1,36.182861
-0.19757116253789728,1,36.20334
-0.14122542155212847,1,36.225627
-0.19757116253789728,1,36.249642
-0.16014052438122356,1,36.270262
-0.19757116253789728,1,36.285463
-0.23915908691672272,1,36.299706
-0.23456197452549263,1,36.324227
-0.202880340222155,1,36.33708
-0.23456197452549263,1,36.351578
-0.202880340222155,1,36.369412
-0.3075130988090349,1,36.38338
-0.3363775046578459,1,36.396682
-0.16014052438122356,1,36.41167
-0.16014052438122356,1,36.424295
-0.2590177736618995,1,36.435582
-0.2427308079405328,1,36.452344
-0.2881767605015656,1,36.465899
-0.2784784944652248,1,36.479208
-0.21981278266648344,1,36.494655
-0.21981278266648344,1,36.506479
-0.12640449794697636,1,36.51895
-0.21981278266648344,1,36.537895
-0.21981278266648344,1,36.549752
-0.14122542155212847,1,36.562569
-0.16014052438122356,1,36.580251
-0.21981278266648344,1,36.593899
-0.35553410236850186,1,36.607535
-0.4386352935849928,1,36.624076
-0.37939004297687867,1,36.637224
-0.21981278266648344,1,36.651152
-0.35553410236850186,1,36.670841
-0.2784784944652248,1,36.68441
-0.3075130988090349,1,36.698154
-0.202880340222155,1,36.719108
-0.2590177736618995,1,36.736428
-0.202880340222155,1,36.76024
-0.12215049617686068,1,36.776297
-0.18514794267042364,1,36.792198
-0.2590177736618995,1,36.80453
-0.2784784944652248,1,36.821701
-0.21981278266648344,1,36.837763
-0.21981278266648344,1,36.852557
-0.21981278266648344,1,36.871435
-0.3345781397876577,1,36.884609
-0.21981278266648344,1,36.896232
-0.14122542155212847,1,36.916095
-0.16014052438122356,1,36.938944
-0.10772261038881333,1,36.962137
-0.19757116253789728,1,36.978632
-0.14122542155212847,1,36.994985
-0.19757116253789728,1,37.006044
-0.202880340222155,1,37.023431
-0.19757116253789728,1,37.035557
-0.12640449794697636,1,37.0483
-0.2427308079405328,1,37.063164
-0.14122542155212847,1,37.075516
-0.23456197452549263,1,37.085669
-0.20685653341313992,1,37.102737
-0.23456197452549263,1,37.122777
-0.2711909879146074,1,37.132108
-0.3075130988090349,1,37.145605
-0.28679255545526133,1,37.158814
-0.23456197452549263,1,37.171216
-0.2711909879146074,1,37.186797
-0.19757116253789728,1,37.199477
-0.29140496445545044,1,37.208411
-0.23456197452549263,1,37.238318
-0.31353995921494837,1,37.260261
-0.2427308079405328,1,37.291391
-0.1934356550203257,1,37.335679
-0.16014052438122356,1,37.369544
-0.18514794267042364,1,37.391833
-0.2806354599285221,1,37.420382
-0.31353995921494837,1,37.443121
-0.21981278266648344,1,37.483517
-0.3363775046578459,1,37.535893
-0.3075130988090349,1,37.565398
-0.29946578540239277,1,37.597137
-0.2590177736618995,1,37.634341
-0.29946578540239277,1,37.664658
-0.2590177736618995,1,37.694273
-0.202880340222155,1,37.749615
-0.19757116253789728,1,37.778488
-0.23915908691672272,1,37.794304
-0.19757116253789728,1,37.815017
-0.23915908691672272,1,37.825558
-0.19757116253789728,1,37.843037
-0.18514794267042364,1,37.856595
-0.16014052438122356,1,37.872879
-0.245061589833413,1,37.881903
-0.12215049617686068,1,37.893842
-0.22842371983130924,1,37.903181
-0.19757116253789728,1,37.915493
-0.22842371983130924,1,37.930641
-0.32196547705471795,1,37.940715
-0.2711909879146074,1,37.956041
-0.2044517573898668,1,37.967921
-0.2711909879146074,1,37.977358
-0.40315275368240816,1,37.988773
-0.202880340222155,1,38.00239
-0.2590177736618995,1,38.01162
-0.22842371983130924,1,38.02177
-0.2711909879146074,1,38.033726
-0.3936584440836529,1,38.044366
-0.2590177736618995,1,38.052819
-0.16014052438122356,1,38.065358
-0.19757116253789728,1,38.076038
-0.202880340222155,1,38.08677
-0.16014052438122356,1,38.09987
-0.202880340222155,1,38.111112
-0.3075130988090349,1,38.119395
-0.202880340222155,1,38.131244
-0.20994583200024086,1,38.14374
-0.202880340222155,1,38.155427
-0.2590177736618995,1,38.169888
-0.21981278266648344,1,38.180429
-0.1676667450195734,1,38.190212
-0.21981278266648344,1,38.208369
-0.16571756332504103,1,38.217538
-0.2711909879146074,1,38.227537
-0.16571756332504103,1,38.245166
-0.15007093265273003,1,38.254946
-0.16571756332504103,1,38.266702
-0.16014052438122356,1,38.277248
-0.15594980537188471,1,38.285408
-0.22637536081094042,1,38.299437
-0.16571756332504103,1,38.310762
-0.16014052438122356,1,38.318725
-0.19757116253789728,1,38.329299
-0.2711909879146074,1,38.343064
-0.21981278266648344,1,38.351038
-0.22842371983130924,1,38.362059
-0.2044517573898668,1,38.37701
-0.21981278266648344,1,38.386721
-0.21981278266648344,1,38.395844
-0.21981278266648344,1,38.411538
-0.2044517573898668,1,38.422973
-0.18514794267042364,1,38.434063
-0.16014052438122356,1,38.44663
-0.21981278266648344,1,38.461546
-0.1901232807353778,1,38.470267
-0.21981278266648344,1,38.486996
-0.17816838160859882,1,38.497032
-0.21981278266648344,1,38.504524
-0.32196547705471795,1,38.518326
-0.39722046524176174,1,38.53322
-0.21981278266648344,1,38.542798
-0.2784784944652248,1,38.55307
-0.16014052438122356,1,38.562418
-0.2711909879146074,1,38.578015
-0.2427308079405328,1,38.589028
-0.21981278266648344,1,38.603335
-0.17816838160859882,1,38.611469
-0.18514794267042364,1,38.623642
-0.2044517573898668,1,38.633386
-0.2711909879146074,1,38.642354
-0.23456197452549263,1,38.654382
-0.16014052438122356,1,38.675763
-0.19757116253789728,1,38.688454
-0.20685653341313992,1,38.702362
-0.19757116253789728,1,38.714374
-0.22842371983130924,1,38.72451
-0.3075130988090349,1,38.735286
-0.3363775046578459,1,38.748167
-0.2881767605015656,1,38.764641
-0.4386352935849928,1,38.776958
-0.5207600099034174,1,38.787116
-0.4386352935849928,1,38.799281
-0.35553410236850186,1,38.809958
-0.2784784944652248,1,38.821719
-0.3075130988090349,1,38.838052
-0.2711909879146074,1,38.85609
-0.3075130988090349,1,38.867951
-0.39722046524176174,1,38.88201
-0.21981278266648344,1,38.893125
-0.22842371983130924,1,38.902373
-0.21981278266648344,1,38.912704
-0.14122542155212847,1,38.925107
-0.16014052438122356,1,38.935073
-0.22842371983130924,1,38.944765
-0.16014052438122356,1,38.958786
-0.21981278266648344,1,38.967525
-0.21981278266648344,1,38.979264
-0.14122542155212847,1,38.993036
-0.2427308079405328,1,39.003006
-0.2711909879146074,1,39.01216
-0.16571756332504103,1,39.02477
-0.18514794267042364,1,39.035567
-0.23456197452549263,1,39.043881
-0.1742349153892876,1,39.053966
-0.23456197452549263,1,39.065158
-0.1742349153892876,1,39.075498
-0.16014052438122356,1,39.085966
-0.14122542155212847,1,39.096797
-0.16014052438122356,1,39.106198
-0.202880340222155,1,39.117449
-0.20994583200024086,1,39.12729
-0.2784784944652248,1,39.136795
-0.21981278266648344,1,39.148195
-0.18514794267042364,1,39.157108
-0.16014052438122356,1,39.166593
-0.18514794267042364,1,39.179879
-0.2711909879146074,1,39.190278
-0.21981278266648344,1,39.200864
-0.2881767605015656,1,39.21417
-0.3017203772142007,1,39.223453
-0.35553410236850186,1,39.233692
-0.2711909879146074,1,39.248074
-0.35553410236850186,1,39.258243
-0.2711909879146074,1,39.273709
-0.21981278266648344,1,39.296422
-0.2711909879146074,1,39.311486
-0.35553410236850186,1,39.328722
-0.2427308079405328,1,39.346395
-0.16014052438122356,1,39.362716
-0.202880340222155,1,39.372648
-0.20994583200024086,1,39.386506
-0.18514794267042364,1,39.397577
-0.32196547705471795,1,39.406
-0.3345781397876577,1,39.428196
-0.35553410236850186,1,39.446231
-0.45042240199856287,1,39.463778
-0.45042240199856287,1,39.494479
-0.4386352935849928,1,39.519005
-0.575055264819457,1,39.540222
-0.6182607553034482,1,39.568649
-0.4661087704978553,1,39.586489
-0.5207600099034174,1,39.607233
-0.8105460448991694,1,39.629727
-0.7627706768717363,1,39.661649
-0.6182607553034482,1,39.681201
-1.0,1,39.706543
-0.6182607553034482,1,39.724635
-0.5207600099034174,1,39.742742
-0.6182607553034482,1,39.771516
-0.6182607553034482,1,39.793544
-0.575055264819457,1,39.815055
-0.45042240199856287,1,39.842801
-0.575055264819457,1,39.863163
-0.5207600099034174,1,39.888781
-0.575055264819457,1,39.913314
-0.6182607553034482,1,39.938776
-0.6182607553034482,1,39.956733
-0.7627706768717363,1,39.987859
-0.6827215907658518,1,40.007819
-0.575055264819457,1,40.034462
-0.6827215907658518,1,40.080281
-0.7893348572161742,1,40.110685
-0.8422983432739857,1,40.147222
-0.6182607553034482,1,40.162815
-0.8422983432739857,1,40.176034
-0.6182607553034482,1,40.185683
-0.575055264819457,1,40.203161
-0.45042240199856287,1,40.220034
-0.45042240199856287,1,40.231432
-0.45042240199856287,1,40.256225
-0.5207600099034174,1,40.268842
-0.39722046524176174,1,40.283363
-0.45042240199856287,1,40.297623
-0.6020814833172365,1,40.318216
-0.35553410236850186,1,40.337107
-0.5207600099034174,1,40.358849
-0.575055264819457,1,40.372403
-0.45042240199856287,1,40.388066
-0.45042240199856287,1,40.413625
-0.3363775046578459,1,40.427472
-0.35553410236850186,1,40.441639
-0.3017203772142007,1,40.460999
-0.2881767605015656,1,40.485775
-0.35553410236850186,1,40.502055
-0.2590177736618995,1,40.526872
-0.35553410236850186,1,40.544646
-0.3075130988090349,1,40.555963
-0.22842371983130924,1,40.578264
-0.2427308079405328,1,40.590624
-0.15007093265273003,1,40.603593
-0.2609678440207759,1,40.626871
-0.21981278266648344,1,40.652308
-0.2427308079405328,1,40.667445
-0.2655144896098338,1,40.690662
-0.2427308079405328,1,40.706874
-0.21981278266648344,1,40.719323
-0.29946578540239277,1,40.739007
-0.35553410236850186,1,40.753138
-0.3421314582923577,1,40.765244
-0.2655144896098338,1,40.783189
-0.35553410236850186,1,40.796153
-0.3345781397876577,1,40.808121
-0.29946578540239277,1,40.827056
-0.32196547705471795,1,40.842303
-0.3858797537525885,1,40.854878
-0.3722433526299351,1,40.871451
-0.35553410236850186,1,40.884965
-0.3107283317527115,1,40.904525
-0.32196547705471795,1,40.919797
-0.35553410236850186,1,40.938151
-0.19757116253789728,1,40.949954
-0.20685653341313992,1,40.964793
-0.15594980537188471,1,40.977612
-0.16014052438122356,1,40.994957
-0.2044517573898668,1,41.008458
-0.2711909879146074,1,41.022902
-0.35553410236850186,1,41.039613
-0.3281468837894772,1,41.058704
-0.19757116253789728,1,41.069741
-0.2711909879146074,1,41.08557
-0.19757116253789728,1,41.102334
-0.22842371983130924,1,41.117259
-0.32196547705471795,1,41.142632
-0.3363775046578459,1,41.161941
-0.2590177736618995,1,41.180616
-0.2711909879146074,1,41.199523
-0.21981278266648344,1,41.220594
-0.3345781397876577,1,41.23561
-0.21981278266648344,1,41.251563
-0.3345781397876577,1,41.276139
-0.2427308079405328,1,41.297639
-0.2711909879146074,1,41.314426
-0.21981278266648344,1,41.347296
-0.11446970687829565,1,41.365855
-0.16014052438122356,1,41.377843
-0.11446970687829565,1,41.39695
-0.16014052438122356,1,41.430394
-0.21981278266648344,1,41.452116
-0.2427308079405328,1,41.469543
-0.17350589142033865,1,41.496913
-0.1676667450195734,1,41.511266
-0.18514794267042364,1,41.535281
-0.2711909879146074,1,41.548504
-0.2784784944652248,1,41.559899
-0.3075130988090349,1,41.5748
-0.3345781397876577,1,41.590237
-0.21981278266648344,1,41.604326
-0.2711909879146074,1,41.628053
-0.35553410236850186,1,41.645751
-0.2784784944652248,1,41.66401
-0.32196547705471795,1,41.68435
-0.2784784944652248,1,41.698271
-0.4220999663688672,1,41.720598
-0.35553410236850186,1,41.736938
-0.2590177736618995,1,41.749897
-0.29946578540239277,1,41.761128
-0.35553410236850186,1,41.783149
-0.3936584440836529,1,41.811336
-0.2711909879146074,1,41.836692
-0.3936584440836529,1,41.88019
-0.37939004297687867,1,41.914195
-0.4386352935849928,1,41.95817
-0.6182607553034482,1,41.997991
-0.5207600099034174,1,42.028865
-0.5207600099034174,1,42.054216
-0.38224636154839015,1,42.082475
-0.21981278266648344,1,42.103121
-0.3017203772142007,1,42.122901
-0.2881767605015656,1,42.149535
-0.3017203772142007,1,42.188183
-0.32196547705471795,1,42.243817
-0.5207600099034174,1,42.287495
-0.8422983432739857,1,42.325952
-0.5207600099034174,1,42.347471
-0.8422983432739857,1,42.366424
-0.7627706768717363,1,42.379246
-0.6182607553034482,1,42.401756
-0.4617199525913289,1,42.474316
-0.35553410236850186,1,42.487232
-0.4617199525913289,1,42.502334
-0.4220999663688672,1,42.518855
-0.3936584440836529,1,42.532487
-0.4220999663688672,1,42.547961
-0.4386352935849928,1,42.56431
-0.4220999663688672,1,42.574609
-0.2711909879146074,1,42.593927
-0.35553410236850186,1,42.614013
-0.2711909879146074,1,42.634655
-0.4220999663688672,1,42.651926
-0.5207600099034174,1,42.668632
-0.5207600099034174,1,42.679294
-0.5207600099034174,1,42.694721
-0.4220999663688672,1,42.707417
-0.4617199525913289,1,42.720423
-0.4220999663688672,1,42.732893
-0.4617199525913289,1,42.750095
-0.6182607553034482,1,42.762987
-0.4617199525913289,1,42.77632
-0.4220999663688672,1,42.789301
-0.3363775046578459,1,42.798787
-0.3075130988090349,1,42.810813
-0.245061589833413,1,42.824988
-0.23456197452549263,1,42.836681
-0.245061589833413,1,42.847785
-0.3075130988090349,1,42.86108
-0.2784784944652248,1,42.87897
-0.2711909879146074,1,42.897716
-0.3363775046578459,1,42.914568
-0.4880147650098113,1,42.93191
-0.5207600099034174,1,42.945538
-0.4880147650098113,1,42.962817
-0.3363775046578459,1,42.976468
-0.2711909879146074,1,42.988741
-0.2711909879146074,1,43.003933
-0.2427308079405328,1,43.025142
-0.2711909879146074,1,43.046319
-0.32196547705471795,1,43.07037
-0.3363775046578459,1,43.083025
-0.5207600099034174,1,43.09477
-0.4592501005618275,1,43.108026
-0.35553410236850186,1,43.122288
-0.39722046524176174,1,43.132913
-0.37939004297687867,1,43.14987
-0.4386352935849928,1,43.162799
-0.6182607553034482,1,43.173862
-0.4386352935849928,1,43.186496
-0.5207600099034174,1,43.196753
-0.4617199525913289,1,43.21175
-0.4220999663688672,1,43.224276
-0.3936584440836529,1,43.238152
-0.45042240199856287,1,43.248339
-0.45042240199856287,1,43.260277
-0.4661087704978553,1,43.272605
-0.4386352935849928,1,43.282231
-0.35553410236850186,1,43.294573
-0.3936584440836529,1,43.310159
-0.32196547705471795,1,43.324637
-0.45042240199856287,1,43.347786
-0.20994583200024086,1,43.365829
-0.2711909879146074,1,43.386155
-0.2711909879146074,1,43.40466
-0.22842371983130924,1,43.420493
-0.21981278266648344,1,43.433227
-0.3363775046578459,1,43.447205
-0.32196547705471795,1,43.463451
-0.3363775046578459,1,43.478247
-0.20994583200024086,1,43.492889
-0.2784784944652248,1,43.505351
-0.20994583200024086,1,43.519627
-0.16014052438122356,1,43.5566
-0.20994583200024086,1,43.57789
-0.18514794267042364,1,43.61316
-0.2881767605015656,1,43.650207
-0.29946578540239277,1,43.668572
-0.3075130988090349,1,43.683261
-0.18514794267042364,1,43.700165
-0.20994583200024086,1,43.713545
-0.2784784944652248,1,43.72761
-0.45042240199856287,1,43.744593
-0.39722046524176174,1,43.758908
-0.45042240199856287,1,43.775177
-0.21981278266648344,1,43.791815
-0.3075130988090349,1,43.804599
-0.21981278266648344,1,43.82682
-0.45042240199856287,1,43.839251
-0.6020814833172365,1,43.859788
-0.4220999663688672,1,43.871009
-0.5403451646517261,1,43.893709
-0.4880147650098113,1,43.905582
-0.3363775046578459,1,43.920817
-0.32196547705471795,1,43.939936
-0.2711909879146074,1,43.952835
-0.23456197452549263,1,43.980499
-0.22637536081094042,1,44.01931
-0.19757116253789728,1,44.05964
-0.1742349153892876,1,44.094655
-0.21406049972388985,1,44.130186
-0.22637536081094042,1,44.157665
-0.2044517573898668,1,44.185545
-0.21981278266648344,1,44.213553
-0.16014052438122356,1,44.2483
-0.2590177736618995,1,44.276631
-0.15594980537188471,1,44.323897
-0.20685653341313992,1,44.362866
-0.16014052438122356,1,44.374775
-0.16014052438122356,1,44.39066
-0.16014052438122356,1,44.402081
-0.202880340222155,1,44.412888
-0.2590177736618995,1,44.427358
-0.18514794267042364,1,44.438842
-0.16571756332504103,1,44.450642
-0.15007093265273003,1,44.47346
-0.2806354599285221,1,44.490991
-0.2711909879146074,1,44.503517
-0.23456197452549263,1,44.5261
-0.20685653341313992,1,44.538577
-0.12640449794697636,1,44.557066
-0.1742349153892876,1,44.587197
-0.23456197452549263,1,44.605613
-0.22842371983130924,1,44.619918
-0.2711909879146074,1,44.637652
-0.3345781397876577,1,44.650563
-0.21981278266648344,1,44.662491
-0.22842371983130924,1,44.685136
-0.23456197452549263,1,44.70843
-0.14122542155212847,1,44.721859
-0.23456197452549263,1,44.746239
-0.22637536081094042,1,44.764109
-0.23456197452549263,1,44.777054
-0.22637536081094042,1,44.795844
-0.23456197452549263,1,44.819682
-0.22637536081094042,1,44.83492
-0.18514794267042364,1,44.863195
-0.17868596310296359,1,44.885634
-0.12640449794697636,1,44.898212
-0.1742349153892876,1,44.924684
-0.12640449794697636,1,44.946627
-0.14122542155212847,1,44.96823
-0.15594980537188471,1,44.992661
-0.15268550513598594,1,45.004866
-0.12640449794697636,1,45.018497
-0.09977547633845879,1,45.035295
-0.15594980537188471,1,45.049227
-0.09977547633845879,1,45.06352
-0.09641764445864717,1,45.078246
-0.12640449794697636,1,45.094941
-0.21406049972388985,1,45.106646
-0.22637536081094042,1,45.122505
-0.23456197452549263,1,45.134508
-0.18514794267042364,1,45.147351
-0.21981278266648344,1,45.166881
-0.3363775046578459,1,45.179579
-0.21981278266648344,1,45.192038
-0.18514794267042364,1,45.209504
-0.20994583200024086,1,45.236122
-0.22842371983130924,1,45.249032
-0.2590177736618995,1,45.266194
-0.22842371983130924,1,45.281142
-0.16571756332504103,1,45.298691
-0.17350589142033865,1,45.3166
-0.11446970687829565,1,45.328639
-0.21981278266648344,1,45.338562
-0.37939004297687867,1,45.356992
-0.35553410236850186,1,45.369624
-0.37939004297687867,1,45.383869
-0.35553410236850186,1,45.40167
-0.4661087704978553,1,45.412057
-0.544070607381102,1,45.422018
-0.575055264819457,1,45.443002
-0.45042240199856287,1,45.452357
-0.45042240199856287,1,45.464794
-0.39722046524176174,1,45.480101
-0.4386352935849928,1,45.501648
-0.39722046524176174,1,45.514524
-0.35553410236850186,1,45.535467
-0.35553410236850186,1,45.545702
-0.32196547705471795,1,45.558162
-0.2711909879146074,1,45.57348
-0.19757116253789728,1,45.585208
-0.2711909879146074,1,45.600752
-0.3722433526299351,1,45.61746
-0.3363775046578459,1,45.630156
-0.4220999663688672,1,45.641148
-0.29946578540239277,1,45.666008
-0.35553410236850186,1,45.679552
-0.5403451646517261,1,45.692743
-0.6182607553034482,1,45.707865
-0.5207600099034174,1,45.719006
-0.5207600099034174,1,45.737293
-0.38224636154839015,1,45.753454
-0.35553410236850186,1,45.763522
-0.3017203772142007,1,45.774451
-0.2881767605015656,1,45.787692
-0.3363775046578459,1,45.796395
-0.4220999663688672,1,45.811252
-0.2784784944652248,1,45.823748
-0.21981278266648344,1,45.832565
-0.2711909879146074,1,45.843357
-0.32196547705471795,1,45.857101
-0.22842371983130924,1,45.867948
-0.20994583200024086,1,45.881193
-0.245061589833413,1,45.894982
-0.19757116253789728,1,45.90558
-0.22842371983130924,1,45.916085
-0.2427308079405328,1,45.928322
-0.16014052438122356,1,45.947321
-0.15594980537188471,1,45.961128
-0.16014052438122356,1,45.977512
-0.15594980537188471,1,46.000403
-0.2711909879146074,1,46.011075
-0.18514794267042364,1,46.022486
-0.20685653341313992,1,46.031088
-0.21406049972388985,1,46.043877
-0.1934356550203257,1,46.057277
-0.15594980537188471,1,46.069862
-0.14122542155212847,1,46.090566
-0.16014052438122356,1,46.115997
-0.245061589833413,1,46.137196
-0.16014052438122356,1,46.156699
-0.16014052438122356,1,46.179917
-0.16014052438122356,1,46.211342
-0.16014052438122356,1,46.24461
-0.16014052438122356,1,46.272555
-0.245061589833413,1,46.292802
-0.19757116253789728,1,46.31872
-0.202880340222155,1,46.338063
-0.2590177736618995,1,46.364934
-0.18514794267042364,1,46.395543
-0.2881767605015656,1,46.424232
-0.38224636154839015,1,46.44439
-0.4220999663688672,1,46.472505
-0.35553410236850186,1,46.489063
-0.4220999663688672,1,46.522855
-0.35553410236850186,1,46.552378
-0.35553410236850186,1,46.581928
-0.18514794267042364,1,46.608161
-0.2590177736618995,1,46.628506
-0.31353995921494837,1,46.657803
-0.23456197452549263,1,46.686454
-0.2590177736618995,1,46.705205
-0.16014052438122356,1,46.718696
-0.2541385738595232,1,46.749327
-0.2044517573898668,1,46.772887
-0.18514794267042364,1,46.804009
-0.16014052438122356,1,46.825532
-0.1934356550203257,1,46.851712
-0.23456197452549263,1,46.87518
-0.14122542155212847,1,46.899979
-0.20994583200024086,1,46.919314
-0.14122542155212847,1,46.944628
-0.23456197452549263,1,46.963438
-0.12640449794697636,1,46.989288
-0.18514794267042364,1,47.009751
-0.1742349153892876,1,47.021609
-0.18514794267042364,1,47.056446
-0.12640449794697636,1,47.085662
-0.12640449794697636,1,47.102908
-0.13590161703673273,1,47.122196
-0.12640449794697636,1,47.145085
-0.12640449794697636,1,47.169075
-0.17350589142033865,1,47.184745
-0.14122542155212847,1,47.196008
-0.18514794267042364,1,47.205446
-0.16014052438122356,1,47.215099
-0.16571756332504103,1,47.228163
-0.1934356550203257,1,47.238386
-0.16014052438122356,1,47.246804
-0.202880340222155,1,47.259687
-0.19757116253789728,1,47.269651
-0.20685653341313992,1,47.280756
-0.15594980537188471,1,47.292795
-0.12640449794697636,1,47.30175
-0.16571756332504103,1,47.314743
-0.22637536081094042,1,47.325922
-0.16571756332504103,1,47.338949
-0.18514794267042364,1,47.350821
-0.19757116253789728,1,47.36921
-0.14122542155212847,1,47.378105
-0.18514794267042364,1,47.391447
-0.14122542155212847,1,47.405121
-0.12215049617686068,1,47.419073
-0.22842371983130924,1,47.434346
-0.2044517573898668,1,47.447859
-0.18514794267042364,1,47.458361
-0.2044517573898668,1,47.467068
-0.14122542155212847,1,47.483335
-0.3075130988090349,1,47.497601
-0.16014052438122356,1,47.513729
-0.20994583200024086,1,47.538543
-0.29946578540239277,1,47.551955
-0.35553410236850186,1,47.562988
-0.2427308079405328,1,47.575341
-0.35553410236850186,1,47.586964
-0.35553410236850186,1,47.59777
-0.5207600099034174,1,47.616991
-0.6424804774270401,1,47.628194
-0.4220999663688672,1,47.641438
-0.6424804774270401,1,47.657068
-0.5207600099034174,1,47.667249
-0.4880147650098113,1,47.683492
-0.4220999663688672,1,47.697133
-0.4880147650098113,1,47.7075
-0.35553410236850186,1,47.717971
-0.35553410236850186,1,47.736209
-0.32196547705471795,1,47.746011
-0.38224636154839015,1,47.75737
-0.35553410236850186,1,47.771694
-0.38224636154839015,1,47.782839
-0.35553410236850186,1,47.794338
-0.2711909879146074,1,47.809674
-0.23456197452549263,1,47.818941
-0.35553410236850186,1,47.82972
-0.35553410236850186,1,47.843822
-0.14122542155212847,1,47.853925
-0.21981278266648344,1,47.863073
-0.20685653341313992,1,47.880471
-0.23456197452549263,1,47.891894
-0.3345781397876577,1,47.903758
-0.18514794267042364,1,47.917515
-0.21981278266648344,1,47.926372
-0.41105402806100744,1,47.942791
-0.39722046524176174,1,47.957369
-0.5207600099034174,1,47.969758
-0.544070607381102,1,47.981028
-0.4386352935849928,1,47.995301
-0.39722046524176174,1,48.010961
-0.37939004297687867,1,48.020512
-0.3363775046578459,1,48.034123
-0.2590177736618995,1,48.044009
-0.2427308079405328,1,48.055786
-0.20994583200024086,1,48.066731
-0.2427308079405328,1,48.082887
-0.3075130988090349,1,48.09466
-0.35553410236850186,1,48.108727
-0.2590177736618995,1,48.118834
-0.18514794267042364,1,48.126768
-0.19757116253789728,1,48.140647
-0.16014052438122356,1,48.151076
-0.16014052438122356,1,48.160208
-0.2784784944652248,1,48.174507
-0.21981278266648344,1,48.184205
-0.35553410236850186,1,48.194208
-0.23456197452549263,1,48.207788
-0.18514794267042364,1,48.217285
-0.16014052438122356,1,48.2278
-0.21981278266648344,1,48.241268
-0.20994583200024086,1,48.253882
-0.29946578540239277,1,48.264426
-0.35553410236850186,1,48.280798
-0.2427308079405328,1,48.299147
-0.16014052438122356,1,48.309231
-0.3363775046578459,1,48.323658
-0.3075130988090349,1,48.335537
-0.14122542155212847,1,48.348807
-0.20994583200024086,1,48.361794
-0.18514794267042364,1,48.371857
-0.21981278266648344,1,48.383507
-0.2784784944652248,1,48.395359
-0.21981278266648344,1,48.40787
-0.18514794267042364,1,48.418525
-0.19757116253789728,1,48.434085
-0.22637536081094042,1,48.444597
-0.16014052438122356,1,48.456769
-0.2881767605015656,1,48.468793
-0.2806354599285221,1,48.479615
-0.2711909879146074,1,48.489307
-0.23456197452549263,1,48.503979
-0.22842371983130924,1,48.520499
-0.2427308079405328,1,48.535909
-0.22842371983130924,1,48.551524
-0.2427308079405328,1,48.561804
-0.1934356550203257,1,48.571439
-0.15594980537188471,1,48.583716
-0.1934356550203257,1,48.594885
-0.2427308079405328,1,48.604781
-0.21981278266648344,1,48.618741
-0.2427308079405328,1,48.627601
-0.1934356550203257,1,48.640396
-0.16014052438122356,1,48.65478
-0.22637536081094042,1,48.665365
-0.16571756332504103,1,48.674863
-0.1934356550203257,1,48.689067
-0.23456197452549263,1,48.698512
-0.20685653341313992,1,48.711949
-0.23456197452549263,1,48.723963
-0.202880340222155,1,48.734845
-0.20994583200024086,1,48.745058
-0.2784784944652248,1,48.757451
-0.20994583200024086,1,48.773455
-0.21981278266648344,1,48.781425
-0.10933139355162663,1,48.794454
-0.202880340222155,1,48.805954
-0.16014052438122356,1,48.815437
-0.2784784944652248,1,48.846454
-0.20994583200024086,1,48.868737
-0.202880340222155,1,48.889847
-0.19757116253789728,1,48.915669
-0.202880340222155,1,48.932968
-0.2590177736618995,1,48.95124
-0.245061589833413,1,48.97881
-0.23456197452549263,1,49.004761
-0.202880340222155,1,49.027117
-0.2590177736618995,1,49.052788
-0.35553410236850186,1,49.070751
-0.35553410236850186,1,49.086433
-0.35553410236850186,1,49.114282
-0.35553410236850186,1,49.144646
-0.35553410236850186,1,49.173523
-0.4220999663688672,1,49.21737
-0.2784784944652248,1,49.234296
-0.3075130988090349,1,49.270347
-0.29946578540239277,1,49.303037
-0.20994583200024086,1,49.323975
-0.3363775046578459,1,49.345395
-0.2711909879146074,1,49.377796
-0.22842371983130924,1,49.389929
-0.23456197452549263,1,49.419837
-0.14122542155212847,1,49.441671
-0.16014052438122356,1,49.464095
-0.22842371983130924,1,49.48519
-0.19757116253789728,1,49.51159
-0.28679255545526133,1,49.537461
-0.19757116253789728,1,49.571259
-0.22842371983130924,1,49.598394
-0.20994583200024086,1,49.611018
-0.245061589833413,1,49.629744
-0.19757116253789728,1,49.654583
-0.1742349153892876,1,49.684602
-0.19757116253789728,1,49.706427
-0.11666740777311288,1,49.732702
-0.2590177736618995,1,49.745187
-0.245061589833413,1,49.7558
-0.3075130988090349,1,49.76815
-0.245061589833413,1,49.780684
-0.3075130988090349,1,49.791102
-0.2711909879146074,1,49.812858
-0.2044517573898668,1,49.828769
-0.22842371983130924,1,49.84405
-0.19757116253789728,1,49.869233
-0.22842371983130924,1,49.883343
-0.2590177736618995,1,49.898143
-0.35553410236850186,1,49.914245
-0.3075130988090349,1,49.925941
-0.16014052438122356,1,49.939953
-0.19757116253789728,1,49.955396
-0.31353995921494837,1,49.965571
-0.2427308079405328,1,49.975194
-0.35553410236850186,1,49.989487
-0.23456197452549263,1,50.001391
-0.28679255545526133,1,50.01679
-0.3075130988090349,1,50.033558
-0.202880340222155,1,50.045113
-0.3075130988090349,1,50.054752
-0.245061589833413,1,50.067777
-0.2590177736618995,1,50.0835
-0.245061589833413,1,50.095976
-0.2590177736618995,1,50.118717
-0.245061589833413,1,50.138133
-0.40315275368240816,1,50.151189
-0.245061589833413,1,50.168873
-0.2590177736618995,1,50.181012
-0.245061589833413,1,50.192939
-0.20994583200024086,1,50.214526
-0.245061589833413,1,50.228778
-0.2590177736618995,1,50.244588
-0.29946578540239277,1,50.260631
-0.2590177736618995,1,50.27308
-0.22842371983130924,1,50.286749
-0.23456197452549263,1,50.302325
-0.16014052438122356,1,50.312219
-0.16014052438122356,1,50.322599
-0.16014052438122356,1,50.337814
-0.23456197452549263,1,50.350094
-0.28679255545526133,1,50.365712
-0.35553410236850186,1,50.378092
-0.29946578540239277,1,50.390568
-0.3075130988090349,1,50.402967
-0.29946578540239277,1,50.418182
-0.3075130988090349,1,50.43001
-0.245061589833413,1,50.443596
-0.19757116253789728,1,50.467082
-0.14122542155212847,1,50.485274
-0.16014052438122356,1,50.499764
-0.202880340222155,1,50.52326
-0.16014052438122356,1,50.537326
-0.22842371983130924,1,50.552093
-0.2427308079405328,1,50.567675
-0.2711909879146074,1,50.581547
-0.3075130988090349,1,50.60665
-0.29946578540239277,1,50.633732
-0.2881767605015656,1,50.648886
-0.29946578540239277,1,50.669542
-0.35553410236850186,1,50.685284
-0.38224636154839015,1,50.701783
-0.4220999663688672,1,50.714391
-0.35553410236850186,1,50.729472
-0.35553410236850186,1,50.745461
-0.22842371983130924,1,50.760212
-0.23456197452549263,1,50.778089
-0.245061589833413,1,50.796144
-0.2590177736618995,1,50.813258
-0.245061589833413,1,50.829057
-0.19757116253789728,1,50.842133
-0.20685653341313992,1,50.857154
-0.19757116253789728,1,50.872416
-0.20685653341313992,1,50.890253
-0.18514794267042364,1,50.904039
-0.15268550513598594,1,50.918264
-0.18514794267042364,1,50.94125
-0.22637536081094042,1,50.957206
-0.2711909879146074,1,50.974587
-0.2711909879146074,1,50.985026
-0.23456197452549263,1,50.99631
-0.20685653341313992,1,51.01308
-0.18514794267042364,1,51.02653
-0.20685653341313992,1,51.040543
-0.23456197452549263,1,51.066808
-0.22637536081094042,1,51.085171
-0.23456197452549263,1,51.099978
-0.22637536081094042,1,51.124106
-0.21981278266648344,1,51.137151
-0.22637536081094042,1,51.15119
-0.21981278266648344,1,51.170963
-0.18514794267042364,1,51.192775
-0.3017203772142007,1,51.207427
-0.3107283317527115,1,51.225509
-0.2806354599285221,1,51.242006
-0.2711909879146074,1,51.256934
-0.32196547705471795,1,51.277809
-0.3107283317527115,1,51.289637
-0.2427308079405328,1,51.300681
-0.1934356550203257,1,51.318147
-0.2427308079405328,1,51.330245
-0.3107283317527115,1,51.341181
-0.2427308079405328,1,51.358718
-0.1934356550203257,1,51.368579
-0.23456197452549263,1,51.395621
-0.22842371983130924,1,51.444478
-0.2711909879146074,1,51.46112
-0.14122542155212847,1,51.50457
-0.2427308079405328,1,51.539184
-0.3107283317527115,1,51.58101
-0.2044517573898668,1,51.592885
-0.18514794267042364,1,51.61057
-0.2044517573898668,1,51.621661
-0.22842371983130924,1,51.634135
-0.21981278266648344,1,51.648811
-0.2711909879146074,1,51.659985
-0.21981278266648344,1,51.67961
-0.2711909879146074,1,51.693758
-0.37939004297687867,1,51.710874
-0.35553410236850186,1,51.72417
-0.37939004297687867,1,51.742996
-0.5207600099034174,1,51.757692
-0.37939004297687867,1,51.775418
-0.2784784944652248,1,51.793423
-0.21981278266648344,1,51.80913
-0.3363775046578459,1,51.827662
-0.21981278266648344,1,51.857533
-0.22842371983130924,1,51.872619
-0.2044517573898668,1,51.890042
-0.16014052438122356,1,51.908483
-0.16571756332504103,1,51.928025
-0.18514794267042364,1,51.943598
-0.20994583200024086,1,51.959167
-0.21981278266648344,1,51.973996
-0.23456197452549263,1,51.98771
-0.35553410236850186,1,52.002008
-0.3075130988090349,1,52.013303
-0.35553410236850186,1,52.026269
-0.37939004297687867,1,52.039299
-0.20685653341313992,1,52.053277
-0.21981278266648344,1,52.067119
-0.3363775046578459,1,52.091966
-0.21981278266648344,1,52.105797
-0.14122542155212847,1,52.116862
-0.2590177736618995,1,52.132443
-0.22842371983130924,1,52.145464
-0.19757116253789728,1,52.160351
-0.22842371983130924,1,52.175588
-0.2427308079405328,1,52.196064
-0.2711909879146074,1,52.206363
-0.2044517573898668,1,52.225365
-0.17350589142033865,1,52.239289
-0.1676667450195734,1,52.249317
-0.2711909879146074,1,52.265949
-0.29946578540239277,1,52.277004
-0.3345781397876577,1,52.286751
-0.29946578540239277,1,52.302272
-0.39722046524176174,1,52.314655
-0.2711909879146074,1,52.330918
-0.18514794267042364,1,52.345171
-0.23456197452549263,1,52.359051
-0.16014052438122356,1,52.37491
-0.20994583200024086,1,52.388316
-0.18514794267042364,1,52.39949
-0.23456197452549263,1,52.409403
-0.1742349153892876,1,52.429448
-0.23456197452549263,1,52.441075
-0.245061589833413,1,52.452725
-0.16014052438122356,1,52.468177
-0.20685653341313992,1,52.486319
-0.15594980537188471,1,52.496165
-0.1934356550203257,1,52.513045
-0.19757116253789728,1,52.528345
-0.14122542155212847,1,52.539179
-0.16014052438122356,1,52.552204
-0.21981278266648344,1,52.571611
-0.2711909879146074,1,52.58456
-0.39722046524176174,1,52.599669
-0.32196547705471795,1,52.610551
-0.39722046524176174,1,52.621683
-0.32196547705471795,1,52.635667
-0.3363775046578459,1,52.647104
-0.4220999663688672,1,52.658901
-0.4386352935849928,1,52.674924
-0.4220999663688672,1,52.687543
-0.4386352935849928,1,52.704407
-0.5207600099034174,1,52.725705
-0.5207600099034174,1,52.737579
-0.5207600099034174,1,52.746557
-0.39722046524176174,1,52.76682
-0.4220999663688672,1,52.776474
-0.6182607553034482,1,52.788938
-0.4220999663688672,1,52.80228
-0.5207600099034174,1,52.812732
-0.45042240199856287,1,52.823222
-0.3345781397876577,1,52.838146
-0.5207600099034174,1,52.850972
-0.45042240199856287,1,52.862231
-0.4661087704978553,1,52.876343
-0.35553410236850186,1,52.886853
-0.3075130988090349,1,52.897581
-0.2711909879146074,1,52.911085
-0.37939004297687867,1,52.921824
-0.45042240199856287,1,52.931845
-0.45042240199856287,1,52.945176
-0.544070607381102,1,52.957995
-0.3075130988090349,1,52.975083
-0.2784784944652248,1,52.992335
-0.35553410236850186,1,53.007287
-0.3363775046578459,1,53.019387
-0.2590177736618995,1,53.031747
-0.29946578540239277,1,53.042001
-0.35553410236850186,1,53.053005
-0.2427308079405328,1,53.066362
-0.35553410236850186,1,53.075481
-0.22842371983130924,1,53.091374
-0.3075130988090349,1,53.105957
-0.41105402806100744,1,53.116889
-0.35553410236850186,1,53.126465
-0.35553410236850186,1,53.139688
-0.3075130988090349,1,53.154009
-0.245061589833413,1,53.165615
-0.3075130988090349,1,53.17871
-0.3363775046578459,1,53.189593
-0.3075130988090349,1,53.205834
-0.245061589833413,1,53.219074
-0.40315275368240816,1,53.235328
-0.28679255545526133,1,53.246234
-0.35553410236850186,1,53.260375
-0.35553410236850186,1,53.27061
-0.2590177736618995,1,53.28124
-0.2711909879146074,1,53.295111
-0.16014052438122356,1,53.305947
-0.16014052438122356,1,53.317999
-0.09641764445864717,1,53.331507
-0.1742349153892876,1,53.344973
-0.12640449794697636,1,53.359812
-0.12640449794697636,1,53.394885
-0.21406049972388985,1,53.416351
-0.12640449794697636,1,53.442346
-0.17350589142033865,1,53.46592
-0.2044517573898668,1,53.485125
-0.15594980537188471,1,53.502861
-0.22637536081094042,1,53.527751
-0.19757116253789728,1,53.550545
-0.1934356550203257,1,53.583996
-0.21981278266648344,1,53.616177
-0.1676667450195734,1,53.655033
-0.19674449635137878,1,53.67984
-0.17868596310296359,1,53.706872
-0.21406049972388985,1,53.731575
-0.1934356550203257,1,53.751254
-0.2711909879146074,1,53.780724
-0.2590177736618995,1,53.810535
-0.16571756332504103,1,53.836678
-0.21981278266648344,1,53.870298
-0.2044517573898668,1,53.889225
-0.14122542155212847,1,53.915311
-0.3075130988090349,1,53.945054
-0.41105402806100744,1,53.97666
-0.4220999663688672,1,54.010815
-0.3017203772142007,1,54.043243
-0.35553410236850186,1,54.068701
-0.5403451646517261,1,54.088212
-0.5207600099034174,1,54.115947
-0.6424804774270401,1,54.139331
-0.4220999663688672,1,54.160718
-0.35553410236850186,1,54.188209
-0.2881767605015656,1,54.2101
-0.38224636154839015,1,54.233199
-0.35553410236850186,1,54.294679
-0.41105402806100744,1,54.347817
-0.4220999663688672,1,54.375965
-0.35553410236850186,1,54.407358
-0.2590177736618995,1,54.455265
-0.2784784944652248,1,54.524727
-0.3075130988090349,1,54.563482
-0.3281468837894772,1,54.589246
-0.23456197452549263,1,54.613556
-0.3281468837894772,1,54.643069
-0.2711909879146074,1,54.651783
-0.28679255545526133,1,54.663283
-0.2711909879146074,1,54.681239
-0.1742349153892876,1,54.691644
-0.19757116253789728,1,54.702688
-0.3281468837894772,1,54.71557
-0.20994583200024086,1,54.724199
-0.3281468837894772,1,54.738163
-0.3075130988090349,1,54.750293
-0.2711909879146074,1,54.759061
-0.20994583200024086,1,54.769816
-0.3363775046578459,1,54.787178
-0.2590177736618995,1,54.801408
-0.35553410236850186,1,54.811831
-0.35553410236850186,1,54.823371
-0.35553410236850186,1,54.841756
-0.4220999663688672,1,54.853681
-0.45042240199856287,1,54.874793
-0.2590177736618995,1,54.884892
-0.29946578540239277,1,54.894563
-0.35553410236850186,1,54.907518
-0.31353995921494837,1,54.919073
-0.3075130988090349,1,54.929394
-0.245061589833413,1,54.942698
-0.2590177736618995,1,54.95296
-0.3363775046578459,1,54.972271
-0.35553410236850186,1,54.986394
-0.35553410236850186,1,55.004547
-0.35553410236850186,1,55.017414
-0.28679255545526133,1,55.030468
-0.19757116253789728,1,55.042656
-0.18514794267042364,1,55.051265
-0.19757116253789728,1,55.063373
-0.1934356550203257,1,55.074445
-0.15594980537188471,1,55.094764
-0.20685653341313992,1,55.11167
-0.19757116253789728,1,55.121531
-0.22637536081094042,1,55.138193
-0.15594980537188471,1,55.159178
-0.16014052438122356,1,55.169492
-0.16571756332504103,1,55.187642
-0.16014052438122356,1,55.210113
-0.15594980537188471,1,55.219157
-0.16014052438122356,1,55.23077
-0.2806354599285221,1,55.246544
-0.21981278266648344,1,55.257146
-0.2427308079405328,1,55.266828
-0.22842371983130924,1,55.277948
-0.16014052438122356,1,55.288342
-0.14122542155212847,1,55.299184
-0.23456197452549263,1,55.316289
-0.245061589833413,1,55.325726
-0.2590177736618995,1,55.354409
-0.202880340222155,1,55.368935
-0.23456197452549263,1,55.385032
-0.22842371983130924,1,55.395661
-0.20994583200024086,1,55.430784
-0.245061589833413,1,55.454577
-0.16014052438122356,1,55.479264
-0.245061589833413,1,55.497679
-0.19757116253789728,1,55.510411
-0.14122542155212847,1,55.533643
-0.15594980537188471,1,55.550014
-0.12640449794697636,1,55.565412
-0.16571756332504103,1,55.581183
-0.22842371983130924,1,55.603829
-0.16014052438122356,1,55.614317
-0.245061589833413,1,55.624611
-0.20994583200024086,1,55.638408
-0.35553410236850186,1,55.647642
-0.2590177736618995,1,55.667584
-0.3281468837894772,1,55.683335
-0.2590177736618995,1,55.705879
-0.29946578540239277,1,55.721092
-0.35553410236850186,1,55.734993
-0.2784784944652248,1,55.745926
-0.2590177736618995,1,55.756172
-0.2784784944652248,1,55.772067
-0.2590177736618995,1,55.787214
-0.2784784944652248,1,55.795985
-0.45042240199856287,1,55.80914
-0.4592501005618275,1,55.820466
-0.37939004297687867,1,55.837356
-0.21981278266648344,1,55.849995
-0.20994583200024086,1,55.880553
-0.3363775046578459,1,55.894444
-0.16014052438122356,1,55.911752
-0.3363775046578459,1,55.936619
-0.3075130988090349,1,55.947096
-0.2784784944652248,1,55.958996
-0.5207600099034174,1,55.967816
-0.2784784944652248,1,55.977406
-0.20994583200024086,1,55.991198
-0.18514794267042364,1,56.002791
-0.16014052438122356,1,56.01235
-0.20685653341313992,1,56.025868
-0.15594980537188471,1,56.0395
-0.12640449794697636,1,56.06473
-0.2044517573898668,1,56.078026
-0.12640449794697636,1,56.090037
-0.2044517573898668,1,56.102017
-0.2655144896098338,1,56.115012
-0.2806354599285221,1,56.127549
-0.2655144896098338,1,56.136242
-0.2044517573898668,1,56.151111
-0.22842371983130924,1,56.161991
-0.2044517573898668,1,56.172794
-0.12640449794697636,1,56.185298
-0.16014052438122356,1,56.195584
-0.1676667450195734,1,56.207218
-0.18514794267042364,1,56.22095
-0.23915908691672272,1,56.231214
-0.19757116253789728,1,56.246334
-0.245061589833413,1,56.262203
-0.3075130988090349,1,56.272577
-0.245061589833413,1,56.285574
-0.23456197452549263,1,56.309119
-0.1934356550203257,1,56.328517
-0.12640449794697636,1,56.352976
-0.1934356550203257,1,56.389139
-0.12640449794697636,1,56.415492
-0.1742349153892876,1,56.439458
-0.16014052438122356,1,56.478493
-0.1934356550203257,1,56.49836
-0.21406049972388985,1,56.521288
-0.1676667450195734,1,56.548738
-0.15007093265273003,1,56.568041
-0.11446970687829565,1,56.60154
-0.12640449794697636,1,56.649431
-0.14122542155212847,1,56.662569
-0.18514794267042364,1,56.679336
-0.14122542155212847,1,56.697104
-0.21406049972388985,1,56.708697
-0.1742349153892876,1,56.719142
-0.3075130988090349,1,56.735205
-0.2711909879146074,1,56.752275
-0.35553410236850186,1,56.76626
-0.35553410236850186,1,56.784904
-0.4220999663688672,1,56.802253
-0.5207600099034174,1,56.813223
-0.4880147650098113,1,56.82878
-0.35553410236850186,1,56.839445
-0.20994583200024086,1,56.854159
-0.245061589833413,1,56.876345
-0.2590177736618995,1,56.89318
-0.245061589833413,1,56.909708
-0.2590177736618995,1,56.926613
-0.2784784944652248,1,56.938905
-0.2590177736618995,1,56.956692
-0.2711909879146074,1,56.974915
-0.2711909879146074,1,56.99205
-0.20685653341313992,1,57.00246
-0.19757116253789728,1,57.017902
-0.22637536081094042,1,57.030592
-0.12640449794697636,1,57.043114
-0.17868596310296359,1,57.05801
-0.15594980537188471,1,57.07751
-0.20685653341313992,1,57.089153
-0.12215049617686068,1,57.105885
-0.1934356550203257,1,57.116559
-0.1901232807353778,1,57.12936
-0.16014052438122356,1,57.148112
-0.16014052438122356,1,57.162444
-0.1676667450195734,1,57.177991
-0.16014052438122356,1,57.195376
-0.1934356550203257,1,57.210154
-0.2711909879146074,1,57.221048
-0.28679255545526133,1,57.23706
-0.3075130988090349,1,57.247484
-0.16014052438122356,1,57.259442
-0.19757116253789728,1,57.279092
-0.18514794267042364,1,57.292464
-0.2590177736618995,1,57.306072
-0.2784784944652248,1,57.323917
-0.2881767605015656,1,57.336551
-0.4386352935849928,1,57.348415
-0.4661087704978553,1,57.364277
-0.4880147650098113,1,57.377368
-0.6182607553034482,1,57.388691
-1.0,1,57.406404
-0.4220999663688672,1,57.420113
-0.5207600099034174,1,57.43283
-0.45042240199856287,1,57.449419
-0.45042240199856287,1,57.463515
-0.4661087704978553,1,57.481879
-0.45042240199856287,1,57.508674
-0.23456197452549263,1,57.527174
-0.3363775046578459,1,57.546487
-0.2881767605015656,1,57.57336
-0.38224636154839015,1,57.589732
-0.21981278266648344,1,57.611468
-0.38224636154839015,1,57.637876
-0.35553410236850186,1,57.650026
-0.4617199525913289,1,57.667206
-0.35553410236850186,1,57.685777
-0.38224636154839015,1,57.698918
-0.5207600099034174,1,57.711934
-0.5207600099034174,1,57.729338
-0.575055264819457,1,57.743096
-0.6020814833172365,1,57.758037
-0.4220999663688672,1,57.776587
-0.38224636154839015,1,57.795415
-0.4220999663688672,1,57.816094
-0.4386352935849928,1,57.838047
-0.575055264819457,1,57.849882
-0.35553410236850186,1,57.866951
-0.35553410236850186,1,57.900612
-0.5207600099034174,1,57.918894
-0.5905082820512038,1,57.93643
-0.39722046524176174,1,57.958457
-0.18514794267042364,1,57.985043
-0.2711909879146074,1,58.00769
-0.21981278266648344,1,58.030722
-0.2784784944652248,1,58.046048
-0.2711909879146074,1,58.068333
-0.14122542155212847,1,58.090895
-0.2711909879146074,1,58.113923
-0.3345781397876577,1,58.136391
-0.37939004297687867,1,58.157282
-0.35553410236850186,1,58.169797
-0.35553410236850186,1,58.181729
-0.39722046524176174,1,58.203415
-0.4386352935849928,1,58.222073
-0.2711909879146074,1,58.242304
-0.29946578540239277,1,58.257643
-0.2711909879146074,1,58.287526
-0.18514794267042364,1,58.300209
-0.21981278266648344,1,58.322274
-0.18514794267042364,1,58.341851
-0.21981278266648344,1,58.358025
-0.21981278266648344,1,58.38467
-0.2784784944652248,1,58.399755
-0.35553410236850186,1,58.412997
-0.29946578540239277,1,58.433137
-0.4220999663688672,1,58.445901
-0.4617199525913289,1,58.487766
-0.35553410236850186,1,58.510624
-0.35553410236850186,1,58.565688
-0.2590177736618995,1,58.611044
-0.2784784944652248,1,58.64815
-0.2590177736618995,1,58.67929
-0.16014052438122356,1,58.71995
-0.19757116253789728,1,58.756271
-0.22842371983130924,1,58.783686
-0.16571756332504103,1,58.814253
-0.12640449794697636,1,58.854949
-0.21981278266648344,1,58.866963
-0.16014052438122356,1,58.878259
-0.2590177736618995,1,58.894478
-0.22842371983130924,1,58.907753
-0.23456197452549263,1,58.921674
-0.18514794267042364,1,58.937528
-0.19757116253789728,1,58.952109
-0.16014052438122356,1,58.962656
-0.19757116253789728,1,58.977455
-0.202880340222155,1,58.993069
-0.2590177736618995,1,59.002871
-0.2711909879146074,1,59.019979
-0.2590177736618995,1,59.031845
-0.21981278266648344,1,59.04441
-0.2881767605015656,1,59.060517
-0.18514794267042364,1,59.076366
-0.2590177736618995,1,59.087648
-0.202880340222155,1,59.101777
-0.12215049617686068,1,59.112931
-0.12640449794697636,1,59.125111
-0.19757116253789728,1,59.139601
-0.245061589833413,1,59.151898
-0.23456197452549263,1,59.164037
-0.31353995921494837,1,59.178128
-0.3075130988090349,1,59.195717
-0.28679255545526133,1,59.210109
-0.2590177736618995,1,59.228332
-0.29946578540239277,1,59.241954
-0.35553410236850186,1,59.254448
-0.29946578540239277,1,59.270007
-0.20994583200024086,1,59.281284
-0.245061589833413,1,59.294671
-0.19757116253789728,1,59.312698
-0.245061589833413,1,59.326216
-0.20994583200024086,1,59.336334
-0.2427308079405328,1,59.352314
-0.2881767605015656,1,59.364183
-0.38224636154839015,1,59.376029
-0.4220999663688672,1,59.393053
-0.4617199525913289,1,59.406869
-0.4220999663688672,1,59.419846
-0.2711909879146074,1,59.438798
-0.35553410236850186,1,59.452645
-0.2427308079405328,1,59.464054
-0.2881767605015656,1,59.483032
-0.2784784944652248,1,59.495562
-0.2881767605015656,1,59.506919
-0.4386352935849928,1,59.524981
-0.2881767605015656,1,59.538253
-0.2784784944652248,1,59.548054
-0.45042240199856287,1,59.563366
-0.5207600099034174,1,59.575599
-0.5207600099034174,1,59.587935
-0.4617199525913289,1,59.602834
-0.5207600099034174,1,59.614609
-0.4617199525913289,1,59.625723
-0.35553410236850186,1,59.639349
-0.2427308079405328,1,59.650126
-0.21981278266648344,1,59.660516
-0.2427308079405328,1,59.673078
-0.20994583200024086,1,59.682689
-0.21981278266648344,1,59.694504
-0.20994583200024086,1,59.709584
-0.245061589833413,1,59.735771
-0.19757116253789728,1,59.750638
-0.16014052438122356,1,59.764102
-0.2044517573898668,1,59.77677
-0.16014052438122356,1,59.788584
-0.21406049972388985,1,59.801474
-0.1934356550203257,1,59.820839
-0.16014052438122356,1,59.830031
-0.18514794267042364,1,59.845086
-0.21981278266648344,1,59.857128
-0.18514794267042364,1,59.869995
-0.16014052438122356,1,59.882425
-0.202880340222155,1,59.894707
-0.3075130988090349,1,59.906811
-0.245061589833413,1,59.920605
-0.12215049617686068,1,59.93663
-0.18514794267042364,1,59.949432
-0.16014052438122356,1,59.963283
-0.3363775046578459,1,59.978538
-0.21981278266648344,1,59.990781
-0.22842371983130924,1,60.004033
-0.2044517573898668,1,60.012941
-0.21981278266648344,1,60.025489
-0.21981278266648344,1,60.038634
-0.21981278266648344,1,60.047719
-0.21981278266648344,1,60.058455
-0.3017203772142007,1,60.072742
-0.2881767605015656,1,60.081721
-0.29946578540239277,1,60.091522
-0.3075130988090349,1,60.106966
-0.2784784944652248,1,60.121018
-0.37939004297687867,1,60.130186
-0.2784784944652248,1,60.147016
-0.21981278266648344,1,60.158539
-0.21981278266648344,1,60.17024
-0.21981278266648344,1,60.184563
-0.22842371983130924,1,60.197457
-0.21981278266648344,1,60.208545
-0.21981278266648344,1,60.220659
-0.35553410236850186,1,60.23157
-0.3017203772142007,1,60.242567
-0.21981278266648344,1,60.255878
-0.3017203772142007,1,60.267053
-0.2881767605015656,1,60.277812
-0.2711909879146074,1,60.296754
-0.35553410236850186,1,60.307155
-0.2711909879146074,1,60.319864
-0.4220999663688672,1,60.333503
-0.35553410236850186,1,60.34454
-0.23456197452549263,1,60.357884
-0.20685653341313992,1,60.370176
-0.1676667450195734,1,60.380805
-0.20685653341313992,1,60.391923
-0.16014052438122356,1,60.40613
-0.21981278266648344,1,60.416319
-0.21981278266648344,1,60.431801
-0.14122542155212847,1,60.448716
-0.35553410236850186,1,60.459706
-0.14122542155212847,1,60.470367
-0.35553410236850186,1,60.48418
-0.2590177736618995,1,60.494167
-0.3075130988090349,1,60.50721
-0.3345781397876577,1,60.521777
-0.2711909879146074,1,60.53162
-0.18514794267042364,1,60.542692
-0.16014052438122356,1,60.557778
-0.20685653341313992,1,60.569358
-0.12640449794697636,1,60.58022
-0.23915908691672272,1,60.592549
-0.19757116253789728,1,60.606878
-0.202880340222155,1,60.616739
-0.3075130988090349,1,60.629581
-0.2427308079405328,1,60.647664
-0.15007093265273003,1,60.671422
-0.35553410236850186,1,60.70517
-0.4220999663688672,1,60.732049
-0.3017203772142007,1,60.75676
-0.21981278266648344,1,60.795032
-0.21981278266648344,1,60.827668
-0.21981278266648344,1,60.845444
-0.21981278266648344,1,60.879578
-0.2881767605015656,1,60.909538
-0.35553410236850186,1,60.933356
-0.2881767605015656,1,60.967993
-0.29946578540239277,1,60.992379
-0.35553410236850186,1,61.012926
-0.38224636154839015,1,61.0428
-0.4220999663688672,1,61.064754
-0.4617199525913289,1,61.083627
-0.4880147650098113,1,61.112555
-0.35553410236850186,1,61.130117
-0.35553410236850186,1,61.158397
-0.3363775046578459,1,61.173672
-0.16014052438122356,1,61.19545
-0.18514794267042364,1,61.220384
-0.2711909879146074,1,61.242962
-0.2784784944652248,1,61.262169
-0.2590177736618995,1,61.29092
-0.3363775046578459,1,61.321134
-0.32196547705471795,1,61.342097
-0.35553410236850186,1,61.367341
-0.2590177736618995,1,61.390146
-0.245061589833413,1,61.412076
-0.19757116253789728,1,61.436965
-0.22842371983130924,1,61.459632
-0.32196547705471795,1,61.480429
-0.3936584440836529,1,61.494323
-0.32196547705471795,1,61.53159
-0.22842371983130924,1,61.550558
-0.2590177736618995,1,61.569177
-0.28679255545526133,1,61.597004
-0.19757116253789728,1,61.61516
-0.202880340222155,1,61.63288
-0.19757116253789728,1,61.64827
-0.20685653341313992,1,61.662295
-0.12640449794697636,1,61.6764
-0.22637536081094042,1,61.690578
-0.2044517573898668,1,61.700162
-0.16014052438122356,1,61.711082
-0.19757116253789728,1,61.725192
-0.22842371983130924,1,61.737448
-0.20994583200024086,1,61.747823
-0.29946578540239277,1,61.767291
-0.16014052438122356,1,61.776134
-0.18514794267042364,1,61.786269
-0.16014052438122356,1,61.800339
-0.18514794267042364,1,61.809479
-0.16014052438122356,1,61.818833
-0.2427308079405328,1,61.834138
-0.2881767605015656,1,61.843459
-0.29946578540239277,1,61.853798
-0.3075130988090349,1,61.881982
-0.2784784944652248,1,61.892592
-0.3075130988090349,1,61.902834
-0.3363775046578459,1,61.924497
-0.32196547705471795,1,61.93641
-0.3345781397876577,1,61.946591
-0.3075130988090349,1,61.959749
-0.3363775046578459,1,61.9705
-0.3075130988090349,1,61.980999
-0.29946578540239277,1,61.995098
-0.35553410236850186,1,62.008142
-0.21981278266648344,1,62.018579
-0.35553410236850186,1,62.033976
-0.35553410236850186,1,62.045364
-0.2590177736618995,1,62.054704
-0.28679255545526133,1,62.069367
-0.19757116253789728,1,62.081265
-0.16014052438122356,1,62.092539
-0.19757116253789728,1,62.110369
-0.202880340222155,1,62.123821
-0.19757116253789728,1,62.132881
-0.20685653341313992,1,62.144687
-0.12640449794697636,1,62.156953
-0.15268550513598594,1,62.16732
-0.12640449794697636,1,62.180567
-0.14122542155212847,1,62.191505
-0.10245666586838688,1,62.200953
-0.11446970687829565,1,62.216229
-0.15007093265273003,1,62.225528
-0.12640449794697636,1,62.236087
-0.15007093265273003,1,62.249411
-0.1676667450195734,1,62.260344
-0.15594980537188471,1,62.270608
-0.1742349153892876,1,62.28389
-0.12640449794697636,1,62.297024
-0.1742349153892876,1,62.310518
-0.19757116253789728,1,62.325888
-0.202880340222155,1,62.338804
-0.3075130988090349,1,62.348663
-0.245061589833413,1,62.363045
-0.19757116253789728,1,62.373621
-0.245061589833413,1,62.384411
-0.3075130988090349,1,62.396859
-0.41105402806100744,1,62.408012
-0.4880147650098113,1,62.42381
-0.4386352935849928,1,62.437594
-0.45042240199856287,1,62.448699
-0.2784784944652248,1,62.457938
-0.2711909879146074,1,62.469655
-0.31353995921494837,1,62.481106
-0.19757116253789728,1,62.49185
-0.31353995921494837,1,62.50535
-0.3075130988090349,1,62.517063
-0.245061589833413,1,62.529257
-0.23456197452549263,1,62.541281
-0.1742349153892876,1,62.551192
-0.18514794267042364,1,62.564166
-0.16014052438122356,1,62.575784
-0.19757116253789728,1,62.588083
-0.22637536081094042,1,62.60055
-0.16014052438122356,1,62.61419
-0.2590177736618995,1,62.622991
-0.19757116253789728,1,62.631819
-0.22637536081094042,1,62.648924
-0.1901232807353778,1,62.660799
-0.14122542155212847,1,62.670184
-0.15594980537188471,1,62.684114
-0.15268550513598594,1,62.697236
-0.12640449794697636,1,62.708014
-0.19384945200204626,1,62.721853
-0.12640449794697636,1,62.731857
-0.15268550513598594,1,62.742668
-0.12640449794697636,1,62.754139
-0.1934356550203257,1,62.764051
-0.2427308079405328,1,62.775567
-0.21981278266648344,1,62.787086
-0.2427308079405328,1,62.796406
-0.18514794267042364,1,62.806838
-0.16014052438122356,1,62.820992
-0.1676667450195734,1,62.829899
-0.16014052438122356,1,62.84107
-0.22637536081094042,1,62.854737
-0.12640449794697636,1,62.863517
-0.14122542155212847,1,62.873062
-0.15594980537188471,1,62.886013
-0.16014052438122356,1,62.901109
-0.12640449794697636,1,62.915691
-0.18514794267042364,1,62.937951
-0.16014052438122356,1,62.951448
-0.14122542155212847,1,62.966727
-0.32196547705471795,1,62.980915
-0.22842371983130924,1,62.998802
-0.16014052438122356,1,63.015892
-0.22842371983130924,1,63.030172
-0.35553410236850186,1,63.051063
-0.28679255545526133,1,63.061859
-0.19757116253789728,1,63.07952
-0.14122542155212847,1,63.099189
-0.19757116253789728,1,63.125356
-0.16014052438122356,1,63.151428
-0.2044517573898668,1,63.161425
-0.1934356550203257,1,63.173421
-0.16014052438122356,1,63.187975
-0.16014052438122356,1,63.199175
-0.16014052438122356,1,63.212453
-0.16014052438122356,1,63.231801
-0.16014052438122356,1,63.244229
-0.202880340222155,1,63.254008
-0.20994583200024086,1,63.271216
-0.2427308079405328,1,63.281165
-0.2590177736618995,1,63.29753
-0.2427308079405328,1,63.31194
-0.2881767605015656,1,63.322298
-0.21981278266648344,1,63.331768
-0.21981278266648344,1,63.346121
-0.18514794267042364,1,63.356388
-0.1676667450195734,1,63.372687
-0.2711909879146074,1,63.39324
-0.2711909879146074,1,63.413178
-0.18514794267042364,1,63.433224
-0.16571756332504103,1,63.471145
-0.22842371983130924,1,63.492551
-0.19757116253789728,1,63.514574
-0.14122542155212847,1,63.544312
-0.23456197452549263,1,63.566756
-0.1934356550203257,1,63.58825
-0.15594980537188471,1,63.613235
-0.23915908691672272,1,63.63166
-0.12215049617686068,1,63.657023
-0.22842371983130924,1,63.686447
-0.2711909879146074,1,63.705245
-0.22842371983130924,1,63.717742
-0.1676667450195734,1,63.756224
-0.14122542155212847,1,63.785053
-0.2590177736618995,1,63.797454
-0.3936584440836529,1,63.833539
-0.3722433526299351,1,63.853124
-0.3936584440836529,1,63.87323
-0.35553410236850186,1,63.90209
-0.3936584440836529,1,63.922206
-0.2711909879146074,1,63.940742
-0.2711909879146074,1,63.960745
-0.11446970687829565,1,63.994611
-0.3345781397876577,1,64.026472
-0.11446970687829565,1,64.044598
-0.2711909879146074,1,64.066609
-0.2044517573898668,1,64.088647
-0.1934356550203257,1,64.115416
-0.2044517573898668,1,64.1283
-0.1934356550203257,1,64.159206
-0.12640449794697636,1,64.188562
-0.15268550513598594,1,64.201651
-0.15594980537188471,1,65.701216
-0.1742349153892876,1,65.723218
-0.19757116253789728,1,65.750137
-0.16014052438122356,1,65.763341
-0.12640449794697636,1,65.800602
-0.2711909879146074,1,65.826578
-0.2711909879146074,1,65.841696
-0.245061589833413,1,65.879042
-0.23456197452549263,1,65.892864
-0.1742349153892876,1,65.916338
-0.16014052438122356,1,65.941507
-0.202880340222155,1,65.970644
-0.2590177736618995,1,65.989942
-0.245061589833413,1,66.004663
-0.23456197452549263,1,66.035538
-0.202880340222155,1,66.055233
-0.2590177736618995,1,66.079009
-0.35553410236850186,1,66.106528
-0.2590177736618995,1,66.13075
-0.22842371983130924,1,66.158895
-0.3075130988090349,1,66.177116
-0.3363775046578459,1,66.200743
-0.20994583200024086,1,66.216953
-0.202880340222155,1,66.241714
-0.20994583200024086,1,66.275112
-0.2711909879146074,1,66.298258
-0.2427308079405328,1,66.319251
-0.16014052438122356,1,66.344788
-0.23456197452549263,1,66.37729
-0.202880340222155,1,66.398124
-0.2711909879146074,1,66.411111
-0.202880340222155,1,66.451476
-0.19757116253789728,1,66.481609
-0.14122542155212847,1,66.49594
-0.23456197452549263,1,66.529914
-0.20685653341313992,1,66.555478
-0.18514794267042364,1,66.570213
-0.15268550513598594,1,66.606406
-0.18514794267042364,1,66.629182
-0.14122542155212847,1,66.645215
-0.15594980537188471,1,66.683449
-0.23915908691672272,1,66.696773
-0.16014052438122356,1,66.725179
-0.10772261038881333,1,66.76821
-0.19757116253789728,1,66.794951
-0.1742349153892876,1,66.809692
-0.16014052438122356,1,66.837078
-0.14122542155212847,1,66.860946
-0.19757116253789728,1,66.883845
-0.1742349153892876,1,66.924603
-0.15594980537188471,1,66.942837
-0.1934356550203257,1,66.968396
-0.21406049972388985,1,67.004816
-0.23915908691672272,1,67.015687
-0.23456197452549263,1,67.024755
-0.20685653341313992,1,67.041153
-0.15594980537188471,1,67.051897
-0.22637536081094042,1,67.065217
-0.19757116253789728,1,67.08113
-0.10772261038881333,1,67.092125
-0.15594980537188471,1,67.104488
-0.14122542155212847,1,67.120327
-0.12640449794697636,1,67.135087
-0.11446970687829565,1,67.148622
-0.15594980537188471,1,67.171162
-0.16014052438122356,1,67.184269
-0.15594980537188471,1,67.19579
-0.12640449794697636,1,67.215217
-0.18514794267042364,1,67.238025
-0.16014052438122356,1,67.257115
-0.2044517573898668,1,67.275013
-0.17350589142033865,1,67.288271
-0.21981278266648344,1,67.311984
-0.14122542155212847,1,67.337158
-0.3075130988090349,1,67.351249
-0.2784784944652248,1,67.367316
-0.2590177736618995,1,67.382973
-0.18514794267042364,1,67.402158
-0.21981278266648344,1,67.415329
-0.21981278266648344,1,67.433798
-0.37939004297687867,1,67.447165
-0.3363775046578459,1,67.458751
-0.4220999663688672,1,67.479542
-0.4617199525913289,1,67.495672
-0.6182607553034482,1,67.510592
-0.6020814833172365,1,67.529372
-0.4220999663688672,1,67.545438
-0.35553410236850186,1,67.561265
-0.3075130988090349,1,67.579717
-0.245061589833413,1,67.593056
-0.3075130988090349,1,67.607479
-0.1742349153892876,1,67.6223
-0.19757116253789728,1,67.635041
-0.31353995921494837,1,67.646528
-0.2590177736618995,1,67.661517
-0.2784784944652248,1,67.672376
-0.20994583200024086,1,67.685884
-0.2784784944652248,1,67.698124
-0.21981278266648344,1,67.711664
-0.2711909879146074,1,67.725452
-0.21981278266648344,1,67.772947
-0.18514794267042364,1,67.807442
-0.16571756332504103,1,67.834635
-0.3107283317527115,1,67.852057
-0.4661087704978553,1,67.863354
-0.5025845957183601,1,67.87477
-0.4661087704978553,1,67.892551
-0.4220999663688672,1,67.908208
-0.35553410236850186,1,67.925487
-0.4220999663688672,1,67.970042
-0.35553410236850186,1,68.005678
-0.4220999663688672,1,68.025567
-0.41105402806100744,1,68.043695
-0.3345781397876577,1,68.063047
-0.18514794267042364,1,68.074666
-0.2590177736618995,1,68.088261
-0.3075130988090349,1,68.100275
-0.35553410236850186,1,68.111889
-0.3075130988090349,1,68.124904
-0.45042240199856287,1,68.13964
-0.37939004297687867,1,68.150717
-0.21981278266648344,1,68.164323
-0.21981278266648344,1,68.177017
-0.2784784944652248,1,68.190984
-0.20994583200024086,1,68.204714
-0.14122542155212847,1,68.21707
-0.16014052438122356,1,68.231838
-0.16014052438122356,1,68.25302
-0.20994583200024086,1,68.275025
-0.18514794267042364,1,68.288826
-0.20994583200024086,1,68.305612
-0.18514794267042364,1,68.317874
-0.2881767605015656,1,68.328101
-0.18514794267042364,1,68.344648
-0.21981278266648344,1,68.358705
-0.29946578540239277,1,68.368891
-0.4220999663688672,1,68.383756
-0.29946578540239277,1,68.395153
-0.20994583200024086,1,68.407927
-0.2711909879146074,1,68.426033
-0.23456197452549263,1,68.438682
-0.2590177736618995,1,68.45212
-0.2427308079405328,1,68.465272
-0.1934356550203257,1,68.476564
-0.2427308079405328,1,68.494435
-0.2711909879146074,1,68.509827
-0.2427308079405328,1,68.524031
-0.18514794267042364,1,68.534962
-0.1901232807353778,1,68.549541
-0.16014052438122356,1,68.561736
-0.2711909879146074,1,68.573772
-0.28679255545526133,1,68.587965
-0.20994583200024086,1,68.60042
-0.21981278266648344,1,68.619105
-0.2881767605015656,1,68.634613
-0.35553410236850186,1,68.646173
-0.2590177736618995,1,68.660864
-0.2711909879146074,1,68.674407
-0.2427308079405328,1,68.690533
-0.1934356550203257,1,68.701217
-0.12640449794697636,1,68.71777
-0.1742349153892876,1,68.730101
-0.16014052438122356,1,68.742065
-0.1742349153892876,1,68.756731
-0.19757116253789728,1,68.768103
-0.1934356550203257,1,68.783089
-0.2044517573898668,1,68.81193
-0.1934356550203257,1,68.835503
-0.2044517573898668,1,68.86139
-0.18514794267042364,1,68.877249
-0.2044517573898668,1,68.910707
-0.21981278266648344,1,68.933825
-0.2044517573898668,1,68.956518
-0.21981278266648344,1,68.994533
-0.2044517573898668,1,69.02779
-0.21981278266648344,1,69.068897
-0.2044517573898668,1,69.089697
-0.2711909879146074,1,69.109672
-0.23456197452549263,1,69.136834
-0.202880340222155,1,69.162249
-0.2590177736618995,1,69.177608
-0.3936584440836529,1,69.202406
-0.2590177736618995,1,69.234019
-0.45042240199856287,1,69.259244
-0.2590177736618995,1,69.289481
-0.16014052438122356,1,69.313698
-0.16014052438122356,1,69.343597
-0.16014052438122356,1,69.368778
-0.16014052438122356,1,69.395819
-0.18514794267042364,1,69.413935
-0.3075130988090349,1,69.436463
-0.22842371983130924,1,69.452799
-0.23456197452549263,1,69.478815
-0.20685653341313992,1,69.503106
-0.15594980537188471,1,69.525478
-0.2590177736618995,1,69.541294
-0.21406049972388985,1,69.591389
-0.2590177736618995,1,69.613106
-0.21406049972388985,1,69.627301
-0.2590177736618995,1,69.659314
-0.2044517573898668,1,69.671229
-0.12640449794697636,1,69.701256
-0.2044517573898668,1,69.735185
-0.1934356550203257,1,69.755668
-0.12640449794697636,1,69.783842
-0.12640449794697636,1,69.814658
-0.2427308079405328,1,69.832374
-0.18514794267042364,1,69.860276
-0.3017203772142007,1,69.876588
-0.15007093265273003,1,69.908002
-0.1901232807353778,1,69.92184
-0.1934356550203257,1,69.950868
-0.19757116253789728,1,69.978698
-0.20685653341313992,1,70.000083
-0.19757116253789728,1,70.030743
-0.16014052438122356,1,70.043623
-0.21406049972388985,1,70.07963
-0.16014052438122356,1,70.108988
-0.19757116253789728,1,70.121207
-0.3281468837894772,1,70.155135
-0.19757116253789728,1,70.171345
-0.28679255545526133,1,70.20006
-0.3075130988090349,1,70.22843
-0.245061589833413,1,70.251712
-0.23456197452549263,1,70.277951
-0.2711909879146074,1,70.290826
-0.2711909879146074,1,70.33026
-0.3345781397876577,1,70.362644
-0.37939004297687867,1,70.37507
-0.21981278266648344,1,70.410985
-0.2590177736618995,1,70.434179
-0.3363775046578459,1,70.449551
-0.20994583200024086,1,70.481549
-0.2427308079405328,1,70.498157
-0.20994583200024086,1,70.524209
-0.2427308079405328,1,70.541297
-0.21981278266648344,1,70.572065
-0.3017203772142007,1,70.59149
-0.2881767605015656,1,70.613669
-0.21981278266648344,1,70.637735
-0.21981278266648344,1,70.65716
-0.21981278266648344,1,70.684892
-0.2711909879146074,1,70.697239
-0.21981278266648344,1,70.72737
-0.2427308079405328,1,70.752515
-0.22842371983130924,1,70.786738
-0.1676667450195734,1,70.805962
-0.18514794267042364,1,70.824277
-0.16014052438122356,1,70.843606
-0.29946578540239277,1,70.86905
-0.21981278266648344,1,70.889678
-0.21981278266648344,1,70.914513
-0.21981278266648344,1,70.9273
-0.21981278266648344,1,70.960053
-0.2881767605015656,1,70.979515
-0.2427308079405328,1,70.997138
-0.35553410236850186,1,71.022522
-0.2427308079405328,1,71.038763
-0.4220999663688672,1,71.062819
-0.29946578540239277,1,71.076208
-0.35553410236850186,1,71.106598
-0.4617199525913289,1,71.125499
-0.4220999663688672,1,71.138763
-0.2784784944652248,1,71.148429
-0.4220999663688672,1,71.156913
-0.2427308079405328,1,71.170216
-0.4220999663688672,1,71.181465
-0.29946578540239277,1,71.190475
-0.4220999663688672,1,71.201445
-0.3363775046578459,1,71.21317
-0.35553410236850186,1,71.221978
-0.29946578540239277,1,71.23329
-0.2881767605015656,1,71.245582
-0.41105402806100744,1,71.255405
-0.35553410236850186,1,71.266495
-0.29946578540239277,1,71.275017
-0.35553410236850186,1,71.286445
-0.29946578540239277,1,71.301633
-0.20994583200024086,1,71.311372
-0.21981278266648344,1,71.321735
-0.2881767605015656,1,71.335461
-0.4617199525913289,1,71.344573
-0.2881767605015656,1,71.359945
-0.21981278266648344,1,71.371986
-0.2881767605015656,1,71.381038
-0.4386352935849928,1,71.391006
-0.2881767605015656,1,71.403587
-0.2427308079405328,1,71.412836
-0.21981278266648344,1,71.421808
-0.2784784944652248,1,71.434958
-0.23456197452549263,1,71.449339
-0.21981278266648344,1,71.459753
-0.21981278266648344,1,71.48273
-0.21981278266648344,1,71.49381
-0.21981278266648344,1,71.505855
-0.16014052438122356,1,71.521562
-0.2881767605015656,1,71.530528
-0.29946578540239277,1,71.540109
-0.20994583200024086,1,71.554449
-0.22842371983130924,1,71.567841
-0.20994583200024086,1,71.576874
-0.29946578540239277,1,71.597126
-0.35553410236850186,1,71.607141
-0.29946578540239277,1,71.615957
-0.16014052438122356,1,71.634746
-0.22842371983130924,1,71.64436
-0.1676667450195734,1,71.652477
-0.14122542155212847,1,71.671189
-0.2711909879146074,1,71.679829
-0.3936584440836529,1,71.697251
-0.37939004297687867,1,71.711258
-0.4386352935849928,1,71.721308
-0.35553410236850186,1,71.731206
-0.29946578540239277,1,71.745097
-0.35553410236850186,1,71.755525
-0.22842371983130924,1,71.76684
-0.3722433526299351,1,71.78345
-0.2711909879146074,1,71.795392
-0.2590177736618995,1,71.804307
-0.2427308079405328,1,71.817135
-0.35553410236850186,1,71.827392
-0.5403451646517261,1,71.836692
-0.5207600099034174,1,71.851492
-0.4880147650098113,1,71.861618
-0.5207600099034174,1,71.871825
-0.5403451646517261,1,71.883017
-0.5533772851625305,1,71.895257
-0.4617199525913289,1,71.904867
-0.4220999663688672,1,71.916483
-0.4617199525913289,1,71.928262
-0.35553410236850186,1,71.938097
-0.3363775046578459,1,71.950593
-0.2711909879146074,1,71.962
-0.22842371983130924,1,71.972605
-0.2044517573898668,1,71.984027
-0.21981278266648344,1,71.992203
-0.21981278266648344,1,72.00348
-0.18514794267042364,1,72.021211
-0.2044517573898668,1,72.030635
-0.18514794267042364,1,72.039966
-0.2044517573898668,1,72.055014
-0.16014052438122356,1,72.063544
-0.16014052438122356,1,72.071993
-0.16014052438122356,1,72.086163
-0.12640449794697636,1,72.097799
-0.18514794267042364,1,72.105922
-0.1676667450195734,1,72.11788
-0.18514794267042364,1,72.132168
-0.12640449794697636,1,72.141772
-0.16014052438122356,1,72.156611
-0.12640449794697636,1,72.167961
-0.18514794267042364,1,72.176981
-0.1676667450195734,1,72.188432
-0.2784784944652248,1,72.199496
-0.20994583200024086,1,72.209126
-0.29946578540239277,1,72.220312
-0.35553410236850186,1,72.230415
-0.3363775046578459,1,72.239985
-0.3075130988090349,1,72.257479
-0.3363775046578459,1,72.26922
-0.37939004297687867,1,72.281553
-0.39722046524176174,1,72.297226
-0.2711909879146074,1,72.309786
-0.3107283317527115,1,72.320822
-0.16571756332504103,1,72.333058
-0.22637536081094042,1,72.341777
-0.2806354599285221,1,72.353862
-0.18514794267042364,1,72.366533
-0.12980126866527975,1,72.375385
-0.16014052438122356,1,72.385189
-0.16571756332504103,1,72.397762
-0.2711909879146074,1,72.407057
-0.2044517573898668,1,72.417252
-0.2655144896098338,1,72.432986
-0.2711909879146074,1,72.446845
-0.2655144896098338,1,72.464691
-0.2044517573898668,1,72.480645
-0.2655144896098338,1,72.490911
-0.2044517573898668,1,72.499862
-0.18514794267042364,1,72.515036
-0.2044517573898668,1,72.523943
-0.16014052438122356,1,72.534583
-0.15594980537188471,1,72.547512
-0.14122542155212847,1,72.558217
-0.15594980537188471,1,72.569715
-0.14122542155212847,1,72.586804
-0.16014052438122356,1,72.595164
-0.202880340222155,1,72.604713
-0.2590177736618995,1,72.620622
-0.245061589833413,1,72.642381
-0.16014052438122356,1,72.654687
-0.2711909879146074,1,72.67285
-0.16014052438122356,1,72.686376
-0.1742349153892876,1,72.704344
-0.16014052438122356,1,72.722289
-0.22842371983130924,1,72.746114
-0.23456197452549263,1,72.763592
-0.22842371983130924,1,72.794032
-0.19757116253789728,1,72.829664
-0.14122542155212847,1,72.853082
-0.15594980537188471,1,72.875797
-0.12640449794697636,1,72.899729
-0.15594980537188471,1,72.913296
-0.1742349153892876,1,72.945371
-0.12640449794697636,1,72.956986
-0.1742349153892876,1,72.980613
-0.19757116253789728,1,73.005367
-0.16014052438122356,1,73.025903
-0.23456197452549263,1,73.042793
-0.2590177736618995,1,73.061783
-0.23456197452549263,1,73.091021
-0.2590177736618995,1,73.108702
-0.23456197452549263,1,73.138724
-0.1934356550203257,1,73.170227
-0.19757116253789728,1,73.181545
-0.2711909879146074,1,73.208724
-0.2711909879146074,1,73.235717
-0.09641764445864717,1,73.258711
-0.2711909879146074,1,73.287438
-0.21981278266648344,1,73.310762
-0.2590177736618995,1,73.329253
-0.2427308079405328,1,73.360584
-0.21981278266648344,1,73.372684
-0.3363775046578459,1,73.401057
-0.32196547705471795,1,73.4187
-0.21981278266648344,1,73.440074
-0.32196547705471795,1,73.464804
-0.3107283317527115,1,73.487811
-0.2044517573898668,1,73.516946
-0.21981278266648344,1,73.550826
-0.2044517573898668,1,73.567147
-0.12640449794697636,1,73.593861
-0.16014052438122356,1,73.622406
-0.18514794267042364,1,73.639735
-0.12640449794697636,1,73.663788
-0.18514794267042364,1,73.688622
-0.12640449794697636,1,73.716809
-0.21981278266648344,1,73.743799
-0.35553410236850186,1,73.771285
-0.21981278266648344,1,73.794449
-0.2711909879146074,1,73.823172
-0.09641764445864717,1,73.850692
-0.19757116253789728,1,73.870567
-0.10772261038881333,1,73.89291
-0.19757116253789728,1,73.922682
-0.12640449794697636,1,73.949092
-0.16571756332504103,1,73.981259
-0.22842371983130924,1,74.000114
-0.16014052438122356,1,74.021081
-0.1742349153892876,1,74.049964
-0.23456197452549263,1,74.071625
-0.1742349153892876,1,74.092541
-0.23456197452549263,1,74.104106
-0.1742349153892876,1,74.133856
-0.19757116253789728,1,74.15849
-0.18514794267042364,1,74.175913
-0.20994583200024086,1,74.20609
-0.29946578540239277,1,74.230956
-0.2590177736618995,1,74.252053
-0.29946578540239277,1,74.275357
-0.16014052438122356,1,74.300789
-0.245061589833413,1,74.320358
-0.23456197452549263,1,74.334206
-0.29140496445545044,1,74.368676
-0.2427308079405328,1,74.392928
-0.1934356550203257,1,74.410644
-0.16571756332504103,1,74.443722
-0.14122542155212847,1,74.463718
-0.2590177736618995,1,74.478749
-0.35553410236850186,1,74.514987
-0.3075130988090349,1,74.53458
-0.202880340222155,1,74.553335
-0.2590177736618995,1,74.585606
-0.2711909879146074,1,74.598607
-0.2711909879146074,1,74.612358
-0.28679255545526133,1,74.639356
-0.3075130988090349,1,74.668716
-0.22637536081094042,1,74.694698
-0.23456197452549263,1,74.73227
-0.31353995921494837,1,74.750269
-0.35553410236850186,1,74.775944
-0.3107283317527115,1,74.810616
-0.32196547705471795,1,74.831348
-0.2784784944652248,1,74.851506
-0.35553410236850186,1,74.867483
-0.45042240199856287,1,74.898949
-0.2590177736618995,1,74.911683
-0.28679255545526133,1,74.939572
-0.2590177736618995,1,74.967087
-0.28679255545526133,1,74.989677
-0.19757116253789728,1,75.010729
-0.1742349153892876,1,75.021471
-0.23456197452549263,1,75.049755
-0.22842371983130924,1,75.063655
-0.2590177736618995,1,75.088166
-0.202880340222155,1,75.114488
-0.19757116253789728,1,75.138649
-0.22637536081094042,1,75.163923
-0.19757116253789728,1,75.185673
-0.1934356550203257,1,75.216242
-0.16014052438122356,1,75.233919
-0.22637536081094042,1,75.247592
-0.19757116253789728,1,75.282148
-0.23915908691672272,1,75.303113
-0.23456197452549263,1,75.317306
-0.23915908691672272,1,75.341532
-0.18514794267042364,1,75.36963
-0.1742349153892876,1,75.387028
-0.16014052438122356,1,75.402251
-0.202880340222155,1,75.43052
-0.16014052438122356,1,75.45114
-0.12640449794697636,1,75.471928
-0.16014052438122356,1,75.495981
-0.12640449794697636,1,75.518829
-0.2044517573898668,1,75.532626
-0.21981278266648344,1,75.541425
-0.16571756332504103,1,75.550088
-0.18514794267042364,1,75.564049
-0.2044517573898668,1,75.580009
-0.17350589142033865,1,75.58817
-0.1676667450195734,1,75.606824
-0.17350589142033865,1,75.6164
-0.21981278266648344,1,75.625073
-0.2711909879146074,1,75.641199
-0.2590177736618995,1,75.650488
-0.245061589833413,1,75.663285
-0.16014052438122356,1,75.68159
-0.28679255545526133,1,75.707694
-0.20994583200024086,1,75.720869
-0.202880340222155,1,75.73586
-0.16014052438122356,1,75.744779
-0.28679255545526133,1,75.75322
-0.19757116253789728,1,75.767497
-0.14122542155212847,1,75.776265
-0.15594980537188471,1,75.785034
-0.22637536081094042,1,75.803415
-0.16014052438122356,1,75.812523
-0.22842371983130924,1,75.824301
-0.3075130988090349,1,75.83869
-0.245061589833413,1,75.847423
-0.2590177736618995,1,75.859761
-0.22842371983130924,1,75.875052
-0.16014052438122356,1,75.885894
-0.14122542155212847,1,75.893963
-0.16014052438122356,1,75.907215
-0.11666740777311288,1,75.917906
-0.16014052438122356,1,75.925776
-0.16014052438122356,1,75.937425
-0.16571756332504103,1,75.949057
-0.16014052438122356,1,75.95935
-0.16571756332504103,1,75.970162
-0.1934356550203257,1,75.978661
-0.1901232807353778,1,75.990192
-0.14122542155212847,1,76.002036
-0.15007093265273003,1,76.011615
-0.14122542155212847,1,76.022119
-0.1901232807353778,1,76.036216
-0.18514794267042364,1,76.045068
-0.2044517573898668,1,76.054385
-0.21981278266648344,1,76.069998
-0.16571756332504103,1,76.078368
-0.1934356550203257,1,76.088074
-0.15594980537188471,1,76.104969
-0.1934356550203257,1,76.116263
-0.1901232807353778,1,76.124016
-0.1934356550203257,1,76.13538
-0.2711909879146074,1,76.147938
-0.202880340222155,1,76.156614
-0.16014052438122356,1,76.176017
-0.29946578540239277,1,76.184138
-0.3075130988090349,1,76.19683
-0.245061589833413,1,76.210315
-0.16014052438122356,1,76.220618
-0.22842371983130924,1,76.229769
-0.2711909879146074,1,76.242537
-0.1742349153892876,1,76.253887
-0.2711909879146074,1,76.26818
-0.202880340222155,1,76.28444
-0.20994583200024086,1,76.293924
-0.245061589833413,1,76.302984
-0.2590177736618995,1,76.314724
-0.22842371983130924,1,76.325948
-0.2590177736618995,1,76.336853
-0.18514794267042364,1,76.350728
-0.2427308079405328,1,76.362682
-0.18514794267042364,1,76.37512
-0.3017203772142007,1,76.391327
-0.18514794267042364,1,76.402846
-0.16571756332504103,1,76.412827
-0.3107283317527115,1,76.425633
-0.35553410236850186,1,76.435086
-0.3107283317527115,1,76.446147
-0.35553410236850186,1,76.462295
-0.3107283317527115,1,76.470903
-0.2711909879146074,1,76.488204
-0.3107283317527115,1,76.502063
-0.2711909879146074,1,76.51071
-0.2784784944652248,1,76.521366
-0.35553410236850186,1,76.533909
-0.202880340222155,1,76.543526
-0.20994583200024086,1,76.554276
-0.3363775046578459,1,76.567686
-0.20994583200024086,1,76.577415
-0.28679255545526133,1,76.588448
-0.2590177736618995,1,76.601526
-0.18514794267042364,1,76.610675
-0.2590177736618995,1,76.62236
-0.29946578540239277,1,76.641643
-0.20994583200024086,1,76.652408
-0.21981278266648344,1,76.661528
-0.1676667450195734,1,76.680711
-0.3345781397876577,1,76.695266
-0.21981278266648344,1,76.707172
-0.2784784944652248,1,76.721424
-0.21981278266648344,1,76.735338
-0.21981278266648344,1,76.745918
-0.11446970687829565,1,76.758315
-0.3345781397876577,1,76.770868
-0.29946578540239277,1,76.779879
-0.17350589142033865,1,76.792465
-0.16571756332504103,1,76.805145
-0.21981278266648344,1,76.818689
-0.10464711163640988,1,76.831224
-0.16014052438122356,1,76.843566
-0.16014052438122356,1,76.85593
-0.29140496445545044,1,76.868348
-0.19757116253789728,1,76.87765
-0.18514794267042364,1,76.896053
-0.16014052438122356,1,76.911534
-0.1742349153892876,1,76.923452
-0.23456197452549263,1,76.936487
-0.18514794267042364,1,76.95377
-0.2044517573898668,1,76.966797
-0.22842371983130924,1,76.978559
-0.2590177736618995,1,76.994667
-0.202880340222155,1,77.006248
-0.16014052438122356,1,77.015783
-0.2427308079405328,1,77.028558
-0.3075130988090349,1,77.038266
-0.22842371983130924,1,77.048525
-0.2590177736618995,1,77.064876
-0.202880340222155,1,77.082618
-0.23456197452549263,1,77.09335
-0.22842371983130924,1,77.109452
-0.2427308079405328,1,77.119671
-0.1934356550203257,1,77.131257
-0.23456197452549263,1,77.147438
-0.31353995921494837,1,77.161854
-0.2590177736618995,1,77.173203
-0.31353995921494837,1,77.191352
-0.19757116253789728,1,77.201051
-0.18514794267042364,1,77.215407
-0.2590177736618995,1,77.242063
-0.29946578540239277,1,77.262206
-0.4220999663688672,1,77.282119
-0.3017203772142007,1,77.325788
-0.35553410236850186,1,77.348295
-0.18514794267042364,1,77.366544
-0.2590177736618995,1,77.398641
-0.35553410236850186,1,77.425181
-0.2881767605015656,1,77.446574
-0.2784784944652248,1,77.463259
-0.2881767605015656,1,77.497367
-0.21981278266648344,1,77.511168
-0.2881767605015656,1,77.536685
-0.3017203772142007,1,77.564083
-0.21981278266648344,1,77.603967
-0.2711909879146074,1,77.626144
-0.21981278266648344,1,77.662923
-0.21981278266648344,1,77.704101
-0.21981278266648344,1,77.742193
-0.18514794267042364,1,77.768952
-0.2881767605015656,1,77.791409
-0.5207600099034174,1,77.828011
-0.2881767605015656,1,77.852923
-0.16014052438122356,1,77.871289
-0.2881767605015656,1,77.900017
-0.2711909879146074,1,77.923019
-0.32196547705471795,1,77.945947
-0.35553410236850186,1,77.963198
-0.32196547705471795,1,77.988779
-0.4880147650098113,1,78.007442
-0.35553410236850186,1,78.034151
-0.2590177736618995,1,78.043582
-0.3075130988090349,1,78.058175
-0.21981278266648344,1,78.074425
-0.3075130988090349,1,78.085027
-0.2711909879146074,1,78.096712
-0.3075130988090349,1,78.113958
-0.3345781397876577,1,78.124024
-0.3075130988090349,1,78.138108
-0.21981278266648344,1,78.154677
-0.21981278266648344,1,78.165991
-0.21981278266648344,1,78.179955
-0.21981278266648344,1,78.204908
-0.3345781397876577,1,78.237327
-0.29946578540239277,1,78.247731
-0.21981278266648344,1,78.264095
-0.17816838160859882,1,78.276982
-0.21981278266648344,1,78.287277
-0.17816838160859882,1,78.303412
-0.21981278266648344,1,78.314366
-0.35553410236850186,1,78.328633
-0.3107283317527115,1,78.341001
-0.2427308079405328,1,78.353571
-0.16014052438122356,1,78.363201
-0.12640449794697636,1,78.375997
-0.20685653341313992,1,78.391255
-0.23456197452549263,1,78.401814
-0.22842371983130924,1,78.414981
-0.2711909879146074,1,78.425907
-0.22842371983130924,1,78.438593
-0.2711909879146074,1,78.450852
-0.22842371983130924,1,78.46039
-0.20994583200024086,1,78.474959
-0.3363775046578459,1,78.491086
-0.2590177736618995,1,78.501987
-0.245061589833413,1,78.513779
-0.3075130988090349,1,78.528971
-0.16014052438122356,1,78.539167
-0.2590177736618995,1,78.551378
-0.245061589833413,1,78.565349
-0.2711909879146074,1,78.575392
-0.1742349153892876,1,78.588164
-0.19757116253789728,1,78.603906
-0.245061589833413,1,78.611957
-0.10933139355162663,1,78.621588
-0.3363775046578459,1,78.638836
-0.2711909879146074,1,78.650309
-0.18514794267042364,1,78.663117
-0.2590177736618995,1,78.677709
-0.18514794267042364,1,78.68791
-0.19757116253789728,1,78.697538
-0.1934356550203257,1,78.713387
-0.19757116253789728,1,78.725516
-0.23915908691672272,1,78.738256
-0.19757116253789728,1,78.75216
-0.202880340222155,1,78.762479
-0.19757116253789728,1,78.772467
-0.202880340222155,1,78.788507
-0.20994583200024086,1,78.798392
-0.28679255545526133,1,78.808029
-0.35553410236850186,1,78.81966
-0.28679255545526133,1,78.830159
-0.2590177736618995,1,78.838926
-0.31353995921494837,1,78.852682
-0.2590177736618995,1,78.865944
-0.11666740777311288,1,78.877708
-0.19757116253789728,1,78.890216
-0.11666740777311288,1,78.900309
-0.20994583200024086,1,78.911114
-0.2711909879146074,1,78.923509
-0.20994583200024086,1,78.934906
-0.28679255545526133,1,78.945499
-0.2590177736618995,1,78.959117
-0.3363775046578459,1,78.968945
-0.2590177736618995,1,78.980103
-0.18514794267042364,1,78.992901
-0.3075130988090349,1,79.001986
-0.202880340222155,1,79.013734
-0.2590177736618995,1,79.02731
-0.31353995921494837,1,79.040421
-0.2590177736618995,1,79.049965
-0.2427308079405328,1,79.065892
-0.2881767605015656,1,79.075857
-0.18514794267042364,1,79.088095
-0.2881767605015656,1,79.101754
-0.3017203772142007,1,79.111545
-0.35553410236850186,1,79.121091
-0.2711909879146074,1,79.135285
-0.21981278266648344,1,79.14489
-0.35553410236850186,1,79.154048
-0.6827215907658518,1,79.168347
-0.6424804774270401,1,79.178905
-0.32196547705471795,1,79.190767
-0.35553410236850186,1,79.205465
-0.5207600099034174,1,79.216767
-0.39722046524176174,1,79.226828
-0.4220999663688672,1,79.241331
-0.38224636154839015,1,79.251878
-0.32196547705471795,1,79.263019
-0.21981278266648344,1,79.275418
-0.32196547705471795,1,79.288038
-0.38224636154839015,1,79.298433
-0.35553410236850186,1,79.312595
-0.3017203772142007,1,79.328002
-0.2881767605015656,1,79.340676
-0.2427308079405328,1,79.354073
-0.20994583200024086,1,79.369073
-0.2427308079405328,1,79.37891
-0.35553410236850186,1,79.395443
-0.2427308079405328,1,79.405603
-0.2881767605015656,1,79.417912
-0.4386352935849928,1,79.43107
-0.4220999663688672,1,79.444232
-0.2711909879146074,1,79.454086
-0.2881767605015656,1,79.469632
-0.18514794267042364,1,79.481687
-0.20994583200024086,1,79.494632
-0.202880340222155,1,79.511416
-0.19757116253789728,1,79.530158
-0.22842371983130924,1,79.54122
-0.21981278266648344,1,79.558821
-0.22842371983130924,1,79.570533
-0.20994583200024086,1,79.58337
-0.2427308079405328,1,79.598671
-0.35553410236850186,1,79.609998
-0.29946578540239277,1,79.621977
-0.35553410236850186,1,79.635904
-0.4386352935849928,1,79.647895
-0.35553410236850186,1,79.656659
-0.2784784944652248,1,79.668542
-0.20994583200024086,1,79.677555
-0.2711909879146074,1,79.686345
-0.32196547705471795,1,79.700263
-0.2711909879146074,1,79.710157
-0.2711909879146074,1,79.726445
-0.10772261038881333,1,79.753951
-0.09641764445864717,1,79.785798
-0.1742349153892876,1,79.873845
-0.18514794267042364,1,79.89823
-0.14122542155212847,1,79.917171
-0.09641764445864717,1,79.965653
-0.1742349153892876,1,80.035259
-0.09641764445864717,1,80.06023
-0.1742349153892876,1,80.073922
-0.16014052438122356,1,80.115226
-0.245061589833413,1,80.139456
-0.3075130988090349,1,80.168057
-0.3363775046578459,1,80.196514
-0.45042240199856287,1,80.21467
-0.35553410236850186,1,80.236646
-0.45042240199856287,1,80.267398
-0.6367191200587229,1,80.289572
-0.5207600099034174,1,80.301914
-0.39722046524176174,1,80.33672
-0.37939004297687867,1,80.355987
-0.3363775046578459,1,80.372982
-0.2711909879146074,1,80.407168
-0.18514794267042364,1,80.420847
-0.3075130988090349,1,80.441674
-0.28679255545526133,1,80.466722
-0.2590177736618995,1,80.488392
-0.18514794267042364,1,80.501535
-0.20994583200024086,1,80.529617
-0.18514794267042364,1,80.550892
-0.20994583200024086,1,80.576825
-0.18514794267042364,1,80.598223
-0.20994583200024086,1,80.611188
-0.18514794267042364,1,80.641239
-0.10933139355162663,1,80.670475
-0.16014052438122356,1,80.684274
-0.12215049617686068,1,80.705255
-0.20685653341313992,1,80.724903
-0.09641764445864717,1,80.747119
-0.15268550513598594,1,80.770025
-0.09641764445864717,1,80.799421
-0.1934356550203257,1,80.822991
-0.23456197452549263,1,80.835863
-0.22842371983130924,1,80.870138
-0.23456197452549263,1,80.884815
-0.202880340222155,1,80.912622
-0.23456197452549263,1,80.942905
-0.245061589833413,1,80.955645
-0.3075130988090349,1,80.979955
-0.21981278266648344,1,81.008742
-0.3075130988090349,1,81.034857
-0.202880340222155,1,81.054272
-0.19757116253789728,1,81.099477
-0.1934356550203257,1,81.120485
-0.23456197452549263,1,81.135917
-0.22842371983130924,1,81.16749
-0.19757116253789728,1,81.187982
-0.23915908691672272,1,81.205925
-0.18514794267042364,1,81.221499
-0.17868596310296359,1,81.253318
-0.10245666586838688,1,81.266327
-0.13590161703673273,1,81.292678
-0.10245666586838688,1,81.322735
-0.1676667450195734,1,81.344058
-0.10245666586838688,1,81.367034
-0.1676667450195734,1,81.398655
-0.10245666586838688,1,81.410944
-0.12640449794697636,1,81.437261
-0.18514794267042364,1,81.448916
-0.16014052438122356,1,81.479847
-0.19757116253789728,1,81.511071
-0.18514794267042364,1,81.525185
-0.2044517573898668,1,81.561289
-0.22842371983130924,1,81.596649
-0.19757116253789728,1,81.620379
-0.245061589833413,1,81.667467
-0.20994583200024086,1,81.694995
-0.29946578540239277,1,81.729362
-0.2881767605015656,1,81.74351
-0.3017203772142007,1,81.766798
-0.4220999663688672,1,81.784122
-0.38224636154839015,1,81.796093
-0.4220999663688672,1,81.814085
-0.35553410236850186,1,81.824701
-0.3075130988090349,1,81.834844
-0.2711909879146074,1,81.849044
-0.35553410236850186,1,81.859967
-0.5207600099034174,1,81.870813
-0.18514794267042364,1,81.884124
-0.20685653341313992,1,81.895956
-0.3075130988090349,1,81.906436
-0.2784784944652248,1,81.92552
-0.16014052438122356,1,81.936522
-0.21981278266648344,1,81.947212
-0.21981278266648344,1,81.958685
-0.21981278266648344,1,81.968638
-0.2590177736618995,1,81.978475
-0.18514794267042364,1,81.991554
-0.19757116253789728,1,82.002234
-0.245061589833413,1,82.013782
-0.2711909879146074,1,82.028401
-0.1934356550203257,1,82.038682
-0.3075130988090349,1,82.047626
-0.22842371983130924,1,82.059537
-0.21981278266648344,1,82.070538
-0.22842371983130924,1,82.079826
-0.20994583200024086,1,82.091852
-0.35553410236850186,1,82.103287
-0.20994583200024086,1,82.113288
-0.35553410236850186,1,82.125704
-0.35553410236850186,1,82.135076
-0.35553410236850186,1,82.148567
-0.35553410236850186,1,82.160523
-0.29946578540239277,1,82.168677
-0.20994583200024086,1,82.179772
-0.31353995921494837,1,82.194926
-0.2590177736618995,1,82.204499
-0.29946578540239277,1,82.212705
-0.3075130988090349,1,82.229457
-0.31353995921494837,1,82.240273
-0.2044517573898668,1,82.249386
-0.21981278266648344,1,82.263999
-0.2711909879146074,1,82.278314
-0.22842371983130924,1,82.287523
-0.2711909879146074,1,82.300539
-0.39722046524176174,1,82.310187
-0.35553410236850186,1,82.324948
-0.39722046524176174,1,82.340025
-0.45042240199856287,1,82.349181
-0.45042240199856287,1,82.362373
-0.37939004297687867,1,82.378686
-0.2784784944652248,1,82.390904
-0.35553410236850186,1,82.399657
-0.16014052438122356,1,82.410672
-0.12215049617686068,1,82.426426
-0.245061589833413,1,82.435945
-0.2590177736618995,1,82.44983
-0.2711909879146074,1,82.460564
-0.2711909879146074,1,82.476576
-0.2784784944652248,1,82.489919
-0.2590177736618995,1,82.501902
-0.245061589833413,1,82.511314
-0.2590177736618995,1,82.5237
-0.22842371983130924,1,82.536737
-0.23456197452549263,1,82.548464
-0.14122542155212847,1,82.566911
-0.23456197452549263,1,82.585311
-0.14122542155212847,1,82.595911
-0.23456197452549263,1,82.619524
-0.14122542155212847,1,82.628788
-0.23456197452549263,1,82.638328
-0.1742349153892876,1,82.652725
-0.19757116253789728,1,82.661809
-0.16014052438122356,1,82.671243
-0.2711909879146074,1,82.685409
-0.31353995921494837,1,82.696611
-0.2427308079405328,1,82.705847
-0.1934356550203257,1,82.720902
-0.12980126866527975,1,82.734209
-0.14122542155212847,1,82.743875
-0.15594980537188471,1,82.757781
-0.1742349153892876,1,82.767778
-0.15594980537188471,1,82.778925
-0.1742349153892876,1,82.791154
-0.18514794267042364,1,82.808019
-0.14122542155212847,1,82.817405
-0.16014052438122356,1,82.830436
-0.11446970687829565,1,82.841535
-0.12640449794697636,1,82.853904
-0.11446970687829565,1,82.86547
-0.10464711163640988,1,82.877109
-0.12640449794697636,1,82.887579
-0.12910693019226047,1,82.90186
-0.1676667450195734,1,82.9141
-0.15007093265273003,1,82.925079
-0.12640449794697636,1,82.940845
-0.12910693019226047,1,82.951161
-0.14122542155212847,1,82.965339
-0.15594980537188471,1,82.978251
-0.16014052438122356,1,82.98794
-0.16571756332504103,1,83.000429
-0.16014052438122356,1,83.014849
-0.16571756332504103,1,83.025667
-0.1934356550203257,1,83.03597
-0.19757116253789728,1,83.051461
-0.1742349153892876,1,83.064428
-0.19757116253789728,1,83.076616
-0.14122542155212847,1,83.090614
-0.18514794267042364,1,83.100414
-0.1742349153892876,1,83.112098
-0.18514794267042364,1,83.129132
-0.16014052438122356,1,83.138313
-0.18514794267042364,1,83.148318
-0.14122542155212847,1,83.166244
-0.18514794267042364,1,83.179281
-0.1742349153892876,1,83.193092
-0.19757116253789728,1,83.20523
-0.16014052438122356,1,83.218537
-0.15594980537188471,1,83.229516
-0.1742349153892876,1,83.244416
-0.15594980537188471,1,83.254802
-0.16014052438122356,1,83.266464
-0.12215049617686068,1,83.278621
-0.14122542155212847,1,83.292316
-0.15594980537188471,1,83.30247
-0.14122542155212847,1,83.314926
-0.23456197452549263,1,83.330154
-0.16014052438122356,1,83.341386
-0.20994583200024086,1,83.357947
-0.2784784944652248,1,83.367384
-0.20994583200024086,1,83.379561
-0.3363775046578459,1,83.396798
-0.35553410236850186,1,83.410225
-0.29946578540239277,1,83.421149
-0.20994583200024086,1,83.441182
-0.245061589833413,1,83.452925
-0.19757116253789728,1,83.480246
-0.14122542155212847,1,83.518079
-0.12640449794697636,1,83.540194
-0.18514794267042364,1,83.56023
-0.12640449794697636,1,83.594405
-0.21981278266648344,1,83.612169
-0.2711909879146074,1,83.637503
-0.21981278266648344,1,83.655467
-0.2609678440207759,1,83.683109
-0.18514794267042364,1,83.704137
-0.2044517573898668,1,83.732331
-0.21981278266648344,1,83.766555
-0.13590161703673273,1,83.781191
-0.21981278266648344,1,83.816206
-0.16571756332504103,1,83.844188
-0.11446970687829565,1,83.859406
-0.21981278266648344,1,83.886222
-0.12640449794697636,1,83.903635
-0.2044517573898668,1,83.936639
-0.12640449794697636,1,83.967537
-0.15594980537188471,1,83.982896
-0.14122542155212847,1,84.01686
-0.2711909879146074,1,84.034629
-0.1742349153892876,1,84.062359
-0.2711909879146074,1,84.088629
-0.31353995921494837,1,84.113971
-0.2590177736618995,1,84.142355
-0.22842371983130924,1,84.171436
-0.16014052438122356,1,84.195453
-0.1934356550203257,1,84.22888
-0.12640449794697636,1,84.267613
-0.1676667450195734,1,84.298244
-0.15007093265273003,1,84.313735
-0.14122542155212847,1,84.339936
-0.21981278266648344,1,84.364066
-0.16014052438122356,1,84.392252
-0.15594980537188471,1,84.417631
-0.10772261038881333,1,84.445153
-0.15594980537188471,1,84.471077
-0.16014052438122356,1,84.484848
-0.16571756332504103,1,84.521445
-0.16014052438122356,1,84.554126
-0.16014052438122356,1,84.569251
-0.16014052438122356,1,84.603564
-0.16014052438122356,1,84.628935
-0.16014052438122356,1,84.647693
-0.2044517573898668,1,84.675283
-0.22842371983130924,1,84.702291
-0.32196547705471795,1,84.722381
-0.3936584440836529,1,84.739645
-0.35553410236850186,1,84.769748
-0.5403451646517261,1,84.784168
-0.4220999663688672,1,84.814599
-0.2427308079405328,1,84.861282
-0.2881767605015656,1,84.890018
-0.2784784944652248,1,84.922213
-0.35553410236850186,1,84.946703
-0.29946578540239277,1,84.972842
-0.35553410236850186,1,85.019746
-0.28679255545526133,1,85.049327
-0.19757116253789728,1,85.081952
-0.23915908691672272,1,85.131261
-0.19757116253789728,1,85.150731
-0.1934356550203257,1,85.186034
-0.19757116253789728,1,85.22071
-0.1742349153892876,1,85.235158
-0.15594980537188471,1,85.270813
-0.1676667450195734,1,85.305711
-0.12980126866527975,1,85.319033
-0.14122542155212847,1,85.354156
-0.15594980537188471,1,85.371564
-0.1742349153892876,1,85.405238
-0.2711909879146074,1,85.439383
-0.18514794267042364,1,85.45589
-0.3075130988090349,1,85.482542
-0.3363775046578459,1,85.516352
-0.3075130988090349,1,85.533986
-0.20685653341313992,1,85.561988
-0.21981278266648344,1,85.588707
-0.12640449794697636,1,85.613103
-0.29946578540239277,1,85.643435
-0.2655144896098338,1,85.665235
-0.32196547705471795,1,85.703749
-0.2784784944652248,1,85.724845
-0.35553410236850186,1,85.737672
-0.35553410236850186,1,85.777681
-0.2590177736618995,1,85.80056
-0.245061589833413,1,85.815337
-0.20994583200024086,1,85.854878
-0.2784784944652248,1,85.888326
-0.20994583200024086,1,85.912786
-0.202880340222155,1,85.961179
-0.20994583200024086,1,85.98394
-0.16014052438122356,1,86.016709
-0.16014052438122356,1,86.037896
-0.20685653341313992,1,86.051378
-0.18514794267042364,1,86.061798
-0.16014052438122356,1,86.077439
-0.2427308079405328,1,86.08887
-0.22842371983130924,1,86.100448
-0.16571756332504103,1,86.117137
-0.1934356550203257,1,86.128739
-0.23456197452549263,1,86.141505
-0.22637536081094042,1,86.155543
-0.16014052438122356,1,86.169316
-0.16014052438122356,1,86.181133
-0.16014052438122356,1,86.194483
-0.16014052438122356,1,86.208125
-0.15594980537188471,1,86.219785
-0.1742349153892876,1,86.233184
-0.16014052438122356,1,86.246701
-0.1742349153892876,1,86.259932
-0.16014052438122356,1,86.279543
-0.16014052438122356,1,86.289716
-0.15594980537188471,1,86.306807
-0.16014052438122356,1,86.320083
-0.16014052438122356,1,86.333131
-0.18514794267042364,1,86.347827
-0.16571756332504103,1,86.361394
-0.12640449794697636,1,86.372393
-0.16571756332504103,1,86.38803
-0.18514794267042364,1,86.402627
-0.16014052438122356,1,86.419152
-0.28679255545526133,1,86.431697
-0.19757116253789728,1,86.450735
-0.28679255545526133,1,86.463714
-0.20994583200024086,1,86.478643
-0.202880340222155,1,86.500556
-0.16014052438122356,1,86.513004
-0.16014052438122356,1,86.525723
-0.12640449794697636,1,86.537562
-0.14122542155212847,1,86.55084
-0.19757116253789728,1,86.562339
-0.16014052438122356,1,86.580395
-0.12215049617686068,1,86.590551
-0.16014052438122356,1,86.607431
-0.18514794267042364,1,86.623733
-0.16014052438122356,1,86.634247
-0.2044517573898668,1,86.643378
-0.16014052438122356,1,86.656393
-0.12215049617686068,1,86.671364
-0.22842371983130924,1,86.679508
-0.2044517573898668,1,86.690735
-0.12640449794697636,1,86.702715
-0.2044517573898668,1,86.710902
-0.16014052438122356,1,86.733147
-0.2044517573898668,1,86.743096
-0.22842371983130924,1,86.752342
-0.23456197452549263,1,86.763359
-0.1742349153892876,1,86.77598
-0.19757116253789728,1,86.785894
-0.1934356550203257,1,86.797582
-0.21406049972388985,1,86.810503
-0.1742349153892876,1,86.820192
-0.18514794267042364,1,86.832399
-0.20685653341313992,1,86.84245
-0.19757116253789728,1,86.855796
-0.20685653341313992,1,86.868217
-0.23456197452549263,1,86.877421
-0.1934356550203257,1,86.890262
-0.2044517573898668,1,86.908655
-0.21981278266648344,1,86.919692
-0.21981278266648344,1,86.929554
-0.21981278266648344,1,86.940984
-0.31822252126421113,1,86.951773
-0.21981278266648344,1,86.966873
-0.2806354599285221,1,86.985356
-0.2655144896098338,1,86.997463
-0.2806354599285221,1,87.011964
-0.2655144896098338,1,87.025931
-0.2044517573898668,1,87.040926
-0.2655144896098338,1,87.051806
-0.2044517573898668,1,87.064287
-0.18514794267042364,1,87.073657
-0.2044517573898668,1,87.08434
-0.18514794267042364,1,87.095822
-0.2044517573898668,1,87.10492
-0.22842371983130924,1,87.118206
-0.16014052438122356,1,87.133038
-0.16014052438122356,1,87.142472
-0.19757116253789728,1,87.151082
-0.1742349153892876,1,87.166968
-0.16014052438122356,1,87.180391
-0.16014052438122356,1,87.193406
-0.12640449794697636,1,87.205761
-0.1676667450195734,1,87.215694
-0.12640449794697636,1,87.226131
-0.1676667450195734,1,87.239573
-0.18514794267042364,1,87.251337
-0.1742349153892876,1,87.259316
-0.23456197452549263,1,87.275053
-0.14122542155212847,1,87.287537
-0.18514794267042364,1,87.296906
-0.16014052438122356,1,87.310589
-0.16014052438122356,1,87.32018
-0.16014052438122356,1,87.329563
-0.19757116253789728,1,87.343352
-0.16014052438122356,1,87.356109
-0.15594980537188471,1,87.365539
-0.16014052438122356,1,87.378161
-0.19757116253789728,1,87.389781
-0.18514794267042364,1,87.398568
-0.19757116253789728,1,87.412538
-0.22637536081094042,1,87.423594
-0.19757116253789728,1,87.438559
-0.202880340222155,1,87.451714
-0.16014052438122356,1,87.46686
-0.2427308079405328,1,87.476446
-0.35553410236850186,1,87.488336
-0.29946578540239277,1,87.504656
-0.35553410236850186,1,87.516357
-0.3017203772142007,1,87.530463
-0.32196547705471795,1,87.5432
-0.35553410236850186,1,87.555423
-0.2881767605015656,1,87.568322
-0.2784784944652248,1,87.578361
-0.16014052438122356,1,87.589678
-0.202880340222155,1,87.60493
-0.20994583200024086,1,87.618017
-0.35553410236850186,1,87.629402
-0.20994583200024086,1,87.642093
-0.16014052438122356,1,87.652679
-0.20994583200024086,1,87.663475
-0.29946578540239277,1,87.674644
-0.20994583200024086,1,87.684319
-0.245061589833413,1,87.696529
-0.20994583200024086,1,87.712095
-0.2784784944652248,1,87.725389
-0.35553410236850186,1,87.746169
-0.22842371983130924,1,87.761776
-0.16014052438122356,1,87.790534
-0.2427308079405328,1,87.815864
-0.3075130988090349,1,87.836279
-0.245061589833413,1,87.866504
-0.19757116253789728,1,87.898425
-0.202880340222155,1,87.939184
-0.16014052438122356,1,87.961818
-0.20685653341313992,1,88.000959
-0.19757116253789728,1,88.028321
-0.3281468837894772,1,88.054514
-0.19757116253789728,1,88.075356
-0.16014052438122356,1,88.103806
-0.12640449794697636,1,88.130551
-0.22637536081094042,1,88.14548
-0.2427308079405328,1,88.173717
-0.1934356550203257,1,88.198965
-0.19757116253789728,1,88.215459
-0.2590177736618995,1,88.243538
-0.18514794267042364,1,88.269925
-0.17868596310296359,1,88.28745
-0.12640449794697636,1,88.300879
-0.17868596310296359,1,88.31332
-0.12640449794697636,1,88.3239
-0.15268550513598594,1,88.337126
-0.15594980537188471,1,88.347913
-0.1676667450195734,1,88.358472
-0.18514794267042364,1,88.371027
-0.20685653341313992,1,88.381955
-0.18514794267042364,1,88.393138
-0.14122542155212847,1,88.412933
-0.15594980537188471,1,88.427361
-0.20685653341313992,1,88.448605
-0.19757116253789728,1,88.468604
-0.245061589833413,1,88.480865
-0.23456197452549263,1,88.491886
-0.20685653341313992,1,88.506249
-0.15594980537188471,1,88.516609
-0.14122542155212847,1,88.527102
-0.15594980537188471,1,88.542695
-0.14122542155212847,1,88.553048
-0.15594980537188471,1,88.561862
-0.16014052438122356,1,88.573967
-0.2044517573898668,1,88.584773
-0.16014052438122356,1,88.594357
-0.15594980537188471,1,88.606105
-0.14122542155212847,1,88.616786
-0.15594980537188471,1,88.627986
-0.14122542155212847,1,88.644286
-0.15594980537188471,1,88.655689
-0.12640449794697636,1,88.664803
-0.21406049972388985,1,88.679762
-0.1934356550203257,1,88.689878
-0.1901232807353778,1,88.705593
-0.22637536081094042,1,88.717222
-0.12640449794697636,1,88.729941
-0.2711909879146074,1,88.744097
-0.19757116253789728,1,88.756086
-0.202880340222155,1,88.767951
-0.3075130988090349,1,88.777376
-0.245061589833413,1,88.789147
-0.20994583200024086,1,88.797266
-0.22842371983130924,1,88.817015
-0.12640449794697636,1,88.829511
-0.1934356550203257,1,88.845781
-0.16571756332504103,1,88.86044
-0.2711909879146074,1,88.872917
-0.3075130988090349,1,88.884182
-0.21981278266648344,1,88.896715
-0.2711909879146074,1,88.908725
-0.31353995921494837,1,88.923904
-0.2044517573898668,1,88.937679
-0.21981278266648344,1,88.960331
-0.2044517573898668,1,88.971171
-0.18514794267042364,1,88.979907
-0.19757116253789728,1,88.992777
-0.16014052438122356,1,89.003689
-0.2427308079405328,1,89.014039
-0.16014052438122356,1,89.025857
-0.2711909879146074,1,89.036078
-0.20685653341313992,1,89.046287
-0.19757116253789728,1,89.058367
-0.20685653341313992,1,89.070871
-0.19757116253789728,1,89.082833
-0.20685653341313992,1,89.102958
-0.19757116253789728,1,89.113405
-0.12640449794697636,1,89.122721
-0.15594980537188471,1,89.133845
-0.16014052438122356,1,89.148041
-0.19757116253789728,1,89.157561
-0.11666740777311288,1,89.169939
-0.19757116253789728,1,89.18175
-0.1934356550203257,1,89.192678
-0.23456197452549263,1,89.204584
-0.1742349153892876,1,89.213215
-0.19757116253789728,1,89.225376
-0.18514794267042364,1,89.237516
-0.19757116253789728,1,89.246517
-0.1934356550203257,1,89.256637
-0.21406049972388985,1,89.268402
-0.20685653341313992,1,89.277975
-0.16014052438122356,1,89.287143
-0.20685653341313992,1,89.300898
-0.12640449794697636,1,89.312242
-0.19384945200204626,1,89.321953
-0.10245666586838688,1,89.334259
-0.12640449794697636,1,89.344453
-0.12640449794697636,1,89.353662
-0.12640449794697636,1,89.365006
-0.15007093265273003,1,89.376968
-0.13590161703673273,1,89.392884
-0.15007093265273003,1,89.403764
-0.12640449794697636,1,89.411988
-0.12640449794697636,1,89.425362
-0.20685653341313992,1,89.436553
-0.19757116253789728,1,89.446877
-0.2590177736618995,1,89.468214
-0.19757116253789728,1,89.492913
-0.202880340222155,1,89.505625
-0.2590177736618995,1,89.514085
-0.245061589833413,1,89.527701
-0.19757116253789728,1,89.545193
-0.22842371983130924,1,89.554292
-0.2590177736618995,1,89.565884
-0.22842371983130924,1,89.578444
-0.2044517573898668,1,89.587529
-0.16014052438122356,1,89.60127
-0.12640449794697636,1,89.611345
-0.17868596310296359,1,89.622914
-0.18514794267042364,1,89.634402
-0.1676667450195734,1,89.643454
-0.16014052438122356,1,89.655721
-0.14122542155212847,1,89.667689
-0.16014052438122356,1,89.677069
-0.14122542155212847,1,89.687963
-0.12640449794697636,1,89.701039
-0.12640449794697636,1,89.710397
-0.15594980537188471,1,89.720232
-0.12640449794697636,1,89.736122
-0.15007093265273003,1,89.746049
-0.17868596310296359,1,89.757373
-0.15007093265273003,1,89.7738
-0.1676667450195734,1,89.782658
-0.15007093265273003,1,89.797733
-0.1676667450195734,1,89.811892
-0.16014052438122356,1,89.821589
-0.16014052438122356,1,89.832145
-0.16014052438122356,1,89.844997
-0.2590177736618995,1,89.855525
-0.2044517573898668,1,89.864738
-0.21981278266648344,1,89.876108
-0.2044517573898668,1,89.888739
-0.21981278266648344,1,89.897802
-0.16014052438122356,1,89.910785
-0.2541385738595232,1,89.921111
-0.16014052438122356,1,89.938876
-0.15007093265273003,1,89.961053
-0.21981278266648344,1,89.976068
-0.21981278266648344,1,90.007048
-0.16571756332504103,1,90.024719
-0.12640449794697636,1,90.045598
-0.2044517573898668,1,90.058788
-0.22842371983130924,1,90.092066
-0.2044517573898668,1,90.106028
-0.12640449794697636,1,90.127987
-0.15594980537188471,1,90.158586
-0.14122542155212847,1,90.18617
-0.19757116253789728,1,90.208815
-0.202880340222155,1,90.243684
-0.2590177736618995,1,90.266907
-0.2427308079405328,1,90.298077
-0.21981278266648344,1,90.329418
-0.21981278266648344,1,90.353708
-0.2881767605015656,1,90.376072
-0.3363775046578459,1,90.392343
-0.2711909879146074,1,90.427959
-0.3363775046578459,1,90.455607
-0.32196547705471795,1,90.476494
-0.2655144896098338,1,90.510413
-0.32196547705471795,1,90.540348
-0.2711909879146074,1,90.557612
-0.29946578540239277,1,90.591848
-0.2655144896098338,1,90.611454
-0.2044517573898668,1,90.632782
-0.22842371983130924,1,90.660913
-0.1676667450195734,1,90.688679
-0.17350589142033865,1,90.713253
-0.2044517573898668,1,90.740576
-0.31353995921494837,1,90.761199
-0.2044517573898668,1,90.788433
-0.14122542155212847,1,90.801042
-0.16014052438122356,1,90.838334
-0.14122542155212847,1,90.870967
-0.16014052438122356,1,90.885278
-0.14122542155212847,1,90.915243
-0.16014052438122356,1,90.943293
-0.18514794267042364,1,90.963767
-0.16014052438122356,1,90.990868
-0.14122542155212847,1,91.018766
-0.16014052438122356,1,91.044766
-0.16014052438122356,1,91.069871
-0.20994583200024086,1,91.096835
-0.16014052438122356,1,91.121959
-0.16014052438122356,1,91.136411
-0.16014052438122356,1,91.174647
-0.16014052438122356,1,91.204327
-0.18514794267042364,1,91.21881
-0.16014052438122356,1,91.25899
-0.18514794267042364,1,91.28815
-0.20994583200024086,1,91.304394
-0.2784784944652248,1,91.34461
-0.20994583200024086,1,91.371675
-0.21981278266648344,1,91.386243
-0.20994583200024086,1,91.435734
-0.2784784944652248,1,91.462116
-0.2711909879146074,1,91.499129
-0.2655144896098338,1,91.53397
-0.2427308079405328,1,91.549019
-0.1934356550203257,1,91.585387
-0.15594980537188471,1,91.610163
-0.20685653341313992,1,91.636504
-0.15594980537188471,1,91.660595
-0.14122542155212847,1,91.691494
-0.16014052438122356,1,91.712244
-0.15007093265273003,1,91.734579
-0.16571756332504103,1,91.766514
-0.22637536081094042,1,91.838226
-0.21406049972388985,1,91.892751
-0.23915908691672272,1,91.926589
-0.12640449794697636,1,91.962639
-0.20685653341313992,1,92.033362
-0.12640449794697636,1,92.107629
-0.1742349153892876,1,92.125565
-0.2711909879146074,1,92.137552
-0.23915908691672272,1,92.154718
-0.23456197452549263,1,92.168303
-0.245061589833413,1,92.178279
-0.16014052438122356,1,92.193148
-0.22842371983130924,1,92.205026
-0.32196547705471795,1,92.215729
-0.22842371983130924,1,92.229935
-0.2590177736618995,1,92.242486
-0.202880340222155,1,92.256422
-0.23456197452549263,1,92.272014
-0.3281468837894772,1,92.282475
-0.23456197452549263,1,92.293494
-0.16014052438122356,1,92.311634
-0.3075130988090349,1,92.323161
-0.2784784944652248,1,92.335107
-0.21981278266648344,1,92.349268
-0.22842371983130924,1,92.368203
-0.20994583200024086,1,92.377312
-0.2427308079405328,1,92.391411
-0.35553410236850186,1,92.406578
-0.2784784944652248,1,92.419032
-0.2711909879146074,1,92.43158
-0.3345781397876577,1,92.442317
-0.5207600099034174,1,92.455524
-0.45042240199856287,1,92.467876
-0.4661087704978553,1,92.479001
-0.2590177736618995,1,92.490845
-0.5905082820512038,1,92.504677
-0.6827215907658518,1,92.518524
-0.8105460448991694,1,92.531891
-0.4880147650098113,1,92.545938
-0.4661087704978553,1,92.557789
-0.35553410236850186,1,92.574404
-0.2881767605015656,1,92.588915
-0.3017203772142007,1,92.600217
-0.35553410236850186,1,92.610798
-0.3936584440836529,1,92.625483
-0.35553410236850186,1,92.63549
-0.3936584440836529,1,92.649246
-0.2881767605015656,1,92.672542
-0.35553410236850186,1,92.684872
-0.4220999663688672,1,92.701955
-0.38224636154839015,1,92.71492
-0.2881767605015656,1,92.726109
-0.21981278266648344,1,92.73848
-0.16014052438122356,1,92.763116
-0.18514794267042364,1,92.774233
-0.16014052438122356,1,92.788403
-0.18514794267042364,1,92.802192
-0.16571756332504103,1,92.816485
-0.12640449794697636,1,92.82813
-0.19757116253789728,1,92.842981
-0.12640449794697636,1,92.85537
-0.15594980537188471,1,92.866018
-0.12640449794697636,1,92.879635
-0.15594980537188471,1,92.889582
-0.12640449794697636,1,92.90082
-0.2427308079405328,1,92.914529
-0.22842371983130924,1,92.926958
-0.1676667450195734,1,92.937371
-0.22842371983130924,1,92.952494
-0.2590177736618995,1,92.961586
-0.202880340222155,1,92.970867
-0.23456197452549263,1,92.984733
-0.1934356550203257,1,92.995951
-0.19757116253789728,1,93.00636
-0.16014052438122356,1,93.019207
-0.19757116253789728,1,93.031317
-0.20685653341313992,1,93.042071
-0.12215049617686068,1,93.05519
-0.14122542155212847,1,93.06775
-0.12215049617686068,1,93.078727
-0.22842371983130924,1,93.091638
-0.3075130988090349,1,93.102269
-0.22842371983130924,1,93.112569
-0.2590177736618995,1,93.125118
-0.16014052438122356,1,93.148545
-0.19757116253789728,1,93.163243
-0.2711909879146074,1,93.182663
-0.2044517573898668,1,93.193477
-0.21981278266648344,1,93.205626
-0.2427308079405328,1,93.218104
-0.16014052438122356,1,93.231819
-0.2427308079405328,1,93.242471
-0.1934356550203257,1,93.256761
-0.2427308079405328,1,93.267334
-0.2655144896098338,1,93.277992
-0.32196547705471795,1,93.295831
-0.22842371983130924,1,93.314397
-0.20994583200024086,1,93.324568
-0.202880340222155,1,93.337692
-0.19757116253789728,1,93.350587
-0.12640449794697636,1,93.361108
-0.2044517573898668,1,93.376821
-0.12640449794697636,1,93.386117
-0.2427308079405328,1,93.398266
-0.21981278266648344,1,93.411546
-0.2427308079405328,1,93.421593
-0.3107283317527115,1,93.431237
-0.3017203772142007,1,93.44398
-0.18514794267042364,1,93.455886
-0.3017203772142007,1,93.464771
-0.18514794267042364,1,93.475852
-0.16926047907577138,1,93.489143
-0.16014052438122356,1,93.500338
-0.16014052438122356,1,93.514035
-0.16014052438122356,1,93.522775
-0.20095074438572624,1,93.537244
-0.2541385738595232,1,93.555275
-0.13590161703673273,1,93.570598
-0.18514794267042364,1,93.586994
-0.16014052438122356,1,93.598697
-0.19384945200204626,1,93.606998
-0.12640449794697636,1,93.620026
-0.15268550513598594,1,93.631257
-0.12640449794697636,1,93.640246
-0.15268550513598594,1,93.650918
-0.18514794267042364,1,93.664743
-0.15268550513598594,1,93.675456
-0.18514794267042364,1,93.687707
-0.16014052438122356,1,93.70163
-0.18514794267042364,1,93.712608
-0.16014052438122356,1,93.723426
-0.12215049617686068,1,93.737386
-0.202880340222155,1,93.746648
-0.2590177736618995,1,93.757
-0.2711909879146074,1,93.771373
-0.23456197452549263,1,93.78217
-0.18514794267042364,1,93.793866
-0.2711909879146074,1,93.808926
-0.18514794267042364,1,93.821794
-0.20994583200024086,1,93.832316
-0.28679255545526133,1,93.844511
-0.2590177736618995,1,93.855289
-0.3363775046578459,1,93.865229
-0.2590177736618995,1,93.877315
-0.22842371983130924,1,93.889294
-0.2590177736618995,1,93.90056
-0.245061589833413,1,93.921587
-0.16014052438122356,1,93.942944
-0.14122542155212847,1,93.968919
-0.16014052438122356,1,93.992897
-0.14122542155212847,1,94.014959
-0.16014052438122356,1,94.037046
-0.2711909879146074,1,94.062304
-0.32196547705471795,1,94.087214
-0.2655144896098338,1,94.108721
-0.2044517573898668,1,94.139369
-0.14122542155212847,1,94.161742
-0.16571756332504103,1,94.182771
-0.2711909879146074,1,94.209325
-0.19757116253789728,1,94.234556
-0.1934356550203257,1,94.258455
-0.23456197452549263,1,94.292349
-0.1742349153892876,1,94.312582
-0.23456197452549263,1,94.331768
-0.22842371983130924,1,94.357392
-0.16571756332504103,1,94.382385
-0.16014052438122356,1,94.40767
-0.15594980537188471,1,94.437926
-0.17868596310296359,1,94.458848
-0.15007093265273003,1,94.486701
-0.17868596310296359,1,94.515115
-0.15007093265273003,1,94.543417
-0.17868596310296359,1,94.583925
-0.15594980537188471,1,94.625053
-0.17868596310296359,1,94.6545
-0.15007093265273003,1,94.674801
-0.12640449794697636,1,94.706141
-0.12640449794697636,1,94.71959
-0.12640449794697636,1,94.731286
-0.12640449794697636,1,94.744045
-0.1676667450195734,1,94.753689
-0.15327933531297963,1,94.765428
-0.16014052438122356,1,94.780296
-0.1371934118726051,1,94.789611
-0.21981278266648344,1,94.801408
-0.20095074438572624,1,94.815609
-0.21981278266648344,1,94.825907
-0.1371934118726051,1,94.834738
-0.21981278266648344,1,94.848833
-0.17816838160859882,1,94.861359
-0.21981278266648344,1,94.873561
-0.17816838160859882,1,94.886103
-0.21981278266648344,1,94.896317
-0.17816838160859882,1,94.906676
-0.21981278266648344,1,94.918534
-0.16571756332504103,1,94.929489
-0.21981278266648344,1,94.93933
-0.17816838160859882,1,94.952699
-0.18514794267042364,1,94.961909
-0.16014052438122356,1,94.97397
-0.12640449794697636,1,94.984891
-0.16014052438122356,1,94.994426
-0.16014052438122356,1,95.005186
-0.23456197452549263,1,95.017621
-0.28679255545526133,1,95.027169
-0.20994583200024086,1,95.03774
-0.28679255545526133,1,95.052445
-0.20994583200024086,1,95.062263
-0.28679255545526133,1,95.072691
-0.19757116253789728,1,95.090135
-0.18514794267042364,1,95.10154
-0.2590177736618995,1,95.110524
-0.21981278266648344,1,95.12392
-0.2881767605015656,1,95.135566
-0.18514794267042364,1,95.14499
-0.21981278266648344,1,95.160126
-0.35553410236850186,1,95.169915
-0.21981278266648344,1,95.180914
-0.3017203772142007,1,95.196729
-0.4220999663688672,1,95.209005
-0.4386352935849928,1,95.220023
-0.23456197452549263,1,95.234526
-0.14122542155212847,1,95.248457
-0.2711909879146074,1,95.258019
-0.2784784944652248,1,95.273555
-0.2711909879146074,1,95.30003
-0.2655144896098338,1,95.321391
-0.2427308079405328,1,95.337538
-0.22842371983130924,1,95.349989
-0.2427308079405328,1,95.362686
-0.16014052438122356,1,95.376769
-0.2427308079405328,1,95.387381
-0.22842371983130924,1,95.40395
-0.2044517573898668,1,95.427543
-0.22842371983130924,1,95.441678
-0.16014052438122356,1,95.452554
-0.18514794267042364,1,95.46782
-0.2711909879146074,1,95.47896
-0.18514794267042364,1,95.491343
-0.2590177736618995,1,95.503429
-0.245061589833413,1,95.532589
-0.16014052438122356,1,95.544122
-0.1742349153892876,1,95.559724
-0.3075130988090349,1,95.576801
-0.23915908691672272,1,95.588278
-0.12640449794697636,1,95.603378
-0.22637536081094042,1,95.613569
-0.18514794267042364,1,95.624757
-0.17868596310296359,1,95.639308
-0.15594980537188471,1,95.650026
-0.1934356550203257,1,95.659929
-0.12640449794697636,1,95.675235
-0.22637536081094042,1,95.688713
-0.16014052438122356,1,95.698942
-0.19384945200204626,1,95.711253
-0.16014052438122356,1,95.722314
-0.21981278266648344,1,95.734692
-0.2427308079405328,1,95.747974
-0.21981278266648344,1,95.757834
-0.2427308079405328,1,95.769237
-0.21981278266648344,1,95.784321
-0.21981278266648344,1,95.794732
-0.18514794267042364,1,95.807299
-0.19757116253789728,1,95.822444
-0.14122542155212847,1,95.835909
-0.19757116253789728,1,95.850667
-0.22842371983130924,1,95.865587
-0.19757116253789728,1,95.884747
-0.22842371983130924,1,95.897575
-0.19757116253789728,1,95.918049
-0.28679255545526133,1,95.934011
-0.16014052438122356,1,95.945352
-0.1934356550203257,1,95.959836
-0.2711909879146074,1,95.975805
-0.1742349153892876,1,95.987265
-0.15594980537188471,1,96.001202
-0.14122542155212847,1,96.011765
-0.24925352599435066,1,96.021943
-0.21981278266648344,1,96.035714
-0.2609678440207759,1,96.045496
-0.15007093265273003,1,96.055528
-0.16014052438122356,1,96.068185
-0.16014052438122356,1,96.07903
-0.16014052438122356,1,96.091444
-0.1934356550203257,1,96.104522
-0.2044517573898668,1,96.114837
-0.1934356550203257,1,96.129513
-0.16014052438122356,1,96.143038
-0.22842371983130924,1,96.155423
-0.16014052438122356,1,96.167926
-0.245061589833413,1,96.181278
-0.3075130988090349,1,96.192331
-0.2711909879146074,1,96.204659
-0.23456197452549263,1,96.218335
-0.22842371983130924,1,96.229233
-0.20994583200024086,1,96.243476
-0.202880340222155,1,96.261605
-0.23456197452549263,1,96.274637
-0.202880340222155,1,96.287497
-0.20994583200024086,1,96.30131
-0.2427308079405328,1,96.324679
-0.2881767605015656,1,96.341195
-0.21981278266648344,1,96.356806
-0.2881767605015656,1,96.372792
-0.2427308079405328,1,96.38725
-0.21981278266648344,1,96.400848
-0.2427308079405328,1,96.412457
-0.2881767605015656,1,96.424576
-0.2784784944652248,1,96.437033
-0.2590177736618995,1,96.446708
-0.12640449794697636,1,96.465266
-0.20994583200024086,1,96.494418
-0.202880340222155,1,96.515675
-0.20994583200024086,1,96.540682
-0.3363775046578459,1,96.56904
-0.2590177736618995,1,96.591529
-0.202880340222155,1,96.621677
-0.23456197452549263,1,96.646135
-0.1742349153892876,1,96.669096
-0.21406049972388985,1,96.689789
-0.15268550513598594,1,96.718719
-0.17350589142033865,1,96.741382
-0.15268550513598594,1,96.766276
-0.15594980537188471,1,96.790854
-0.20685653341313992,1,96.819043
-0.19757116253789728,1,96.838044
-0.1742349153892876,1,96.866168
-0.2711909879146074,1,96.885785
-0.22637536081094042,1,96.912544
-0.23456197452549263,1,96.938845
-0.22637536081094042,1,96.960473
-0.19757116253789728,1,96.980083
-0.1742349153892876,1,97.00702
-0.23456197452549263,1,97.028304
-0.12640449794697636,1,97.047394
-0.16014052438122356,1,97.075735
-0.2711909879146074,1,97.093289
-0.19757116253789728,1,97.113395
-0.28679255545526133,1,97.142279
-0.2590177736618995,1,97.170343
-0.11666740777311288,1,97.191068
-0.16014052438122356,1,97.221714
-0.29946578540239277,1,97.241679
-0.3075130988090349,1,97.26731
-0.29946578540239277,1,97.288757
-0.4220999663688672,1,97.310815
-0.35553410236850186,1,97.332214
-0.3075130988090349,1,97.365175
-0.16014052438122356,1,97.38586
-0.16014052438122356,1,97.413282
-0.1742349153892876,1,97.432221
-0.18514794267042364,1,97.443609
-0.1934356550203257,1,97.455504
-0.2711909879146074,1,97.468942
-0.1934356550203257,1,97.479332
-0.2806354599285221,1,97.490201
-0.1934356550203257,1,97.5028
-0.2711909879146074,1,97.514599
-0.1934356550203257,1,97.526898
-0.2806354599285221,1,97.541113
-0.22637536081094042,1,97.551732
-0.19757116253789728,1,97.560476
-0.09208965165637123,1,97.574717
-0.2044517573898668,1,97.587183
-0.18514794267042364,1,97.597238
-0.2711909879146074,1,97.61416
-0.1742349153892876,1,97.62688
-0.15594980537188471,1,97.639015
-0.1742349153892876,1,97.652466
-0.19757116253789728,1,97.661538
-0.245061589833413,1,97.672055
-0.23456197452549263,1,97.685491
-0.245061589833413,1,97.694196
-0.3075130988090349,1,97.705131
-0.22842371983130924,1,97.719577
-0.2427308079405328,1,97.73009
-0.21981278266648344,1,97.739921
-0.24925352599435066,1,97.753784
-0.14122542155212847,1,97.766163
-0.1901232807353778,1,97.776223
-0.14122542155212847,1,97.789046
-0.16014052438122356,1,97.801542
-0.1676667450195734,1,97.811941
-0.15007093265273003,1,97.823449
-0.1676667450195734,1,97.833435
-0.1901232807353778,1,97.848936
-0.15007093265273003,1,97.863936
-0.2044517573898668,1,97.875776
-0.22842371983130924,1,97.885123
-0.23456197452549263,1,97.898212
-0.245061589833413,1,97.909475
-0.23456197452549263,1,97.918622
-0.1934356550203257,1,97.93697
-0.2711909879146074,1,99.365497
-0.23915908691672272,1,99.376784
-0.23456197452549263,1,99.390159
-0.20685653341313992,1,99.399989
-0.23456197452549263,1,99.412229
-0.22637536081094042,1,99.427166
-0.12640449794697636,1,99.43892
-0.23915908691672272,1,99.448952
-0.16014052438122356,1,99.462669
-0.23915908691672272,1,99.472879
-0.18514794267042364,1,99.482497
-0.22637536081094042,1,99.496052
-0.21981278266648344,1,99.507341
-0.1934356550203257,1,99.519334
-0.15594980537188471,1,99.533922
-0.1742349153892876,1,99.543948
-0.18514794267042364,1,99.560959
-0.22637536081094042,1,99.580967
-0.18514794267042364,1,99.59136
-0.14122542155212847,1,99.603773
-0.19757116253789728,1,99.619387
-0.18514794267042364,1,99.629412
-0.21981278266648344,1,99.643956
-0.3345781397876577,1,99.658136
-0.21981278266648344,1,99.668564
-0.2784784944652248,1,99.678487
-0.2881767605015656,1,99.690991
-0.2427308079405328,1,99.703759
-0.35553410236850186,1,99.714514
-0.38224636154839015,1,99.730068
-0.2881767605015656,1,99.739556
-0.2427308079405328,1,99.751216
-0.16014052438122356,1,99.76616
-0.18514794267042364,1,99.778577
-0.19757116253789728,1,99.788504
-0.2711909879146074,1,99.803401
-0.2590177736618995,1,99.820471
-0.2427308079405328,1,99.832805
-0.15007093265273003,1,99.851223
-0.2427308079405328,1,99.862323
-0.15007093265273003,1,99.872377
-0.2427308079405328,1,99.884132
-0.2881767605015656,1,99.895992
-0.2784784944652248,1,99.907838
-0.3075130988090349,1,99.920398
-0.21981278266648344,1,99.931167
-0.21981278266648344,1,99.942196
-0.21981278266648344,1,99.955139
-0.2881767605015656,1,99.96456
-0.3017203772142007,1,99.976958
-0.15007093265273003,1,99.991068
-0.2427308079405328,1,100.003405
-0.15007093265273003,1,100.013005
-0.2427308079405328,1,100.033631
-0.15007093265273003,1,100.04454
-0.2427308079405328,1,100.057096
-0.21981278266648344,1,100.071622
-0.4386352935849928,1,100.082331
-0.21981278266648344,1,100.092816
-0.18514794267042364,1,100.107435
-0.20994583200024086,1,100.121516
-0.09641764445864717,1,100.132707
-0.2044517573898668,1,100.145678
-0.18514794267042364,1,100.155651
-0.2044517573898668,1,100.166972
-0.18514794267042364,1,100.180051
-0.2044517573898668,1,100.189221
-0.18514794267042364,1,100.199862
-0.21981278266648344,1,100.214448
-0.2711909879146074,1,100.225007
-0.2711909879146074,1,100.236964
-0.3363775046578459,1,100.253474
-0.37939004297687867,1,100.26551
-0.20685653341313992,1,100.273701
-0.32196547705471795,1,100.28627
-0.18514794267042364,1,100.298344
-0.20994583200024086,1,100.308015
-0.22842371983130924,1,100.332894
-0.2711909879146074,1,100.352607
-0.14122542155212847,1,100.364813
-0.09641764445864717,1,100.384437
-0.11446970687829565,1,100.397593
-0.09900860155862554,1,100.408834
-0.11446970687829565,1,100.421788
-0.06759530995560722,1,100.432655
-0.09208965165637123,1,100.445317
-0.19757116253789728,1,100.458147
-0.14122542155212847,1,100.468528
-0.19757116253789728,1,100.481923
-0.18514794267042364,1,100.496422
-0.2590177736618995,1,100.507499
-0.3363775046578459,1,100.522352
-0.21981278266648344,1,100.53776
-0.14122542155212847,1,100.549747
-0.12640449794697636,1,100.561583
-0.11446970687829565,1,100.573744
-0.21981278266648344,1,100.583505
-0.11446970687829565,1,100.607269
-0.16014052438122356,1,100.63299
-0.29140496445545044,1,100.651599
-0.16571756332504103,1,100.685551
-0.18514794267042364,1,100.714213
-0.16014052438122356,1,100.734893
-0.22637536081094042,1,100.764129
-0.21406049972388985,1,100.787218
-0.20685653341313992,1,100.812922
-0.23456197452549263,1,100.835055
-0.1742349153892876,1,100.881369
-0.18514794267042364,1,100.902539
-0.22637536081094042,1,100.932139
-0.18514794267042364,1,100.974257
-0.17868596310296359,1,100.999665
-0.15007093265273003,1,101.024578
-0.1676667450195734,1,101.054247
-0.16014052438122356,1,101.083503
-0.1676667450195734,1,101.104271
-0.1901232807353778,1,101.133322
-0.14122542155212847,1,101.154043
-0.18514794267042364,1,101.180809
-0.2590177736618995,1,101.205266
-0.19757116253789728,1,101.234559
-0.2590177736618995,1,101.257682
-0.19757116253789728,1,101.285016
-0.2590177736618995,1,101.311176
-0.19757116253789728,1,101.332815
-0.2590177736618995,1,101.362957
-0.19757116253789728,1,101.385446
-0.1934356550203257,1,101.412943
-0.2044517573898668,1,101.438056
-0.22842371983130924,1,101.467546
-0.2590177736618995,1,101.495222
-0.3936584440836529,1,101.519548
-0.35553410236850186,1,101.553083
-0.21981278266648344,1,101.582228
-0.21981278266648344,1,101.617442
-0.22842371983130924,1,101.640637
-0.3075130988090349,1,101.664807
-0.2784784944652248,1,101.688373
-0.16014052438122356,1,101.712419
-0.09641764445864717,1,101.733495
-0.20994583200024086,1,101.763207
-0.2784784944652248,1,101.785569
-0.4220999663688672,1,101.812835
-0.2784784944652248,1,101.842275
-0.2590177736618995,1,101.86734
-0.22842371983130924,1,101.887139
-0.16014052438122356,1,101.918095
-0.16014052438122356,1,101.962117
-0.19757116253789728,1,101.99553
-0.14122542155212847,1,102.012143
-0.23456197452549263,1,102.030209
-0.16014052438122356,1,102.042608
-0.15594980537188471,1,102.056864
-0.14122542155212847,1,102.067653
-0.15007093265273003,1,102.079651
-0.11446970687829565,1,102.097277
-0.15594980537188471,1,102.110713
-0.11446970687829565,1,102.121853
-0.1901232807353778,1,102.134525
-0.21981278266648344,1,102.149722
-0.21981278266648344,1,102.162359
-0.2655144896098338,1,102.175898
-0.2609678440207759,1,102.185848
-0.32196547705471795,1,102.197708
-0.2479202084203917,1,102.217068
-0.35553410236850186,1,102.228537
-0.4220999663688672,1,102.239389
-0.21981278266648344,1,102.253233
-0.2427308079405328,1,102.263905
-0.3345781397876577,1,102.274287
-0.2711909879146074,1,102.286496
-0.2655144896098338,1,102.297388
-0.2711909879146074,1,102.307618
-0.2655144896098338,1,102.31918
-0.3017203772142007,1,102.330623
-0.2655144896098338,1,102.339853
-0.2806354599285221,1,102.353374
-0.2711909879146074,1,102.363993
-0.2590177736618995,1,102.375047
-0.2427308079405328,1,102.38726
-0.2590177736618995,1,102.397421
-0.3363775046578459,1,102.411521
-0.21981278266648344,1,102.423752
-0.22842371983130924,1,102.433877
-0.19757116253789728,1,102.446877
-0.14122542155212847,1,102.460416
-0.18514794267042364,1,102.471854
-0.15268550513598594,1,102.481781
-0.12640449794697636,1,102.496104
-0.12640449794697636,1,102.507547
-0.15594980537188471,1,102.517587
-0.16014052438122356,1,102.532209
-0.19757116253789728,1,102.543248
-0.18514794267042364,1,102.552499
-0.2590177736618995,1,102.565987
-0.18514794267042364,1,102.576679
-0.19757116253789728,1,102.587333
-0.1934356550203257,1,102.602629
-0.16571756332504103,1,102.614713
-0.1934356550203257,1,102.62766
-0.18514794267042364,1,102.640868
-0.20685653341313992,1,102.650725
-0.16014052438122356,1,102.663068
-0.20685653341313992,1,102.67852
-0.19757116253789728,1,102.687726
-0.10772261038881333,1,102.698159
-0.23456197452549263,1,102.713836
-0.16014052438122356,1,102.728307
-0.23456197452549263,1,102.74016
-0.22637536081094042,1,102.753502
-0.19757116253789728,1,102.763996
-0.23915908691672272,1,102.774884
-0.23456197452549263,1,102.787776
-0.12640449794697636,1,102.798398
-0.18514794267042364,1,102.808878
-0.10772261038881333,1,102.82107
-0.15594980537188471,1,102.83471
-0.1676667450195734,1,102.846642
-0.16014052438122356,1,102.860737
-0.1676667450195734,1,102.87016
-0.15007093265273003,1,102.88086
-0.13590161703673273,1,102.89462
-0.15007093265273003,1,102.904648
-0.15268550513598594,1,102.915694
-0.15594980537188471,1,102.930769
-0.14122542155212847,1,102.942818
-0.16014052438122356,1,102.953034
-0.14122542155212847,1,102.968704
-0.15594980537188471,1,102.980366
-0.20685653341313992,1,102.993572
-0.23456197452549263,1,103.007261
-0.20685653341313992,1,103.023444
-0.23456197452549263,1,103.044987
-0.20685653341313992,1,103.061506
-0.19757116253789728,1,103.07172
-0.2711909879146074,1,103.083776
-0.21981278266648344,1,103.099045
-0.2655144896098338,1,103.111198
-0.2609678440207759,1,103.12186
-0.32196547705471795,1,103.134541
-0.2609678440207759,1,103.146142
-0.21981278266648344,1,103.156688
-0.2711909879146074,1,103.16905
-0.2784784944652248,1,103.180731
-0.2590177736618995,1,103.199279
-0.202880340222155,1,103.218233
-0.16014052438122356,1,103.229801
-0.245061589833413,1,103.241467
-0.3075130988090349,1,103.253404
-0.245061589833413,1,103.264967
-0.2590177736618995,1,103.275212
-0.245061589833413,1,103.288402
-0.20994583200024086,1,103.300026
-0.245061589833413,1,103.311254
-0.20994583200024086,1,103.326748
-0.245061589833413,1,103.336855
-0.3075130988090349,1,103.347908
-0.35553410236850186,1,103.361548
-0.35553410236850186,1,103.370845
-0.3691778739927657,1,103.383446
-0.35553410236850186,1,103.397196
-0.3691778739927657,1,103.408051
-0.35553410236850186,1,103.416944
-0.41105402806100744,1,103.430891
-0.3075130988090349,1,103.442451
-0.35553410236850186,1,103.453634
-0.3075130988090349,1,103.468213
-0.16014052438122356,1,103.479847
-0.23456197452549263,1,103.491122
-0.16014052438122356,1,103.503803
-0.2427308079405328,1,103.514236
-0.22637536081094042,1,103.524966
-0.2427308079405328,1,103.538802
-0.2711909879146074,1,103.54842
-0.12215049617686068,1,103.55959
-0.202880340222155,1,103.57135
-0.2590177736618995,1,103.58303
-0.202880340222155,1,103.593953
-0.12215049617686068,1,103.611212
-0.20685653341313992,1,103.621773
-0.23456197452549263,1,103.631871
-0.18514794267042364,1,103.646117
-0.16014052438122356,1,103.662306
-0.245061589833413,1,103.675823
-0.16014052438122356,1,103.688315
-0.202880340222155,1,103.700065
-0.16014052438122356,1,103.711377
-0.245061589833413,1,103.72534
-0.3075130988090349,1,103.736164
-0.245061589833413,1,103.747539
-0.23456197452549263,1,103.76146
-0.14122542155212847,1,103.771682
-0.20994583200024086,1,103.781092
-0.245061589833413,1,103.804974
-0.19757116253789728,1,103.831691
-0.20685653341313992,1,103.85218
-0.19757116253789728,1,103.882361
-0.16014052438122356,1,103.914976
-0.19757116253789728,1,103.949809
-0.14122542155212847,1,104.003934
-0.23456197452549263,1,104.048672
-0.28679255545526133,1,104.073096
-0.19757116253789728,1,104.095941
-0.14122542155212847,1,104.124703
-0.15594980537188471,1,104.154973
-0.1676667450195734,1,104.185617
-0.16014052438122356,1,104.210268
-0.15007093265273003,1,104.230506
-0.16014052438122356,1,104.276731
-0.21981278266648344,1,104.307221
-0.09900860155862554,1,104.337616
-0.2541385738595232,1,104.369008
-0.16571756332504103,1,104.394516
-0.2541385738595232,1,104.41557
-0.09900860155862554,1,104.44476
-0.2541385738595232,1,104.462814
-0.12980126866527975,1,104.486024
-0.19384945200204626,1,104.515451
-0.15594980537188471,1,104.53423
-0.22637536081094042,1,104.552619
-0.15594980537188471,1,104.582698
-0.14122542155212847,1,104.607083
-0.12640449794697636,1,104.62767
-0.20685653341313992,1,104.656362
-0.12215049617686068,1,104.674867
-0.22842371983130924,1,104.701939
-0.2711909879146074,1,104.733993
-0.39722046524176174,1,104.753613
-0.2711909879146074,1,104.778167
-0.39722046524176174,1,104.807301
-0.2711909879146074,1,104.833822
-0.22842371983130924,1,104.856917
-0.23456197452549263,1,104.88531
-0.2711909879146074,1,104.917133
-0.2590177736618995,1,104.94042
-0.245061589833413,1,104.989499
-0.19757116253789728,1,105.034301
-0.1934356550203257,1,105.079349
-0.21981278266648344,1,105.10395
-0.1934356550203257,1,105.117188
-0.21981278266648344,1,105.130137
-0.1934356550203257,1,105.145409
-0.15594980537188471,1,105.15719
-0.20685653341313992,1,105.167925
-0.19757116253789728,1,105.1862
-0.20685653341313992,1,105.196372
-0.19757116253789728,1,105.209607
-0.23915908691672272,1,105.234667
-0.19757116253789728,1,105.256607
-0.20685653341313992,1,105.319262
-0.2711909879146074,1,105.341179
-0.2711909879146074,1,105.354459
-0.3075130988090349,1,105.370775
-0.29946578540239277,1,105.387525
-0.3075130988090349,1,105.397743
-0.245061589833413,1,105.411016
-0.16014052438122356,1,105.457941
-0.16014052438122356,1,105.487959
-0.20994583200024086,1,105.50648
-0.245061589833413,1,105.531245
-0.19757116253789728,1,105.54458
-0.202880340222155,1,105.566836
-0.19757116253789728,1,105.582775
-0.202880340222155,1,105.59495
-0.19757116253789728,1,105.609532
-0.16014052438122356,1,105.633071
-0.19757116253789728,1,105.645615
-0.202880340222155,1,105.65652
-0.3075130988090349,1,105.670933
-0.29946578540239277,1,105.681415
-0.4220999663688672,1,105.693423
-0.45042240199856287,1,105.71177
-0.3075130988090349,1,105.723476
-0.28679255545526133,1,105.734135
-0.2711909879146074,1,105.745692
-0.1934356550203257,1,105.757934
-0.2427308079405328,1,105.770909
-0.2655144896098338,1,105.783214
-0.3017203772142007,1,105.792713
-0.3107283317527115,1,105.802742
-0.2427308079405328,1,105.815499
-0.2711909879146074,1,105.827432
-0.2427308079405328,1,105.836073
-0.1934356550203257,1,105.849845
-0.2427308079405328,1,105.861366
-0.1934356550203257,1,105.87402
-0.16014052438122356,1,105.885915
-0.22842371983130924,1,105.895325
-0.3075130988090349,1,105.906442
-0.29946578540239277,1,105.920066
-0.3075130988090349,1,105.92841
-0.28679255545526133,1,105.94192
-0.2590177736618995,1,105.95702
-0.245061589833413,1,105.966734
-0.40315275368240816,1,105.977135
-0.28679255545526133,1,105.994484
-0.20994583200024086,1,106.003131
-0.28679255545526133,1,106.013979
-0.35553410236850186,1,106.027804
-0.2711909879146074,1,106.037248
-0.19757116253789728,1,106.046976
-0.2711909879146074,1,106.061459
-0.2044517573898668,1,106.071372
-0.17350589142033865,1,106.087633
-0.2044517573898668,1,106.107326
-0.18514794267042364,1,106.116961
-0.20994583200024086,1,106.127506
-0.18514794267042364,1,106.14103
-0.2044517573898668,1,106.152391
-0.22842371983130924,1,106.161886
-0.20994583200024086,1,106.174977
-0.18514794267042364,1,106.18527
-0.32196547705471795,1,106.194194
-0.18514794267042364,1,106.209022
-0.2711909879146074,1,106.219522
-0.3936584440836529,1,106.23082
-0.35553410236850186,1,106.243965
-0.29946578540239277,1,106.254786
-0.3075130988090349,1,106.26389
-0.4661087704978553,1,106.283556
-0.35553410236850186,1,106.293791
-0.28679255545526133,1,106.304069
-0.3075130988090349,1,106.317172
-0.245061589833413,1,106.32605
-0.20994583200024086,1,106.336455
-0.3936584440836529,1,106.347467
-0.20994583200024086,1,106.358238
-0.22842371983130924,1,106.371643
-0.2044517573898668,1,106.394184
-0.22842371983130924,1,106.403048
-0.3075130988090349,1,106.414133
-0.3281468837894772,1,106.426728
-0.16014052438122356,1,106.438656
-0.1742349153892876,1,106.448111
-0.18514794267042364,1,106.461488
-0.1742349153892876,1,106.473309
-0.16014052438122356,1,106.48374
-0.22842371983130924,1,106.497514
-0.23456197452549263,1,106.508289
-0.1742349153892876,1,106.519562
-0.15594980537188471,1,106.532977
-0.1742349153892876,1,106.543753
-0.19757116253789728,1,106.552608
-0.1742349153892876,1,106.566594
-0.19757116253789728,1,106.577852
-0.1742349153892876,1,106.587249
-0.18514794267042364,1,106.599724
-0.1742349153892876,1,106.61199
-0.15594980537188471,1,106.62206
-0.1742349153892876,1,106.632812
-0.12215049617686068,1,106.642869
-0.16014052438122356,1,106.657077
-0.19757116253789728,1,106.669041
-0.14122542155212847,1,106.679009
-0.16014052438122356,1,106.68811
-0.22842371983130924,1,106.700557
-0.2044517573898668,1,106.711265
-0.18514794267042364,1,106.719984
-0.16571756332504103,1,106.73222
-0.2655144896098338,1,106.750729
-0.2044517573898668,1,106.772825
-0.15007093265273003,1,106.798147
-0.16014052438122356,1,106.81899
-0.1676667450195734,1,106.839574
-0.15594980537188471,1,106.861026
-0.1742349153892876,1,106.887306
-0.19757116253789728,1,106.904843
-0.202880340222155,1,106.930417
-0.19757116253789728,1,106.950702
-0.1742349153892876,1,106.981444
-0.19757116253789728,1,107.007349
-0.1742349153892876,1,107.028083
-0.09641764445864717,1,107.054006
-0.1742349153892876,1,107.089896
-0.09641764445864717,1,107.119752
-0.1742349153892876,1,107.143005
-0.09641764445864717,1,107.164952
-0.1742349153892876,1,107.185895
-0.19757116253789728,1,107.204877
-0.20685653341313992,1,107.242366
-0.3075130988090349,1,107.284544
-0.22842371983130924,1,107.307831
-0.2590177736618995,1,107.329129
-0.245061589833413,1,107.342131
-0.3075130988090349,1,107.350601
-0.245061589833413,1,107.363922
-0.23456197452549263,1,107.378726
-0.22842371983130924,1,107.389017
-0.32196547705471795,1,107.402121
-0.35553410236850186,1,107.412352
-0.19757116253789728,1,107.421512
-0.23915908691672272,1,107.434699
-0.12215049617686068,1,107.446236
-0.22637536081094042,1,107.461702
-0.16571756332504103,1,107.473392
-0.18514794267042364,1,107.483426
-0.16014052438122356,1,107.493272
-0.29946578540239277,1,107.506843
-0.3075130988090349,1,107.516371
-0.245061589833413,1,107.527652
-0.23456197452549263,1,107.540517
-0.1934356550203257,1,107.552372
-0.16014052438122356,1,107.563123
-0.19384945200204626,1,107.575633
-0.18514794267042364,1,107.586236
-0.20685653341313992,1,107.594954
-0.23456197452549263,1,107.609301
-0.28679255545526133,1,107.619987
-0.19757116253789728,1,107.632844
-0.245061589833413,1,107.647449
-0.23456197452549263,1,107.656383
-0.16014052438122356,1,107.666691
-0.16014052438122356,1,107.680397
-0.1742349153892876,1,107.694515
-0.16014052438122356,1,107.710365
-0.1742349153892876,1,107.725595
-0.16014052438122356,1,107.740916
-0.16014052438122356,1,107.761212
-0.3075130988090349,1,107.779236
-0.18514794267042364,1,107.789469
-0.2881767605015656,1,107.799186
-0.18514794267042364,1,107.812003
-0.2590177736618995,1,107.820628
-0.2784784944652248,1,107.836023
-0.2590177736618995,1,107.848347
-0.2427308079405328,1,107.858889
-0.20994583200024086,1,107.868757
-0.2427308079405328,1,107.881599
-0.21981278266648344,1,107.893565
-0.21981278266648344,1,107.906108
-0.21981278266648344,1,107.920108
-0.21981278266648344,1,107.929595
-0.2590177736618995,1,107.940809
-0.245061589833413,1,107.955072
-0.19757116253789728,1,107.97112
-0.22842371983130924,1,107.981382
-0.2806354599285221,1,107.992938
-0.2541385738595232,1,108.002984
-0.16014052438122356,1,108.01489
-0.1934356550203257,1,108.033235
-0.19757116253789728,1,108.046875
-0.202880340222155,1,108.059801
-0.2711909879146074,1,108.07564
-0.16014052438122356,1,108.086905
-0.2711909879146074,1,108.097639
-0.22637536081094042,1,108.11043
-0.19757116253789728,1,108.122407
-0.22637536081094042,1,108.134693
-0.2044517573898668,1,108.148003
-0.2655144896098338,1,108.169665
-0.2609678440207759,1,108.183745
-0.18514794267042364,1,108.199851
-0.21981278266648344,1,108.215666
-0.2655144896098338,1,108.230357
-0.2427308079405328,1,108.261573
-0.22637536081094042,1,108.279027
-0.19757116253789728,1,108.290717
-0.11666740777311288,1,108.305695
-0.19757116253789728,1,108.317797
-0.22842371983130924,1,108.326779
-0.19757116253789728,1,108.339948
-0.23915908691672272,1,108.350809
-0.19757116253789728,1,108.361077
-0.31353995921494837,1,108.372522
-0.2711909879146074,1,108.383578
-0.23915908691672272,1,108.396894
-0.21406049972388985,1,108.411345
-0.23915908691672272,1,108.420604
-0.2711909879146074,1,108.429915
-0.20685653341313992,1,108.4443
-0.21406049972388985,1,108.454308
-0.17868596310296359,1,108.463139
-0.18514794267042364,1,108.476583
-0.17868596310296359,1,108.486995
-0.15007093265273003,1,108.495681
-0.13590161703673273,1,108.508489
-0.10245666586838688,1,108.5194
-0.12640449794697636,1,108.531288
-0.10464711163640988,1,108.547621
-0.12640449794697636,1,108.558397
-0.17350589142033865,1,108.569536
-0.14122542155212847,1,108.585861
-0.18514794267042364,1,108.599318
-0.11446970687829565,1,108.621967
-0.16014052438122356,1,108.645411
-0.16014052438122356,1,108.659062
-0.16014052438122356,1,108.671069
-0.1676667450195734,1,108.685246
-0.15594980537188471,1,108.694447
-0.16014052438122356,1,108.705437
-0.19757116253789728,1,108.720077
-0.22842371983130924,1,108.731726
-0.19757116253789728,1,108.742101
-0.14122542155212847,1,108.75551
-0.23456197452549263,1,108.766186
-0.1742349153892876,1,108.778472
-0.23456197452549263,1,108.793331
-0.12640449794697636,1,108.803489
-0.15594980537188471,1,108.815656
-0.17868596310296359,1,108.834764
-0.12640449794697636,1,108.846706
-0.17868596310296359,1,108.860601
-0.15594980537188471,1,108.875795
-0.20685653341313992,1,108.888709
-0.15594980537188471,1,108.905076
-0.17868596310296359,1,108.92384
-0.12640449794697636,1,108.936997
-0.12640449794697636,1,108.963311
-0.15594980537188471,1,108.990095
-0.10772261038881333,1,109.012682
-0.12215049617686068,1,109.043523
-0.14122542155212847,1,109.075652
-0.19757116253789728,1,109.100595
-0.14122542155212847,1,109.125789
-0.19757116253789728,1,109.151586
-0.202880340222155,1,109.182398
-0.19757116253789728,1,109.207889
-0.245061589833413,1,109.2304
-0.20994583200024086,1,109.255394
-0.16014052438122356,1,109.28781
-0.19757116253789728,1,109.318247
-0.2711909879146074,1,109.329581
-0.19757116253789728,1,109.339482
-0.2711909879146074,1,109.350945
-0.19757116253789728,1,109.3638
-0.202880340222155,1,109.374872
-0.23456197452549263,1,109.388305
-0.23915908691672272,1,109.398739
-0.19757116253789728,1,109.409744
-0.23915908691672272,1,109.422811
-0.15594980537188471,1,109.432692
-0.22637536081094042,1,109.443753
-0.2427308079405328,1,109.459555
-0.22637536081094042,1,109.47098
-0.2427308079405328,1,109.481381
-0.2711909879146074,1,109.496545
-0.16014052438122356,1,109.508436
-0.245061589833413,1,109.519012
-0.2590177736618995,1,109.536274
-0.18514794267042364,1,109.546795
-0.32196547705471795,1,109.559199
-0.2784784944652248,1,109.574332
-0.20994583200024086,1,109.58584
-0.29946578540239277,1,109.595086
-0.4220999663688672,1,109.608922
-0.3363775046578459,1,109.620306
-0.3075130988090349,1,109.632736
-0.29946578540239277,1,109.646034
-0.2590177736618995,1,109.656484
-0.202880340222155,1,109.66736
-0.3075130988090349,1,109.681386
-0.28679255545526133,1,109.693064
-0.2590177736618995,1,109.702821
-0.28679255545526133,1,109.716801
-0.19757116253789728,1,109.728676
-0.1742349153892876,1,109.739981
-0.18514794267042364,1,109.75958
-0.17868596310296359,1,109.772455
-0.18514794267042364,1,109.782815
-0.12640449794697636,1,109.79438
-0.12640449794697636,1,109.805211
-0.1676667450195734,1,109.81777
-0.12640449794697636,1,109.831893
-0.12640449794697636,1,109.840596
-0.10245666586838688,1,109.851247
-0.12640449794697636,1,109.865279
-0.15594980537188471,1,109.875803
-0.14122542155212847,1,109.885039
-0.16014052438122356,1,109.898089
-0.245061589833413,1,109.908474
-0.2711909879146074,1,109.918707
-0.1742349153892876,1,109.930655
-0.19757116253789728,1,109.94191
-0.22842371983130924,1,109.952287
-0.19757116253789728,1,109.963787
-0.22842371983130924,1,109.973302
-0.20994583200024086,1,109.984298
-0.245061589833413,1,109.998213
-0.20994583200024086,1,110.021087
-0.16014052438122356,1,110.032337
-0.12215049617686068,1,110.047265
-0.12640449794697636,1,110.058357
-0.16014052438122356,1,110.067327
-0.18514794267042364,1,110.083144
-0.2711909879146074,1,110.094349
-0.21981278266648344,1,110.104801
-0.18514794267042364,1,110.1158
-0.12640449794697636,1,110.127157
-0.2044517573898668,1,110.136913
-0.16014052438122356,1,110.150127
-0.2044517573898668,1,110.159049
-0.1934356550203257,1,110.169835
-0.2044517573898668,1,110.182134
-0.15007093265273003,1,110.190502
-0.2044517573898668,1,110.200958
-0.15007093265273003,1,110.214884
-0.2044517573898668,1,110.227899
-0.15007093265273003,1,110.23651
-0.2044517573898668,1,110.251587
-0.2655144896098338,1,110.261574
-0.2427308079405328,1,110.273014
-0.16014052438122356,1,110.284279
-0.12215049617686068,1,110.294192
-0.245061589833413,1,110.308625
-0.2590177736618995,1,110.325587
-0.2711909879146074,1,110.336933
-0.19757116253789728,1,110.349261
-0.20685653341313992,1,110.365325
-0.16014052438122356,1,110.380311
-0.1742349153892876,1,110.393878
-0.23456197452549263,1,110.411713
-0.28679255545526133,1,110.422912
-0.19757116253789728,1,110.432727
-0.20685653341313992,1,110.447911
-0.19757116253789728,1,110.459264
-0.202880340222155,1,110.469544
-0.19757116253789728,1,110.482336
-0.10772261038881333,1,110.494113
-0.15594980537188471,1,110.506956
-0.10772261038881333,1,110.521977
-0.23456197452549263,1,110.531816
-0.1934356550203257,1,110.543501
-0.23456197452549263,1,110.558106
-0.245061589833413,1,110.567201
-0.3075130988090349,1,110.578599
-0.2427308079405328,1,110.593366
-0.21981278266648344,1,110.616685
-0.38224636154839015,1,110.643816
-0.6182607553034482,1,110.65912
-0.4617199525913289,1,110.692769
-0.4220999663688672,1,110.710581
-0.38224636154839015,1,110.725682
-0.4220999663688672,1,110.736569
-0.3363775046578459,1,110.746196
-0.3075130988090349,1,110.760254
-0.245061589833413,1,110.771975
-0.2590177736618995,1,110.781495
-0.22842371983130924,1,110.795655
-0.21981278266648344,1,110.807884
-0.2655144896098338,1,110.818488
-0.16571756332504103,1,110.831642
-0.1934356550203257,1,110.84305
-0.2711909879146074,1,110.855205
-0.202880340222155,1,110.86785
-0.23456197452549263,1,110.877818
-0.22842371983130924,1,110.889466
-0.2044517573898668,1,110.902848
-0.3107283317527115,1,110.913515
-0.16571756332504103,1,110.927023
-0.21981278266648344,1,110.941954
-0.21981278266648344,1,110.950718
-0.21981278266648344,1,110.960781
-0.2044517573898668,1,110.977379
-0.22842371983130924,1,110.991691
-0.2590177736618995,1,111.002341
-0.2784784944652248,1,111.030407
-0.37939004297687867,1,111.055238
-0.35553410236850186,1,111.080584
-0.37939004297687867,1,111.110638
-0.35553410236850186,1,111.130335
-0.35553410236850186,1,111.153986
-0.2711909879146074,1,111.181443
-0.2427308079405328,1,111.213487
-0.35553410236850186,1,111.242804
-0.35553410236850186,1,111.27231
-0.35553410236850186,1,111.3007
-0.35553410236850186,1,111.326729
-0.20685653341313992,1,111.354206
-0.18514794267042364,1,111.375747
-0.3107283317527115,1,111.39892
-0.21981278266648344,1,111.426523
-0.18514794267042364,1,111.449092
-0.1371934118726051,1,111.467449
-0.18514794267042364,1,111.497197
-0.16014052438122356,1,111.520638
-0.14122542155212847,1,111.542688
-0.12640449794697636,1,111.566118
-0.1934356550203257,1,111.594357
-0.15594980537188471,1,111.615191
-0.16014052438122356,1,111.645738
-0.16014052438122356,1,111.665865
-0.16014052438122356,1,111.692242
-0.1901232807353778,1,111.715697
-0.16014052438122356,1,111.743898
-0.1901232807353778,1,111.76568
-0.18514794267042364,1,111.794132
-0.1371934118726051,1,111.81474
-0.18514794267042364,1,111.833833
-0.2044517573898668,1,111.863559
-0.16014052438122356,1,111.883366
-0.16014052438122356,1,111.904929
-0.202880340222155,1,111.929766
-0.2711909879146074,1,111.957788
-0.16014052438122356,1,111.979393
-0.15594980537188471,1,112.011981
-0.12640449794697636,1,112.03722
-0.18514794267042364,1,112.058603
-0.16014052438122356,1,112.078502
-0.2044517573898668,1,112.102519
-0.22637536081094042,1,112.128163
-0.16014052438122356,1,112.167004
-0.16014052438122356,1,112.198143
-0.1901232807353778,1,112.227431
-0.1676667450195734,1,112.252712
-0.18514794267042364,1,112.271941
-0.22637536081094042,1,112.291553
-0.2427308079405328,1,112.317524
-0.22842371983130924,1,112.336279
-0.2711909879146074,1,112.362056
-0.21981278266648344,1,112.383759
-0.2806354599285221,1,112.407557
-0.1934356550203257,1,112.429212
-0.15594980537188471,1,112.457594
-0.12640449794697636,1,112.475371
-0.15594980537188471,1,112.499622
-0.12640449794697636,1,112.5207
-0.15594980537188471,1,112.544405
-0.12640449794697636,1,112.565107
-0.16571756332504103,1,112.587547
-0.22842371983130924,1,112.6071
-0.2711909879146074,1,112.625446
-0.2784784944652248,1,112.650274
-0.21981278266648344,1,112.672285
-0.16014052438122356,1,112.689609
-0.11446970687829565,1,112.715175
-0.20685653341313992,1,112.735066
-0.21981278266648344,1,112.751453
-0.21981278266648344,1,112.763205
-0.2590177736618995,1,112.774256
-0.21981278266648344,1,112.785071
-0.21981278266648344,1,112.801565
-0.18514794267042364,1,112.810701
-0.15007093265273003,1,112.820746
-0.18514794267042364,1,112.83349
-0.35553410236850186,1,112.841287
-0.35553410236850186,1,112.851886
-0.3075130988090349,1,112.867899
-0.29946578540239277,1,112.878183
-0.20994583200024086,1,112.887302
-0.202880340222155,1,112.900105
-0.3075130988090349,1,112.911223
-0.29946578540239277,1,112.921564
-0.4880147650098113,1,112.932793
-0.4386352935849928,1,112.943097
-0.4880147650098113,1,112.951745
-0.29946578540239277,1,112.963914
-0.3075130988090349,1,112.974961
-0.245061589833413,1,112.988881
-0.16014052438122356,1,113.001075
-0.21981278266648344,1,113.009926
-0.20994583200024086,1,113.019355
-0.18514794267042364,1,113.032506
-0.19757116253789728,1,113.041887
-0.1742349153892876,1,113.054159
-0.12640449794697636,1,113.066618
-0.1934356550203257,1,113.076374
-0.12640449794697636,1,113.085366
-0.1742349153892876,1,113.097863
-0.15594980537188471,1,113.109097
-0.1742349153892876,1,113.126286
-0.23456197452549263,1,113.140209
-0.16014052438122356,1,113.149593
-0.2590177736618995,1,113.160033
-0.16014052438122356,1,113.172912
-0.2590177736618995,1,113.183556
-0.2784784944652248,1,113.19234
-0.2590177736618995,1,113.205697
-0.29946578540239277,1,113.215971
-0.2590177736618995,1,113.225248
-0.22842371983130924,1,113.238638
-0.19757116253789728,1,113.249691
-0.22842371983130924,1,113.259816
-0.20994583200024086,1,113.27116
-0.245061589833413,1,113.280534
-0.2711909879146074,1,113.292535
-0.1934356550203257,1,113.303448
-0.09641764445864717,1,113.312727
-0.17868596310296359,1,113.323882
-0.09641764445864717,1,113.336792
-0.20685653341313992,1,113.345572
-0.16014052438122356,1,113.355923
-0.1742349153892876,1,113.368792
-0.2711909879146074,1,113.378831
-0.22842371983130924,1,113.387573
-0.2427308079405328,1,113.400826
-0.3107283317527115,1,113.410862
-0.2427308079405328,1,113.418632
-0.22842371983130924,1,113.431722
-0.2590177736618995,1,113.442198
-0.3363775046578459,1,113.451886
-0.35553410236850186,1,113.465786
-0.2784784944652248,1,113.47674
-0.35553410236850186,1,113.485959
-0.35553410236850186,1,113.499355
-0.4220999663688672,1,113.510675
-0.4386352935849928,1,113.522434
-0.6827215907658518,1,113.535482
-0.45042240199856287,1,113.545839
-0.3075130988090349,1,113.555203
-0.2784784944652248,1,113.568082
-0.2711909879146074,1,113.579117
-0.2711909879146074,1,113.58742
-0.3075130988090349,1,113.600594
-0.2784784944652248,1,113.610361
-0.3075130988090349,1,113.618974
-0.2590177736618995,1,113.631855
-0.3075130988090349,1,113.642302
-0.2590177736618995,1,113.651465
-0.37939004297687867,1,113.66591
-0.3363775046578459,1,113.679193
-0.37939004297687867,1,113.689638
-0.3345781397876577,1,113.700777
-0.2711909879146074,1,113.709711
-0.2784784944652248,1,113.720571
-0.2711909879146074,1,113.733967
-0.14122542155212847,1,113.742445
-0.2590177736618995,1,113.752316
-0.29946578540239277,1,113.764889
-0.20994583200024086,1,113.773711
-0.14122542155212847,1,113.785327
-0.20994583200024086,1,113.797587
-0.3363775046578459,1,113.80799
-0.32196547705471795,1,113.818907
-0.18514794267042364,1,113.831389
-0.23456197452549263,1,113.843723
-0.202880340222155,1,113.854503
-0.19757116253789728,1,113.870897
-0.202880340222155,1,113.879849
-0.23456197452549263,1,113.890872
-0.22637536081094042,1,113.905123
-0.1901232807353778,1,113.915161
-0.22637536081094042,1,113.924969
-0.16571756332504103,1,113.937703
-0.18514794267042364,1,113.94818
-0.1676667450195734,1,113.957115
-0.2711909879146074,1,113.971982
-0.16014052438122356,1,113.984764
-0.09208965165637123,1,113.998208
-0.16014052438122356,1,114.019596
-0.2711909879146074,1,114.030269
-0.21981278266648344,1,114.040943
-0.18514794267042364,1,114.052964
-0.16014052438122356,1,114.062336
-0.202880340222155,1,114.073703
-0.16014052438122356,1,114.10122
-0.2711909879146074,1,114.111466
-0.3075130988090349,1,114.122386
-0.245061589833413,1,114.139852
-0.19757116253789728,1,114.15003
-0.22637536081094042,1,114.16073
-0.2044517573898668,1,114.171479
-0.2711909879146074,1,114.180348
-0.19757116253789728,1,114.190671
-0.245061589833413,1,114.201951
-0.2590177736618995,1,114.21308
-0.245061589833413,1,114.223383
-0.3075130988090349,1,114.235723
-0.28679255545526133,1,114.246035
-0.2711909879146074,1,114.256201
-0.22637536081094042,1,114.268799
-0.12640449794697636,1,114.278092
-0.20685653341313992,1,114.288776
-0.3075130988090349,1,114.302251
-0.2711909879146074,1,114.312994
-0.2044517573898668,1,114.321892
-0.2711909879146074,1,114.335315
-0.32196547705471795,1,114.345344
-0.21981278266648344,1,114.354597
-0.2427308079405328,1,114.368708
-0.18514794267042364,1,114.381857
-0.2711909879146074,1,114.393428
-0.21981278266648344,1,114.424587
-0.3075130988090349,1,114.443329
-0.22842371983130924,1,114.465191
-0.16014052438122356,1,114.490427
-0.22637536081094042,1,114.514373
-0.16014052438122356,1,114.534353
-0.22637536081094042,1,114.560356
-0.16014052438122356,1,114.579777
-0.22637536081094042,1,114.598739
-0.16014052438122356,1,114.624762
-0.1742349153892876,1,114.644586
-0.16014052438122356,1,114.669065
-0.1742349153892876,1,114.690933
-0.16014052438122356,1,114.716078
-0.20685653341313992,1,114.73705
-0.15594980537188471,1,114.763559
-0.16014052438122356,1,114.785696
-0.16014052438122356,1,114.806972
-0.16014052438122356,1,114.827791
-0.16571756332504103,1,114.847732
-0.18514794267042364,1,114.868011
-0.16926047907577138,1,114.88826
-0.16014052438122356,1,114.913434
-0.16014052438122356,1,114.93275
-0.14122542155212847,1,114.960652
-0.12640449794697636,1,114.991257
-0.14122542155212847,1,115.010641
-0.12640449794697636,1,115.041341
-0.14122542155212847,1,115.067196
-0.16014052438122356,1,115.093445
-0.14122542155212847,1,115.121888
-0.12640449794697636,1,115.144758
-0.14122542155212847,1,115.175384
-0.18514794267042364,1,115.205148
-0.14122542155212847,1,115.224462
-0.18514794267042364,1,115.249434
-0.14122542155212847,1,115.274532
-0.19757116253789728,1,115.297418
-0.16014052438122356,1,115.335773
-0.16014052438122356,1,115.3617
-0.14122542155212847,1,115.385469
-0.16014052438122356,1,115.403814
-0.1742349153892876,1,115.431375
-0.16014052438122356,1,115.464329
-0.202880340222155,1,115.48433
-0.20994583200024086,1,115.512039
-0.16014052438122356,1,115.533346
-0.16014052438122356,1,115.565249
-0.18514794267042364,1,115.597193
-0.10933139355162663,1,115.615661
-0.2784784944652248,1,115.634487
-0.3075130988090349,1,115.662826
-0.2784784944652248,1,115.682386
-0.32196547705471795,1,115.709337
-0.3363775046578459,1,115.740156
-0.2711909879146074,1,115.76394
-0.18514794267042364,1,115.784225
-0.2711909879146074,1,115.832418
-0.2711909879146074,1,115.851629
-0.3075130988090349,1,115.874915
-0.35553410236850186,1,115.897557
-0.32196547705471795,1,115.92786
-0.35553410236850186,1,115.961957
-0.3075130988090349,1,115.98561
-0.21981278266648344,1,116.013689
-0.3075130988090349,1,116.046631
-0.31353995921494837,1,116.079419
-0.2590177736618995,1,116.109458
-0.31353995921494837,1,116.133576
-0.2806354599285221,1,116.155887
-0.18514794267042364,1,116.17656
-0.2806354599285221,1,116.197463
-0.18514794267042364,1,116.221823
-0.19757116253789728,1,116.23735
-0.16014052438122356,1,116.276707
-0.18514794267042364,1,116.292011
-0.12640449794697636,1,116.30497
-0.19757116253789728,1,116.315736
-0.12640449794697636,1,116.328253
-0.16014052438122356,1,116.340956
-0.245061589833413,1,116.353691
-0.20994583200024086,1,116.366665
-0.3936584440836529,1,116.377617
-0.20994583200024086,1,116.389813
-0.35553410236850186,1,116.406052
-0.35553410236850186,1,116.418152
-0.2784784944652248,1,116.427892
-0.3075130988090349,1,116.444068
-0.31353995921494837,1,116.457916
-0.19757116253789728,1,116.47529
-0.1742349153892876,1,116.49073
-0.19757116253789728,1,116.504414
-0.22842371983130924,1,116.513519
-0.19757116253789728,1,116.527891
-0.202880340222155,1,116.540677
-0.23456197452549263,1,116.55656
-0.14122542155212847,1,116.571859
-0.15594980537188471,1,116.584293
-0.1742349153892876,1,116.599787
-0.19757116253789728,1,116.612432
-0.14122542155212847,1,116.625107
-0.19757116253789728,1,116.637975
-0.245061589833413,1,116.656858
-0.20994583200024086,1,116.669969
-0.245061589833413,1,116.684829
-0.16014052438122356,1,116.701569
-0.14122542155212847,1,116.714323
-0.19757116253789728,1,116.726419
-0.14122542155212847,1,116.743564
-0.19757116253789728,1,116.757312
-0.245061589833413,1,116.769568
-0.20994583200024086,1,116.786055
-0.18514794267042364,1,116.802245
-0.15007093265273003,1,116.813152
-0.18514794267042364,1,116.828729
-0.20994583200024086,1,116.84298
-0.18514794267042364,1,116.8566
-0.16571756332504103,1,116.872326
-0.18514794267042364,1,116.886114
-0.21981278266648344,1,116.898373
-0.2711909879146074,1,116.914904
-0.35553410236850186,1,116.927983
-0.35553410236850186,1,116.94346
-0.3075130988090349,1,116.97173
-0.35553410236850186,1,116.986099
-0.3075130988090349,1,117.000914
-0.2784784944652248,1,117.018985
-0.1676667450195734,1,117.030331
-0.22842371983130924,1,117.042836
-0.16014052438122356,1,117.059686
-0.22842371983130924,1,117.072315
-0.21981278266648344,1,117.08257
-0.22842371983130924,1,117.096621
-0.23456197452549263,1,117.107494
-0.14122542155212847,1,117.119715
-0.15594980537188471,1,117.133076
-0.20685653341313992,1,117.143843
-0.15594980537188471,1,117.155632
-0.20685653341313992,1,117.169659
-0.15594980537188471,1,117.179769
-0.16014052438122356,1,117.190768
-0.19757116253789728,1,117.210577
-0.202880340222155,1,117.222263
-0.19757116253789728,1,117.257151
-0.1742349153892876,1,117.303756
-0.2427308079405328,1,117.326732
-0.22637536081094042,1,117.346356
-0.15594980537188471,1,117.366421
-0.1676667450195734,1,117.378422
-0.24925352599435066,1,117.392376
-0.1676667450195734,1,117.407391
-0.24925352599435066,1,117.419719
-0.1676667450195734,1,117.4296
-0.24925352599435066,1,117.444316
-0.1676667450195734,1,117.456295
-0.21406049972388985,1,117.47597
-0.20685653341313992,1,117.51716
-0.23456197452549263,1,117.552843
-0.22637536081094042,1,117.571927
-0.15594980537188471,1,117.592577
-0.1934356550203257,1,117.605963
-0.2427308079405328,1,117.617693
-0.22842371983130924,1,117.629989
-0.2711909879146074,1,117.64275
-0.22842371983130924,1,117.656827
-0.2427308079405328,1,117.672127
-0.35553410236850186,1,117.689107
-0.3722433526299351,1,117.700347
-0.2711909879146074,1,117.719376
-0.23456197452549263,1,117.733903
-0.245061589833413,1,117.754342
-0.23456197452549263,1,117.769514
-0.14122542155212847,1,117.780251
-0.18514794267042364,1,117.79009
-0.20685653341313992,1,117.810143
-0.21406049972388985,1,117.823641
-0.23915908691672272,1,117.833758
-0.18514794267042364,1,117.849995
-0.22637536081094042,1,117.862864
-0.19757116253789728,1,117.877252
-0.18514794267042364,1,117.90299
-0.19757116253789728,1,117.917387
-0.20685653341313992,1,117.930392
-0.23456197452549263,1,117.945797
-0.20685653341313992,1,117.959279
-0.18514794267042364,1,117.97237
-0.22637536081094042,1,117.988164
-0.18514794267042364,1,118.002141
-0.22637536081094042,1,118.01626
-0.15594980537188471,1,118.043127
-0.20685653341313992,1,118.064139
-0.2711909879146074,1,118.086804
-0.3281468837894772,1,118.119039
-0.35553410236850186,1,118.143665
-0.35553410236850186,1,118.177358
-0.35553410236850186,1,118.212771
-0.3017203772142007,1,118.236142
-0.4220999663688672,1,118.25665
-0.2711909879146074,1,118.274299
-0.4220999663688672,1,118.286527
-0.5207600099034174,1,118.296173
-0.32196547705471795,1,118.31146
-0.38224636154839015,1,118.323153
-0.21981278266648344,1,118.333498
-0.2784784944652248,1,118.346361
-0.2590177736618995,1,118.358428
-0.29946578540239277,1,118.370219
-0.4220999663688672,1,118.383839
-0.35553410236850186,1,118.395001
-0.2590177736618995,1,118.406589
-0.2427308079405328,1,118.421084
-0.20994583200024086,1,118.433146
-0.2427308079405328,1,118.444533
-0.35553410236850186,1,118.459223
-0.2427308079405328,1,118.472206
-0.2590177736618995,1,118.483528
-0.16014052438122356,1,118.495456
-0.12215049617686068,1,118.508619
-0.22842371983130924,1,118.520778
-0.23456197452549263,1,118.534485
-0.14122542155212847,1,118.545213
-0.19757116253789728,1,118.556419
-0.14122542155212847,1,118.571867
-0.16014052438122356,1,118.582426
-0.18514794267042364,1,118.593892
-0.2590177736618995,1,118.608341
-0.16014052438122356,1,118.620939
-0.19757116253789728,1,118.629881
-0.1742349153892876,1,118.643572
-0.19757116253789728,1,118.654364
-0.14122542155212847,1,118.665807
-0.19757116253789728,1,118.68033
-0.16014052438122356,1,118.692129
-0.15594980537188471,1,118.7045
-0.20685653341313992,1,118.718536
-0.15594980537188471,1,118.729614
-0.14122542155212847,1,118.740323
-0.1901232807353778,1,118.753766
-0.12640449794697636,1,118.766024
-0.1901232807353778,1,118.777014
-0.12640449794697636,1,118.793524
-0.18514794267042364,1,118.808422
-0.1742349153892876,1,118.821945
-0.18514794267042364,1,118.836778
-0.1742349153892876,1,118.846269
-0.23456197452549263,1,118.856959
-0.14122542155212847,1,118.87193
-0.23456197452549263,1,118.88341
-0.20685653341313992,1,118.896466
-0.23456197452549263,1,118.921544
-0.245061589833413,1,118.936666
-0.19757116253789728,1,118.957021
-0.245061589833413,1,118.973417
-0.19757116253789728,1,118.984637
-0.245061589833413,1,118.99498
-0.19757116253789728,1,119.009515
-0.14122542155212847,1,119.024548
-0.23456197452549263,1,119.035208
-0.22842371983130924,1,119.048005
-0.19757116253789728,1,119.058448
-0.12640449794697636,1,119.070249
-0.12980126866527975,1,119.084721
-0.1934356550203257,1,119.095303
-0.2427308079405328,1,119.107454
-0.12640449794697636,1,119.123983
-0.2044517573898668,1,119.135329
-0.17350589142033865,1,119.145722
-0.2044517573898668,1,119.16465
-0.16014052438122356,1,119.177087
-0.12215049617686068,1,119.188758
-0.16014052438122356,1,119.204261
-0.08339478106270443,1,119.218846
-0.22842371983130924,1,119.228072
-0.2711909879146074,1,119.241947
-0.21981278266648344,1,119.270333
-0.21981278266648344,1,119.282997
-0.21981278266648344,1,119.29768
-0.12980126866527975,1,119.308814
-0.1934356550203257,1,119.322402
-0.19757116253789728,1,119.338356
-0.1934356550203257,1,119.357734
-0.19757116253789728,1,119.37035
-0.22842371983130924,1,119.391771
-0.20994583200024086,1,119.402994
-0.245061589833413,1,119.412346
-0.20994583200024086,1,119.426419
-0.22842371983130924,1,119.438457
-0.2590177736618995,1,119.44808
-0.35553410236850186,1,119.461243
-0.2590177736618995,1,119.474432
-0.28679255545526133,1,119.486416
-0.23456197452549263,1,119.501573
-0.1742349153892876,1,119.520919
-0.19757116253789728,1,119.534385
-0.1742349153892876,1,119.553648
-0.16014052438122356,1,119.564006
-0.14122542155212847,1,119.579888
-0.12215049617686068,1,119.59365
-0.1742349153892876,1,119.604759
-0.19757116253789728,1,119.616524
-0.14122542155212847,1,119.629981
-0.15594980537188471,1,119.640667
-0.12640449794697636,1,119.650959
-0.10245666586838688,1,119.664993
-0.12640449794697636,1,119.677333
-0.10245666586838688,1,119.689243
-0.19384945200204626,1,119.703194
-0.16014052438122356,1,119.712838
-0.21981278266648344,1,119.724573
-0.1901232807353778,1,119.741582
-0.1934356550203257,1,119.753516
-0.19757116253789728,1,119.763741
-0.1934356550203257,1,119.776663
-0.19757116253789728,1,119.788017
-0.202880340222155,1,119.798999
-0.3075130988090349,1,119.811664
-0.22842371983130924,1,119.823885
-0.3075130988090349,1,119.836141
-0.22842371983130924,1,119.85123
-0.2427308079405328,1,119.862122
-0.16014052438122356,1,119.873962
-0.18514794267042364,1,119.88956
-0.15268550513598594,1,119.901394
-0.18514794267042364,1,119.911634
-0.20685653341313992,1,119.926903
-0.18514794267042364,1,119.938822
-0.1934356550203257,1,119.950087
-0.21406049972388985,1,119.961861
-0.12640449794697636,1,119.973851
-0.18514794267042364,1,119.987536
-0.20685653341313992,1,120.004565
-0.2427308079405328,1,120.013659
-0.20685653341313992,1,120.02561
-0.23456197452549263,1,120.045437
-0.22637536081094042,1,120.068092
-0.16014052438122356,1,120.087093
-0.12640449794697636,1,120.117703
-0.18514794267042364,1,120.143859
-0.16014052438122356,1,120.163624
-0.2044517573898668,1,120.189193
-0.1934356550203257,1,120.208271
-0.2427308079405328,1,120.228324
-0.1934356550203257,1,120.255899
-0.19757116253789728,1,120.277362
-0.22842371983130924,1,120.304164
-0.21981278266648344,1,120.336273
-0.22842371983130924,1,120.360559
-0.2590177736618995,1,120.379849
-0.29946578540239277,1,120.409319
-0.2881767605015656,1,120.436147
-0.2784784944652248,1,120.455144
-0.21981278266648344,1,120.481823
-0.17350589142033865,1,120.500509
-0.16571756332504103,1,120.525191
-0.21981278266648344,1,120.547549
-0.16571756332504103,1,120.571653
-0.1934356550203257,1,120.59268
-0.23456197452549263,1,120.620792
-0.202880340222155,1,120.639286
-0.3075130988090349,1,120.664834
-0.3281468837894772,1,120.696342
-0.19757116253789728,1,120.715641
-0.1934356550203257,1,120.742756
-0.31822252126421113,1,120.764175
-0.2655144896098338,1,120.788271
-0.2711909879146074,1,120.808057
-0.18514794267042364,1,120.838724
-0.3075130988090349,1,120.864716
-0.2784784944652248,1,120.884944
-0.21981278266648344,1,120.915325
-0.2711909879146074,1,120.956537
-0.2711909879146074,1,120.976095
-0.22842371983130924,1,121.003711
-0.2806354599285221,1,121.026216
-0.21981278266648344,1,121.045608
-0.12640449794697636,1,121.075281
-0.1934356550203257,1,121.098235
-0.3075130988090349,1,121.125136
-0.1934356550203257,1,121.148351
-0.3075130988090349,1,121.167767
-0.22637536081094042,1,121.189336
-0.2711909879146074,1,121.221399
-0.28679255545526133,1,121.249348
-0.20994583200024086,1,121.281183
-0.202880340222155,1,121.312081
-0.19757116253789728,1,121.338648
-0.1934356550203257,1,121.362147
-0.21406049972388985,1,121.397484
-0.1742349153892876,1,121.416794
-0.21406049972388985,1,121.438436
-0.14122542155212847,1,121.462981
-0.15594980537188471,1,121.488754
-0.20685653341313992,1,121.508618
-0.19757116253789728,1,121.531575
-0.18514794267042364,1,121.55186
-0.2590177736618995,1,121.582222
-0.29946578540239277,1,121.613309
-0.2590177736618995,1,121.633168
-0.2427308079405328,1,121.65623
-0.20994583200024086,1,121.681003
-0.18514794267042364,1,121.69162
-0.23456197452549263,1,121.704068
-0.16014052438122356,1,121.716515
-0.18514794267042364,1,121.72879
-0.1742349153892876,1,121.741944
-0.23456197452549263,1,121.75458
-0.1742349153892876,1,121.767998
-0.12640449794697636,1,121.778183
-0.1742349153892876,1,121.793641
-0.12640449794697636,1,121.802922
-0.2590177736618995,1,121.812535
-0.21406049972388985,1,121.825935
-0.1742349153892876,1,121.835968
-0.12640449794697636,1,121.845532
-0.14122542155212847,1,121.858723
-0.12640449794697636,1,121.868553
-0.11446970687829565,1,121.877637
-0.12640449794697636,1,121.890812
-0.11446970687829565,1,121.901123
-0.17350589142033865,1,121.910251
-0.12640449794697636,1,121.922828
-0.21406049972388985,1,121.93455
-0.12640449794697636,1,121.945705
-0.17350589142033865,1,121.957745
-0.11446970687829565,1,121.966562
-0.16014052438122356,1,121.9769
-0.14122542155212847,1,121.990251
-0.17350589142033865,1,121.999643
-0.14122542155212847,1,122.010576
-0.15594980537188471,1,122.022795
-0.14122542155212847,1,122.032188
-0.15594980537188471,1,122.042802
-0.14122542155212847,1,122.055965
-0.09641764445864717,1,122.065474
-0.14122542155212847,1,122.073802
-0.12640449794697636,1,122.087168
-0.14122542155212847,1,122.098263
-0.15594980537188471,1,122.106944
-0.14122542155212847,1,122.121082
-0.12640449794697636,1,122.133066
-0.14122542155212847,1,122.14365
-0.12640449794697636,1,122.162216
-0.14122542155212847,1,122.172416
-0.09641764445864717,1,122.181868
-0.1742349153892876,1,122.195327
-0.15594980537188471,1,122.207683
-0.1934356550203257,1,122.218773
-0.2427308079405328,1,122.231158
-0.1934356550203257,1,122.241168
-0.19757116253789728,1,122.251744
-0.22842371983130924,1,122.265703
-0.23456197452549263,1,122.275441
-0.202880340222155,1,122.290223
-0.3075130988090349,1,122.304136
-0.202880340222155,1,122.317105
-0.16014052438122356,1,122.328044
-0.2711909879146074,1,122.341731
-0.16014052438122356,1,122.351277
-0.2711909879146074,1,122.362168
-0.19757116253789728,1,122.375259
-0.1742349153892876,1,122.38651
-0.15594980537188471,1,122.396817
-0.14122542155212847,1,122.409514
-0.19757116253789728,1,122.420808
-0.22842371983130924,1,122.431387
-0.19757116253789728,1,122.442962
-0.22842371983130924,1,122.453659
-0.19757116253789728,1,122.464092
-0.22842371983130924,1,122.476844
-0.2590177736618995,1,122.485287
-0.245061589833413,1,122.497152
-0.3075130988090349,1,122.510237
-0.29946578540239277,1,122.51931
-0.21981278266648344,1,122.529991
-0.2711909879146074,1,122.543248
-0.37939004297687867,1,122.552444
-0.21981278266648344,1,122.56072
-0.23456197452549263,1,122.57361
-0.21981278266648344,1,122.585615
-0.3075130988090349,1,122.595318
-0.28679255545526133,1,122.612818
-0.23456197452549263,1,122.622247
-0.28679255545526133,1,122.632519
-0.23456197452549263,1,122.647432
-0.2711909879146074,1,122.656412
-0.23456197452549263,1,122.667625
-0.245061589833413,1,122.681761
-0.23456197452549263,1,122.691833
-0.2711909879146074,1,122.701535
-0.2427308079405328,1,122.714362
-0.3107283317527115,1,122.724976
-0.2427308079405328,1,122.73491
-0.3107283317527115,1,122.746964
-0.2427308079405328,1,122.757497
-0.3107283317527115,1,122.769846
-0.2427308079405328,1,122.785647
-0.31353995921494837,1,122.794343
-0.3075130988090349,1,122.805093
-0.31353995921494837,1,122.819551
-0.23456197452549263,1,122.831145
-0.245061589833413,1,122.841549
-0.2590177736618995,1,122.854127
-0.35553410236850186,1,122.865393
-0.35553410236850186,1,122.876183
-0.2711909879146074,1,122.88908
-0.23456197452549263,1,122.898862
-0.16014052438122356,1,122.910901
-0.23456197452549263,1,122.925878
-0.23915908691672272,1,122.945297
-0.19757116253789728,1,122.963134
-0.202880340222155,1,122.977645
-0.19757116253789728,1,122.997055
-0.245061589833413,1,123.007498
-0.2711909879146074,1,123.021986
-0.2711909879146074,1,123.03422
-0.2711909879146074,1,123.043205
-0.2784784944652248,1,123.058094
-0.2711909879146074,1,123.069146
-0.21981278266648344,1,123.080331
-0.20994583200024086,1,123.0938
-0.11666740777311288,1,123.104874
-0.19757116253789728,1,123.114731
-0.14122542155212847,1,123.128079
-0.16014052438122356,1,123.139969
-0.18514794267042364,1,123.150211
-0.16014052438122356,1,123.163188
-0.18514794267042364,1,123.174179
-0.16014052438122356,1,123.186069
-0.16014052438122356,1,123.200262
-0.16571756332504103,1,123.210013
-0.16014052438122356,1,123.220859
-0.16014052438122356,1,123.235317
-0.22842371983130924,1,123.246399
-0.16014052438122356,1,123.256516
-0.14122542155212847,1,123.268061
-0.15594980537188471,1,123.279531
-0.10772261038881333,1,123.291399
-0.15594980537188471,1,123.304776
-0.12640449794697636,1,123.316272
-0.15594980537188471,1,123.329261
-0.1676667450195734,1,123.359894
-0.16014052438122356,1,123.388138
-0.2590177736618995,1,123.406087
-0.15594980537188471,1,123.448283
-0.22637536081094042,1,123.468538
-0.15594980537188471,1,123.492557
-0.14122542155212847,1,123.526642
-0.19757116253789728,1,123.548497
-0.1934356550203257,1,123.571125
-0.19757116253789728,1,123.598642
-0.1742349153892876,1,123.624158
-0.15594980537188471,1,123.663378
-0.17868596310296359,1,123.698763
-0.18514794267042364,1,123.717227
-0.12640449794697636,1,123.729368
-0.18514794267042364,1,123.744333
-0.20685653341313992,1,123.755744
-0.15594980537188471,1,123.765104
-0.11446970687829565,1,123.77933
-0.15007093265273003,1,123.791502
-0.15268550513598594,1,123.800536
-0.12640449794697636,1,123.814479
-0.1676667450195734,1,123.8273
-0.12640449794697636,1,123.838822
-0.19384945200204626,1,123.851746
-0.16014052438122356,1,123.863237
-0.19384945200204626,1,123.877654
-0.1901232807353778,1,123.891948
-0.14122542155212847,1,123.902125
-0.21406049972388985,1,123.91262
-0.12640449794697636,1,123.92723
-0.12640449794697636,1,123.939497
-0.15268550513598594,1,123.949499
-0.10245666586838688,1,123.964332
-0.12640449794697636,1,123.974955
-0.10464711163640988,1,123.985866
-0.11446970687829565,1,123.99852
-0.12640449794697636,1,124.009718
-0.15268550513598594,1,124.022067
-0.12640449794697636,1,124.035492
-0.15268550513598594,1,124.046782
-0.12640449794697636,1,124.059934
-0.12640449794697636,1,124.080003
-0.19674449635137878,1,124.09103
-0.15268550513598594,1,124.101182
-0.12640449794697636,1,124.116508
-0.12640449794697636,1,124.128684
-0.15327933531297963,1,124.139196
-0.16014052438122356,1,124.151297
-0.15327933531297963,1,124.162108
-0.16014052438122356,1,124.173048
-0.12980126866527975,1,124.187816
-0.14122542155212847,1,124.205412
-0.16014052438122356,1,124.228371
-0.14122542155212847,1,124.258879
-0.21981278266648344,1,124.269253
-0.14122542155212847,1,124.281456
-0.12640449794697636,1,124.296582
-0.1934356550203257,1,124.323507
-0.12640449794697636,1,124.338417
-0.21981278266648344,1,124.358311
-0.2044517573898668,1,124.376266
-0.21981278266648344,1,124.387782
-0.2427308079405328,1,124.400988
-0.21981278266648344,1,124.412067
-0.2806354599285221,1,124.423984
-0.22637536081094042,1,124.440242
-0.23456197452549263,1,124.451942
-0.2711909879146074,1,124.462613
-0.32196547705471795,1,124.476414
-0.2711909879146074,1,124.495255
-0.2427308079405328,1,124.50664
-0.22842371983130924,1,124.520177
-0.2711909879146074,1,124.532884
-0.22842371983130924,1,124.544395
-0.16014052438122356,1,124.559051
-0.22842371983130924,1,124.574859
-0.2590177736618995,1,124.591214
-0.3363775046578459,1,124.60579
-0.3075130988090349,1,124.616501
-0.245061589833413,1,124.63126
-0.2711909879146074,1,124.64735
-0.20685653341313992,1,124.663264
-0.2711909879146074,1,124.678613
-0.20685653341313992,1,124.699321
-0.2711909879146074,1,124.711848
-0.1934356550203257,1,124.722999
-0.2711909879146074,1,124.738703
-0.20685653341313992,1,124.750916
-0.2711909879146074,1,124.761936
-0.20685653341313992,1,124.778907
-0.2711909879146074,1,124.792243
-0.22842371983130924,1,124.802515
-0.2711909879146074,1,124.816963
-0.20685653341313992,1,124.829965
-0.19757116253789728,1,124.841717
-0.1742349153892876,1,124.85653
-0.15594980537188471,1,124.866561
-0.1676667450195734,1,124.879313
-0.15594980537188471,1,124.892582
-0.12640449794697636,1,124.90466
-0.15007093265273003,1,124.914145
-0.14122542155212847,1,124.927987
-0.12640449794697636,1,124.93915
-0.14122542155212847,1,124.951063
-0.18514794267042364,1,124.965182
-0.16014052438122356,1,124.976585
-0.16014052438122356,1,124.987951
-0.16014052438122356,1,125.000582
-0.16014052438122356,1,125.011267
-0.245061589833413,1,125.029333
-0.16014052438122356,1,125.045063
-0.2711909879146074,1,125.056504
-0.16014052438122356,1,125.06716
-0.2711909879146074,1,125.082414
-0.2427308079405328,1,125.093867
-0.1934356550203257,1,125.104951
-0.21981278266648344,1,125.117294
-0.21981278266648344,1,125.129459
-0.2784784944652248,1,125.141218
-0.18514794267042364,1,125.155465
-0.1371934118726051,1,125.164716
-0.16014052438122356,1,125.177796
-0.1901232807353778,1,125.195498
-0.18514794267042364,1,125.208573
-0.2806354599285221,1,125.219622
-0.2590177736618995,1,125.23376
-0.2806354599285221,1,125.247248
-0.35553410236850186,1,125.263813
-0.2806354599285221,1,125.287334
-0.16014052438122356,1,125.300005
-0.21406049972388985,1,125.313077
-0.2711909879146074,1,125.335288
-0.19757116253789728,1,125.346686
-0.18514794267042364,1,125.363158
-0.2711909879146074,1,125.379453
-0.22842371983130924,1,125.391114
-0.3075130988090349,1,125.419585
-0.20685653341313992,1,125.435984
-0.21406049972388985,1,125.450982
-0.2590177736618995,1,125.465646
-0.23456197452549263,1,125.480721
-0.202880340222155,1,125.493671
-0.19757116253789728,1,125.505352
-0.245061589833413,1,125.549049
-0.20994583200024086,1,125.57419
-0.29946578540239277,1,125.60139
-0.2590177736618995,1,125.64349
-0.29946578540239277,1,125.670907
-0.2590177736618995,1,125.702268
-0.29946578540239277,1,125.732824
-0.35553410236850186,1,125.759546
-0.29946578540239277,1,125.781096
-0.2590177736618995,1,125.809041
-0.28679255545526133,1,125.831285
-0.3075130988090349,1,125.855274
-0.22842371983130924,1,125.882277
-0.35553410236850186,1,125.911635
-0.245061589833413,1,125.943887
-0.23456197452549263,1,125.977744
-0.202880340222155,1,125.998971
-0.23456197452549263,1,126.017825
-0.28679255545526133,1,126.050327
-0.23456197452549263,1,126.079713
-0.16014052438122356,1,126.113197
-0.18514794267042364,1,126.131361
-0.2044517573898668,1,126.147918
-0.12640449794697636,1,126.164075
-0.15268550513598594,1,126.186155
-0.15594980537188471,1,126.198177
-0.16014052438122356,1,126.209126
-0.15594980537188471,1,126.222434
-0.23915908691672272,1,126.233132
-0.18514794267042364,1,126.246263
-0.15268550513598594,1,126.259719
-0.15594980537188471,1,126.272004
-0.15268550513598594,1,126.282485
-0.15594980537188471,1,126.297756
-0.22637536081094042,1,126.311568
-0.21406049972388985,1,126.326129
-0.1742349153892876,1,126.341531
-0.19757116253789728,1,126.353092
-0.20685653341313992,1,126.36655
-0.18514794267042364,1,126.384057
-0.16014052438122356,1,126.395064
-0.23456197452549263,1,126.410006
-0.16014052438122356,1,126.42213
-0.18514794267042364,1,126.435809
-0.15268550513598594,1,126.450705
-0.18514794267042364,1,126.466483
-0.14122542155212847,1,126.478355
-0.15594980537188471,1,126.495477
-0.20685653341313992,1,126.509638
-0.15594980537188471,1,126.522033
-0.1934356550203257,1,126.532143
-0.19757116253789728,1,126.549956
-0.22842371983130924,1,126.562603
-0.16571756332504103,1,126.575402
-0.16014052438122356,1,126.588079
-0.15594980537188471,1,126.59851
-0.12640449794697636,1,126.613487
-0.15594980537188471,1,126.628665
-0.12640449794697636,1,126.64031
-0.12640449794697636,1,126.650146
-0.1676667450195734,1,126.666749
-0.12640449794697636,1,126.681789
-0.12640449794697636,1,126.695925
-0.15594980537188471,1,126.710269
-0.12640449794697636,1,126.726185
-0.18514794267042364,1,126.736266
-0.14122542155212847,1,126.75005
-0.18514794267042364,1,126.761462
-0.14122542155212847,1,126.772765
-0.16014052438122356,1,126.784987
-0.1934356550203257,1,126.797463
-0.18514794267042364,1,126.809816
-0.14122542155212847,1,126.825214
-0.18514794267042364,1,126.835728
-0.12640449794697636,1,126.845692
-0.15594980537188471,1,126.862058
-0.12640449794697636,1,126.875316
-0.12640449794697636,1,126.885772
-0.10772261038881333,1,126.900625
-0.19757116253789728,1,126.912789
-0.202880340222155,1,126.925198
-0.16014052438122356,1,126.947526
-0.202880340222155,1,126.964061
-0.16014052438122356,1,126.985444
-0.2711909879146074,1,126.999726
-0.16014052438122356,1,127.012785
-0.2711909879146074,1,127.02457
-0.16014052438122356,1,127.0386
-0.202880340222155,1,127.050705
-0.20994583200024086,1,127.066717
-0.21981278266648344,1,127.083793
-0.37939004297687867,1,127.095848
-0.2711909879146074,1,127.108267
-0.29946578540239277,1,127.123887
-0.3107283317527115,1,127.137361
-0.4220999663688672,1,127.148838
-0.2711909879146074,1,127.165517
-0.16571756332504103,1,127.180188
-0.1934356550203257,1,127.193044
-0.12640449794697636,1,127.206629
-0.22637536081094042,1,127.217748
-0.12640449794697636,1,127.229549
-0.2590177736618995,1,127.248436
-0.18514794267042364,1,127.260372
-0.23915908691672272,1,127.270421
-0.19757116253789728,1,127.283859
-0.22637536081094042,1,127.295765
-0.23456197452549263,1,127.309431
-0.20685653341313992,1,127.325286
-0.19757116253789728,1,127.336437
-0.16014052438122356,1,127.347863
-0.19757116253789728,1,127.363813
-0.16014052438122356,1,127.377577
-0.19757116253789728,1,127.388002
-0.16014052438122356,1,127.404804
-0.12640449794697636,1,127.416526
-0.1742349153892876,1,127.429178
-0.12640449794697636,1,127.449367
-0.17868596310296359,1,127.46893
-0.12640449794697636,1,127.483842
-0.20685653341313992,1,127.499711
-0.2711909879146074,1,127.512622
-0.245061589833413,1,127.524513
-0.2590177736618995,1,127.541114
-0.245061589833413,1,127.55613
-0.2590177736618995,1,127.575624
-0.28679255545526133,1,127.589278
-0.23456197452549263,1,127.602128
-0.20685653341313992,1,127.614628
-0.15594980537188471,1,127.630285
-0.20685653341313992,1,127.643344
-0.21406049972388985,1,127.655229
-0.15268550513598594,1,127.669319
-0.21406049972388985,1,127.684842
-0.11446970687829565,1,127.697248
-0.24925352599435066,1,127.71091
-0.11446970687829565,1,127.722448
-0.10245666586838688,1,127.734191
-0.13590161703673273,1,127.749724
-0.12423995900270923,1,127.761592
-0.13590161703673273,1,127.773309
-0.15007093265273003,1,127.7889
-0.11446970687829565,1,127.81056
-0.12640449794697636,1,127.822983
-0.12640449794697636,1,127.838471
-0.10464711163640988,1,127.853838
-0.13590161703673273,1,127.864142
-0.10464711163640988,1,127.878288
-0.13590161703673273,1,127.88943
-0.12640449794697636,1,127.900488
-0.12640449794697636,1,127.929323
-0.10464711163640988,1,127.958694
-0.13590161703673273,1,127.979414
-0.10464711163640988,1,128.012362
-0.13590161703673273,1,128.034176
-0.10464711163640988,1,128.059891
-0.12640449794697636,1,128.083191
-0.10464711163640988,1,128.107114
-0.13590161703673273,1,128.128123
-0.10464711163640988,1,128.160271
-0.13590161703673273,1,128.188596
-0.17350589142033865,1,128.22226
-0.14122542155212847,1,128.257213
-0.10245666586838688,1,128.286446
-0.19384945200204626,1,128.307338
-0.09641764445864717,1,128.345059
-0.12640449794697636,1,128.371586
-0.12640449794697636,1,128.398388
-0.1742349153892876,1,128.42391
-0.12640449794697636,1,128.456895
-0.1742349153892876,1,128.482228
-0.12640449794697636,1,128.513194
-0.1742349153892876,1,128.540394
-0.19757116253789728,1,128.563364
-0.1742349153892876,1,128.613627
-0.15594980537188471,1,128.644416
-0.1742349153892876,1,128.671839
-0.2711909879146074,1,128.696924
-0.1934356550203257,1,128.712833
-0.21406049972388985,1,128.724258
-0.17868596310296359,1,128.741812
-0.17350589142033865,1,128.756769
-0.11446970687829565,1,128.7687
-0.12423995900270923,1,128.78381
-0.12640449794697636,1,128.7966
-0.12423995900270923,1,128.807963
-0.12640449794697636,1,128.823221
-0.10464711163640988,1,128.839119
-0.12640449794697636,1,128.851227
-0.10464711163640988,1,128.866822
-0.11446970687829565,1,128.880274
-0.12640449794697636,1,128.894047
-0.11446970687829565,1,128.911127
-0.15007093265273003,1,128.923811
-0.11446970687829565,1,128.937764
-0.12640449794697636,1,128.951537
-0.1742349153892876,1,128.962893
-0.15594980537188471,1,128.979229
-0.1934356550203257,1,128.996011
-0.15594980537188471,1,129.009862
-0.20685653341313992,1,129.025055
-0.19757116253789728,1,129.042501
-0.16014052438122356,1,129.055347
-0.15594980537188471,1,129.069473
-0.22637536081094042,1,129.093703
-0.21406049972388985,1,129.1103
-0.1742349153892876,1,129.124727
-0.2711909879146074,1,129.153429
-0.2711909879146074,1,129.16872
-0.21406049972388985,1,129.187387
-0.2590177736618995,1,129.206977
-0.19757116253789728,1,129.220172
-0.28679255545526133,1,129.231955
-0.23456197452549263,1,129.247581
-0.1742349153892876,1,129.259104
-0.23456197452549263,1,129.27862
-0.31353995921494837,1,129.293291
-0.2427308079405328,1,129.304534
-0.3107283317527115,1,129.315737
-0.2427308079405328,1,129.332975
-0.3107283317527115,1,129.353982
-0.2044517573898668,1,129.368033
-0.22637536081094042,1,129.383284
-0.23456197452549263,1,129.415442
-0.245061589833413,1,129.453511
-0.3075130988090349,1,129.488859
-0.2711909879146074,1,129.505316
-0.3722433526299351,1,129.517616
-0.35553410236850186,1,129.532831
-0.32196547705471795,1,129.547386
-0.21981278266648344,1,129.559004
-0.20994583200024086,1,129.574601
-0.31353995921494837,1,129.613464
-0.23456197452549263,1,129.646029
-0.31353995921494837,1,129.690336
-0.2711909879146074,1,129.70444
-0.21981278266648344,1,129.718014
-0.2806354599285221,1,129.733737
-0.2711909879146074,1,129.746062
-0.2806354599285221,1,129.755844
-0.2655144896098338,1,129.769957
-0.2044517573898668,1,129.781958
-0.22637536081094042,1,129.793126
-0.23456197452549263,1,129.805463
-0.20685653341313992,1,129.81911
-0.23456197452549263,1,129.83174
-0.20685653341313992,1,129.846851
-0.23456197452549263,1,129.859017
-0.28679255545526133,1,129.869572
-0.2590177736618995,1,129.884282
-0.16014052438122356,1,129.895925
-0.19757116253789728,1,129.906969
-0.11666740777311288,1,129.920856
-0.20994583200024086,1,129.931161
-0.11666740777311288,1,129.943457
-0.16014052438122356,1,129.955774
-0.202880340222155,1,129.965576
-0.19757116253789728,1,129.976673
-0.245061589833413,1,129.990216
-0.23456197452549263,1,130.001333
-0.2711909879146074,1,130.011258
-0.18514794267042364,1,130.025481
-0.14122542155212847,1,130.036072
-0.15594980537188471,1,130.045902
-0.15268550513598594,1,130.061005
-0.15594980537188471,1,130.072716
-0.15268550513598594,1,130.084454
-0.15594980537188471,1,130.097397
-0.15268550513598594,1,130.10741
-0.15594980537188471,1,130.119678
-0.15268550513598594,1,130.132664
-0.15594980537188471,1,130.143947
-0.1934356550203257,1,130.154349
-0.23456197452549263,1,130.171746
-0.1742349153892876,1,130.186962
-0.18514794267042364,1,130.197954
-0.1742349153892876,1,130.212834
-0.18514794267042364,1,130.224549
-0.1934356550203257,1,130.234918
-0.15594980537188471,1,130.249511
-0.17868596310296359,1,130.26029
-0.18514794267042364,1,130.271104
-0.12640449794697636,1,130.286453
-0.19757116253789728,1,130.298568
-0.18514794267042364,1,130.310529
-0.20994583200024086,1,130.324636
-0.11666740777311288,1,130.334697
-0.20994583200024086,1,130.346588
-0.11666740777311288,1,130.360393
-0.2590177736618995,1,130.37013
-0.28679255545526133,1,130.379938
-0.19757116253789728,1,130.39389
-0.1934356550203257,1,130.405937
-0.23456197452549263,1,130.415333
-0.18514794267042364,1,130.432727
-0.3075130988090349,1,130.457776
-0.3363775046578459,1,130.478879
-0.3075130988090349,1,130.507491
-0.3363775046578459,1,130.527972
-0.3075130988090349,1,130.555658
-0.245061589833413,1,130.585465
-0.20994583200024086,1,130.607325
-0.22842371983130924,1,130.633874
-0.16571756332504103,1,130.671691
-0.17350589142033865,1,130.729165
-0.21981278266648344,1,130.75909
-0.31353995921494837,1,130.787243
-0.21981278266648344,1,130.811061
-0.2711909879146074,1,130.834009
-0.2806354599285221,1,130.86551
-0.21981278266648344,1,130.892511
-0.2806354599285221,1,130.913054
-0.21981278266648344,1,130.941612
-0.2806354599285221,1,130.962319
-0.16014052438122356,1,130.993077
-0.12215049617686068,1,131.037954
-0.16014052438122356,1,131.059604
-0.20994583200024086,1,131.087497
-0.18514794267042364,1,131.11929
-0.20994583200024086,1,131.144088
-0.18514794267042364,1,131.171384
-0.20994583200024086,1,131.199588
-0.3363775046578459,1,131.223079
-0.2711909879146074,1,131.248793
-0.22842371983130924,1,131.284898
-0.2044517573898668,1,131.314166
-0.16014052438122356,1,131.365369
-0.16014052438122356,1,131.396215
-0.16014052438122356,1,131.432969
-0.20994583200024086,1,131.458632
-0.18514794267042364,1,131.494129
-0.16014052438122356,1,131.521396
-0.1742349153892876,1,131.541964
-0.12640449794697636,1,131.574413
-0.10772261038881333,1,133.026879
-0.12640449794697636,1,133.045624
-0.1742349153892876,1,133.073429
-0.19757116253789728,1,133.096252
-0.14122542155212847,1,133.129033
-0.12640449794697636,1,133.157349
-0.15268550513598594,1,133.177063
-0.19674449635137878,1,133.204267
-0.17868596310296359,1,133.235233
-0.21406049972388985,1,133.256541
-0.17868596310296359,1,133.284893
-0.18514794267042364,1,133.306879
-0.20685653341313992,1,133.332035
-0.2711909879146074,1,133.362143
-0.2711909879146074,1,133.387319
-0.21981278266648344,1,133.410958
-0.18514794267042364,1,133.431874
-0.2044517573898668,1,133.456842
-0.21981278266648344,1,133.48106
-0.35553410236850186,1,133.50288
-0.2655144896098338,1,133.533482
-0.2044517573898668,1,133.552418
-0.16014052438122356,1,133.580383
-0.16014052438122356,1,133.600991
-0.18514794267042364,1,133.613589
-0.2427308079405328,1,133.629867
-0.2711909879146074,1,133.649264
-0.2044517573898668,1,133.664205
-0.21981278266648344,1,133.678106
-0.16014052438122356,1,133.698077
-0.22637536081094042,1,133.710124
-0.18514794267042364,1,133.719346
-0.1742349153892876,1,133.733588
-0.19757116253789728,1,133.745192
-0.18514794267042364,1,133.754588
-0.2711909879146074,1,133.766801
-0.45042240199856287,1,133.779089
-0.35553410236850186,1,133.790388
-0.18514794267042364,1,133.80329
-0.2881767605015656,1,133.814539
-0.3363775046578459,1,133.825513
-0.3075130988090349,1,133.839466
-0.245061589833413,1,133.850631
-0.2590177736618995,1,133.862712
-0.21981278266648344,1,133.877172
-0.3075130988090349,1,133.887505
-0.21981278266648344,1,133.898639
-0.2590177736618995,1,133.912706
-0.2784784944652248,1,133.924541
-0.2590177736618995,1,133.934615
-0.2784784944652248,1,133.949233
-0.2711909879146074,1,133.963491
-0.3363775046578459,1,133.975886
-0.20994583200024086,1,133.988949
-0.202880340222155,1,133.999374
-0.20994583200024086,1,134.009972
-0.202880340222155,1,134.023258
-0.23456197452549263,1,134.033471
-0.14122542155212847,1,134.047515
-0.16014052438122356,1,134.062017
-0.14122542155212847,1,134.073794
-0.16014052438122356,1,134.084817
-0.14122542155212847,1,134.1022
-0.16571756332504103,1,134.113781
-0.16014052438122356,1,134.125723
-0.16571756332504103,1,134.139686
-0.16014052438122356,1,134.150047
-0.12640449794697636,1,134.161272
-0.16014052438122356,1,134.176409
-0.16571756332504103,1,134.199242
-0.2711909879146074,1,134.21245
-0.2427308079405328,1,134.226574
-0.1934356550203257,1,134.237491
-0.18514794267042364,1,134.249518
-0.17868596310296359,1,134.263252
-0.15594980537188471,1,134.277494
-0.1742349153892876,1,134.288351
-0.21406049972388985,1,134.303627
-0.1676667450195734,1,134.31437
-0.12640449794697636,1,134.326813
-0.11446970687829565,1,134.339914
-0.12640449794697636,1,134.349914
-0.11446970687829565,1,134.364265
-0.12640449794697636,1,134.379154
-0.1676667450195734,1,134.390687
-0.12640449794697636,1,134.40138
-0.11446970687829565,1,134.417113
-0.12640449794697636,1,134.428544
-0.11446970687829565,1,134.439221
-0.15594980537188471,1,134.452025
-0.14122542155212847,1,134.464871
-0.23456197452549263,1,134.47666
-0.1934356550203257,1,134.490968
-0.23456197452549263,1,134.501747
-0.1934356550203257,1,134.513194
-0.23456197452549263,1,134.528612
-0.1742349153892876,1,134.540979
-0.12640449794697636,1,134.551352
-0.14122542155212847,1,134.565818
-0.19757116253789728,1,134.580271
-0.18514794267042364,1,134.591962
-0.2711909879146074,1,134.604466
-0.22842371983130924,1,134.616196
-0.2427308079405328,1,134.628401
-0.18514794267042364,1,134.641685
-0.21981278266648344,1,134.651639
-0.21981278266648344,1,134.663304
-0.17816838160859882,1,134.677195
-0.21981278266648344,1,134.688907
-0.21981278266648344,1,134.699607
-0.21981278266648344,1,134.715708
-0.17816838160859882,1,134.727842
-0.17350589142033865,1,134.738202
-0.2427308079405328,1,134.750975
-0.21981278266648344,1,134.762785
-0.1676667450195734,1,134.773673
-0.21981278266648344,1,134.786282
-0.13590161703673273,1,134.796978
-0.32196547705471795,1,134.809469
-0.20095074438572624,1,134.824916
-0.21981278266648344,1,134.83756
-0.20095074438572624,1,134.850177
-0.21981278266648344,1,134.864521
-0.20095074438572624,1,134.877088
-0.21981278266648344,1,134.88966
-0.2609678440207759,1,134.902024
-0.2711909879146074,1,134.91424
-0.35553410236850186,1,134.927065
-0.2655144896098338,1,134.941206
-0.35553410236850186,1,134.951089
-0.2655144896098338,1,134.964358
-0.35553410236850186,1,134.97775
-0.4592501005618275,1,134.988095
-0.21981278266648344,1,134.998271
-0.18514794267042364,1,135.012771
-0.19757116253789728,1,135.024657
-0.2711909879146074,1,135.033834
-0.2711909879146074,1,135.050473
-0.2711909879146074,1,135.061923
-0.2044517573898668,1,135.07326
-0.21981278266648344,1,135.087368
-0.21981278266648344,1,135.097345
-0.22842371983130924,1,135.108621
-0.20994583200024086,1,135.122844
-0.245061589833413,1,135.133116
-0.2711909879146074,1,135.144361
-0.1934356550203257,1,135.157518
-0.2711909879146074,1,135.169116
-0.1934356550203257,1,135.182372
-0.2711909879146074,1,135.199215
-0.18514794267042364,1,135.21197
-0.2044517573898668,1,135.221987
-0.21981278266648344,1,135.234598
-0.1901232807353778,1,135.246401
-0.14122542155212847,1,135.25745
-0.15007093265273003,1,135.273992
-0.1676667450195734,1,135.297153
-0.15007093265273003,1,135.31071
-0.1676667450195734,1,135.328991
-0.15007093265273003,1,135.341104
-0.09977547633845879,1,135.351439
-0.18514794267042364,1,135.366435
-0.14122542155212847,1,135.378757
-0.15594980537188471,1,135.392058
-0.14122542155212847,1,135.417599
-0.19757116253789728,1,135.444953
-0.1934356550203257,1,135.469544
-0.16014052438122356,1,135.49995
-0.20685653341313992,1,135.527465
-0.15594980537188471,1,135.549649
-0.15268550513598594,1,135.580772
-0.10245666586838688,1,135.60207
-0.15268550513598594,1,135.629928
-0.10245666586838688,1,135.657058
-0.15268550513598594,1,135.67903
-0.10245666586838688,1,135.699402
-0.15268550513598594,1,135.732858
-0.10245666586838688,1,135.769907
-0.15268550513598594,1,135.800453
-0.10245666586838688,1,135.847278
-0.15268550513598594,1,135.885714
-0.10245666586838688,1,135.922951
-0.15268550513598594,1,135.951835
-0.12640449794697636,1,135.977822
-0.14122542155212847,1,135.999215
-0.12980126866527975,1,136.030726
-0.14122542155212847,1,136.052923
-0.16014052438122356,1,136.074615
-0.1676667450195734,1,136.099961
-0.16014052438122356,1,136.127448
-0.1934356550203257,1,136.167093
-0.15594980537188471,1,136.215878
-0.1742349153892876,1,136.250604
-0.15594980537188471,1,136.294125
-0.1742349153892876,1,136.340276
-0.15594980537188471,1,136.394234
-0.12640449794697636,1,136.411221
-0.12640449794697636,1,136.432882
-0.14122542155212847,1,136.447467
-0.12640449794697636,1,136.464862
-0.15268550513598594,1,136.48093
-0.12640449794697636,1,136.493188
-0.1934356550203257,1,136.504101
-0.16014052438122356,1,136.517887
-0.1676667450195734,1,136.53025
-0.12640449794697636,1,136.543964
-0.14122542155212847,1,136.560734
-0.15594980537188471,1,136.573725
-0.12640449794697636,1,136.587515
-0.12640449794697636,1,136.601985
-0.16014052438122356,1,136.614839
-0.2044517573898668,1,136.629827
-0.16014052438122356,1,136.649198
-0.2711909879146074,1,136.663535
-0.16014052438122356,1,136.678554
-0.2711909879146074,1,136.700039
-0.31353995921494837,1,136.71853
-0.2711909879146074,1,136.737545
-0.3281468837894772,1,136.754169
-0.2711909879146074,1,136.766902
-0.22637536081094042,1,136.780014
-0.15594980537188471,1,136.797639
-0.15268550513598594,1,136.81168
-0.18514794267042364,1,136.825224
-0.19384945200204626,1,136.842818
-0.17350589142033865,1,136.854195
-0.15268550513598594,1,136.866313
-0.21406049972388985,1,136.892586
-0.1934356550203257,1,136.903849
-0.12980126866527975,1,136.91923
-0.21981278266648344,1,136.93644
-0.12980126866527975,1,136.949428
-0.21981278266648344,1,136.963636
-0.12980126866527975,1,136.9795
-0.18514794267042364,1,136.992169
-0.21981278266648344,1,137.006467
-0.11446970687829565,1,137.036639
-0.12640449794697636,1,137.054861
-0.12640449794697636,1,137.075361
-0.12640449794697636,1,137.093193
-0.17868596310296359,1,137.105608
-0.12640449794697636,1,137.118202
-0.12640449794697636,1,137.134879
-0.15594980537188471,1,137.153268
-0.12640449794697636,1,137.165876
-0.15594980537188471,1,137.191183
-0.12640449794697636,1,137.20818
-0.15594980537188471,1,137.22324
-0.1934356550203257,1,137.239002
-0.2044517573898668,1,137.25257
-0.18514794267042364,1,137.26426
-0.23456197452549263,1,137.287593
-0.202880340222155,1,137.307606
-0.16014052438122356,1,137.318927
-0.16014052438122356,1,137.33325
-0.15594980537188471,1,137.344691
-0.1676667450195734,1,137.355888
-0.16014052438122356,1,137.369197
-0.16014052438122356,1,137.380095
-0.2044517573898668,1,137.398227
-0.1934356550203257,1,137.41443
-0.16571756332504103,1,137.429061
-0.2590177736618995,1,137.445323
-0.19757116253789728,1,137.464276
-0.16014052438122356,1,137.475473
-0.2044517573898668,1,137.484255
-0.22842371983130924,1,137.497433
-0.21981278266648344,1,137.513728
-0.22842371983130924,1,137.524664
-0.20994583200024086,1,137.538702
-0.22842371983130924,1,137.548647
-0.19757116253789728,1,137.557722
-0.16014052438122356,1,137.572165
-0.15594980537188471,1,137.583192
-0.16014052438122356,1,137.592801
-0.12215049617686068,1,137.605843
-0.16014052438122356,1,137.61683
-0.15594980537188471,1,137.627315
-0.16014052438122356,1,137.639184
-0.15594980537188471,1,137.648934
-0.1742349153892876,1,137.658677
-0.12215049617686068,1,137.671032
-0.14122542155212847,1,137.681497
-0.12640449794697636,1,137.691118
-0.12640449794697636,1,137.707925
-0.12640449794697636,1,137.720724
-0.11446970687829565,1,137.730496
-0.18514794267042364,1,137.747108
-0.11446970687829565,1,137.757486
-0.12640449794697636,1,137.768027
-0.12640449794697636,1,137.782208
-0.15594980537188471,1,137.791504
-0.14122542155212847,1,137.801605
-0.19757116253789728,1,137.81449
-0.16014052438122356,1,137.825679
-0.19757116253789728,1,137.835418
-0.14122542155212847,1,137.84927
-0.2590177736618995,1,137.859413
-0.29946578540239277,1,137.877721
-0.2881767605015656,1,137.890556
-0.29946578540239277,1,137.900983
-0.2881767605015656,1,137.909704
-0.2784784944652248,1,137.923345
-0.35553410236850186,1,137.933621
-0.3936584440836529,1,137.948448
-0.2711909879146074,1,137.961417
-0.3936584440836529,1,137.97024
-0.3075130988090349,1,137.981781
-0.22842371983130924,1,137.993817
-0.19757116253789728,1,138.003997
-0.20685653341313992,1,138.014843
-0.18514794267042364,1,138.029001
-0.14122542155212847,1,138.039266
-0.16014052438122356,1,138.048639
-0.16014052438122356,1,138.064366
-0.16014052438122356,1,138.075955
-0.16014052438122356,1,138.086217
-0.1901232807353778,1,138.098281
-0.1934356550203257,1,138.109185
-0.12640449794697636,1,138.119839
-0.1742349153892876,1,138.135995
-0.15594980537188471,1,138.154679
-0.1742349153892876,1,138.176932
-0.12640449794697636,1,138.201677
-0.1742349153892876,1,138.224996
-0.23456197452549263,1,138.244064
-0.16014052438122356,1,138.268344
-0.16014052438122356,1,138.289238
-0.16014052438122356,1,138.314083
-0.18514794267042364,1,138.338374
-0.14122542155212847,1,138.36371
-0.15594980537188471,1,138.385632
-0.20685653341313992,1,138.407798
-0.12640449794697636,1,138.4393
-0.1934356550203257,1,138.45793
-0.15594980537188471,1,138.479195
-0.15268550513598594,1,138.517383
-0.18514794267042364,1,138.553789
-0.2590177736618995,1,138.58225
-0.19757116253789728,1,138.610244
-0.3281468837894772,1,138.634076
-0.23456197452549263,1,138.659385
-0.202880340222155,1,138.679632
-0.2590177736618995,1,138.701122
-0.202880340222155,1,138.729057
-0.23456197452549263,1,138.751487
-0.202880340222155,1,138.77825
-0.2590177736618995,1,138.829903
-0.2427308079405328,1,138.85602
-0.2590177736618995,1,138.881809
-0.202880340222155,1,138.910665
-0.23456197452549263,1,138.932242
-0.245061589833413,1,138.969827
-0.23456197452549263,1,139.008915
-0.3281468837894772,1,139.02724
-0.23456197452549263,1,139.058496
-0.1742349153892876,1,139.093266
-0.2711909879146074,1,139.116006
-0.1742349153892876,1,139.135747
-0.15594980537188471,1,139.171911
-0.12640449794697636,1,139.200643
-0.12640449794697636,1,139.223732
-0.12640449794697636,1,139.25512
-0.12640449794697636,1,139.284648
-0.12640449794697636,1,139.31775
-0.10245666586838688,1,139.34742
-0.12640449794697636,1,139.389956
-0.15327933531297963,1,139.422022
-0.12640449794697636,1,139.454095
-0.19674449635137878,1,139.480668
-0.19384945200204626,1,139.501194
-0.10464711163640988,1,139.535509
-0.19384945200204626,1,139.5583
-0.12640449794697636,1,139.577195
-0.19384945200204626,1,139.607653
-0.10464711163640988,1,139.637474
-0.19384945200204626,1,139.667179
-0.15007093265273003,1,139.699183
-0.14122542155212847,1,139.722882
-0.15594980537188471,1,139.746741
-0.1742349153892876,1,139.787049
-0.23456197452549263,1,139.81765
-0.202880340222155,1,139.846202
-0.23456197452549263,1,139.879664
-0.1742349153892876,1,139.902361
-0.18514794267042364,1,139.923488
-0.12640449794697636,1,139.958591
-0.2427308079405328,1,139.973299
-0.21981278266648344,1,139.983622
-0.1676667450195734,1,139.999046
-0.2711909879146074,1,140.012463
-0.12215049617686068,1,140.02384
-0.18514794267042364,1,140.037472
-0.21981278266648344,1,140.047839
-0.18514794267042364,1,140.060992
-0.12215049617686068,1,140.075361
-0.16014052438122356,1,140.087887
-0.16014052438122356,1,140.098431
-0.16014052438122356,1,140.111279
-0.2427308079405328,1,140.122487
-0.21981278266648344,1,140.135571
-0.12640449794697636,1,140.147916
-0.14122542155212847,1,140.159357
-0.21981278266648344,1,140.170936
-0.39722046524176174,1,140.186856
-0.21981278266648344,1,140.205437
-0.2711909879146074,1,140.215904
-0.2806354599285221,1,140.236387
-0.2541385738595232,1,140.249664
-0.2044517573898668,1,140.268502
-0.16014052438122356,1,140.283613
-0.19757116253789728,1,140.29376
-0.245061589833413,1,140.305052
-0.20994583200024086,1,140.322874
-0.245061589833413,1,140.3375
-0.2590177736618995,1,140.349455
-0.18514794267042364,1,140.365585
-0.2590177736618995,1,140.379416
-0.18514794267042364,1,140.396675
-0.21981278266648344,1,140.411523
-0.21981278266648344,1,140.423607
-0.23456197452549263,1,140.435241
-0.14122542155212847,1,140.449711
-0.16014052438122356,1,140.460461
-0.20685653341313992,1,140.4732
-0.21981278266648344,1,140.489777
-0.17350589142033865,1,140.503276
-0.21981278266648344,1,140.515081
-0.21981278266648344,1,140.529605
-0.20994583200024086,1,140.539239
-0.16014052438122356,1,140.549736
-0.16014052438122356,1,140.563572
-0.12640449794697636,1,140.574563
-0.19757116253789728,1,140.583673
-0.12640449794697636,1,140.598326
-0.12980126866527975,1,140.609509
-0.14122542155212847,1,140.620601
-0.10464711163640988,1,140.63359
-0.14122542155212847,1,140.645042
-0.15594980537188471,1,140.664193
-0.14122542155212847,1,140.679968
-0.15594980537188471,1,140.691802
-0.14122542155212847,1,140.705576
-0.18514794267042364,1,140.719695
-0.20685653341313992,1,140.733781
-0.12640449794697636,1,140.756189
-0.1934356550203257,1,140.779006
-0.12640449794697636,1,140.794971
-0.1934356550203257,1,140.809598
-0.19757116253789728,1,140.825687
-0.16014052438122356,1,140.839064
-0.16014052438122356,1,140.851341
-0.16014052438122356,1,140.866185
-0.21406049972388985,1,140.877795
-0.09977547633845879,1,140.888385
-0.12640449794697636,1,140.908371
-0.1676667450195734,1,140.918323
-0.12980126866527975,1,140.929963
-0.16014052438122356,1,140.957007
-0.1371934118726051,1,140.973348
-0.15007093265273003,1,140.987285
-0.1901232807353778,1,141.00594
-0.15007093265273003,1,141.02405
-0.21981278266648344,1,141.036945
-0.12640449794697636,1,141.053078
-0.35553410236850186,1,141.066507
-0.2711909879146074,1,141.078323
-0.17816838160859882,1,141.093182
-0.2655144896098338,1,141.103333
-0.17816838160859882,1,141.117683
-0.21981278266648344,1,141.131787
-0.2427308079405328,1,141.14441
-0.39722046524176174,1,141.155548
-0.35553410236850186,1,141.169825
-0.35553410236850186,1,141.181652
-0.29946578540239277,1,141.193996
-0.3345781397876577,1,141.211006
-0.29946578540239277,1,141.222435
-0.3345781397876577,1,141.240841
-0.21981278266648344,1,141.25458
-0.21981278266648344,1,141.293677
-0.12640449794697636,1,141.315296
-0.16014052438122356,1,141.334169
-0.16571756332504103,1,141.356926
-0.16014052438122356,1,141.370177
-0.15594980537188471,1,141.384814
-0.12640449794697636,1,141.397014
-0.15594980537188471,1,141.408186
-0.12640449794697636,1,141.423764
-0.15594980537188471,1,141.437127
-0.12640449794697636,1,141.446884
-0.12640449794697636,1,141.460375
-0.12640449794697636,1,141.471673
-0.12640449794697636,1,141.483979
-0.14122542155212847,1,141.50218
-0.15594980537188471,1,141.513816
-0.12640449794697636,1,141.524777
-0.12640449794697636,1,141.538155
-0.11446970687829565,1,141.554118
-0.12640449794697636,1,141.563548
-0.11446970687829565,1,141.576755
-0.10245666586838688,1,141.590025
-0.14122542155212847,1,141.601583
-0.12980126866527975,1,141.621137
-0.19384945200204626,1,141.643715
-0.10245666586838688,1,141.667517
-0.15268550513598594,1,141.696162
-0.15594980537188471,1,141.717404
-0.15268550513598594,1,141.742315
-0.15594980537188471,1,141.769712
-0.15268550513598594,1,141.792989
-0.15594980537188471,1,141.818495
-0.20685653341313992,1,141.848891
-0.18514794267042364,1,141.876272
-0.1676667450195734,1,141.897891
-0.09900860155862554,1,141.92875
-0.16014052438122356,1,141.95865
-0.09900860155862554,1,141.987052
-0.16014052438122356,1,142.020658
-0.21406049972388985,1,142.052589
-0.20685653341313992,1,142.081164
-0.2711909879146074,1,142.112784
-0.245061589833413,1,142.141969
-0.19757116253789728,1,142.177869
-0.1742349153892876,1,142.213141
-0.12640449794697636,1,142.233911
-0.14122542155212847,1,142.266808
-0.12640449794697636,1,142.305197
-0.1742349153892876,1,142.337521
-0.16014052438122356,1,142.355597
-0.16014052438122356,1,142.379008
-0.23456197452549263,1,142.390618
-0.1934356550203257,1,142.403069
-0.18514794267042364,1,142.423175
-0.1742349153892876,1,142.437622
-0.21406049972388985,1,142.449144
-0.16014052438122356,1,142.465051
-0.15594980537188471,1,142.477243
-0.20685653341313992,1,142.494282
-0.15594980537188471,1,142.508186
-0.1934356550203257,1,142.519753
-0.09900860155862554,1,142.531792
-0.18514794267042364,1,142.546525
-0.12980126866527975,1,142.558245
-0.16014052438122356,1,142.569405
-0.1901232807353778,1,142.588406
-0.16014052438122356,1,142.606963
-0.12910693019226047,1,142.622351
-0.14122542155212847,1,142.639558
-0.16014052438122356,1,142.652809
-0.18514794267042364,1,142.665679
-0.16571756332504103,1,142.681685
-0.1934356550203257,1,142.70183
-0.18514794267042364,1,142.712399
-0.14122542155212847,1,142.726037
-0.15007093265273003,1,142.736445
-0.1676667450195734,1,142.748477
-0.15007093265273003,1,142.763145
-0.15268550513598594,1,142.774433
-0.15594980537188471,1,142.785393
-0.19384945200204626,1,142.808275
-0.15594980537188471,1,142.823019
-0.19384945200204626,1,142.834625
-0.15594980537188471,1,142.884989
-0.19384945200204626,1,142.933106
-0.21406049972388985,1,142.954952
-0.1742349153892876,1,142.972395
-0.15594980537188471,1,142.986006
-0.1676667450195734,1,142.999688
-0.1901232807353778,1,143.042723
-0.1676667450195734,1,143.101301
-0.1901232807353778,1,143.117013
-0.1676667450195734,1,143.13268
-0.12640449794697636,1,143.147529
-0.1676667450195734,1,143.160389
-0.12640449794697636,1,143.175527
-0.11446970687829565,1,143.186507
-0.10245666586838688,1,143.203296
-0.1676667450195734,1,143.21846
-0.16014052438122356,1,143.238545
-0.14122542155212847,1,143.254356
-0.21981278266648344,1,143.273833
-0.2590177736618995,1,143.288503
-0.18514794267042364,1,143.302011
-0.1934356550203257,1,143.325164
-0.15594980537188471,1,143.334986
-0.17868596310296359,1,143.346865
-0.18514794267042364,1,143.360187
-0.1742349153892876,1,143.378447
-0.23456197452549263,1,143.390215
-0.1934356550203257,1,143.40703
-0.19757116253789728,1,143.417727
-0.20685653341313992,1,143.427426
-0.19757116253789728,1,143.442539
-0.22637536081094042,1,143.454078
-0.2044517573898668,1,143.467537
-0.22637536081094042,1,143.4841
-0.2044517573898668,1,143.498842
-0.22842371983130924,1,143.518053
-0.2427308079405328,1,143.532636
-0.1934356550203257,1,143.543614
-0.2427308079405328,1,143.553935
-0.18514794267042364,1,143.565031
-0.2711909879146074,1,143.57577
-0.18514794267042364,1,143.586091
-0.2711909879146074,1,143.603374
-0.23915908691672272,1,143.617606
-0.15594980537188471,1,143.6263
-0.1934356550203257,1,143.641072
-0.2044517573898668,1,143.656929
-0.16014052438122356,1,143.667806
-0.18514794267042364,1,143.681629
-0.15268550513598594,1,143.695495
-0.12640449794697636,1,143.706093
-0.23915908691672272,1,143.718579
-0.15594980537188471,1,143.731448
-0.23915908691672272,1,143.744945
-0.15594980537188471,1,143.758611
-0.15268550513598594,1,143.769249
-0.18514794267042364,1,143.778153
-0.1742349153892876,1,143.791288
-0.18514794267042364,1,143.802384
-0.1934356550203257,1,143.811666
-0.16571756332504103,1,143.822866
-0.2590177736618995,1,143.835569
-0.18514794267042364,1,143.848782
-0.15268550513598594,1,143.862256
-0.18514794267042364,1,143.872138
-0.15268550513598594,1,143.883566
-0.18514794267042364,1,143.897354
-0.15268550513598594,1,143.90835
-0.18514794267042364,1,143.921997
-0.16014052438122356,1,143.93979
-0.31822252126421113,1,143.95173
-0.16014052438122356,1,143.960947
-0.31822252126421113,1,143.973842
-0.2711909879146074,1,143.987474
-0.12215049617686068,1,144.006085
-0.2711909879146074,1,144.06961
-0.23456197452549263,1,144.09985
-0.28679255545526133,1,144.125659
-0.3075130988090349,1,144.155447
-0.202880340222155,1,144.180738
-0.19757116253789728,1,144.210455
-0.16014052438122356,1,144.237126
-0.16014052438122356,1,144.268926
-0.16014052438122356,1,144.300993
-0.16014052438122356,1,144.347665
-0.202880340222155,1,144.372749
-0.19757116253789728,1,144.393156
-0.1742349153892876,1,144.416497
-0.12640449794697636,1,144.429246
-0.14122542155212847,1,144.439158
-0.12640449794697636,1,144.453288
-0.1742349153892876,1,144.464599
-0.12640449794697636,1,144.473388
-0.12640449794697636,1,144.488576
-0.15594980537188471,1,144.506054
-0.17868596310296359,1,144.518412
-0.12640449794697636,1,144.533572
-0.12640449794697636,1,144.547458
-0.18514794267042364,1,144.556548
-0.14122542155212847,1,144.571427
-0.15594980537188471,1,144.589575
-0.14122542155212847,1,144.606571
-0.18514794267042364,1,144.622025
-0.14122542155212847,1,144.636092
-0.21406049972388985,1,144.647964
-0.17868596310296359,1,144.663154
-0.18514794267042364,1,144.673549
-0.14122542155212847,1,144.684226
-0.12640449794697636,1,144.704607
-0.17868596310296359,1,144.717492
-0.21406049972388985,1,144.730663
-0.1934356550203257,1,144.745265
-0.16014052438122356,1,144.755742
-0.1934356550203257,1,144.767257
-0.21981278266648344,1,144.781445
-0.22637536081094042,1,144.792243
-0.21981278266648344,1,144.807752
-0.14122542155212847,1,144.822792
-0.15594980537188471,1,144.834132
-0.14122542155212847,1,144.847316
-0.18514794267042364,1,144.85956
-0.1742349153892876,1,144.869407
-0.15594980537188471,1,144.880653
-0.20685653341313992,1,144.894285
-0.12640449794697636,1,144.905094
-0.20685653341313992,1,144.916561
-0.12215049617686068,1,144.931432
-0.28679255545526133,1,144.941886
-0.12215049617686068,1,144.952209
-0.1742349153892876,1,144.967479
-0.23456197452549263,1,144.977964
-0.202880340222155,1,144.987241
-0.3075130988090349,1,145.003594
-0.2784784944652248,1,145.017534
-0.2881767605015656,1,145.028537
-0.35553410236850186,1,145.048057
-0.2590177736618995,1,145.061594
-0.3363775046578459,1,145.072473
-0.20994583200024086,1,145.089554
-0.22842371983130924,1,145.101177
-0.21981278266648344,1,145.113398
-0.22842371983130924,1,145.127206
-0.21981278266648344,1,145.136869
-0.39722046524176174,1,145.148837
-0.2427308079405328,1,145.162997
-0.17350589142033865,1,145.174699
-0.2427308079405328,1,145.187888
-0.17350589142033865,1,145.203883
-0.2044517573898668,1,145.215241
-0.16014052438122356,1,145.226043
-0.23456197452549263,1,145.239207
-0.14122542155212847,1,145.252436
-0.16014052438122356,1,145.263695
-0.22842371983130924,1,145.276777
-0.16014052438122356,1,145.287063
-0.16014052438122356,1,145.29875
-0.16014052438122356,1,145.31793
-0.14122542155212847,1,145.336389
-0.16014052438122356,1,145.357903
-0.16014052438122356,1,145.391564
-0.16014052438122356,1,145.401834
-0.16014052438122356,1,145.412339
-0.16014052438122356,1,145.432301
-0.18514794267042364,1,145.44214
-0.19757116253789728,1,145.45168
-0.14122542155212847,1,145.46635
-0.16014052438122356,1,145.477661
-0.12640449794697636,1,145.494979
-0.2044517573898668,1,145.509189
-0.2590177736618995,1,145.518239
-0.1901232807353778,1,145.529167
-0.1934356550203257,1,145.54274
-0.2427308079405328,1,145.553065
-0.1934356550203257,1,145.56329
-0.16014052438122356,1,145.577092
-0.22637536081094042,1,145.587835
-0.18514794267042364,1,145.599906
-0.22637536081094042,1,145.613568
-0.18514794267042364,1,145.623971
-0.22637536081094042,1,145.635686
-0.18514794267042364,1,145.649059
-0.22637536081094042,1,145.660414
-0.2806354599285221,1,145.676911
-0.22637536081094042,1,145.695973
-0.23456197452549263,1,145.705011
-0.18514794267042364,1,145.71398
-0.2044517573898668,1,145.726697
-0.1934356550203257,1,145.738023
-0.18514794267042364,1,145.746963
-0.1742349153892876,1,145.762808
-0.23456197452549263,1,145.773538
-0.18514794267042364,1,145.783651
-0.23456197452549263,1,145.796593
-0.18514794267042364,1,145.808035
-0.2711909879146074,1,145.818448
-0.18514794267042364,1,145.830664
-0.23456197452549263,1,145.843905
-0.22842371983130924,1,145.852528
-0.2711909879146074,1,145.866141
-0.18514794267042364,1,145.876772
-0.2711909879146074,1,145.890019
-0.18514794267042364,1,145.902504
-0.2711909879146074,1,145.911592
-0.18514794267042364,1,145.922066
-0.2711909879146074,1,145.933344
-0.22842371983130924,1,145.943494
-0.12215049617686068,1,145.953452
-0.245061589833413,1,145.964692
-0.2590177736618995,1,145.973909
-0.22842371983130924,1,145.984712
-0.16014052438122356,1,145.996896
-0.14122542155212847,1,146.00698
-0.15594980537188471,1,146.018184
-0.14122542155212847,1,146.033027
-0.12910693019226047,1,146.046505
-0.12640449794697636,1,146.057035
-0.10245666586838688,1,146.071445
-0.15268550513598594,1,146.084326
-0.10245666586838688,1,146.095072
-0.15268550513598594,1,146.108798
-0.15594980537188471,1,146.127179
-0.15268550513598594,1,146.1573
-0.12640449794697636,1,146.189242
-0.15268550513598594,1,146.214594
-0.12640449794697636,1,146.241885
-0.15268550513598594,1,146.271536
-0.12640449794697636,1,146.297344
-0.1934356550203257,1,146.327541
-0.18514794267042364,1,146.369557
-0.16014052438122356,1,146.401962
-0.23456197452549263,1,146.43299
-0.20685653341313992,1,146.465819
-0.18514794267042364,1,146.489188
-0.15268550513598594,1,146.509183
-0.18514794267042364,1,146.531819
-0.1742349153892876,1,146.551104
-0.23456197452549263,1,146.569333
-0.28679255545526133,1,146.598385
-0.2590177736618995,1,146.619632
-0.2711909879146074,1,146.645113
-0.2427308079405328,1,146.674852
-0.31353995921494837,1,146.706221
-0.3075130988090349,1,146.739461
-0.245061589833413,1,146.771779
-0.23456197452549263,1,146.80091
-0.245061589833413,1,146.826707
-0.23456197452549263,1,146.853122
-0.2590177736618995,1,146.877974
-0.23456197452549263,1,146.902587
-0.23915908691672272,1,146.924236
-0.2427308079405328,1,146.951834
-0.1742349153892876,1,146.982883
-0.3075130988090349,1,147.026516
-0.1742349153892876,1,147.056932
-0.2711909879146074,1,147.078278
-0.23915908691672272,1,147.105102
-0.15594980537188471,1,147.130431
-0.14122542155212847,1,147.147862
-0.15594980537188471,1,147.179173
-0.23915908691672272,1,147.202882
-0.21406049972388985,1,147.226086
-0.17868596310296359,1,147.245424
-0.21406049972388985,1,147.262524
-0.17868596310296359,1,147.282376
-0.15594980537188471,1,147.304023
-0.14122542155212847,1,147.320768
-0.15594980537188471,1,147.331941
-0.14122542155212847,1,147.349475
-0.15594980537188471,1,147.360564
-0.1742349153892876,1,147.371366
-0.15594980537188471,1,147.386065
-0.14122542155212847,1,147.404308
-0.15594980537188471,1,147.414643
-0.14122542155212847,1,147.427287
-0.15594980537188471,1,147.440698
-0.14122542155212847,1,147.45313
-0.15594980537188471,1,147.47579
-0.14122542155212847,1,147.486155
-0.15594980537188471,1,147.49798
-0.12640449794697636,1,147.509978
-0.1901232807353778,1,147.519447
-0.12640449794697636,1,147.530441
-0.1901232807353778,1,147.544224
-0.12640449794697636,1,147.55446
-0.1901232807353778,1,147.564126
-0.12640449794697636,1,147.577652
-0.1901232807353778,1,147.588474
-0.22637536081094042,1,147.602174
-0.1901232807353778,1,147.617676
-0.12640449794697636,1,147.636583
-0.15594980537188471,1,147.654194
-0.20685653341313992,1,147.668004
-0.08339478106270443,1,147.678777
-0.202880340222155,1,147.688115
-0.08339478106270443,1,147.701354
-0.14122542155212847,1,147.711865
-0.32196547705471795,1,147.722743
-0.21981278266648344,1,147.739749
-0.2427308079405328,1,147.749551
-0.22637536081094042,1,147.761361
-0.2044517573898668,1,147.775597
-0.2711909879146074,1,147.786298
-0.19757116253789728,1,147.7966
-0.23915908691672272,1,147.810694
-0.15594980537188471,1,147.820111
-0.17868596310296359,1,147.831716
-0.15594980537188471,1,147.85657
-0.12640449794697636,1,147.8681
-0.12640449794697636,1,147.878775
-0.12640449794697636,1,147.891311
-0.12640449794697636,1,147.901908
-0.12640449794697636,1,147.916049
-0.12640449794697636,1,147.932009
-0.22637536081094042,1,147.943632
-0.18514794267042364,1,147.962344
-0.22637536081094042,1,147.975258
-0.12640449794697636,1,147.985379
-0.20685653341313992,1,147.994662
-0.19757116253789728,1,148.008552
-0.18514794267042364,1,148.018673
-0.23456197452549263,1,148.029821
-0.2711909879146074,1,148.043189
-0.15594980537188471,1,148.053167
-0.12640449794697636,1,148.064072
-0.12640449794697636,1,148.081169
-0.2590177736618995,1,148.092315
-0.12640449794697636,1,148.100872
-0.22842371983130924,1,148.116296
-0.16014052438122356,1,148.126438
-0.20685653341313992,1,148.137145
-0.16014052438122356,1,148.150553
-0.16014052438122356,1,148.160222
-0.18514794267042364,1,148.173573
-0.16014052438122356,1,148.187093
-0.18514794267042364,1,148.197326
-0.16014052438122356,1,148.207786
-0.18514794267042364,1,148.221296
-0.16014052438122356,1,148.233407
-0.15594980537188471,1,148.246486
-0.12640449794697636,1,148.262663
-0.12640449794697636,1,148.273812
-0.11446970687829565,1,148.290326
-0.12640449794697636,1,148.306295
-0.12640449794697636,1,148.321233
-0.10245666586838688,1,148.33243
-0.12640449794697636,1,148.349097
-0.10245666586838688,1,148.359985
-0.12640449794697636,1,148.369787
-0.10464711163640988,1,148.381211
-0.14122542155212847,1,148.391272
-0.18514794267042364,1,148.401305
-0.1742349153892876,1,148.415123
-0.18514794267042364,1,148.425523
-0.1742349153892876,1,148.434399
-0.18514794267042364,1,148.448157
-0.16014052438122356,1,148.461011
-0.21406049972388985,1,148.471971
-0.1742349153892876,1,148.48563
-0.21406049972388985,1,148.494643
-0.1742349153892876,1,148.505475
-0.21406049972388985,1,148.518976
-0.1742349153892876,1,148.528277
-0.15594980537188471,1,148.53999
-0.1676667450195734,1,148.553566
-0.16014052438122356,1,148.564758
-0.16014052438122356,1,148.575999
-0.2044517573898668,1,148.58792
-0.21981278266648344,1,148.602009
-0.2044517573898668,1,148.614318
-0.16014052438122356,1,148.626518
-0.16014052438122356,1,148.638984
-0.11446970687829565,1,148.64873
-0.10464711163640988,1,148.663836
-0.19384945200204626,1,148.676384
-0.10464711163640988,1,148.688074
-0.1676667450195734,1,148.70155
-0.15594980537188471,1,148.71164
-0.16014052438122356,1,148.723093
-0.16014052438122356,1,148.736355
-0.16014052438122356,1,148.746347
-0.12910693019226047,1,148.759309
-0.14122542155212847,1,148.774657
-0.21406049972388985,1,148.784826
-0.14122542155212847,1,148.800017
-0.12640449794697636,1,148.813007
-0.15268550513598594,1,148.822648
-0.12640449794697636,1,148.832355
-0.12640449794697636,1,148.846609
-0.12640449794697636,1,148.857282
-0.17868596310296359,1,148.872642
-0.15007093265273003,1,148.895427
-0.17868596310296359,1,148.922814
-0.15007093265273003,1,148.954928
-0.15268550513598594,1,148.99956
-0.15007093265273003,1,149.037012
-0.13590161703673273,1,149.061983
-0.15007093265273003,1,149.089911
-0.13590161703673273,1,149.109168
-0.15007093265273003,1,149.132699
-0.1676667450195734,1,149.158619
-0.15007093265273003,1,149.181381
-0.15268550513598594,1,149.199965
-0.18514794267042364,1,149.228865
-0.1934356550203257,1,149.250531
-0.18514794267042364,1,149.290511
-0.1676667450195734,1,149.331317
-0.18514794267042364,1,149.349937
-0.16014052438122356,1,149.368936
-0.18514794267042364,1,149.400452
-0.1676667450195734,1,149.4194
-0.16014052438122356,1,149.427696
-0.1676667450195734,1,149.441534
-0.15007093265273003,1,149.451497
-0.1676667450195734,1,149.460817
-0.12640449794697636,1,149.476762
-0.1676667450195734,1,149.488435
-0.18514794267042364,1,149.499139
-0.1676667450195734,1,149.51651
-0.18514794267042364,1,149.529392
-0.17868596310296359,1,149.538728
-0.18514794267042364,1,149.55356
-0.20685653341313992,1,149.566881
-0.18514794267042364,1,149.58513
-0.17868596310296359,1,149.601915
-0.17350589142033865,1,149.612051
-0.13590161703673273,1,149.62273
-0.10245666586838688,1,149.637479
-0.13590161703673273,1,149.648587
-0.10245666586838688,1,149.657845
-0.13590161703673273,1,149.676011
-0.10245666586838688,1,149.68817
-0.12640449794697636,1,149.703788
-0.10464711163640988,1,149.721475
-0.16014052438122356,1,149.73981
-0.10464711163640988,1,149.754629
-0.16014052438122356,1,149.769792
-0.10464711163640988,1,149.782098
-0.12640449794697636,1,149.793099
-0.12423995900270923,1,149.815801
-0.12640449794697636,1,149.829068
-0.15007093265273003,1,149.839228
-0.17868596310296359,1,149.853894
-0.12640449794697636,1,149.865195
-0.12640449794697636,1,149.87613
-0.15594980537188471,1,149.897561
-0.12640449794697636,1,149.909002
-0.15594980537188471,1,149.919919
-0.12640449794697636,1,149.93572
-0.12640449794697636,1,149.948039
-0.12640449794697636,1,149.970742
-0.15594980537188471,1,149.988026
-0.1676667450195734,1,150.009275
-0.15594980537188471,1,150.019905
-0.10772261038881333,1,150.034896
-0.15594980537188471,1,150.052969
-0.1676667450195734,1,150.065953
-0.16014052438122356,1,150.082399
-0.1676667450195734,1,150.095651
-0.15594980537188471,1,150.106463
-0.12640449794697636,1,150.129318
-0.18514794267042364,1,150.139381
-0.2044517573898668,1,150.151443
-0.18514794267042364,1,150.165796
-0.2044517573898668,1,150.177201
-0.12640449794697636,1,150.193859
-0.1742349153892876,1,150.207927
-0.19757116253789728,1,150.220376
-0.1742349153892876,1,150.231609
-0.18514794267042364,1,150.24573
-0.1742349153892876,1,150.258766
-0.18514794267042364,1,150.269665
-0.1742349153892876,1,150.283107
-0.18514794267042364,1,150.3095
-0.1742349153892876,1,150.322694
-0.18514794267042364,1,150.336982
-0.14122542155212847,1,150.348249
-0.19757116253789728,1,150.360713
-0.16014052438122356,1,150.378984
-0.15594980537188471,1,150.39081
-0.1742349153892876,1,150.401797
-0.15594980537188471,1,150.415846
-0.22637536081094042,1,150.426139
-0.12980126866527975,1,150.436453
-0.1676667450195734,1,150.451343
-0.15594980537188471,1,150.469734
-0.16014052438122356,1,150.481344
-0.23456197452549263,1,150.495767
-0.16014052438122356,1,150.505981
-0.2806354599285221,1,150.517319
-0.1934356550203257,1,150.5315
-0.12980126866527975,1,150.541183
-0.12640449794697636,1,150.551213
-0.16571756332504103,1,150.565382
-0.18514794267042364,1,150.574801
-0.10464711163640988,1,150.586782
-0.21981278266648344,1,150.601941
-0.16926047907577138,1,150.614226
-0.15007093265273003,1,150.623945
-0.16926047907577138,1,150.638411
-0.18514794267042364,1,150.649298
-0.16014052438122356,1,150.660146
-0.1676667450195734,1,150.674096
-0.18514794267042364,1,150.688515
-0.1676667450195734,1,150.701355
-0.12640449794697636,1,150.719739
-0.15268550513598594,1,150.731852
-0.12640449794697636,1,150.742381
-0.15268550513598594,1,150.759089
-0.12640449794697636,1,150.770179
-0.15268550513598594,1,150.783687
-0.12640449794697636,1,150.803125
-0.15268550513598594,1,150.818194
-0.09641764445864717,1,150.830394
-0.14122542155212847,1,150.843629
-0.23456197452549263,1,150.853972
-0.1934356550203257,1,150.864616
-0.16014052438122356,1,150.879425
-0.11446970687829565,1,150.890666
-0.12640449794697636,1,150.904037
-0.11446970687829565,1,150.920301
-0.10464711163640988,1,150.934046
-0.11446970687829565,1,150.945351
-0.12640449794697636,1,150.960816
-0.17868596310296359,1,150.979965
-0.18514794267042364,1,150.994058
-0.22637536081094042,1,151.012832
-0.18514794267042364,1,151.024248
-0.22637536081094042,1,151.035436
-0.18514794267042364,1,151.052082
-0.22637536081094042,1,151.065836
-0.18514794267042364,1,151.077285
-0.22637536081094042,1,151.092327
-0.19757116253789728,1,151.102706
-0.23915908691672272,1,151.11446
-0.23456197452549263,1,151.127068
-0.22637536081094042,1,151.137105
-0.18514794267042364,1,151.148149
-0.22637536081094042,1,151.162142
-0.18514794267042364,1,151.173938
-0.17868596310296359,1,151.184979
-0.18514794267042364,1,151.206712
-0.16014052438122356,1,151.232388
-0.18514794267042364,1,151.253921
-0.16014052438122356,1,151.283477
-0.2044517573898668,1,151.315471
-0.16014052438122356,1,151.3377
-0.2044517573898668,1,151.366642
-0.2655144896098338,1,151.399712
-0.2044517573898668,1,151.428024
-0.1934356550203257,1,151.455843
-0.2806354599285221,1,151.491045
-0.16014052438122356,1,151.533674
-0.23456197452549263,1,151.559087
-0.20685653341313992,1,151.584414
-0.18514794267042364,1,151.612045
-0.20685653341313992,1,151.657669
-0.18514794267042364,1,151.682686
-0.14122542155212847,1,151.716016
-0.19757116253789728,1,151.750355
-0.16014052438122356,1,151.773352
-0.3075130988090349,1,151.804464
-0.16014052438122356,1,151.838266
-0.19757116253789728,1,151.867756
-0.22842371983130924,1,151.891917
-0.2427308079405328,1,151.9361
-0.1934356550203257,1,151.970552
-0.21406049972388985,1,152.003121
-0.20685653341313992,1,152.040764
-0.15594980537188471,1,152.071946
-0.1742349153892876,1,152.108449
-0.15594980537188471,1,152.148768
-0.17868596310296359,1,152.173585
-0.15594980537188471,1,152.20237
-0.17868596310296359,1,152.235062
-0.15594980537188471,1,152.257637
-0.1934356550203257,1,152.285228
-0.18514794267042364,1,152.319018
-0.1676667450195734,1,152.341392
-0.1901232807353778,1,152.369299
-0.2590177736618995,1,152.396164
-0.12640449794697636,1,152.417811
-0.1742349153892876,1,152.439641
-0.18514794267042364,1,152.479966
-0.15268550513598594,1,152.512378
-0.18514794267042364,1,152.545263
-0.15268550513598594,1,152.573764
-0.15007093265273003,1,152.59526
-0.12640449794697636,1,152.617044
-0.15007093265273003,1,152.645908
-0.1676667450195734,1,152.657667
-0.15007093265273003,1,152.677473
-0.1676667450195734,1,152.709717
-0.12910693019226047,1,152.725477
-0.16014052438122356,1,152.749747
-0.16014052438122356,1,152.774103
-0.2590177736618995,1,152.799637
-0.12640449794697636,1,152.816697
-0.12640449794697636,1,152.84174
-0.12640449794697636,1,152.855513
-0.17868596310296359,1,152.868875
