#{"t_start": 1759645638.4194515, "env_id": "None"}
r,l,t
-1.0,1,0.055508
-1.0,1,0.171257
-1.0,1,0.254493
-0.8191866496960201,1,0.320194
-0.724859512736774,1,0.394258
-0.5769024273663426,1,0.46557
-0.724859512736774,1,0.538014
-0.5461645770677092,1,0.611884
-0.48327519662862173,1,0.688724
-0.5769024273663426,1,0.743542
-0.6667156712946645,1,0.798689
-0.6667156712946645,1,0.851354
-0.6272137140340468,1,0.914591
-0.5985987269336951,1,0.966757
-0.3700216929688139,1,1.024462
-0.4181732123974292,1,1.079113
-0.6272137140340468,1,1.13785
-0.5769024273663426,1,1.19452
-0.48327519662862173,1,1.253348
-0.4181732123974292,1,1.309167
-0.3846298891330725,1,1.363415
-0.4591460894878775,1,1.415375
-0.48327519662862173,1,1.469496
-0.4991879222741191,1,1.524666
-0.3503066235459914,1,2.840845
-0.4991879222741191,1,2.900431
-0.3503066235459914,1,2.951521
-0.24124514129165803,1,3.006799
-0.3503066235459914,1,3.062265
-0.3618411141037006,1,3.133164
-0.4181732123974292,1,3.191203
-0.44450978634989513,1,3.288389
-0.4181732123974292,1,3.347432
-0.44450978634989513,1,3.409273
-0.48327519662862173,1,3.468555
-0.5212472450997204,1,3.519852
-0.3503066235459914,1,3.590862
-0.34034079305913384,1,3.647628
-0.3503066235459914,1,3.701629
-0.34034079305913384,1,3.756511
-0.3328164107011781,1,3.818206
-0.4556723923847136,1,3.871994
-0.4417077771445261,1,3.936267
-0.39729453640553747,1,3.986664
-0.3618411141037006,1,4.03355
-0.39729453640553747,1,4.080027
-0.3328164107011781,1,4.124635
-0.27880263402099836,1,4.167751
-0.3846298891330725,1,4.218142
-0.3328164107011781,1,4.272376
-0.3425619128564722,1,4.318342
-0.28798272407190045,1,4.359408
-0.32017608411302473,1,4.409271
-0.28798272407190045,1,4.461276
-0.3700216929688139,1,4.53281
-0.30556888673876903,1,4.57616
-0.25482228882126856,1,4.631926
-0.2503179525788748,1,4.677169
-0.26228397365733985,1,4.719801
-0.24124514129165803,1,4.768917
-0.32017608411302473,1,4.818158
-0.3618411141037006,1,4.865636
-0.3503066235459914,1,4.913027
-0.3990951520637301,1,4.969635
-0.27880263402099836,1,5.020813
-0.3269334205290107,1,5.069926
-0.3425619128564722,1,5.116873
-0.3269334205290107,1,5.167549
-0.27880263402099836,1,5.235816
-0.3328164107011781,1,5.323085
-0.4181732123974292,1,5.36943
-0.27880263402099836,1,5.413646
-0.30311683097797204,1,5.466933
-0.27880263402099836,1,5.517208
-0.27880263402099836,1,5.560044
-0.39729453640553747,1,5.633087
-0.4991879222741191,1,5.700432
-0.39729453640553747,1,5.754581
-0.4181732123974292,1,5.820494
-0.5104736662305263,1,5.873945
-0.4991879222741191,1,5.949218
-0.3328164107011781,1,6.028885
-0.27880263402099836,1,6.076186
-0.3761263467686034,1,6.118899
-0.2944934971549868,1,6.161219
-0.3328164107011781,1,6.212159
-0.2944934971549868,1,6.263832
-0.34888748945853854,1,6.312638
-0.2944934971549868,1,6.365407
-0.28798272407190045,1,6.410735
-0.3328164107011781,1,6.452877
-0.3328164107011781,1,6.495234
-0.4417077771445261,1,6.541051
-0.6519756702804735,1,6.591335
-0.6072198814367978,1,6.646721
-0.5951412287779491,1,6.697042
-0.6072198814367978,1,6.746228
-0.4725907666757357,1,6.80132
-0.48327519662862173,1,6.870245
-0.30311683097797204,1,6.921407
-0.3503066235459914,1,6.975602
-0.4181732123974292,1,7.019138
-0.3503066235459914,1,7.07795
-0.44450978634989513,1,7.132929
-0.5461645770677092,1,7.188881
-0.5951412287779491,1,7.237501
-0.5769024273663426,1,7.298324
-0.8926462274724571,1,7.348448
-0.8652900362250107,1,7.404782
-0.7818133989374126,1,7.480804
-0.6272137140340468,1,7.536651
-0.5461645770677092,1,7.601206
-0.724859512736774,1,7.648856
-0.7818133989374126,1,7.696932
-0.724859512736774,1,7.748642
-0.6834583496438059,1,7.802903
-0.5769024273663426,1,7.865158
-0.27880263402099836,1,7.931966
-0.5769024273663426,1,7.984493
-0.4991879222741191,1,8.035821
-0.4417077771445261,1,8.110578
-0.4591460894878775,1,8.15354
-0.43468239667883474,1,8.205005
-0.4556723923847136,1,8.261806
-0.3328164107011781,1,8.323293
-0.3328164107011781,1,8.37349
-0.2944934971549868,1,8.432705
-0.26488249354132043,1,8.482691
-0.3328164107011781,1,8.540356
-0.24124514129165803,1,8.603819
-0.27880263402099836,1,8.65939
-0.39729453640553747,1,8.705064
-0.27880263402099836,1,8.77298
-0.3328164107011781,1,8.8197
-0.32017608411302473,1,8.877415
-0.28798272407190045,1,8.920625
-0.3328164107011781,1,8.981403
-0.3990951520637301,1,9.037241
-0.48327519662862173,1,9.091308
-0.4181732123974292,1,9.137281
-0.48327519662862173,1,9.193537
-0.4181732123974292,1,9.242377
-0.4181732123974292,1,9.296819
-0.4181732123974292,1,9.348566
-0.3503066235459914,1,9.396101
-0.5212472450997204,1,9.449063
-0.48327519662862173,1,9.504744
-0.4181732123974292,1,9.55369
-0.48327519662862173,1,9.612287
-0.4181732123974292,1,9.669732
-0.48327519662862173,1,9.732061
-0.34034079305913384,1,9.777563
-0.3700216929688139,1,9.839159
-0.3328164107011781,1,9.894095
-0.48327519662862173,1,9.963151
-0.4991879222741191,1,10.020603
-0.5104736662305263,1,10.076801
-0.4181732123974292,1,10.120753
-0.5254213132049934,1,10.185418
-0.6667156712946645,1,10.242681
-0.5769024273663426,1,10.304685
-0.5769024273663426,1,10.359829
-0.724859512736774,1,10.41875
-1.0,1,10.470132
-0.8377069911715487,1,10.531954
-1.0,1,10.595531
-1.0,1,10.682705
-1.0,1,10.754012
-1.0,1,10.820026
-0.724859512736774,1,10.878277
-0.8191866496960201,1,10.9298
-0.724859512736774,1,10.989992
-0.6413938916118376,1,11.055655
-0.4591460894878775,1,11.103381
-0.4991879222741191,1,11.156667
-0.5188955103155143,1,11.208305
-0.5104736662305263,1,11.27347
-0.34034079305913384,1,11.335577
-0.3503066235459914,1,11.394096
-0.3990951520637301,1,11.450627
-0.4181732123974292,1,11.517518
-0.4725907666757357,1,11.577995
-0.5461645770677092,1,11.642288
-0.4725907666757357,1,11.709794
-0.3700216929688139,1,11.783036
-0.4725907666757357,1,11.83851
-0.5461645770677092,1,11.894869
-0.4181732123974292,1,11.950785
-0.32017608411302473,1,12.014144
-0.4556723923847136,1,12.077471
-0.4417077771445261,1,12.134843
-0.34034079305913384,1,12.188643
-0.3503066235459914,1,12.241495
-0.30311683097797204,1,12.302897
-0.48327519662862173,1,12.352211
-0.44450978634989513,1,12.404116
-0.5769024273663426,1,12.468982
-0.5769024273663426,1,12.526801
-0.5769024273663426,1,12.592389
-0.6886685123154265,1,12.649914
-0.48327519662862173,1,12.711789
-0.4181732123974292,1,12.774197
-0.5254213132049934,1,12.838696
-0.3328164107011781,1,12.904086
-0.4181732123974292,1,12.970083
-0.4181732123974292,1,13.014019
-0.5254213132049934,1,13.075469
-0.5104736662305263,1,13.12681
-0.4417077771445261,1,13.182862
-0.5104736662305263,1,13.22902
-0.32017608411302473,1,13.291468
-0.30556888673876903,1,13.347744
-0.2944934971549868,1,13.414186
-0.2605833639148348,1,13.460425
-0.2944934971549868,1,13.523577
-0.2292001824317403,1,13.575888
-0.2944934971549868,1,13.63446
-0.2292001824317403,1,13.716825
-0.3328164107011781,1,13.779896
-0.2503179525788748,1,13.829308
-0.3328164107011781,1,13.884376
-0.2292001824317403,1,13.943882
-0.30311683097797204,1,14.015906
-0.19200259520086324,1,14.07331
-0.2087470170473666,1,14.13454
-0.20505712493185568,1,14.19326
-0.2087470170473666,1,14.255597
-0.26488249354132043,1,14.352767
-0.25482228882126856,1,14.430494
-0.3328164107011781,1,14.482804
-0.3846298891330725,1,14.576064
-0.3990951520637301,1,14.644215
-0.48327519662862173,1,14.708959
-0.4556723923847136,1,14.76397
-0.48327519662862173,1,14.832265
-0.4556723923847136,1,14.902312
-0.48327519662862173,1,14.969273
-0.3990951520637301,1,15.031037
-0.3846298891330725,1,15.093985
-0.39729453640553747,1,15.149053
-0.3618411141037006,1,15.219875
-0.4181732123974292,1,15.274256
-0.4181732123974292,1,15.331034
-0.39729453640553747,1,15.391226
-0.4181732123974292,1,15.45836
-0.4181732123974292,1,15.531675
-0.24124514129165803,1,15.603385
-0.39729453640553747,1,15.665295
-0.3328164107011781,1,15.730526
-0.3328164107011781,1,15.786893
-0.32017608411302473,1,15.853347
-0.30556888673876903,1,15.916018
-0.2944934971549868,1,15.984772
-0.3328164107011781,1,16.050006
-0.27880263402099836,1,16.121768
-0.3328164107011781,1,16.184115
-0.32017608411302473,1,16.242775
-0.30556888673876903,1,16.295235
-0.2944934971549868,1,16.362243
-0.21346641285191226,1,16.424938
-0.21346641285191226,1,16.498643
-0.2292001824317403,1,16.560476
-0.3328164107011781,1,16.617612
-0.34888748945853854,1,16.679824
-0.2944934971549868,1,16.727945
-0.21346641285191226,1,16.777788
-0.2944934971549868,1,16.831744
-0.34888748945853854,1,16.882374
-0.2944934971549868,1,16.940179
-0.30556888673876903,1,16.99402
-0.3700216929688139,1,17.051794
-0.4181732123974292,1,17.102447
-0.5461645770677092,1,17.158562
-0.4725907666757357,1,17.207161
-0.5461645770677092,1,17.273511
-0.4556723923847136,1,17.33481
-0.3846298891330725,1,17.395633
-0.5104736662305263,1,17.447098
-0.3700216929688139,1,17.51168
-0.5104736662305263,1,17.570362
-0.48327519662862173,1,17.631295
-0.4725907666757357,1,17.680267
-0.4649204637460998,1,17.731546
-0.4556723923847136,1,17.786463
-0.3700216929688139,1,17.856488
-0.5254213132049934,1,17.910253
-0.32017608411302473,1,17.974864
-0.4181732123974292,1,18.029671
-0.3503066235459914,1,18.097974
-0.44450978634989513,1,18.155199
-0.3846298891330725,1,18.218458
-0.6667156712946645,1,18.30476
-0.6667156712946645,1,18.395508
-0.5951412287779491,1,18.469514
-0.48327519662862173,1,18.528822
-0.30311683097797204,1,18.592927
-0.4181732123974292,1,18.658563
-0.44450978634989513,1,18.711063
-0.48327519662862173,1,18.775336
-0.4591460894878775,1,18.82597
-0.3846298891330725,1,18.887016
-0.4181732123974292,1,18.95186
-0.3503066235459914,1,19.014855
-0.34034079305913384,1,19.074997
-0.4417077771445261,1,19.151007
-0.3328164107011781,1,19.203102
-0.4181732123974292,1,19.263553
-0.3425619128564722,1,19.351141
-0.30311683097797204,1,19.430922
-0.3269334205290107,1,19.489072
-0.4181732123974292,1,19.55041
-0.3732807404766037,1,19.611685
-0.26228397365733985,1,19.680896
-0.4181732123974292,1,19.747955
-0.32017608411302473,1,19.81394
-0.24124514129165803,1,19.867503
-0.27880263402099836,1,19.926335
-0.4181732123974292,1,19.997388
-0.27880263402099836,1,20.078902
-0.27880263402099836,1,20.136895
-0.26821374406741066,1,20.235003
-0.30556888673876903,1,20.293059
-0.32017608411302473,1,20.35955
-0.34034079305913384,1,20.432277
-0.26821374406741066,1,20.529833
-0.28798272407190045,1,20.578986
-0.32017608411302473,1,20.637286
-0.3990951520637301,1,20.689235
-0.5104736662305263,1,20.754073
-0.3990951520637301,1,20.80136
-0.3846298891330725,1,20.862974
-0.27880263402099836,1,20.91519
-0.4181732123974292,1,20.991673
-0.22839139569008726,1,21.058021
-0.3328164107011781,1,21.124133
-0.26488249354132043,1,21.176732
-0.3700216929688139,1,21.234168
-0.34034079305913384,1,21.341077
-0.26821374406741066,1,21.41522
-0.2605833639148348,1,21.466998
-0.2944934971549868,1,21.540465
-0.2503179525788748,1,21.600657
-0.30311683097797204,1,21.657681
-0.3328164107011781,1,21.71654
-0.3328164107011781,1,21.788516
-0.3328164107011781,1,21.846159
-0.3700216929688139,1,21.910925
-0.3990951520637301,1,21.975005
-0.4181732123974292,1,22.037496
-0.4556723923847136,1,22.108632
-0.32017608411302473,1,22.191174
-0.4725907666757357,1,22.265553
-0.48327519662862173,1,22.349287
-0.4725907666757357,1,22.426953
-0.48327519662862173,1,22.492492
-0.4725907666757357,1,22.56546
-0.26821374406741066,1,22.646374
-0.30311683097797204,1,22.721456
-0.27880263402099836,1,22.800148
-0.34034079305913384,1,22.875294
-0.26821374406741066,1,22.951968
-0.4556723923847136,1,23.028371
-0.26821374406741066,1,23.108441
-0.16344145949650912,1,23.183559
-0.3700216929688139,1,23.30522
-0.4181732123974292,1,23.378253
-0.4181732123974292,1,23.455994
-0.30311683097797204,1,23.529111
-0.3700216929688139,1,23.606874
-0.28798272407190045,1,23.696849
-0.3328164107011781,1,23.78097
-0.3761263467686034,1,23.854611
-0.3328164107011781,1,23.943298
-0.3328164107011781,1,24.013196
-0.3700216929688139,1,24.091355
-0.34888748945853854,1,24.165941
-0.25482228882126856,1,24.244968
-0.28798272407190045,1,24.319345
-0.3425619128564722,1,24.396962
-0.21346641285191226,1,24.46176
-0.16989401335231497,1,24.541066
-0.21346641285191226,1,24.609411
-0.27263876044615276,1,24.712476
-0.20505712493185568,1,24.775566
-0.2087470170473666,1,24.852936
-0.2292001824317403,1,24.918203
-0.27263876044615276,1,24.994081
-0.20505712493185568,1,25.07203
-0.2087470170473666,1,25.140077
-0.3328164107011781,1,25.208192
-0.25482228882126856,1,25.288814
-0.3328164107011781,1,25.347296
-0.2087470170473666,1,25.418075
-0.19200259520086324,1,25.479019
-0.2087470170473666,1,25.545087
-0.17486883556678545,1,25.638535
-0.26228397365733985,1,25.715437
-0.27880263402099836,1,25.791331
-0.26228397365733985,1,25.866126
-0.28580397361039567,1,25.92992
-0.3328164107011781,1,25.987504
-0.19200259520086324,1,26.040834
-0.2944934971549868,1,26.104111
-0.30556888673876903,1,26.154985
-0.25482228882126856,1,26.220229
-0.26488249354132043,1,26.281003
-0.21346641285191226,1,26.352104
-0.26488249354132043,1,26.420674
-0.25482228882126856,1,26.491072
-0.3328164107011781,1,26.556476
-0.3846298891330725,1,26.613494
-0.28798272407190045,1,26.672337
-0.32017608411302473,1,26.74239
-0.4181732123974292,1,26.808934
-0.32017608411302473,1,26.87973
-0.3990951520637301,1,26.942916
-0.27880263402099836,1,27.013817
-0.3618411141037006,1,27.081751
-0.48327519662862173,1,27.156247
-0.4991879222741191,1,27.217173
-0.4181732123974292,1,27.285059
-0.3328164107011781,1,27.344359
-0.48327519662862173,1,27.414379
-0.3328164107011781,1,27.4833
-0.3846298891330725,1,27.561
-0.3328164107011781,1,27.62038
-0.4181732123974292,1,27.684788
-0.44450978634989513,1,27.769486
-0.48327519662862173,1,27.831076
-0.5212472450997204,1,27.895537
-0.3503066235459914,1,27.981941
-0.5212472450997204,1,28.049271
-0.4181732123974292,1,28.131246
-0.4181732123974292,1,28.193033
-0.5461645770677092,1,28.258075
-0.4991879222741191,1,28.321719
-0.5254213132049934,1,28.393566
-0.4181732123974292,1,28.457649
-0.4417077771445261,1,28.532258
-0.5985987269336951,1,28.619227
-0.5104736662305263,1,28.689486
-0.5104736662305263,1,28.753281
-0.5461645770677092,1,28.811391
-0.5769024273663426,1,28.8829
-0.6667156712946645,1,28.940808
-0.4991879222741191,1,29.003317
-0.3503066235459914,1,29.071635
-0.30311683097797204,1,29.13254
-0.4181732123974292,1,29.199576
-0.30311683097797204,1,29.255352
-0.4181732123974292,1,29.312539
-0.4181732123974292,1,29.3985
-0.26821374406741066,1,29.462376
-0.34888748945853854,1,29.53517
-0.4181732123974292,1,29.604718
-0.3618411141037006,1,29.680855
-0.32017608411302473,1,29.749204
-0.34034079305913384,1,29.80024
-0.3700216929688139,1,29.863554
-0.4725907666757357,1,29.918165
-0.32017608411302473,1,29.984517
-0.3990951520637301,1,30.042878
-0.48327519662862173,1,30.122637
-0.30311683097797204,1,30.173398
-0.5461645770677092,1,30.229346
-0.4181732123974292,1,30.283556
-0.4181732123974292,1,30.358738
-0.4181732123974292,1,30.437826
-0.4181732123974292,1,30.517497
-0.4181732123974292,1,30.57005
-0.3503066235459914,1,30.650278
-0.24124514129165803,1,30.712016
-0.27880263402099836,1,30.771876
-0.3641364826370643,1,30.85415
-0.3503066235459914,1,30.934625
-0.3618411141037006,1,30.998538
-0.3700216929688139,1,31.063221
-0.39084631595477565,1,31.115319
-0.2944934971549868,1,31.183255
-0.28798272407190045,1,31.233044
-0.26821374406741066,1,31.298967
-0.28798272407190045,1,31.355383
-0.32017608411302473,1,31.423373
-0.4556723923847136,1,31.502116
-0.48327519662862173,1,31.564
-0.3618411141037006,1,31.656115
-0.4649204637460998,1,31.745453
-0.3761263467686034,1,31.805518
-0.3846298891330725,1,31.862335
-0.27880263402099836,1,31.931247
-0.3328164107011781,1,31.998507
-0.27880263402099836,1,32.063919
-0.3700216929688139,1,32.122858
-0.3328164107011781,1,32.209996
-0.30311683097797204,1,32.277965
-0.21346641285191226,1,32.356915
-0.24124514129165803,1,32.426548
-0.19200259520086324,1,32.509278
-0.13917490760149379,1,32.586794
-0.19200259520086324,1,32.637044
-0.2087470170473666,1,32.690359
-0.19200259520086324,1,32.761737
-0.2944934971549868,1,32.825662
-0.26488249354132043,1,32.877151
-0.17486883556678545,1,32.965128
-0.16084191632284398,1,33.016825
-0.17882230642635902,1,33.081843
-0.25076932977743915,1,33.148231
-0.21346641285191226,1,33.202468
-0.20209274144619,1,33.264181
-0.30311683097797204,1,33.321705
-0.17486883556678545,1,33.395529
-0.2944934971549868,1,33.451954
-0.2292001824317403,1,33.502844
-0.21346641285191226,1,33.576315
-0.30556888673876903,1,33.659204
-0.26821374406741066,1,33.732756
-0.24124514129165803,1,33.795222
-0.26821374406741066,1,33.859391
-0.30311683097797204,1,33.911999
-0.26821374406741066,1,33.967522
-0.4556723923847136,1,34.058332
-0.32017608411302473,1,34.139601
-0.24124514129165803,1,34.196804
-0.3846298891330725,1,34.270126
-0.4181732123974292,1,34.320941
-0.3846298891330725,1,34.379342
-0.26488249354132043,1,34.42682
-0.22189391667851674,1,34.490918
-0.27880263402099836,1,34.54266
-0.26821374406741066,1,34.604859
-0.19200259520086324,1,34.669062
-0.2197171184050079,1,34.732465
-0.21346641285191226,1,34.787547
-0.246699261421291,1,34.848385
-0.20209274144619,1,34.903958
-0.26228397365733985,1,34.95653
-0.13388906162637307,1,35.008811
-0.123149291735454,1,36.334209
-0.28798272407190045,1,36.38908
-0.32017608411302473,1,36.442606
-0.4725907666757357,1,36.495336
-0.6072198814367978,1,36.541146
-0.5951412287779491,1,36.601257
-0.5769024273663426,1,36.660545
-0.7818133989374126,1,36.717105
-0.724859512736774,1,36.774527
-0.5769024273663426,1,36.825342
-0.3503066235459914,1,36.882739
-0.5951412287779491,1,36.941284
-0.5769024273663426,1,37.00472
-0.7818133989374126,1,37.061572
-0.724859512736774,1,37.116032
-0.724859512736774,1,37.173523
-0.7656542184455646,1,37.229578
-0.5985987269336951,1,37.275651
-0.5254213132049934,1,37.335157
-0.4991879222741191,1,37.387317
-0.48327519662862173,1,37.455371
-0.3641364826370643,1,37.50569
-0.4181732123974292,1,37.572273
-0.34034079305913384,1,37.623704
-0.48327519662862173,1,37.686728
-0.44450978634989513,1,37.73612
-0.4181732123974292,1,37.795089
-0.44450978634989513,1,37.847614
-0.4181732123974292,1,37.902527
-0.30311683097797204,1,37.956299
-0.4181732123974292,1,38.020807
-0.34034079305913384,1,38.071489
-0.32017608411302473,1,38.137423
-0.30311683097797204,1,38.191451
-0.21346641285191226,1,38.24887
-0.19200259520086324,1,38.298669
-0.3700216929688139,1,38.346713
-0.3618411141037006,1,38.404902
-0.3700216929688139,1,38.455834
-0.3328164107011781,1,38.510006
-0.3700216929688139,1,38.572719
-0.4181732123974292,1,38.627904
-0.3700216929688139,1,38.686887
-0.3990951520637301,1,38.738041
-0.4181732123974292,1,38.790773
-0.4991879222741191,1,38.841712
-0.48327519662862173,1,38.906754
-0.4181732123974292,1,38.959311
-0.48327519662862173,1,39.019944
-0.4181732123974292,1,39.073567
-0.3503066235459914,1,39.133238
-0.3618411141037006,1,39.205946
-0.3503066235459914,1,39.268467
-0.3618411141037006,1,39.317466
-0.3503066235459914,1,39.373559
-0.44450978634989513,1,39.42921
-0.6667156712946645,1,39.479708
-0.6886685123154265,1,39.525779
-0.5769024273663426,1,39.577105
-0.44450978634989513,1,39.631391
-0.4181732123974292,1,39.685713
-0.4991879222741191,1,39.732994
-0.5769024273663426,1,39.790799
-0.6886685123154265,1,39.844687
-0.724859512736774,1,39.904988
-0.4591460894878775,1,39.957516
-0.5769024273663426,1,40.01734
-0.5769024273663426,1,40.07112
-0.4181732123974292,1,40.133053
-0.4181732123974292,1,40.193535
-0.4181732123974292,1,40.253604
-0.5104736662305263,1,40.320139
-0.4181732123974292,1,40.377991
-0.4181732123974292,1,40.44523
-0.4181732123974292,1,40.511671
-0.4591460894878775,1,40.58091
-0.3846298891330725,1,40.643904
-0.4591460894878775,1,40.703227
-0.3618411141037006,1,40.760372
-0.39729453640553747,1,40.825064
-0.3328164107011781,1,40.884959
-0.34034079305913384,1,40.949748
-0.5104736662305263,1,41.007496
-0.4556723923847136,1,41.066059
-0.3328164107011781,1,41.123426
-0.27880263402099836,1,41.175451
-0.30311683097797204,1,41.242275
-0.3269334205290107,1,41.312513
-0.4181732123974292,1,41.37279
-0.27880263402099836,1,41.428945
-0.27880263402099836,1,41.495136
-0.27880263402099836,1,41.570544
-0.2197171184050079,1,41.632178
-0.21346641285191226,1,41.699762
-0.26228397365733985,1,41.761329
-0.2503179525788748,1,41.824963
-0.26228397365733985,1,41.890744
-0.27880263402099836,1,41.948967
-0.30311683097797204,1,42.002459
-0.39729453640553747,1,42.052325
-0.4181732123974292,1,42.104989
-0.39729453640553747,1,42.152562
-0.22189391667851674,1,42.203851
-0.3269334205290107,1,42.26952
-0.10088225570920434,1,42.337917
-0.26488249354132043,1,42.38692
-0.4417077771445261,1,42.447695
-0.26488249354132043,1,42.509475
-0.2944934971549868,1,42.57434
-0.4181732123974292,1,42.638137
-0.3846298891330725,1,42.707056
-0.4181732123974292,1,42.761136
-0.3846298891330725,1,42.817157
-0.3328164107011781,1,42.872428
-0.48327519662862173,1,42.929695
-0.27880263402099836,1,42.979181
-0.17486883556678545,1,43.040841
-0.32017608411302473,1,43.093219
-0.4417077771445261,1,43.154003
-0.4181732123974292,1,43.215973
-0.4417077771445261,1,43.274223
-0.3990951520637301,1,43.330435
-0.4181732123974292,1,43.394731
-0.3990951520637301,1,43.45168
-0.4181732123974292,1,43.520747
-0.44450978634989513,1,43.577397
-0.48327519662862173,1,43.654656
-0.44450978634989513,1,43.739074
-0.4181732123974292,1,43.803996
-0.4991879222741191,1,43.856205
-0.4181732123974292,1,43.908011
-0.4181732123974292,1,43.963721
-0.26821374406741066,1,44.022054
-0.34034079305913384,1,44.130539
-0.27880263402099836,1,44.192582
-0.34034079305913384,1,44.246001
-0.48327519662862173,1,44.303143
-0.3618411141037006,1,44.373222
-0.3700216929688139,1,44.457927
-0.4181732123974292,1,44.515536
-0.3700216929688139,1,44.576069
-0.34034079305913384,1,44.6292
-0.3846298891330725,1,44.69658
-0.39729453640553747,1,44.764324
-0.2944934971549868,1,44.845855
-0.4181732123974292,1,44.961083
-0.4181732123974292,1,45.110358
-0.4991879222741191,1,45.156221
-0.3503066235459914,1,45.186755
-0.34034079305913384,1,45.208747
-0.3328164107011781,1,45.228647
-0.39729453640553747,1,45.262969
-0.3700216929688139,1,45.285532
-0.5104736662305263,1,45.307584
-0.4181732123974292,1,45.333304
-0.4591460894878775,1,45.359097
-0.3846298891330725,1,45.388525
-0.3990951520637301,1,45.410283
-0.3700216929688139,1,45.431218
-0.4181732123974292,1,45.450689
-0.48327519662862173,1,45.494157
-0.4181732123974292,1,45.529611
-0.5254213132049934,1,45.576933
-0.6667156712946645,1,45.606288
-0.724859512736774,1,45.637987
-0.6886685123154265,1,45.671123
-0.48327519662862173,1,45.707704
-0.6667156712946645,1,45.731122
-0.724859512736774,1,45.757066
-0.6667156712946645,1,45.789801
-0.5769024273663426,1,45.813913
-0.5951412287779491,1,45.843272
-0.48327519662862173,1,45.88717
-0.44450978634989513,1,45.915302
-0.48327519662862173,1,45.955299
-0.5769024273663426,1,45.983581
-0.48327519662862173,1,46.017639
-0.5212472450997204,1,46.046088
-0.48327519662862173,1,46.086572
-0.4181732123974292,1,46.117933
-0.3846298891330725,1,46.159075
-0.4181732123974292,1,46.182033
-0.5254213132049934,1,46.220447
-0.5461645770677092,1,46.244826
-0.724859512736774,1,46.26755
-0.5769024273663426,1,46.289321
-0.4181732123974292,1,46.310769
-0.5769024273663426,1,46.332087
-0.48327519662862173,1,46.355848
-0.4181732123974292,1,46.37389
-0.3700216929688139,1,46.398391
-0.4181732123974292,1,46.418795
-0.4181732123974292,1,46.448208
-0.44450978634989513,1,46.46797
-0.3503066235459914,1,46.491264
-0.3990951520637301,1,46.512026
-0.21346641285191226,1,46.532963
-0.3328164107011781,1,46.553227
-0.3700216929688139,1,46.585634
-0.3328164107011781,1,46.620661
-0.3700216929688139,1,46.65531
-0.4181732123974292,1,46.684142
-0.3700216929688139,1,46.716005
-0.4181732123974292,1,46.738537
-0.26821374406741066,1,46.766503
-0.30556888673876903,1,46.782591
-0.2944934971549868,1,46.808485
-0.21346641285191226,1,46.833245
-0.3328164107011781,1,46.861422
-0.26488249354132043,1,46.887775
-0.24124514129165803,1,46.929156
-0.28580397361039567,1,46.948827
-0.3328164107011781,1,46.980119
-0.26488249354132043,1,47.006649
-0.3700216929688139,1,47.030335
-0.34888748945853854,1,47.056011
-0.2944934971549868,1,47.077224
-0.28580397361039567,1,47.098381
-0.2944934971549868,1,47.126318
-0.39084631595477565,1,47.144289
-0.3700216929688139,1,47.172701
-0.27880263402099836,1,47.200837
-0.32017608411302473,1,47.23156
-0.27880263402099836,1,47.248966
-0.27880263402099836,1,47.278783
-0.19200259520086324,1,47.294149
-0.3700216929688139,1,47.317242
-0.34034079305913384,1,47.342942
-0.27880263402099836,1,47.36983
-0.1423214027434267,1,47.386788
-0.21346641285191226,1,47.417984
-0.34888748945853854,1,47.437192
-0.21346641285191226,1,47.456037
-0.1423214027434267,1,47.481735
-0.27880263402099836,1,47.504877
-0.3641364826370643,1,47.520317
-0.48327519662862173,1,47.5483
-0.3641364826370643,1,47.565438
-0.27880263402099836,1,47.586706
-0.4181732123974292,1,47.60655
-0.26821374406741066,1,47.63654
-0.3990951520637301,1,47.656132
-0.26821374406741066,1,47.678331
-0.30311683097797204,1,47.694376
-0.32017608411302473,1,47.714527
-0.3618411141037006,1,47.732838
-0.48327519662862173,1,47.760116
-0.5212472450997204,1,47.782446
-0.48327519662862173,1,47.810339
-0.44450978634989513,1,47.826173
-0.4181732123974292,1,47.851163
-0.4181732123974292,1,47.866548
-0.2944934971549868,1,47.886045
-0.3990951520637301,1,47.904887
-0.48327519662862173,1,47.925887
-0.4181732123974292,1,47.945055
-0.6072198814367978,1,47.967131
-0.4181732123974292,1,47.983692
-0.32017608411302473,1,48.00527
-0.30311683097797204,1,48.025513
-0.21346641285191226,1,48.046605
-0.2605833639148348,1,48.066321
-0.3700216929688139,1,48.08373
-0.4725907666757357,1,48.106428
-0.4181732123974292,1,48.126808
-0.27880263402099836,1,48.141682
-0.4417077771445261,1,48.163864
-0.39729453640553747,1,48.177265
-0.3700216929688139,1,48.198673
-0.4181732123974292,1,48.212519
-0.30311683097797204,1,48.234276
-0.3328164107011781,1,48.253175
-0.4181732123974292,1,48.277893
-0.30311683097797204,1,48.296683
-0.48327519662862173,1,48.313813
-0.4991879222741191,1,48.33087
-0.4181732123974292,1,48.353549
-0.4181732123974292,1,48.367751
-0.3846298891330725,1,48.390005
-0.5769024273663426,1,48.404695
-0.27880263402099836,1,48.431045
-0.44450978634989513,1,48.451208
-0.48327519662862173,1,48.468893
-0.3328164107011781,1,48.498846
-0.48327519662862173,1,48.529826
-0.4181732123974292,1,48.545692
-0.27880263402099836,1,48.576324
-0.3328164107011781,1,48.606441
-0.48327519662862173,1,48.62524
-0.44450978634989513,1,48.645378
-0.48327519662862173,1,48.66256
-0.44450978634989513,1,48.681629
-0.27880263402099836,1,48.701295
-0.27880263402099836,1,48.723614
-0.30311683097797204,1,48.747306
-0.724859512736774,1,48.767487
-0.5104736662305263,1,48.793873
-0.4591460894878775,1,48.818634
-0.4181732123974292,1,48.841303
-0.26228397365733985,1,48.856614
-0.3328164107011781,1,48.875977
-0.4591460894878775,1,48.895026
-0.6413938916118376,1,48.915173
-0.724859512736774,1,48.93495
-0.6667156712946645,1,48.953115
-0.5769024273663426,1,48.96996
-0.6413938916118376,1,48.991354
-0.4591460894878775,1,49.005191
-0.5104736662305263,1,49.027719
-0.4591460894878775,1,49.044126
-0.5254213132049934,1,49.064894
-0.49036408562911643,1,49.079845
-0.5254213132049934,1,49.099744
-0.4591460894878775,1,49.117929
-0.4181732123974292,1,49.136585
-0.4591460894878775,1,49.156517
-0.4991879222741191,1,49.179269
-0.39729453640553747,1,49.200396
-0.3846298891330725,1,49.223845
-0.3990951520637301,1,49.246289
-0.4649204637460998,1,49.266
-0.3328164107011781,1,49.28444
-0.32017608411302473,1,49.311062
-0.34888748945853854,1,49.326595
-0.25482228882126856,1,49.348499
-0.28798272407190045,1,49.364697
-0.2944934971549868,1,49.386008
-0.2503179525788748,1,49.407401
-0.2944934971549868,1,49.426012
-0.2605833639148348,1,49.449663
-0.32017608411302473,1,49.474927
-0.3761263467686034,1,49.4925
-0.3846298891330725,1,49.5183
-0.4181732123974292,1,49.53911
-0.2944934971549868,1,49.55689
-0.28798272407190045,1,49.576521
-0.32017608411302473,1,49.594388
-0.28798272407190045,1,49.610441
-0.3700216929688139,1,49.633987
-0.4181732123974292,1,49.64841
-0.4181732123974292,1,49.672852
-0.28798272407190045,1,49.689438
-0.4181732123974292,1,49.707996
-0.4725907666757357,1,49.72735
-0.3700216929688139,1,49.746099
-0.4725907666757357,1,49.76488
-0.48327519662862173,1,49.78243
-0.4991879222741191,1,49.801008
-0.4181732123974292,1,49.824638
-0.24124514129165803,1,49.840604
-0.4181732123974292,1,49.863346
-0.34034079305913384,1,49.876949
-0.32017608411302473,1,49.902641
-0.34034079305913384,1,49.923787
-0.3700216929688139,1,49.941134
-0.4991879222741191,1,49.960951
-0.5769024273663426,1,49.986187
-0.4991879222741191,1,50.00375
-0.5104736662305263,1,50.027044
-0.5769024273663426,1,50.048155
-0.48327519662862173,1,50.066833
-0.5212472450997204,1,50.087707
-0.5461645770677092,1,50.11025
-0.5951412287779491,1,50.125898
-0.3503066235459914,1,50.150637
-0.3618411141037006,1,50.167114
-0.3700216929688139,1,50.186556
-0.21346641285191226,1,50.207
-0.21346641285191226,1,50.227488
-0.3328164107011781,1,50.246188
-0.27880263402099836,1,50.270802
-0.27880263402099836,1,50.28593
-0.3503066235459914,1,50.313803
-0.4181732123974292,1,50.400478
-0.3700216929688139,1,50.498916
-0.34034079305913384,1,50.524599
-0.3846298891330725,1,50.542995
-0.3732807404766037,1,50.561934
-0.3641364826370643,1,50.580461
-0.4181732123974292,1,50.600172
-0.3846298891330725,1,50.623002
-0.5188955103155143,1,50.637964
-0.4991879222741191,1,50.659765
-0.39729453640553747,1,50.675837
-0.4181732123974292,1,50.699972
-0.4181732123974292,1,50.72226
-0.6413938916118376,1,50.740526
-0.5104736662305263,1,50.759907
-0.4417077771445261,1,50.781997
-0.39729453640553747,1,50.797558
-0.3618411141037006,1,50.821598
-0.3269334205290107,1,50.837558
-0.3222071471403125,1,50.861814
-0.27880263402099836,1,50.881973
-0.26228397365733985,1,50.900235
-0.4181732123974292,1,50.919929
-0.30311683097797204,1,50.943231
-0.27880263402099836,1,50.958022
-0.21346641285191226,1,50.982095
-0.2503179525788748,1,50.999676
-0.30311683097797204,1,51.021066
-0.24124514129165803,1,51.040778
-0.30311683097797204,1,51.058057
-0.2503179525788748,1,51.07759
-0.17486883556678545,1,51.103737
-0.17486883556678545,1,51.116791
-0.17486883556678545,1,51.139146
-0.17486883556678545,1,51.152941
-0.2087470170473666,1,51.176683
-0.26488249354132043,1,51.195019
-0.25482228882126856,1,51.21083
-0.2503179525788748,1,51.229662
-0.2944934971549868,1,51.248982
-0.29935207945051723,1,51.294026
-0.25482228882126856,1,51.311946
-0.24124514129165803,1,51.329828
-0.3328164107011781,1,51.346742
-0.27880263402099836,1,51.366936
-0.26821374406741066,1,51.390333
-0.30311683097797204,1,51.405245
-0.26821374406741066,1,51.427681
-0.34888748945853854,1,51.443121
-0.26821374406741066,1,51.470056
-0.28798272407190045,1,51.492307
-0.17486883556678545,1,51.512123
-0.28580397361039567,1,51.528124
-0.3099697590851077,1,51.550496
-0.24124514129165803,1,51.567336
-0.29213031651862353,1,51.591002
-0.24124514129165803,1,51.612348
-0.18588208530003056,1,51.632219
-0.16084191632284398,1,51.65153
-0.17486883556678545,1,51.673887
-0.24124514129165803,1,51.687308
-0.26228397365733985,1,51.71111
-0.28798272407190045,1,51.725244
-0.26821374406741066,1,51.74826
-0.4725907666757357,1,51.763552
-0.5461645770677092,1,51.786135
-0.5769024273663426,1,51.804741
-0.5104736662305263,1,51.829063
-0.4991879222741191,1,51.847284
-0.5104736662305263,1,51.869213
-0.5188955103155143,1,51.883792
-0.5104736662305263,1,51.910483
-0.5769024273663426,1,51.926785
-0.6272137140340468,1,51.946858
-0.724859512736774,1,51.967593
-0.6667156712946645,1,51.985421
-0.5769024273663426,1,52.004013
-0.6667156712946645,1,52.023273
-0.5461645770677092,1,52.039594
-0.3846298891330725,1,52.063861
-0.4181732123974292,1,52.078792
-0.5769024273663426,1,52.101572
-0.6272137140340468,1,52.119908
-0.5769024273663426,1,52.14103
-0.5461645770677092,1,52.161681
-0.30311683097797204,1,52.181532
-0.32017608411302473,1,52.20227
-0.2944934971549868,1,52.225157
-0.3990951520637301,1,52.279275
-0.21346641285191226,1,52.396507
-0.3990951520637301,1,52.492177
-0.4181732123974292,1,52.586977
-0.5212472450997204,1,52.64917
-0.4181732123974292,1,52.672628
-0.27880263402099836,1,52.695824
-0.21346641285191226,1,52.715251
-0.34034079305913384,1,52.734665
-0.48327519662862173,1,52.758793
-0.34034079305913384,1,52.775449
-0.4417077771445261,1,52.798545
-0.27880263402099836,1,52.816049
-0.27880263402099836,1,52.837977
-0.19200259520086324,1,52.858675
-0.16084191632284398,1,52.879966
-0.39729453640553747,1,52.899853
-0.3328164107011781,1,52.922091
-0.21346641285191226,1,52.938787
-0.4417077771445261,1,52.966117
-0.27880263402099836,1,52.982332
-0.4181732123974292,1,53.00442
-0.4181732123974292,1,53.023245
-0.26821374406741066,1,53.042935
-0.3990951520637301,1,53.063008
-0.2944934971549868,1,53.08184
-0.4556723923847136,1,53.101771
-0.32017608411302473,1,53.125814
-0.4181732123974292,1,53.144466
-0.26821374406741066,1,53.16841
-0.27880263402099836,1,53.188146
-0.4417077771445261,1,53.20602
-0.39729453640553747,1,53.224852
-0.4181732123974292,1,53.244334
-0.4181732123974292,1,53.261924
-0.5254213132049934,1,53.28656
-0.6886685123154265,1,53.301108
-0.4181732123974292,1,53.328638
-0.3328164107011781,1,53.350048
-0.3700216929688139,1,53.378665
-0.3990951520637301,1,53.39335
-0.5104736662305263,1,53.416397
-0.34034079305913384,1,53.431426
-0.26821374406741066,1,53.454851
-0.28798272407190045,1,53.47424
-0.26821374406741066,1,53.494623
-0.3618411141037006,1,53.518436
-0.32017608411302473,1,53.546139
-0.3618411141037006,1,53.559176
-0.4181732123974292,1,53.583461
-0.3328164107011781,1,53.604336
-0.3328164107011781,1,53.622137
-0.2292001824317403,1,53.641767
-0.2944934971549868,1,53.659208
-0.26488249354132043,1,53.679292
-0.2944934971549868,1,53.702012
-0.26488249354132043,1,53.718296
-0.25482228882126856,1,53.740715
-0.26488249354132043,1,53.757096
-0.24124514129165803,1,53.777228
-0.26488249354132043,1,53.79802
-0.30311683097797204,1,53.816105
-0.2503179525788748,1,53.840576
-0.30311683097797204,1,53.864086
-0.22189391667851674,1,53.877978
-0.2057292910833318,1,53.900759
-0.17486883556678545,1,53.917981
-0.11868572740633096,1,53.941567
-0.14912483369034585,1,53.960514
-0.1249229157396972,1,53.979889
-0.17486883556678545,1,54.005508
-0.2057292910833318,1,54.031754
-0.25076932977743915,1,54.05106
-0.17486883556678545,1,54.070943
-0.16084191632284398,1,54.094456
-0.17882230642635902,1,54.120032
-0.24124514129165803,1,54.138219
-0.30311683097797204,1,54.16418
-0.28798272407190045,1,54.18788
-0.32017608411302473,1,54.2188
-0.34888748945853854,1,54.248827
-0.32017608411302473,1,54.271452
-0.24124514129165803,1,54.287209
-0.16989401335231497,1,54.309797
-0.28580397361039567,1,54.325037
-0.26228397365733985,1,54.347864
-0.35361214356392995,1,54.363051
-0.30311683097797204,1,54.423382
-0.3328164107011781,1,54.511455
-0.3700216929688139,1,54.608617
-0.3990951520637301,1,54.680188
-0.4181732123974292,1,54.745036
-0.3990951520637301,1,54.778345
-0.48327519662862173,1,54.800652
-0.3990951520637301,1,54.819813
-0.4181732123974292,1,54.838366
-0.4181732123974292,1,54.856402
-0.3700216929688139,1,54.874841
-0.27880263402099836,1,54.898098
-0.27880263402099836,1,54.927243
-0.3618411141037006,1,54.950689
-0.4181732123974292,1,54.971211
-0.3990951520637301,1,54.988615
-0.32017608411302473,1,55.017142
-0.3618411141037006,1,55.041372
-0.32017608411302473,1,55.060606
-0.3328164107011781,1,55.08066
-0.21346641285191226,1,55.09735
-0.21346641285191226,1,55.117079
-0.25482228882126856,1,55.140641
-0.21346641285191226,1,55.154836
-0.24124514129165803,1,55.180248
-0.21346641285191226,1,55.194361
-0.30311683097797204,1,55.221965
-0.2292001824317403,1,55.244157
-0.25482228882126856,1,55.271788
-0.28798272407190045,1,55.286316
-0.25482228882126856,1,55.31399
-0.3761263467686034,1,55.335998
-0.25482228882126856,1,55.364849
-0.30556888673876903,1,55.379794
-0.2944934971549868,1,55.402122
-0.3328164107011781,1,55.428679
-0.3328164107011781,1,55.449137
-0.4556723923847136,1,55.468484
-0.4417077771445261,1,55.495744
-0.34034079305913384,1,55.512197
-0.21346641285191226,1,55.533581
-0.27880263402099836,1,55.55048
-0.4417077771445261,1,55.567456
-0.4181732123974292,1,55.585639
-0.5254213132049934,1,55.605149
-0.5461645770677092,1,55.625391
-0.5769024273663426,1,55.643769
-0.6667156712946645,1,55.661911
-0.724859512736774,1,55.686255
-0.7958817084267739,1,55.701666
-0.8377069911715487,1,55.724534
-1.0,1,55.740104
-0.724859512736774,1,55.762017
-0.6886685123154265,1,55.783271
-0.724859512736774,1,55.802649
-0.5769024273663426,1,55.821734
-0.724859512736774,1,55.846627
-0.7958817084267739,1,55.860945
-0.5769024273663426,1,55.885238
-0.5951412287779491,1,55.90008
-0.5461645770677092,1,55.922518
-0.44450978634989513,1,55.941946
-0.27880263402099836,1,55.961239
-0.4181732123974292,1,55.981749
-0.5461645770677092,1,56.002636
-0.5951412287779491,1,56.018661
-0.4181732123974292,1,56.040855
-0.30311683097797204,1,56.058151
-0.4181732123974292,1,56.082449
-0.3618411141037006,1,56.105636
-0.4181732123974292,1,56.130476
-0.30556888673876903,1,56.145363
-0.3700216929688139,1,56.169882
-0.3328164107011781,1,56.186953
-0.3700216929688139,1,56.214952
-0.3328164107011781,1,56.238093
-0.2944934971549868,1,56.262658
-0.30556888673876903,1,56.277811
-0.32017608411302473,1,56.301411
-0.3618411141037006,1,56.321433
-0.27880263402099836,1,56.341412
-0.27880263402099836,1,56.36205
-0.3700216929688139,1,56.380464
-0.3990951520637301,1,56.398473
-0.3700216929688139,1,56.421471
-0.3990951520637301,1,56.437454
-0.48327519662862173,1,56.460505
-0.4725907666757357,1,56.47832
-0.4181732123974292,1,56.531049
-0.4725907666757357,1,56.602612
-0.48327519662862173,1,56.683942
-0.5951412287779491,1,56.707767
-0.6072198814367978,1,56.729024
-0.5769024273663426,1,56.748933
-0.5254213132049934,1,56.772723
-0.5985987269336951,1,56.789258
-0.5254213132049934,1,56.811666
-0.5461645770677092,1,56.837489
-0.48327519662862173,1,56.857897
-0.4591460894878775,1,56.876891
-0.48327519662862173,1,56.902
-0.4591460894878775,1,56.920192
-0.5769024273663426,1,56.941744
-0.6886685123154265,1,56.966378
-0.5769024273663426,1,56.996427
-0.5212472450997204,1,57.010794
-0.6667156712946645,1,57.034917
-0.5212472450997204,1,57.049203
-0.6667156712946645,1,57.072907
-0.44450978634989513,1,57.096323
-0.5769024273663426,1,57.124409
-0.5212472450997204,1,57.143908
-0.5769024273663426,1,57.170281
-0.5769024273663426,1,57.189115
-0.48327519662862173,1,57.206841
-0.44450978634989513,1,57.225377
-0.4181732123974292,1,57.247542
-0.4725907666757357,1,57.267504
-0.3700216929688139,1,57.29334
-0.3328164107011781,1,57.317199
-0.27880263402099836,1,57.335793
-0.3990951520637301,1,57.356544
-0.5104736662305263,1,57.378384
-0.3328164107011781,1,57.39276
-0.3328164107011781,1,57.415932
-0.4591460894878775,1,57.433117
-0.4417077771445261,1,57.458911
-0.4181732123974292,1,57.478563
-0.4181732123974292,1,57.493681
-0.4181732123974292,1,57.513391
-0.4181732123974292,1,57.532821
-0.4591460894878775,1,57.550869
-0.4417077771445261,1,57.575495
-0.34034079305913384,1,57.593741
-0.4181732123974292,1,57.616498
-0.44450978634989513,1,57.636195
-0.3846298891330725,1,57.656042
-0.4181732123974292,1,57.686611
-0.3700216929688139,1,57.711919
-0.4556723923847136,1,57.738679
-0.3846298891330725,1,57.764724
-0.3990951520637301,1,57.781803
-0.4181732123974292,1,57.808664
-0.34034079305913384,1,57.834026
-0.32017608411302473,1,57.855144
-0.2605833639148348,1,57.888155
-0.32017608411302473,1,57.914999
-0.3990951520637301,1,57.934682
-0.27880263402099836,1,57.95717
-0.24124514129165803,1,57.969344
-0.2197171184050079,1,57.994024
-0.27880263402099836,1,58.007789
-0.3328164107011781,1,58.030967
-0.21346641285191226,1,58.051718
-0.3503066235459914,1,58.071536
-0.44450978634989513,1,58.090523
-0.48327519662862173,1,58.108922
-0.4591460894878775,1,58.127039
-0.5769024273663426,1,58.149924
-0.3328164107011781,1,58.16525
-0.27880263402099836,1,58.188846
-0.5461645770677092,1,58.202686
-0.3846298891330725,1,58.22424
-0.44450978634989513,1,58.247095
-0.3503066235459914,1,58.264658
-0.27880263402099836,1,58.29554
-0.21346641285191226,1,58.334403
-0.30311683097797204,1,58.357409
-0.20209274144619,1,58.388135
-0.3328164107011781,1,58.421905
-0.48327519662862173,1,58.519463
-0.3328164107011781,1,58.598822
-0.21346641285191226,1,58.672385
-0.26488249354132043,1,58.748821
-0.3700216929688139,1,58.80762
-0.4181732123974292,1,58.827411
-0.4417077771445261,1,58.854356
-0.5985987269336951,1,58.883108
-0.5769024273663426,1,58.904979
-0.3328164107011781,1,58.925129
-0.3846298891330725,1,58.945292
-0.4556723923847136,1,58.960711
-0.5104736662305263,1,58.983304
-0.32017608411302473,1,58.999332
-0.4181732123974292,1,59.021651
-0.4991879222741191,1,59.048773
-0.4417077771445261,1,59.077663
-0.34034079305913384,1,59.11174
-0.3846298891330725,1,59.13912
-0.3328164107011781,1,59.161538
-0.2944934971549868,1,59.185196
-0.2292001824317403,1,59.203726
-0.2087470170473666,1,59.223064
-0.13388906162637307,1,59.242264
-0.25482228882126856,1,59.268344
-0.16344145949650912,1,59.284895
-0.21346641285191226,1,59.31009
-0.19200259520086324,1,59.325248
-0.3328164107011781,1,59.345221
-0.29935207945051723,1,59.366746
-0.25482228882126856,1,59.385553
-0.30556888673876903,1,59.403928
-0.25482228882126856,1,59.424334
-0.30556888673876903,1,59.440044
-0.3700216929688139,1,59.463504
-0.27880263402099836,1,59.479283
-0.3328164107011781,1,59.501973
-0.34034079305913384,1,59.519102
-0.4181732123974292,1,59.538275
-0.3618411141037006,1,59.558934
-0.4181732123974292,1,59.57653
-0.44450978634989513,1,59.59961
-0.48327519662862173,1,59.622932
-0.44450978634989513,1,59.637706
-0.4181732123974292,1,59.663912
-0.24124514129165803,1,59.682728
-0.32017608411302473,1,59.701012
-0.21346641285191226,1,59.721096
-0.21346641285191226,1,59.741196
-0.24124514129165803,1,59.764708
-0.21346641285191226,1,59.79397
-0.17486883556678545,1,59.81345
-0.27880263402099836,1,59.831156
-0.3990951520637301,1,59.849645
-0.4181732123974292,1,59.867848
-0.4181732123974292,1,59.886203
-0.27880263402099836,1,59.910892
-0.27880263402099836,1,59.926371
-0.3503066235459914,1,59.948728
-0.3990951520637301,1,59.963952
-0.4181732123974292,1,59.985568
-0.4181732123974292,1,60.00528
-0.4181732123974292,1,60.026214
-0.44450978634989513,1,60.045886
-0.48327519662862173,1,60.069949
-0.4991879222741191,1,60.084261
-0.5104736662305263,1,60.108592
-0.4591460894878775,1,60.124298
-0.3618411141037006,1,60.146547
-0.4181732123974292,1,60.166707
-0.43468239667883474,1,60.186749
-0.19200259520086324,1,60.209309
-0.16989401335231497,1,60.232533
-0.19200259520086324,1,60.248199
-0.22189391667851674,1,60.272233
-0.22839139569008726,1,60.291512
-0.2197171184050079,1,60.310737
-0.21346641285191226,1,60.330219
-0.25482228882126856,1,60.350162
-0.21346641285191226,1,60.36692
-0.3425619128564722,1,60.391125
-0.2503179525788748,1,60.40787
-0.3425619128564722,1,60.431822
-0.28580397361039567,1,60.449055
-0.2087470170473666,1,60.470093
-0.21346641285191226,1,60.489625
-0.17486883556678545,1,60.50904
-0.27880263402099836,1,60.535547
-0.26228397365733985,1,60.6042
-0.27880263402099836,1,60.671103
-0.26228397365733985,1,60.773839
-0.21346641285191226,1,60.833646
-0.25482228882126856,1,60.917816
-0.32017608411302473,1,60.9541
-0.2087470170473666,1,60.974666
-0.32017608411302473,1,60.997382
-0.25482228882126856,1,61.023926
-0.2605833639148348,1,61.042613
-0.2944934971549868,1,61.076221
-0.34888748945853854,1,61.104736
-0.32017608411302473,1,61.134753
-0.30311683097797204,1,61.159891
-0.3700216929688139,1,61.186161
-0.24124514129165803,1,61.206741
-0.3700216929688139,1,61.235794
-0.4181732123974292,1,61.25782
-0.4181732123974292,1,61.28232
-0.4181732123974292,1,61.303207
-0.48327519662862173,1,61.331697
-0.5104736662305263,1,61.357782
-0.5461645770677092,1,61.394477
-0.5951412287779491,1,61.41773
-0.4181732123974292,1,61.442849
-0.6519756702804735,1,61.460598
-0.6667156712946645,1,61.482604
-0.5769024273663426,1,61.496771
-0.6272137140340468,1,61.5194
-0.4991879222741191,1,61.5393
-0.5769024273663426,1,61.566049
-0.5104736662305263,1,61.585919
-0.6272137140340468,1,61.615321
-0.4991879222741191,1,61.634178
-0.4417077771445261,1,61.65563
-0.3990951520637301,1,61.677798
-0.4181732123974292,1,61.70556
-0.3990951520637301,1,61.724924
-0.32017608411302473,1,61.750642
-0.19200259520086324,1,61.770867
-0.21346641285191226,1,61.790194
-0.28798272407190045,1,61.806299
-0.3700216929688139,1,61.828276
-0.30556888673876903,1,61.84209
-0.3700216929688139,1,61.864967
-0.30556888673876903,1,61.890494
-0.3700216929688139,1,61.910866
-0.24124514129165803,1,61.930572
-0.3846298891330725,1,61.958419
-0.3328164107011781,1,61.974064
-0.3425619128564722,1,62.003246
-0.3269334205290107,1,62.024002
-0.4181732123974292,1,62.04259
-0.39729453640553747,1,62.061181
-0.3846298891330725,1,62.083852
-0.3990951520637301,1,62.10874
-0.4181732123974292,1,62.140887
-0.30311683097797204,1,62.161416
-0.4181732123974292,1,62.185617
-0.44450978634989513,1,62.200623
-0.5461645770677092,1,62.224215
-0.5212472450997204,1,62.2466
-0.4181732123974292,1,62.264934
-0.44450978634989513,1,62.283007
-0.4181732123974292,1,62.300122
-0.4556723923847136,1,62.316618
-0.48327519662862173,1,62.335793
-0.4725907666757357,1,62.353781
-0.4181732123974292,1,62.377522
-0.4181732123974292,1,62.394753
-0.3503066235459914,1,62.419895
-0.34034079305913384,1,62.439941
-0.26821374406741066,1,62.458876
-0.24124514129165803,1,62.481529
-0.3846298891330725,1,62.505307
-0.3328164107011781,1,62.521455
-0.27880263402099836,1,62.543104
-0.27880263402099836,1,62.561872
-0.22189391667851674,1,62.578905
-0.34034079305913384,1,62.597053
-0.26821374406741066,1,62.614941
-0.30556888673876903,1,62.633636
-0.2944934971549868,1,62.652452
-0.3328164107011781,1,62.694966
-0.3808566370712875,1,62.772908
-0.21346641285191226,1,62.851939
-0.24124514129165803,1,62.878256
-0.25076932977743915,1,62.896326
-0.2087470170473666,1,62.922326
-0.26488249354132043,1,62.93851
-0.24124514129165803,1,62.961239
-0.26488249354132043,1,62.98128
-0.21346641285191226,1,62.99858
-0.34888748945853854,1,63.016829
-0.2944934971549868,1,63.036279
-0.28798272407190045,1,63.055686
-0.43468239667883474,1,63.077617
-0.4556723923847136,1,63.09279
-0.32017608411302473,1,63.114778
-0.4556723923847136,1,63.132586
-0.4181732123974292,1,63.153204
-0.34888748945853854,1,63.175377
-0.4181732123974292,1,63.203952
-0.28798272407190045,1,63.225396
-0.21346641285191226,1,63.247514
-0.34888748945853854,1,63.273052
-0.16989401335231497,1,63.291322
-0.19200259520086324,1,63.318938
-0.21346641285191226,1,63.344429
-0.28798272407190045,1,63.36392
-0.3700216929688139,1,63.381025
-0.4725907666757357,1,63.399347
-0.4181732123974292,1,63.416699
-0.34034079305913384,1,63.43535
-0.4181732123974292,1,63.453127
-0.5212472450997204,1,63.471465
-0.4181732123974292,1,63.500547
-0.27880263402099836,1,63.515153
-0.4417077771445261,1,63.539272
-0.3990951520637301,1,63.55865
-0.3700216929688139,1,63.584414
-0.39729453640553747,1,63.600267
-0.3846298891330725,1,63.622808
-0.4556723923847136,1,63.648031
-0.48327519662862173,1,63.671555
-0.4181732123974292,1,63.703005
-0.4417077771445261,1,63.728839
-0.27880263402099836,1,63.74802
-0.3700216929688139,1,63.765747
-0.3990951520637301,1,63.785857
-0.48327519662862173,1,63.803836
-0.44450978634989513,1,63.822163
-0.3846298891330725,1,63.846862
-0.6667156712946645,1,63.862505
-0.5254213132049934,1,63.883185
-0.5461645770677092,1,63.898984
-0.4181732123974292,1,63.923488
-0.5461645770677092,1,63.943803
-0.5254213132049934,1,63.962301
-0.5104736662305263,1,63.979882
-0.4181732123974292,1,63.995671
-0.5104736662305263,1,64.015776
-0.4181732123974292,1,64.041081
-0.5985987269336951,1,64.058464
-0.4417077771445261,1,64.079742
-0.4991879222741191,1,64.099355
-0.5769024273663426,1,64.118048
-0.4181732123974292,1,64.135803
-0.3328164107011781,1,64.152632
-0.5104736662305263,1,64.170158
-0.5769024273663426,1,64.188786
-0.3328164107011781,1,64.206088
-0.48327519662862173,1,64.223778
-0.3990951520637301,1,64.240774
-0.3846298891330725,1,64.264678
-0.3732807404766037,1,64.279928
-0.27880263402099836,1,64.326491
-0.3328164107011781,1,64.347617
-0.25482228882126856,1,64.372898
-0.34888748945853854,1,64.406482
-0.26821374406741066,1,64.437808
-0.30311683097797204,1,64.46462
-0.27880263402099836,1,64.487123
-0.44450978634989513,1,64.509107
-0.4181732123974292,1,64.532255
-0.4991879222741191,1,64.548656
-0.3503066235459914,1,64.620255
-0.4181732123974292,1,64.69785
-0.4417077771445261,1,64.821405
-0.3328164107011781,1,64.913368
-0.27880263402099836,1,64.976909
-0.3328164107011781,1,64.996274
-0.30311683097797204,1,65.017633
-0.3150836702518733,1,65.03795
-0.3222071471403125,1,65.063684
-0.3732807404766037,1,65.085248
-0.30311683097797204,1,65.108178
-0.27880263402099836,1,65.128342
-0.30311683097797204,1,65.148529
-0.21346641285191226,1,65.166965
-0.13917490760149379,1,65.187362
-0.29935207945051723,1,65.203512
-0.21346641285191226,1,65.230137
-0.3761263467686034,1,65.245445
-0.30311683097797204,1,65.267036
-0.27880263402099836,1,65.287841
-0.30311683097797204,1,65.305172
-0.3732807404766037,1,65.32373
-0.3222071471403125,1,65.350211
-0.27880263402099836,1,65.364112
-0.3085712544956916,1,65.385527
-0.31832675137888183,1,65.401358
-0.35661020187160747,1,65.423494
-0.3846298891330725,1,65.440621
-0.4181732123974292,1,65.462207
-0.27880263402099836,1,65.484512
-0.3618411141037006,1,65.503616
-0.4181732123974292,1,65.519367
-0.4181732123974292,1,65.542737
-0.39729453640553747,1,65.556306
-0.3846298891330725,1,65.57631
-0.3328164107011781,1,65.590527
-0.30311683097797204,1,65.611394
-0.2503179525788748,1,65.623723
-0.21346641285191226,1,65.643674
-0.28798272407190045,1,65.656819
-0.27880263402099836,1,65.67656
-0.3328164107011781,1,65.688865
-0.3700216929688139,1,65.708421
-0.3990951520637301,1,65.724479
-0.32017608411302473,1,65.747476
-0.16344145949650912,1,65.768843
-0.32017608411302473,1,65.788875
-0.34034079305913384,1,65.808155
-0.3328164107011781,1,65.833063
-0.28798272407190045,1,65.851092
-0.43468239667883474,1,65.872231
-0.3328164107011781,1,65.886313
-0.3328164107011781,1,65.907383
-0.3990951520637301,1,65.929554
-0.3700216929688139,1,65.948324
-0.3761263467686034,1,65.968228
-0.26228397365733985,1,65.992256
-0.28798272407190045,1,66.006648
-0.26821374406741066,1,66.031343
-0.3990951520637301,1,66.045818
-0.4181732123974292,1,66.070909
-0.5212472450997204,1,66.096098
-0.48327519662862173,1,66.12502
-0.3328164107011781,1,66.142176
-0.4181732123974292,1,66.169047
-0.24124514129165803,1,66.192357
-0.2944934971549868,1,66.217192
-0.27880263402099836,1,66.234127
-0.3700216929688139,1,66.278441
-0.3618411141037006,1,66.353483
-0.27880263402099836,1,66.377192
-0.3618411141037006,1,66.394986
-0.3700216929688139,1,66.431086
-0.3328164107011781,1,66.456896
-0.30311683097797204,1,66.508406
-0.3328164107011781,1,66.530016
-0.21346641285191226,1,66.554636
-0.3328164107011781,1,66.574136
-0.3846298891330725,1,66.599214
-0.4556723923847136,1,66.614966
-0.4181732123974292,1,66.638943
-0.4181732123974292,1,66.662821
-0.3700216929688139,1,66.683311
-0.30556888673876903,1,66.721188
-0.3700216929688139,1,66.806511
-0.30556888673876903,1,66.885172
-0.4181732123974292,1,66.97588
-0.3990951520637301,1,67.053747
-0.26821374406741066,1,67.103926
-0.3328164107011781,1,67.125757
-0.21346641285191226,1,67.152846
-0.2503179525788748,1,67.168895
-0.3328164107011781,1,67.190654
-0.19200259520086324,1,67.212841
-0.17486883556678545,1,67.232999
-0.17486883556678545,1,67.251528
-0.25482228882126856,1,67.273868
-0.21346641285191226,1,67.290474
-0.26821374406741066,1,67.329227
-0.3990951520637301,1,67.348366
-0.48327519662862173,1,67.371344
-0.5212472450997204,1,67.39004
-0.48327519662862173,1,67.412735
-0.4725907666757357,1,67.432916
-0.4181732123974292,1,67.45092
-0.5212472450997204,1,67.470053
-0.48327519662862173,1,67.489192
-0.3328164107011781,1,67.506789
-0.48327519662862173,1,67.529616
-0.5461645770677092,1,67.543903
-0.48327519662862173,1,67.567274
-0.5769024273663426,1,67.582999
-0.6667156712946645,1,67.606414
-0.5212472450997204,1,67.627339
-0.6667156712946645,1,67.646883
-0.5212472450997204,1,67.669235
-0.6667156712946645,1,67.691923
-0.5769024273663426,1,67.705863
-0.6272137140340468,1,67.729707
-0.5769024273663426,1,67.74418
-0.5769024273663426,1,67.766563
-0.4181732123974292,1,67.78565
-0.48327519662862173,1,67.804621
-0.3990951520637301,1,67.8248
-0.48327519662862173,1,67.841745
-0.3618411141037006,1,67.858356
-0.48327519662862173,1,67.875555
-0.5951412287779491,1,67.892191
-0.4181732123974292,1,67.916686
-0.3618411141037006,1,67.930824
-0.48327519662862173,1,67.954467
-0.3618411141037006,1,67.970832
-0.26821374406741066,1,67.990903
-0.34888748945853854,1,68.011223
-0.3700216929688139,1,68.027615
-0.3328164107011781,1,68.044169
-0.3328164107011781,1,68.062735
-0.3328164107011781,1,68.081219
-0.32017608411302473,1,68.099858
-0.3328164107011781,1,68.115958
-0.25482228882126856,1,68.141154
-0.21346641285191226,1,68.16398
-0.26228397365733985,1,68.18592
-0.17486883556678545,1,68.206368
-0.21346641285191226,1,68.224773
-0.17486883556678545,1,68.244595
-0.25482228882126856,1,68.266155
-0.30556888673876903,1,68.281103
-0.32017608411302473,1,68.30366
-0.21346641285191226,1,68.322423
-0.32017608411302473,1,68.341808
-0.3618411141037006,1,68.361059
-0.48327519662862173,1,68.379938
-0.4991879222741191,1,68.42517
-0.6272137140340468,1,68.444136
-0.4181732123974292,1,68.464964
-0.7656542184455646,1,68.486794
-0.5985987269336951,1,68.503178
-0.5254213132049934,1,68.528819
-0.4991879222741191,1,68.544083
-0.5104736662305263,1,69.817079
-0.39729453640553747,1,69.830607
-0.4181732123974292,1,69.859834
-0.49036408562911643,1,69.880685
-0.4181732123974292,1,69.899618
-0.3846298891330725,1,69.922364
-0.4181732123974292,1,69.947656
-0.3846298891330725,1,69.96418
-1.0,1,69.986053
-0.6667156712946645,1,70.003641
-0.724859512736774,1,70.025225
-0.6886685123154265,1,70.04617
-0.6272137140340468,1,70.065105
-0.49036408562911643,1,70.102067
-0.4181732123974292,1,70.192497
-0.4591460894878775,1,70.275674
-0.27880263402099836,1,70.358965
-0.3761263467686034,1,70.426049
-0.3328164107011781,1,70.489784
-0.28798272407190045,1,70.516358
-0.25482228882126856,1,70.541173
-0.2292001824317403,1,70.563963
-0.2944934971549868,1,70.58807
-0.19200259520086324,1,70.607393
-0.32017608411302473,1,70.630587
-0.3618411141037006,1,70.645928
-0.32017608411302473,1,70.668449
-0.3990951520637301,1,70.685394
-0.5769024273663426,1,70.707155
-0.5188955103155143,1,70.727215
-0.3328164107011781,1,70.74806
-0.3269334205290107,1,70.767843
-0.30311683097797204,1,70.790685
-0.3269334205290107,1,70.807873
-0.26228397365733985,1,70.831619
-0.21346641285191226,1,70.846461
-0.26228397365733985,1,70.865811
-0.3269334205290107,1,70.878991
-0.3641364826370643,1,70.898612
-0.3269334205290107,1,70.917685
-0.4725907666757357,1,70.935274
-0.6272137140340468,1,70.954333
-0.4181732123974292,1,70.971829
-0.5188955103155143,1,70.991168
-0.5769024273663426,1,71.008594
-0.4591460894878775,1,71.026637
-0.4417077771445261,1,71.051056
-0.3990951520637301,1,71.066143
-0.4181732123974292,1,71.088116
-0.30556888673876903,1,71.110451
-0.21346641285191226,1,71.126324
-0.24124514129165803,1,71.144701
-0.3700216929688139,1,71.164904
-0.30556888673876903,1,71.185364
-0.4181732123974292,1,71.207147
-0.4181732123974292,1,71.222005
-0.3700216929688139,1,71.245768
-0.24124514129165803,1,71.263989
-0.3425619128564722,1,71.289841
-0.32017608411302473,1,71.328986
-0.30311683097797204,1,71.353626
-0.24124514129165803,1,71.373756
-0.22189391667851674,1,71.391825
-0.3328164107011781,1,71.41987
-0.22189391667851674,1,71.442253
-0.27880263402099836,1,71.4613
-0.2944934971549868,1,71.478883
-0.24124514129165803,1,71.500884
-0.3503066235459914,1,71.51907
-0.4181732123974292,1,71.542168
-0.48327519662862173,1,71.56547
-0.4725907666757357,1,71.580663
-0.5461645770677092,1,71.604402
-0.5769024273663426,1,71.61778
-0.4417077771445261,1,71.638371
-0.5104736662305263,1,71.657408
-0.2944934971549868,1,71.675245
-0.3328164107011781,1,71.694129
-0.4417077771445261,1,71.719447
-0.4591460894878775,1,71.739751
-0.3846298891330725,1,71.762101
-0.28798272407190045,1,71.776353
-0.3700216929688139,1,71.799095
-0.28798272407190045,1,71.818971
-0.3846298891330725,1,71.84289
-0.39729453640553747,1,71.86163
-0.5104736662305263,1,71.884196
-0.27880263402099836,1,71.898058
-0.32017608411302473,1,71.919986
-0.4181732123974292,1,71.932527
-0.3503066235459914,1,71.954921
-0.30311683097797204,1,71.968962
-0.26821374406741066,1,71.991478
-0.3990951520637301,1,72.010956
-0.48327519662862173,1,72.029144
-0.4181732123974292,1,72.047899
-0.4181732123974292,1,72.0657
-0.5212472450997204,1,72.086998
-0.48327519662862173,1,72.110436
-0.4591460894878775,1,72.125209
-0.5769024273663426,1,72.152957
-0.3641364826370643,1,72.174305
-0.27880263402099836,1,72.192118
-0.27880263402099836,1,72.224267
-0.4181732123974292,1,72.319522
-0.3990951520637301,1,72.402973
-0.3700216929688139,1,72.477903
-0.5104736662305263,1,72.546047
-0.3700216929688139,1,72.603521
-0.34034079305913384,1,72.626734
-0.27880263402099836,1,72.645779
-0.3328164107011781,1,72.663459
-0.32017608411302473,1,72.688352
-0.30311683097797204,1,72.703732
-0.26821374406741066,1,72.725864
-0.21346641285191226,1,72.739564
-0.15473316000550416,1,72.760129
-0.30311683097797204,1,72.77826
-0.3503066235459914,1,72.794105
-0.34034079305913384,1,72.81153
-0.3503066235459914,1,72.827676
-0.4991879222741191,1,72.845985
-0.5769024273663426,1,72.861941
-0.5769024273663426,1,72.879857
-0.5104736662305263,1,72.896632
-0.4991879222741191,1,72.915176
-0.6272137140340468,1,72.930543
-0.5769024273663426,1,72.946816
-0.5254213132049934,1,72.963003
-0.7818133989374126,1,72.980247
-0.5254213132049934,1,72.998413
-0.4181732123974292,1,73.013857
-0.3846298891330725,1,73.029954
-0.3641364826370643,1,73.045727
-0.5769024273663426,1,73.061142
-0.5212472450997204,1,73.07909
-0.3503066235459914,1,73.096393
-0.3990951520637301,1,73.112118
-0.26821374406741066,1,73.134587
-0.3618411141037006,1,73.151174
-0.32017608411302473,1,73.176066
-0.3990951520637301,1,73.192523
-0.3846298891330725,1,73.214064
-0.39729453640553747,1,73.233386
-0.3328164107011781,1,73.251663
-0.27880263402099836,1,73.270168
-0.23355491567643297,1,73.286315
-0.27880263402099836,1,73.307752
-0.3328164107011781,1,73.329949
-0.21346641285191226,1,73.347214
-0.27880263402099836,1,73.371613
-0.44450978634989513,1,73.390083
-0.27880263402099836,1,73.406974
-0.27880263402099836,1,73.425509
-0.3503066235459914,1,73.444561
-0.24124514129165803,1,73.46616
-0.32017608411302473,1,73.488227
-0.4725907666757357,1,73.503535
-0.4181732123974292,1,73.526723
-0.4725907666757357,1,73.541307
-0.48327519662862173,1,73.589628
-0.3990951520637301,1,73.607534
-0.48327519662862173,1,73.634131
-0.4181732123974292,1,73.654765
-0.4181732123974292,1,73.675726
-0.4181732123974292,1,73.691503
-0.4181732123974292,1,73.71566
-0.4181732123974292,1,73.728954
-0.3503066235459914,1,73.750036
-0.3618411141037006,1,73.763139
-0.4181732123974292,1,73.783852
-0.24124514129165803,1,73.797099
-0.15473316000550416,1,73.818271
-0.34034079305913384,1,73.833578
-0.3700216929688139,1,73.85215
-0.4991879222741191,1,73.87027
-0.5769024273663426,1,73.888339
-0.5769024273663426,1,73.905831
-0.5769024273663426,1,73.923895
-0.4991879222741191,1,73.94381
-0.5104736662305263,1,73.962909
-0.4556723923847136,1,73.980393
-0.3700216929688139,1,74.003481
-0.34034079305913384,1,74.017599
-0.3700216929688139,1,74.039648
-0.3328164107011781,1,74.054693
-0.26821374406741066,1,74.074845
-0.2605833639148348,1,74.091916
-0.3700216929688139,1,74.110838
-0.34034079305913384,1,74.129048
-0.43468239667883474,1,74.147717
-0.3990951520637301,1,74.168297
-0.32017608411302473,1,74.184527
-0.3618411141037006,1,74.206527
-0.32017608411302473,1,74.229757
-0.28798272407190045,1,74.244012
-0.32017608411302473,1,74.267699
-0.3990951520637301,1,74.287363
-0.26821374406741066,1,74.307151
-0.34034079305913384,1,74.342674
-0.32017608411302473,1,74.427892
-0.3618411141037006,1,74.513404
-0.4181732123974292,1,74.537722
-0.5104736662305263,1,74.55658
-0.5769024273663426,1,74.579264
-0.4556723923847136,1,74.597428
-0.48327519662862173,1,74.620805
-0.44450978634989513,1,74.642823
-0.48327519662862173,1,74.661123
-0.6667156712946645,1,74.680179
-0.5254213132049934,1,74.698174
-0.5104736662305263,1,74.716186
-0.3700216929688139,1,74.738011
-0.34034079305913384,1,74.758265
-0.4181732123974292,1,74.780909
-0.5769024273663426,1,74.79749
-0.3503066235459914,1,74.816872
-0.1423214027434267,1,74.836358
-0.21346641285191226,1,74.854919
-0.1423214027434267,1,74.888799
-0.22189391667851674,1,74.911518
-0.21346641285191226,1,74.934423
-0.3503066235459914,1,74.952457
-0.4556723923847136,1,74.973442
-0.3503066235459914,1,74.996334
-0.4181732123974292,1,75.014765
-0.5769024273663426,1,75.03729
-0.4991879222741191,1,75.083467
-0.48327519662862173,1,75.110593
-0.3328164107011781,1,75.129322
-0.4181732123974292,1,75.148778
-0.5769024273663426,1,75.168014
-0.6667156712946645,1,75.193592
-0.5769024273663426,1,75.220299
-0.30311683097797204,1,75.240074
-0.4181732123974292,1,75.259278
-0.4181732123974292,1,75.279147
-0.4181732123974292,1,75.300257
-0.4181732123974292,1,75.322412
-0.4181732123974292,1,75.337899
-0.4181732123974292,1,75.359977
-0.44450978634989513,1,75.382678
-0.4181732123974292,1,75.399863
-0.3618411141037006,1,75.421958
-0.3700216929688139,1,75.443902
-0.3328164107011781,1,75.459541
-0.25482228882126856,1,75.482615
-0.26488249354132043,1,75.497974
-0.25482228882126856,1,75.519693
-0.26488249354132043,1,75.538332
-0.2944934971549868,1,75.561691
-0.28798272407190045,1,75.58327
-0.32017608411302473,1,75.60569
-0.30556888673876903,1,75.621338
-0.32017608411302473,1,75.648945
-0.19200259520086324,1,75.67104
-0.26821374406741066,1,75.690353
-0.34034079305913384,1,75.708404
-0.3503066235459914,1,75.726655
-0.4181732123974292,1,75.748689
-0.32017608411302473,1,75.770957
-0.3618411141037006,1,75.785874
-0.4181732123974292,1,75.808631
-0.3990951520637301,1,75.828188
-0.3846298891330725,1,75.847018
-0.28798272407190045,1,75.867721
-0.27880263402099836,1,75.887085
-0.27880263402099836,1,75.905814
-0.32017608411302473,1,75.932566
-0.3990951520637301,1,75.948191
-0.27880263402099836,1,75.970478
-0.24124514129165803,1,75.988603
-0.16989401335231497,1,76.008169
-0.2292001824317403,1,76.028327
-0.2087470170473666,1,76.049852
-0.17486883556678545,1,76.066683
-0.26228397365733985,1,76.093576
-0.3761263467686034,1,76.109791
-0.32017608411302473,1,76.134001
-0.4725907666757357,1,76.154343
-0.48327519662862173,1,76.173655
-0.5951412287779491,1,76.193115
-0.5769024273663426,1,76.218221
-0.44450978634989513,1,76.237896
-0.4181732123974292,1,76.292614
-0.4991879222741191,1,76.356135
-0.4181732123974292,1,76.450571
-0.5951412287779491,1,76.530461
-0.3503066235459914,1,76.59263
-0.30311683097797204,1,76.643354
-0.27880263402099836,1,76.668009
-0.44450978634989513,1,76.684247
-0.3503066235459914,1,76.70917
-0.3990951520637301,1,76.729622
-0.21346641285191226,1,76.750697
-0.34888748945853854,1,76.770159
-0.25482228882126856,1,76.792222
-0.28580397361039567,1,76.807575
-0.2944934971549868,1,76.831189
-0.30556888673876903,1,76.848578
-0.32017608411302473,1,76.870078
-0.3990951520637301,1,76.89031
-0.3328164107011781,1,76.910844
-0.39729453640553747,1,76.931001
-0.3328164107011781,1,76.952908
-0.34034079305913384,1,76.969098
-0.27880263402099836,1,76.992895
-0.3269334205290107,1,77.00857
-0.27880263402099836,1,77.031522
-0.27880263402099836,1,77.051969
-0.3328164107011781,1,77.070391
-0.24124514129165803,1,77.089688
-0.3700216929688139,1,77.112524
-0.34034079305913384,1,77.128974
-0.4181732123974292,1,77.151885
-0.3618411141037006,1,77.169416
-0.48327519662862173,1,77.199719
-0.5212472450997204,1,77.220378
-0.48327519662862173,1,77.244941
-0.6886685123154265,1,77.262485
-0.724859512736774,1,77.287766
-0.8191866496960201,1,77.307009
-0.8652900362250107,1,77.328884
-0.6667156712946645,1,77.3515
-0.6667156712946645,1,77.37376
-0.6667156712946645,1,77.39084
-0.5254213132049934,1,77.413629
-0.8652900362250107,1,77.43232
-0.5254213132049934,1,77.44945
-0.32017608411302473,1,77.46809
-0.4181732123974292,1,77.487106
-0.3328164107011781,1,77.507487
-0.4417077771445261,1,77.527883
-0.34034079305913384,1,77.544153
-0.3503066235459914,1,77.564013
-0.34034079305913384,1,77.579041
-0.27880263402099836,1,77.59963
-0.27880263402099836,1,77.613134
-0.4181732123974292,1,77.634855
-0.2605833639148348,1,77.649281
-0.32017608411302473,1,77.671182
-0.3618411141037006,1,77.690077
-0.4181732123974292,1,77.709209
-0.4181732123974292,1,77.729146
-0.724859512736774,1,77.751034
-0.5769024273663426,1,77.767452
-0.5104736662305263,1,77.790509
-0.3990951520637301,1,77.80572
-0.3328164107011781,1,77.828411
-0.34034079305913384,1,77.844066
-0.48327519662862173,1,77.8661
-0.5769024273663426,1,77.885612
-0.48327519662862173,1,77.906041
-0.4991879222741191,1,77.928774
-0.4417077771445261,1,77.95348
-0.27880263402099836,1,77.968004
-0.16084191632284398,1,77.990261
-0.27880263402099836,1,78.012038
-0.4417077771445261,1,78.029906
-0.27880263402099836,1,78.048256
-0.4181732123974292,1,78.065793
-0.3990951520637301,1,78.085644
-0.3328164107011781,1,78.10905
-0.24124514129165803,1,78.125986
-0.16989401335231497,1,78.158711
-0.30556888673876903,1,78.184251
-0.21346641285191226,1,78.208808
-0.3761263467686034,1,78.225312
-0.2944934971549868,1,78.25013
-0.21346641285191226,1,78.270727
-0.2087470170473666,1,78.294715
-0.2503179525788748,1,78.313095
-0.30311683097797204,1,78.336007
-0.3150836702518733,1,78.350354
-0.27880263402099836,1,78.421895
-0.3015537441473861,1,78.490021
-0.246699261421291,1,78.563532
-0.2503179525788748,1,78.613664
-0.246699261421291,1,78.69098
-0.24124514129165803,1,78.749292
-0.21346641285191226,1,78.771429
-0.24124514129165803,1,78.78945
-0.246699261421291,1,78.814358
-0.28580397361039567,1,78.829522
-0.3099697590851077,1,78.849918
-0.24124514129165803,1,78.872736
-0.246699261421291,1,78.89148
-0.17486883556678545,1,78.909559
-0.25482228882126856,1,78.934169
-0.2503179525788748,1,78.950674
-0.17486883556678545,1,78.974061
-0.1432502155441992,1,78.992298
-0.17486883556678545,1,79.011591
-0.23412679961170973,1,79.031601
-0.17486883556678545,1,79.052704
-0.11076676323201527,1,79.069459
-0.2944934971549868,1,79.092504
-0.3328164107011781,1,79.114423
-0.3328164107011781,1,79.133324
-0.3328164107011781,1,79.155939
-0.2944934971549868,1,79.179719
-0.17486883556678545,1,79.198778
-0.30311683097797204,1,79.221296
-0.24124514129165803,1,79.234744
-0.2197171184050079,1,79.255068
-0.27880263402099836,1,79.268947
-0.26228397365733985,1,79.29312
-0.22839139569008726,1,79.311423
-0.23355491567643297,1,79.327875
-0.3269334205290107,1,79.347217
-0.27880263402099836,1,79.364635
-0.24124514129165803,1,79.385775
-0.27880263402099836,1,79.408428
-0.28580397361039567,1,79.422682
-0.27880263402099836,1,79.443127
-0.12801113914966125,1,79.455773
-0.2087470170473666,1,79.476273
-0.2292001824317403,1,79.490091
-0.3328164107011781,1,79.511138
-0.26488249354132043,1,79.533122
-0.24124514129165803,1,79.551072
-0.1432502155441992,1,79.569613
-0.2087470170473666,1,79.585859
-0.17486883556678545,1,79.601449
-0.2944934971549868,1,79.623704
-0.30556888673876903,1,79.638592
-0.4649204637460998,1,79.659781
-0.3328164107011781,1,79.674263
-0.48327519662862173,1,79.695313
-0.28798272407190045,1,79.707655
-0.3846298891330725,1,79.735016
-0.34034079305913384,1,79.756133
-0.4181732123974292,1,79.781301
-0.43166248338537583,1,79.795853
-0.2944934971549868,1,79.818407
-0.29935207945051723,1,79.832822
-0.25482228882126856,1,79.857634
-0.30556888673876903,1,79.875907
-0.32017608411302473,1,79.897445
-0.30556888673876903,1,79.916623
-0.32017608411302473,1,79.940005
-0.34034079305913384,1,79.952912
-0.48327519662862173,1,79.975869
-0.5951412287779491,1,79.991238
-0.48327519662862173,1,80.013905
-0.4181732123974292,1,80.032477
-0.3503066235459914,1,80.049406
-0.44450978634989513,1,80.070317
-0.48327519662862173,1,80.096527
-0.4181732123974292,1,80.113303
-0.4181732123974292,1,80.134677
-0.4181732123974292,1,80.147846
-0.5254213132049934,1,80.169364
-0.3328164107011781,1,80.185987
-0.3700216929688139,1,80.20469
-0.3328164107011781,1,80.224105
-0.4181732123974292,1,80.242296
-0.4181732123974292,1,80.261462
-0.48327519662862173,1,80.27883
-0.3618411141037006,1,80.296598
-0.48327519662862173,1,80.320768
-0.4181732123974292,1,80.337073
-0.32017608411302473,1,80.360465
-0.3328164107011781,1,80.379932
-0.21346641285191226,1,80.396907
-0.19200259520086324,1,80.418046
-0.22189391667851674,1,80.43547
-0.3328164107011781,1,80.48842
-0.3328164107011781,1,80.584693
-0.3990951520637301,1,80.641586
-0.3700216929688139,1,80.664603
-0.34034079305913384,1,80.678747
-0.3328164107011781,1,80.700794
-0.34034079305913384,1,80.714216
-0.26821374406741066,1,80.734362
-0.34034079305913384,1,80.753077
-0.3328164107011781,1,80.791128
-0.3990951520637301,1,80.809637
-0.26821374406741066,1,80.832334
-0.16344145949650912,1,80.852109
-0.21346641285191226,1,80.867688
-0.34034079305913384,1,80.885594
-0.27880263402099836,1,80.904269
-0.34034079305913384,1,80.922279
-0.48327519662862173,1,80.941531
-0.3618411141037006,1,80.960989
-0.32017608411302473,1,80.981119
-0.13917490760149379,1,80.994433
-0.26228397365733985,1,81.015009
-0.22839139569008726,1,81.031137
-0.3328164107011781,1,81.054253
-0.34034079305913384,1,81.073907
-0.5461645770677092,1,81.093515
-0.44450978634989513,1,81.126279
-0.27880263402099836,1,81.157465
-0.27880263402099836,1,81.180739
-0.3700216929688139,1,81.212958
-0.3328164107011781,1,81.232448
-0.3618411141037006,1,81.263402
-0.26488249354132043,1,81.285511
-0.3328164107011781,1,81.310202
-0.27880263402099836,1,81.331652
-0.27880263402099836,1,81.358705
-0.30311683097797204,1,81.390033
-0.26821374406741066,1,81.419272
-0.2605833639148348,1,81.447796
-0.26821374406741066,1,81.472
-0.24124514129165803,1,81.491331
-0.21346641285191226,1,81.523395
-0.2605833639148348,1,81.545527
-0.26821374406741066,1,81.567892
-0.30311683097797204,1,81.593177
-0.3503066235459914,1,81.621134
-0.21346641285191226,1,81.644464
-0.32017608411302473,1,81.675829
-0.28798272407190045,1,81.693362
-0.32017608411302473,1,81.714817
-0.21346641285191226,1,81.739012
-0.25482228882126856,1,81.760092
-0.28580397361039567,1,81.799375
-0.30311683097797204,1,81.817738
-0.21346641285191226,1,81.838493
-0.21346641285191226,1,81.859415
-0.3761263467686034,1,81.875234
-0.25482228882126856,1,81.900863
-0.28798272407190045,1,81.917948
-0.32017608411302473,1,81.939112
-0.34034079305913384,1,81.958079
-0.3328164107011781,1,81.977231
-0.19200259520086324,1,81.995909
-0.3700216929688139,1,82.027246
-0.4181732123974292,1,82.04887
-0.27880263402099836,1,82.068742
-0.4991879222741191,1,82.089095
-0.5769024273663426,1,82.111581
-0.5951412287779491,1,82.130771
-0.6667156712946645,1,82.1546
-0.5212472450997204,1,82.173378
-0.5769024273663426,1,82.192281
-0.5461645770677092,1,82.210364
-0.5769024273663426,1,82.237214
-0.6667156712946645,1,82.253092
-0.6272137140340468,1,82.276882
-0.5769024273663426,1,82.296134
-0.6272137140340468,1,82.31472
-0.6667156712946645,1,82.342144
-0.724859512736774,1,82.413634
-0.7818133989374126,1,82.503552
-0.6272137140340468,1,82.59444
-0.3328164107011781,1,82.656906
-0.3503066235459914,1,82.723767
-0.27880263402099836,1,82.742062
-0.3503066235459914,1,82.759751
-0.3618411141037006,1,82.794222
-0.3700216929688139,1,82.820415
-0.24124514129165803,1,82.840549
-0.3846298891330725,1,82.857007
-0.34034079305913384,1,82.876872
-0.3700216929688139,1,82.899987
-0.2605833639148348,1,82.913597
-0.2944934971549868,1,82.933982
-0.2292001824317403,1,82.946705
-0.25482228882126856,1,82.967741
-0.19200259520086324,1,82.981245
-0.2944934971549868,1,83.003049
-0.19200259520086324,1,83.01933
-0.13917490760149379,1,83.042646
-0.17486883556678545,1,83.062178
-0.24124514129165803,1,83.082204
-0.2503179525788748,1,83.097285
-0.27263876044615276,1,83.11887
-0.17486883556678545,1,83.131059
-0.13917490760149379,1,83.153811
-0.19200259520086324,1,83.168074
-0.2944934971549868,1,83.192501
-0.29935207945051723,1,83.211622
-0.3700216929688139,1,83.229458
-0.3761263467686034,1,83.245622
-0.43468239667883474,1,83.263983
-0.4556723923847136,1,83.282979
-0.48327519662862173,1,83.300782
-0.4181732123974292,1,83.318472
-0.26821374406741066,1,83.342567
-0.30311683097797204,1,83.355349
-0.48327519662862173,1,83.376179
-0.5769024273663426,1,83.38813
-0.5104736662305263,1,83.408328
-0.5769024273663426,1,83.421442
-0.5104736662305263,1,83.442405
-0.27880263402099836,1,83.455033
-0.4417077771445261,1,83.476072
-0.4991879222741191,1,83.495192
-0.5769024273663426,1,83.512564
-0.4991879222741191,1,83.53131
-0.5769024273663426,1,83.547653
-0.4991879222741191,1,83.566366
-0.48327519662862173,1,83.581898
-0.3328164107011781,1,83.600884
-0.5254213132049934,1,83.622576
-0.5104736662305263,1,83.637364
-0.4181732123974292,1,83.662355
-0.3328164107011781,1,83.684692
-0.4181732123974292,1,83.702986
-0.27880263402099836,1,83.724441
-0.4417077771445261,1,83.741886
-0.4991879222741191,1,83.758557
-0.4417077771445261,1,83.781635
-0.39729453640553747,1,83.804004
-0.4417077771445261,1,83.828302
-0.27880263402099836,1,83.848656
-0.27880263402099836,1,83.866678
-0.27880263402099836,1,83.885567
-0.27880263402099836,1,83.908082
-0.4181732123974292,1,83.922647
-0.3700216929688139,1,83.94544
-0.3328164107011781,1,83.961163
-0.4417077771445261,1,83.987097
-0.4991879222741191,1,84.006411
-0.5254213132049934,1,84.025301
-0.5461645770677092,1,84.04144
-0.3846298891330725,1,84.067262
-0.3328164107011781,1,84.083898
-0.5254213132049934,1,84.106494
-0.5461645770677092,1,84.125951
-0.6667156712946645,1,84.144419
-0.5769024273663426,1,84.163866
-0.48327519662862173,1,84.181665
-0.44450978634989513,1,84.197991
-0.27880263402099836,1,84.214525
-0.44450978634989513,1,84.232117
-0.5769024273663426,1,84.251888
-0.6519756702804735,1,84.265221
-0.6667156712946645,1,84.285636
-0.6886685123154265,1,84.298417
-0.6667156712946645,1,84.319944
-0.6519756702804735,1,84.336702
-0.4181732123974292,1,84.359331
-0.4181732123974292,1,84.381984
-0.3700216929688139,1,84.401837
-0.3328164107011781,1,84.438735
-0.3328164107011781,1,84.533813
-0.28798272407190045,1,84.606688
-0.26821374406741066,1,84.638816
-0.4181732123974292,1,84.658828
-0.32017608411302473,1,84.684727
-0.39084631595477565,1,84.700006
-0.4649204637460998,1,84.722176
-0.3328164107011781,1,84.737031
-0.3425619128564722,1,84.757349
-0.4181732123974292,1,84.773026
-0.3846298891330725,1,84.793631
-0.26488249354132043,1,84.806615
-0.3846298891330725,1,84.839431
-0.19200259520086324,1,84.862152
-0.21346641285191226,1,84.886204
-0.27880263402099836,1,84.89918
-0.21346641285191226,1,84.92391
-0.26488249354132043,1,84.938127
-0.21346641285191226,1,84.968532
-0.5104736662305263,1,84.989197
-0.5104736662305263,1,85.021083
-0.3990951520637301,1,85.060992
-0.3328164107011781,1,85.094501
-0.3990951520637301,1,85.115857
-0.4181732123974292,1,85.136139
-0.4181732123974292,1,85.158122
-0.4181732123974292,1,85.176319
-0.3328164107011781,1,85.19419
-0.3846298891330725,1,85.214704
-0.3761263467686034,1,85.231041
-0.32017608411302473,1,85.252392
-0.3990951520637301,1,85.267023
-0.27880263402099836,1,85.288396
-0.0,1,85.304199
-1.0,1,85.326874
-1.0,1,85.349985
-0.724859512736774,1,85.374614
-0.8191866496960201,1,85.393064
-0.724859512736774,1,85.415377
-0.8191866496960201,1,85.436183
-0.724859512736774,1,85.468367
-0.4591460894878775,1,85.499554
-0.48327519662862173,1,85.524458
-0.4991879222741191,1,85.539501
-0.6667156712946645,1,85.562608
-0.5212472450997204,1,85.583902
-0.3503066235459914,1,85.602396
-0.3641364826370643,1,85.624293
-0.4181732123974292,1,85.648698
-0.30311683097797204,1,85.663995
-0.3700216929688139,1,85.685831
-0.3990951520637301,1,85.701867
-0.27880263402099836,1,85.725581
-0.39729453640553747,1,85.741491
-0.5104736662305263,1,85.763389
-0.5985987269336951,1,85.783013
-0.4417077771445261,1,85.800941
-0.34034079305913384,1,85.82201
-0.32017608411302473,1,85.841774
-0.4181732123974292,1,85.863701
-0.32017608411302473,1,85.902136
-0.24124514129165803,1,85.924828
-0.26228397365733985,1,85.949689
-0.28580397361039567,1,85.966937
-0.2197171184050079,1,85.991358
-0.28580397361039567,1,86.006128
-0.27880263402099836,1,86.032865
-0.27880263402099836,1,86.051602
-0.3641364826370643,1,86.071221
-0.20209274144619,1,86.094428
-0.27880263402099836,1,86.118078
-0.27880263402099836,1,86.133268
-0.26228397365733985,1,86.155519
-0.3328164107011781,1,86.174278
-0.25482228882126856,1,86.196469
-0.29935207945051723,1,86.21896
-0.25482228882126856,1,86.241269
-0.28798272407190045,1,86.260497
-0.3328164107011781,1,86.283459
-0.28798272407190045,1,86.297157
-0.25482228882126856,1,86.321137
-0.28798272407190045,1,86.337822
-0.32017608411302473,1,86.361992
-0.2605833639148348,1,86.381198
-0.3328164107011781,1,86.400321
-0.28798272407190045,1,86.453298
-0.32017608411302473,1,86.525734
-0.34888748945853854,1,86.592877
-0.3700216929688139,1,86.661482
-0.3761263467686034,1,86.72203
-0.30311683097797204,1,86.805688
-0.28798272407190045,1,86.81972
-0.3328164107011781,1,86.841237
-0.3328164107011781,1,86.861309
-0.3328164107011781,1,86.880702
-0.28798272407190045,1,86.906401
-0.3700216929688139,1,86.931974
-0.34888748945853854,1,86.956698
-0.26821374406741066,1,86.976519
-0.16344145949650912,1,86.996838
-0.2944934971549868,1,87.024525
-0.34888748945853854,1,87.0486
-0.3700216929688139,1,87.074918
-0.3990951520637301,1,87.097582
-0.4181732123974292,1,87.119956
-0.30556888673876903,1,87.135588
-0.4181732123974292,1,87.157982
-0.4181732123974292,1,87.173009
-0.32017608411302473,1,87.199098
-0.4181732123974292,1,87.218636
-0.6072198814367978,1,87.236892
-0.3618411141037006,1,87.259471
-0.3503066235459914,1,87.284949
-0.3618411141037006,1,87.299699
-0.3700216929688139,1,87.325336
-0.34034079305913384,1,87.344953
-0.21346641285191226,1,87.365464
-0.3618411141037006,1,87.38294
-0.32017608411302473,1,87.406281
-0.3618411141037006,1,87.421726
-0.3700216929688139,1,87.447371
-0.3990951520637301,1,87.471086
-0.3846298891330725,1,87.49101
-0.3990951520637301,1,87.510761
-0.43468239667883474,1,87.534261
-0.3761263467686034,1,87.551161
-0.3846298891330725,1,87.572763
-0.39729453640553747,1,87.592025
-0.3846298891330725,1,87.608542
-0.3761263467686034,1,87.626233
-0.3700216929688139,1,87.64746
-0.3761263467686034,1,87.665356
-0.4181732123974292,1,87.692148
-0.30556888673876903,1,87.706511
-0.26821374406741066,1,87.727583
-0.34888748945853854,1,87.741759
-0.26821374406741066,1,87.76827
-0.24124514129165803,1,87.787192
-0.26821374406741066,1,87.805863
-0.17486883556678545,1,87.825499
-0.21346641285191226,1,87.84325
-0.17486883556678545,1,87.861095
-0.3503066235459914,1,87.883996
-0.4181732123974292,1,87.899288
-0.32017608411302473,1,87.922473
-0.24124514129165803,1,87.945976
-0.26821374406741066,1,87.963092
-0.3618411141037006,1,87.987153
-0.3503066235459914,1,88.013556
-0.4181732123974292,1,88.027893
-0.21346641285191226,1,88.050576
-0.34888748945853854,1,88.066773
-0.21346641285191226,1,88.088228
-0.2605833639148348,1,88.107529
-0.21346641285191226,1,88.126708
-0.19200259520086324,1,88.14715
-0.32017608411302473,1,88.171963
-0.3761263467686034,1,88.193923
-0.3425619128564722,1,88.220579
-0.28798272407190045,1,88.243516
-0.2197171184050079,1,88.265768
-0.24124514129165803,1,88.281737
-0.27880263402099836,1,88.305166
-0.27880263402099836,1,88.320506
-0.21346641285191226,1,88.344906
-0.16084191632284398,1,88.364754
-0.2197171184050079,1,88.384937
-0.4181732123974292,1,88.403733
-0.2197171184050079,1,88.425896
-0.3328164107011781,1,88.445892
-0.3328164107011781,1,88.4864
-0.3269334205290107,1,88.509087
-0.3328164107011781,1,88.565666
-0.3328164107011781,1,88.622696
-0.2944934971549868,1,88.713829
-0.4181732123974292,1,88.731383
-0.27880263402099836,1,88.756594
-0.3618411141037006,1,88.792164
-0.48327519662862173,1,88.821065
-0.4556723923847136,1,88.843898
-0.43468239667883474,1,88.8639
-0.3269334205290107,1,88.88785
-0.2197171184050079,1,88.912648
-0.3150836702518733,1,88.929253
-0.2197171184050079,1,88.952532
-0.24124514129165803,1,88.973982
-0.2197171184050079,1,88.998896
-0.21346641285191226,1,89.029576
-0.13917490760149379,1,89.059356
-0.22189391667851674,1,89.079892
-0.2087470170473666,1,89.104737
-0.22189391667851674,1,89.125702
-0.17486883556678545,1,89.147168
-0.17486883556678545,1,89.175336
-0.14912483369034585,1,89.200695
-0.22189391667851674,1,89.217596
-0.24124514129165803,1,89.239879
-0.26488249354132043,1,89.261069
-0.2087470170473666,1,89.280019
-0.19200259520086324,1,89.300539
-0.21346641285191226,1,89.325425
-0.2503179525788748,1,89.344291
-0.3700216929688139,1,89.369749
-0.28798272407190045,1,89.388662
-0.25482228882126856,1,89.408049
-0.30556888673876903,1,89.428755
-0.25482228882126856,1,89.454224
-0.2605833639148348,1,89.469933
-0.21346641285191226,1,89.494681
-0.28798272407190045,1,89.514856
-0.26228397365733985,1,89.53517
-0.3761263467686034,1,89.553521
-0.26228397365733985,1,89.579787
-0.24124514129165803,1,89.595165
-0.2944934971549868,1,89.621224
-0.30556888673876903,1,89.641095
-0.2944934971549868,1,89.662454
-0.3328164107011781,1,89.682524
-0.26821374406741066,1,89.709167
-0.2605833639148348,1,89.73992
-0.26821374406741066,1,89.772233
-0.3328164107011781,1,89.797793
-0.26228397365733985,1,89.822514
-0.13917490760149379,1,89.846361
-0.27880263402099836,1,89.87619
-0.22839139569008726,1,89.902116
-0.30311683097797204,1,89.929691
-0.3328164107011781,1,89.94645
-0.30311683097797204,1,89.973233
-0.49036408562911643,1,89.992591
-0.4181732123974292,1,90.016107
-0.27880263402099836,1,90.037634
-0.30311683097797204,1,90.069274
-0.26488249354132043,1,90.096641
-0.21346641285191226,1,90.121778
-0.26488249354132043,1,90.138155
-0.30311683097797204,1,90.162438
-0.3328164107011781,1,90.182292
-0.27880263402099836,1,90.201205
-0.3328164107011781,1,90.222274
-0.2944934971549868,1,90.242095
-0.2503179525788748,1,90.262862
-0.3328164107011781,1,90.288332
-0.28580397361039567,1,90.304171
-0.3328164107011781,1,90.326199
-0.34888748945853854,1,90.346377
-0.4181732123974292,1,90.368309
-0.4181732123974292,1,90.388385
-0.48327519662862173,1,90.412327
-0.3990951520637301,1,90.427931
-0.32017608411302473,1,90.505583
-0.2605833639148348,1,90.587321
-0.25482228882126856,1,90.684305
-0.21346641285191226,1,90.778524
-0.25482228882126856,1,90.903526
-0.39084631595477565,1,90.976822
-0.26821374406741066,1,91.03213
-0.34034079305913384,1,91.054401
-0.4181732123974292,1,91.077009
-0.4181732123974292,1,91.096135
-0.4181732123974292,1,91.121469
-0.3990951520637301,1,91.144627
-0.4417077771445261,1,91.166522
-0.34034079305913384,1,91.187425
-0.4181732123974292,1,91.213096
-0.3618411141037006,1,91.231111
-0.4181732123974292,1,91.258201
-0.27880263402099836,1,91.279886
-0.27880263402099836,1,91.304862
-0.34034079305913384,1,91.320794
-0.4181732123974292,1,91.345776
-0.34034079305913384,1,91.367901
-0.27880263402099836,1,91.388671
-0.24124514129165803,1,91.408298
-0.27880263402099836,1,91.436231
-0.26488249354132043,1,91.452221
-0.27880263402099836,1,91.474685
-0.27880263402099836,1,91.497931
-0.18588208530003056,1,91.519154
-0.22839139569008726,1,91.541506
-0.27880263402099836,1,91.566161
-0.27880263402099836,1,91.585754
-0.27880263402099836,1,91.607811
-0.3269334205290107,1,91.630214
-0.2197171184050079,1,91.654901
-0.16084191632284398,1,91.67375
-0.3641364826370643,1,91.696663
-0.27880263402099836,1,91.713442
-0.3641364826370643,1,91.733104
-0.27880263402099836,1,91.752921
-0.18737060056967783,1,91.776951
-0.27880263402099836,1,91.796227
-0.3641364826370643,1,91.820139
-0.3269334205290107,1,91.83883
-0.3425619128564722,1,91.881589
-0.3328164107011781,1,91.902637
-0.2944934971549868,1,91.966033
-0.3328164107011781,1,91.987767
-0.27880263402099836,1,92.012872
-0.3990951520637301,1,92.0281
-0.4417077771445261,1,92.05128
-0.4181732123974292,1,92.108975
-0.48327519662862173,1,92.141362
-0.4181732123974292,1,92.165372
-0.24124514129165803,1,92.188155
-0.27880263402099836,1,92.207607
-0.4181732123974292,1,92.233294
-0.5104736662305263,1,92.252992
-0.5104736662305263,1,92.307109
-0.5104736662305263,1,92.338098
-0.3700216929688139,1,92.361484
-0.27880263402099836,1,92.379641
-0.3700216929688139,1,92.40353
-0.27880263402099836,1,92.42348
-0.27880263402099836,1,92.442654
-0.3990951520637301,1,92.465866
-0.4181732123974292,1,92.489791
-0.44450978634989513,1,92.505016
-0.3503066235459914,1,92.533082
-0.4181732123974292,1,92.554825
-0.3503066235459914,1,92.579192
-0.4181732123974292,1,92.599798
-0.3503066235459914,1,92.624795
-0.4181732123974292,1,92.64554
-0.3700216929688139,1,92.666143
-0.4181732123974292,1,92.686544
-0.48327519662862173,1,92.712092
-0.4991879222741191,1,92.730263
-0.3503066235459914,1,92.817739
-0.4181732123974292,1,92.894711
-0.48327519662862173,1,92.949713
-0.44450978634989513,1,92.971437
-0.3846298891330725,1,92.996782
-0.4591460894878775,1,93.015241
-0.48327519662862173,1,93.039203
-0.4181732123974292,1,93.058738
-0.48327519662862173,1,93.077689
-0.4725907666757357,1,93.113324
-0.3700216929688139,1,93.139411
-0.3618411141037006,1,93.162097
-0.32017608411302473,1,93.181221
-0.30556888673876903,1,93.200242
-0.32017608411302473,1,93.22351
-0.3618411141037006,1,93.238449
-0.4181732123974292,1,93.262295
-0.27880263402099836,1,93.278872
-0.3846298891330725,1,93.296994
-0.3269334205290107,1,93.317227
-0.3641364826370643,1,93.339465
-0.4181732123974292,1,93.358508
-0.30311683097797204,1,93.380764
-0.3328164107011781,1,93.395859
-0.3425619128564722,1,93.420019
-0.27880263402099836,1,93.439366
-0.4725907666757357,1,93.4628
-0.3328164107011781,1,93.483108
-0.35661020187160747,1,93.504757
-0.27880263402099836,1,93.524527
-0.3641364826370643,1,93.553139
-0.4181732123974292,1,93.577212
-0.3618411141037006,1,93.599889
-0.27880263402099836,1,93.62414
-0.3618411141037006,1,93.650884
-0.3328164107011781,1,93.669208
-0.3846298891330725,1,93.69585
-0.3269334205290107,1,93.717952
-0.4181732123974292,1,93.745044
-0.3269334205290107,1,93.763315
-0.3328164107011781,1,93.789425
-0.27880263402099836,1,93.807077
-0.23355491567643297,1,93.828245
-0.23775761013135463,1,93.849555
-0.23355491567643297,1,93.876245
-0.3328164107011781,1,93.893269
-0.25849229716561606,1,93.921902
-0.4181732123974292,1,93.936639
-0.3085712544956916,1,93.959609
-0.23775761013135463,1,93.982994
-0.3222071471403125,1,94.006838
-0.27880263402099836,1,94.024624
-0.3222071471403125,1,94.048782
-0.48327519662862173,1,94.063749
-0.4725907666757357,1,94.090315
-0.27880263402099836,1,94.110665
-0.4725907666757357,1,94.132468
-0.3269334205290107,1,94.152662
-0.30311683097797204,1,94.176679
-0.3269334205290107,1,94.228896
-0.30311683097797204,1,94.258759
-0.3732807404766037,1,94.282308
-0.43468239667883474,1,94.308375
-0.4556723923847136,1,94.325092
-0.3700216929688139,1,94.357281
-0.4725907666757357,1,94.380799
-0.48327519662862173,1,94.401155
-0.6667156712946645,1,94.423174
-0.6667156712946645,1,94.449661
-0.5212472450997204,1,94.464388
-0.48327519662862173,1,94.491833
-0.4181732123974292,1,94.511707
-0.3700216929688139,1,94.533502
-0.5104736662305263,1,94.550396
-0.5254213132049934,1,94.574551
-0.5461645770677092,1,94.592545
-0.48327519662862173,1,94.61886
-0.4991879222741191,1,94.640536
-0.5104736662305263,1,94.661093
-0.27880263402099836,1,94.678805
-0.5104736662305263,1,94.71931
-0.34034079305913384,1,94.803083
-0.3700216929688139,1,94.883661
-0.4181732123974292,1,94.969716
-0.26821374406741066,1,95.052639
-0.2605833639148348,1,95.092485
-0.21346641285191226,1,95.114909
-0.34888748945853854,1,95.130112
-0.32017608411302473,1,95.155377
-0.30556888673876903,1,95.178109
-0.25482228882126856,1,95.211686
-0.30556888673876903,1,95.237711
-0.25482228882126856,1,95.261553
-0.34888748945853854,1,95.284281
-0.32017608411302473,1,95.313448
-0.3990951520637301,1,95.338995
-0.4181732123974292,1,95.371969
-0.4181732123974292,1,95.400333
-0.4181732123974292,1,95.420388
-0.4181732123974292,1,95.440477
-0.4181732123974292,1,95.467448
-0.34034079305913384,1,95.483115
-0.3328164107011781,1,95.506663
-0.24124514129165803,1,95.522937
-0.21346641285191226,1,95.547585
-0.3328164107011781,1,95.567851
-0.21346641285191226,1,95.592882
-0.2605833639148348,1,95.610567
-0.21346641285191226,1,95.633705
-0.28798272407190045,1,95.648223
-0.26821374406741066,1,95.676841
-0.3990951520637301,1,95.708748
-0.3328164107011781,1,95.743155
-0.3732807404766037,1,95.773216
-0.3846298891330725,1,95.802312
-0.3990951520637301,1,95.822299
-0.4181732123974292,1,95.841223
-0.2605833639148348,1,95.863243
-0.3700216929688139,1,95.890889
-0.3618411141037006,1,95.910025
-0.5461645770677092,1,95.930433
-0.34034079305913384,1,95.950417
-0.26821374406741066,1,95.971273
-0.24124514129165803,1,95.990441
-0.26821374406741066,1,96.014852
-0.34034079305913384,1,96.031116
-0.26821374406741066,1,96.059913
-0.2605833639148348,1,96.079149
-0.3700216929688139,1,96.099711
-0.4556723923847136,1,96.117428
-0.4417077771445261,1,96.148907
-0.3990951520637301,1,96.165561
-0.4417077771445261,1,96.186296
-0.5104736662305263,1,96.214761
-0.43468239667883474,1,96.241159
-0.3328164107011781,1,96.277028
-0.25482228882126856,1,96.310164
-0.3328164107011781,1,96.331217
-0.3328164107011781,1,96.35217
-0.3328164107011781,1,96.371828
-0.4181732123974292,1,96.394847
-0.4591460894878775,1,96.410226
-0.4181732123974292,1,96.438335
-0.5104736662305263,1,96.457429
-0.4181732123974292,1,96.476598
-0.5188955103155143,1,96.495168
-0.3328164107011781,1,96.52227
-0.28798272407190045,1,96.543999
-0.3328164107011781,1,96.567219
-0.22839139569008726,1,96.589384
-0.3846298891330725,1,96.608596
-0.3990951520637301,1,96.640452
-0.3503066235459914,1,96.664776
-0.44450978634989513,1,96.694914
-0.4181732123974292,1,96.722216
-0.44450978634989513,1,96.742865
-0.4181732123974292,1,96.761027
-0.3990951520637301,1,96.779099
-0.22189391667851674,1,96.799611
-0.3990951520637301,1,96.871938
-0.22189391667851674,1,96.975081
-0.3328164107011781,1,97.058604
-0.26821374406741066,1,97.157025
-0.3328164107011781,1,97.203529
-0.26821374406741066,1,97.225662
-0.30556888673876903,1,97.240334
-0.26821374406741066,1,97.26205
-0.3328164107011781,1,97.289816
-0.21346641285191226,1,97.313696
-0.21346641285191226,1,97.334443
-0.21346641285191226,1,97.355737
-0.24124514129165803,1,97.375074
-0.25482228882126856,1,97.39774
-0.2605833639148348,1,97.420154
-0.26821374406741066,1,97.441439
-0.3618411141037006,1,97.508925
-0.48327519662862173,1,97.53584
-0.3328164107011781,1,97.555595
-0.4417077771445261,1,97.576839
-0.3990951520637301,1,97.592373
-0.3700216929688139,1,97.615472
-0.4181732123974292,1,97.636178
-0.4181732123974292,1,97.665823
-0.34034079305913384,1,97.689012
-0.4181732123974292,1,97.714844
-0.34034079305913384,1,97.738399
-0.3503066235459914,1,97.759063
-0.34034079305913384,1,97.783203
-0.3846298891330725,1,97.809495
-0.4591460894878775,1,97.827146
-0.5104736662305263,1,97.855003
-0.5769024273663426,1,97.8782
-0.5769024273663426,1,97.902567
-0.5212472450997204,1,97.92098
-0.48327519662862173,1,97.943527
-0.4181732123974292,1,97.964108
-0.32017608411302473,1,97.987389
-0.21346641285191226,1,98.01071
-0.16989401335231497,1,98.037121
-0.28798272407190045,1,98.059729
-0.27880263402099836,1,98.083833
-0.3328164107011781,1,98.104016
-0.43468239667883474,1,98.13112
-0.3328164107011781,1,98.147719
-0.32017608411302473,1,98.175364
-0.30556888673876903,1,98.196388
-0.2944934971549868,1,98.220618
-0.34888748945853854,1,98.236876
-0.25482228882126856,1,98.261945
-0.3328164107011781,1,98.277012
-0.25482228882126856,1,98.323587
-0.19200259520086324,1,98.351433
-0.21346641285191226,1,98.37722
-0.26488249354132043,1,98.396958
-0.17486883556678545,1,98.424061
-0.19200259520086324,1,98.446091
-0.2087470170473666,1,98.470836
-0.17486883556678545,1,98.488835
-0.30311683097797204,1,98.510058
-0.3269334205290107,1,98.524343
-0.4181732123974292,1,98.548734
-0.4591460894878775,1,98.572082
-0.5769024273663426,1,98.594407
-0.6272137140340468,1,98.61465
-0.3618411141037006,1,98.639265
-0.27880263402099836,1,98.654572
-0.4181732123974292,1,98.682126
-0.3846298891330725,1,98.704226
-0.3618411141037006,1,98.734487
-0.3846298891330725,1,98.785718
-0.3641364826370643,1,98.835346
-0.24124514129165803,1,98.868666
-0.23355491567643297,1,98.88957
-0.3328164107011781,1,98.908254
-0.30311683097797204,1,98.957465
-0.3732807404766037,1,99.042195
-0.30311683097797204,1,99.120748
-0.39729453640553747,1,99.143796
-0.3846298891330725,1,99.16995
-0.3990951520637301,1,99.204514
-0.5104736662305263,1,99.246304
-0.5769024273663426,1,99.264756
-0.5104736662305263,1,99.290981
-0.4181732123974292,1,99.310925
-0.4181732123974292,1,99.332139
-0.3618411141037006,1,99.351809
-0.4181732123974292,1,99.37717
-0.3618411141037006,1,99.393963
-0.4181732123974292,1,99.420455
-0.27880263402099836,1,99.444975
-0.21346641285191226,1,99.466043
-0.26488249354132043,1,99.479857
-0.27880263402099836,1,99.505138
-0.3990951520637301,1,99.519784
-0.3503066235459914,1,99.54362
-0.4991879222741191,1,99.560179
-0.3503066235459914,1,99.58129
-0.3328164107011781,1,99.601313
-0.3700216929688139,1,99.627905
-0.3990951520637301,1,99.644945
-0.26821374406741066,1,99.669602
-0.16344145949650912,1,99.691619
-0.25482228882126856,1,99.714015
-0.16344145949650912,1,99.734064
-0.21346641285191226,1,99.758154
-0.34888748945853854,1,99.777831
-0.3328164107011781,1,99.802265
-0.2292001824317403,1,99.825315
-0.21346641285191226,1,99.845885
-0.2292001824317403,1,99.866955
-0.2944934971549868,1,99.892243
-0.39084631595477565,1,99.912912
-0.2944934971549868,1,99.934272
-0.19200259520086324,1,99.957354
-0.32017608411302473,1,99.980187
-0.30556888673876903,1,100.001767
-0.25482228882126856,1,100.0302
-0.30556888673876903,1,100.046964
-0.32017608411302473,1,100.066614
-0.3990951520637301,1,100.086985
-0.4649204637460998,1,100.111768
-0.30556888673876903,1,100.129211
-0.32017608411302473,1,100.153884
-0.30556888673876903,1,100.175695
-0.32017608411302473,1,100.197218
-0.24124514129165803,1,100.220337
-0.32017608411302473,1,100.244923
-0.27880263402099836,1,100.258046
-0.32017608411302473,1,100.286175
-0.24124514129165803,1,100.309782
-0.32017608411302473,1,100.348499
-0.34034079305913384,1,100.375652
-0.3700216929688139,1,100.404796
-0.30311683097797204,1,100.428505
-0.27880263402099836,1,100.452362
-0.3328164107011781,1,100.472063
-0.48327519662862173,1,100.494734
-0.44450978634989513,1,100.512478
-0.3503066235459914,1,100.537289
-0.4181732123974292,1,100.557946
-0.3503066235459914,1,100.581235
-0.34034079305913384,1,100.601909
-0.20209274144619,1,100.63013
-0.24124514129165803,1,100.652275
-0.3846298891330725,1,100.674364
-0.44450978634989513,1,100.694741
-0.48327519662862173,1,100.719614
-0.5769024273663426,1,100.736113
-0.5769024273663426,1,100.760561
-0.44450978634989513,1,100.772201
-0.4181732123974292,1,100.798273
-0.44450978634989513,1,100.821903
-0.3503066235459914,1,100.855926
-0.3618411141037006,1,100.936387
-0.32017608411302473,1,101.021598
-0.21346641285191226,1,101.0939
-0.2944934971549868,1,101.177728
-0.28798272407190045,1,101.23396
-0.25482228882126856,1,101.257174
-0.28798272407190045,1,101.282178
-0.3328164107011781,1,101.312026
-0.3269334205290107,1,101.334102
-0.30311683097797204,1,101.351125
-0.22839139569008726,1,101.368608
-0.22189391667851674,1,101.39135
-0.39729453640553747,1,101.406821
-0.4725907666757357,1,101.428592
-0.4591460894878775,1,101.44477
-0.3328164107011781,1,101.474349
-0.34034079305913384,1,101.495047
-0.3328164107011781,1,101.520221
-0.27880263402099836,1,101.538636
-0.3328164107011781,1,101.564576
-0.27880263402099836,1,101.583933
-0.26821374406741066,1,101.602195
-0.3990951520637301,1,101.660734
-0.27880263402099836,1,101.691842
-0.24124514129165803,1,101.728148
-0.2944934971549868,1,101.78115
-0.24124514129165803,1,101.813898
-0.21346641285191226,1,101.849134
-0.2605833639148348,1,101.900482
-0.32017608411302473,1,101.937154
-0.3990951520637301,1,101.961194
-0.3328164107011781,1,102.00143
-0.39729453640553747,1,102.026197
-0.3700216929688139,1,103.329637
-0.34034079305913384,1,103.36193
-0.26821374406741066,1,103.396637
-0.34034079305913384,1,103.418109
-0.3700216929688139,1,103.460245
-0.34034079305913384,1,103.485718
-0.21346641285191226,1,103.515971
-0.2605833639148348,1,103.540267
-0.25482228882126856,1,103.564098
-0.2605833639148348,1,103.584165
-0.25482228882126856,1,103.6072
-0.2503179525788748,1,103.623581
-0.21346641285191226,1,103.647149
-0.2292001824317403,1,103.675306
-0.21346641285191226,1,103.703895
-0.30556888673876903,1,103.721075
-0.26821374406741066,1,103.780106
-0.30311683097797204,1,103.819517
-0.3503066235459914,1,103.861869
-0.3641364826370643,1,103.900976
-0.48327519662862173,1,103.931765
-0.3328164107011781,1,103.958231
-0.48327519662862173,1,104.010903
-0.3641364826370643,1,104.06132
-0.48327519662862173,1,104.084387
-0.4181732123974292,1,104.140555
-0.2944934971549868,1,104.177799
-0.26488249354132043,1,104.200444
-0.22189391667851674,1,104.234859
-0.26488249354132043,1,104.320878
-0.3846298891330725,1,104.436965
-0.27880263402099836,1,104.512074
-0.27880263402099836,1,104.632989
-0.19200259520086324,1,104.653545
-0.17486883556678545,1,104.681185
-0.21346641285191226,1,104.708723
-0.17486883556678545,1,104.746705
-0.19200259520086324,1,104.772968
-0.21346641285191226,1,104.791767
-0.3328164107011781,1,104.813388
-0.26228397365733985,1,104.841815
-0.3269334205290107,1,104.86481
-0.30311683097797204,1,104.88812
-0.28798272407190045,1,104.90857
-0.3700216929688139,1,104.934364
-0.28798272407190045,1,104.955336
-0.3328164107011781,1,104.977131
-0.3269334205290107,1,104.997108
-0.3328164107011781,1,105.025681
-0.28798272407190045,1,105.044362
-0.25482228882126856,1,105.071754
-0.30556888673876903,1,105.089622
-0.32017608411302473,1,105.113409
-0.24124514129165803,1,105.1333
-0.3328164107011781,1,105.160306
-0.39729453640553747,1,105.17538
-0.3700216929688139,1,105.199687
-0.27880263402099836,1,105.222797
-0.4181732123974292,1,105.242987
-0.30311683097797204,1,105.261859
-0.32017608411302473,1,105.288916
-0.34034079305913384,1,105.306206
-0.32017608411302473,1,105.334013
-0.24124514129165803,1,105.353485
-0.27880263402099836,1,105.379213
-0.3618411141037006,1,105.395459
-0.32017608411302473,1,105.413473
-0.24124514129165803,1,105.43233
-0.32017608411302473,1,105.458013
-0.28798272407190045,1,105.477811
-0.21346641285191226,1,105.49953
-0.19200259520086324,1,105.520448
-0.30311683097797204,1,105.546467
-0.11658779309342567,1,105.562239
-0.22189391667851674,1,105.586641
-0.34034079305913384,1,105.613117
-0.4181732123974292,1,105.648573
-0.27880263402099836,1,105.671026
-0.4181732123974292,1,105.691658
-0.5212472450997204,1,105.711339
-0.4181732123974292,1,105.736662
-0.3990951520637301,1,105.763416
-0.48327519662862173,1,105.797843
-0.4181732123974292,1,105.817133
-0.27880263402099836,1,105.840232
-0.30311683097797204,1,105.859892
-0.3700216929688139,1,105.8822
-0.28798272407190045,1,105.903855
-0.26821374406741066,1,105.928715
-0.4181732123974292,1,105.944682
-0.3700216929688139,1,105.969299
-0.4181732123974292,1,105.989017
-0.32017608411302473,1,106.010022
-0.24124514129165803,1,106.027321
-0.21346641285191226,1,106.048195
-0.21346641285191226,1,106.065808
-0.26821374406741066,1,106.08972
-0.3618411141037006,1,106.106347
-0.3503066235459914,1,106.128946
-0.44450978634989513,1,106.149536
-0.48327519662862173,1,106.171133
-0.44450978634989513,1,106.194116
-0.48327519662862173,1,106.226063
-0.3641364826370643,1,106.246996
-0.27880263402099836,1,106.271425
-0.24124514129165803,1,106.293912
-0.3503066235459914,1,106.317042
-0.30311683097797204,1,106.334625
-0.27880263402099836,1,106.358387
-0.30311683097797204,1,106.422263
-0.21346641285191226,1,106.516545
-0.2605833639148348,1,106.591368
-0.2944934971549868,1,106.683433
-0.2503179525788748,1,106.760873
-0.2944934971549868,1,106.786245
-0.2503179525788748,1,106.828183
-0.2944934971549868,1,106.86137
-0.28798272407190045,1,106.880684
-0.3425619128564722,1,106.907176
-0.27880263402099836,1,106.93047
-0.27880263402099836,1,106.949815
-0.1423214027434267,1,106.98013
-0.21346641285191226,1,107.01451
-0.1423214027434267,1,107.033862
-0.3503066235459914,1,107.060341
-0.44450978634989513,1,107.075863
-0.3503066235459914,1,107.102274
-0.3641364826370643,1,107.123439
-0.48327519662862173,1,107.145733
-0.44450978634989513,1,107.162663
-0.4181732123974292,1,107.190758
-0.24124514129165803,1,107.205926
-0.21346641285191226,1,107.231292
-0.24124514129165803,1,107.254163
-0.27880263402099836,1,107.289402
-0.5769024273663426,1,107.325927
-0.4181732123974292,1,107.355119
-0.5104736662305263,1,107.392664
-0.5769024273663426,1,107.420573
-0.5769024273663426,1,107.43981
-0.5769024273663426,1,107.459697
-0.4991879222741191,1,107.478648
-0.5769024273663426,1,107.502876
-0.34034079305913384,1,107.519678
-0.32017608411302473,1,107.544581
-0.2605833639148348,1,107.559855
-0.32017608411302473,1,107.581443
-0.1423214027434267,1,107.604995
-0.26821374406741066,1,107.625466
-0.21346641285191226,1,107.644145
-0.25482228882126856,1,107.670076
-0.21346641285191226,1,107.685823
-0.32017608411302473,1,107.714179
-0.27880263402099836,1,107.735635
-0.27880263402099836,1,107.761362
-0.3328164107011781,1,107.78022
-0.3328164107011781,1,107.807152
-0.28798272407190045,1,107.849895
-0.25482228882126856,1,107.879341
-0.2292001824317403,1,107.902932
-0.25482228882126856,1,107.929156
-0.30556888673876903,1,107.944308
-0.32017608411302473,1,107.968962
-0.3990951520637301,1,107.991737
-0.3503066235459914,1,108.018667
-0.30311683097797204,1,108.033827
-0.3503066235459914,1,108.058414
-0.3990951520637301,1,108.073033
-0.4181732123974292,1,108.098756
-0.3990951520637301,1,108.119413
-0.5104736662305263,1,108.139885
-0.3990951520637301,1,108.158007
-0.3700216929688139,1,108.184276
-0.4181732123974292,1,108.199653
-0.4181732123974292,1,108.227282
-0.4181732123974292,1,108.246716
-0.4181732123974292,1,108.267754
-0.3990951520637301,1,108.29054
-0.3700216929688139,1,108.317407
-0.3990951520637301,1,108.339795
-0.3846298891330725,1,108.360241
-0.27880263402099836,1,108.380316
-0.3846298891330725,1,108.404692
-0.28798272407190045,1,108.420135
-0.3846298891330725,1,108.445144
-0.3990951520637301,1,108.460972
-0.3700216929688139,1,108.484576
-0.28798272407190045,1,108.547461
-0.3700216929688139,1,108.624174
-0.28798272407190045,1,108.691683
-0.25482228882126856,1,108.711598
-0.28798272407190045,1,108.736884
-0.26228397365733985,1,108.76401
-0.3732807404766037,1,108.781089
-0.3618411141037006,1,108.809342
-0.3269334205290107,1,108.830355
-0.27880263402099836,1,108.85054
-0.3328164107011781,1,108.874452
-0.3328164107011781,1,108.898116
-0.3761263467686034,1,108.917318
-0.21346641285191226,1,108.936362
-0.30556888673876903,1,108.955488
-0.4649204637460998,1,108.973983
-0.34888748945853854,1,108.994441
-0.26821374406741066,1,109.017382
-0.17486883556678545,1,109.031138
-0.32017608411302473,1,109.055348
-0.3990951520637301,1,109.070026
-0.32017608411302473,1,109.096308
-0.30556888673876903,1,109.119941
-0.25482228882126856,1,109.138557
-0.21346641285191226,1,109.154904
-0.3328164107011781,1,109.176538
-0.21346641285191226,1,109.192252
-0.24124514129165803,1,109.215826
-0.19200259520086324,1,109.232019
-0.30311683097797204,1,109.255214
-0.23412679961170973,1,109.275564
-0.24124514129165803,1,109.295411
-0.15281135349083733,1,109.314115
-0.2944934971549868,1,109.337342
-0.34888748945853854,1,109.355281
-0.2944934971549868,1,109.379525
-0.30556888673876903,1,109.394447
-0.32017608411302473,1,109.419104
-0.3328164107011781,1,109.443153
-0.3328164107011781,1,109.469247
-0.4591460894878775,1,109.484301
-0.4417077771445261,1,109.510837
-0.34034079305913384,1,109.530828
-0.32017608411302473,1,109.550103
-0.3328164107011781,1,109.569401
-0.25482228882126856,1,109.589339
-0.28798272407190045,1,109.607301
-0.32017608411302473,1,109.628858
-0.3618411141037006,1,109.642478
-0.32017608411302473,1,109.668893
-0.30556888673876903,1,109.691119
-0.2944934971549868,1,109.713739
-0.2503179525788748,1,109.736537
-0.2944934971549868,1,109.762571
-0.3328164107011781,1,109.781332
-0.3846298891330725,1,109.803042
-0.3328164107011781,1,109.825849
-0.3425619128564722,1,109.846396
-0.27880263402099836,1,109.866079
-0.30311683097797204,1,109.890254
-0.3328164107011781,1,109.906372
-0.4181732123974292,1,109.938787
-0.3618411141037006,1,109.963173
-0.4181732123974292,1,109.985689
-0.4725907666757357,1,110.003303
-0.4181732123974292,1,110.026934
-0.4181732123974292,1,110.047049
-0.4181732123974292,1,110.067264
-0.28798272407190045,1,110.09043
-0.32017608411302473,1,110.115425
-0.3618411141037006,1,110.134986
-0.26821374406741066,1,110.159434
-0.4556723923847136,1,110.179331
-0.4417077771445261,1,110.198083
-0.4181732123974292,1,110.22016
-0.6272137140340468,1,110.24547
-0.6834583496438059,1,110.261372
-0.6413938916118376,1,110.284657
-0.5769024273663426,1,110.307996
-0.6413938916118376,1,110.331462
-0.4181732123974292,1,110.35348
-0.5254213132049934,1,110.404473
-0.724859512736774,1,110.470759
-0.6413938916118376,1,110.548478
-0.5104736662305263,1,110.620282
-0.4417077771445261,1,110.71187
-0.4556723923847136,1,110.798841
-0.3700216929688139,1,110.832962
-0.34034079305913384,1,110.854429
-0.3328164107011781,1,110.880897
-0.3990951520637301,1,110.897057
-0.26821374406741066,1,110.921351
-0.2605833639148348,1,110.936811
-0.3328164107011781,1,110.961626
-0.28798272407190045,1,110.988052
-0.32017608411302473,1,111.024639
-0.3761263467686034,1,111.05311
-0.3328164107011781,1,111.087135
-0.19200259520086324,1,111.112001
-0.26228397365733985,1,111.135472
-0.2503179525788748,1,111.153322
-0.25482228882126856,1,111.175765
-0.30556888673876903,1,111.193724
-0.21346641285191226,1,111.216311
-0.3328164107011781,1,111.23609
-0.25482228882126856,1,111.255973
-0.3328164107011781,1,111.278436
-0.3328164107011781,1,111.304126
-0.39729453640553747,1,111.320529
-0.3846298891330725,1,111.344127
-0.28798272407190045,1,111.364789
-0.21346641285191226,1,111.385536
-0.2605833639148348,1,111.406197
-0.21346641285191226,1,111.429398
-0.28580397361039567,1,111.445763
-0.25482228882126856,1,111.471881
-0.3761263467686034,1,111.493506
-0.3700216929688139,1,111.514007
-0.3618411141037006,1,111.536734
-0.26821374406741066,1,111.563038
-0.27880263402099836,1,111.581878
-0.27880263402099836,1,111.605254
-0.3328164107011781,1,111.628425
-0.30311683097797204,1,111.649465
-0.24124514129165803,1,111.673706
-0.30311683097797204,1,111.699796
-0.28798272407190045,1,111.71717
-0.3700216929688139,1,111.73729
-0.3990951520637301,1,111.75964
-0.4417077771445261,1,111.783274
-0.4991879222741191,1,111.797884
-0.5104736662305263,1,111.822021
-0.27880263402099836,1,111.844265
-0.4181732123974292,1,111.862031
-0.4991879222741191,1,111.881899
-0.48327519662862173,1,111.907525
-0.44450978634989513,1,111.921552
-0.3503066235459914,1,111.947737
-0.24124514129165803,1,111.975673
-0.15473316000550416,1,112.002948
-0.27880263402099836,1,112.025388
-0.3328164107011781,1,112.046962
-0.3328164107011781,1,112.063924
-0.3700216929688139,1,112.088794
-0.21346641285191226,1,112.104708
-0.4417077771445261,1,112.126259
-0.4991879222741191,1,112.144957
-0.3503066235459914,1,112.165817
-0.3990951520637301,1,112.18497
-0.3503066235459914,1,112.20931
-0.27880263402099836,1,112.225212
-0.3700216929688139,1,112.249306
-0.3328164107011781,1,112.272254
-0.21346641285191226,1,112.297641
-0.3328164107011781,1,112.316929
-0.21346641285191226,1,112.342919
-0.34034079305913384,1,112.363401
-0.3700216929688139,1,112.383979
-0.30311683097797204,1,112.401934
-0.4181732123974292,1,112.424865
-0.44450978634989513,1,112.439699
-0.5769024273663426,1,112.464227
-0.7818133989374126,1,112.483907
-0.724859512736774,1,112.502584
-0.6667156712946645,1,112.578909
-0.5769024273663426,1,112.657289
-0.5461645770677092,1,112.703669
-0.48327519662862173,1,112.728154
-0.3641364826370643,1,112.745671
-0.3503066235459914,1,112.770281
-0.3618411141037006,1,112.788979
-0.32017608411302473,1,112.809192
-0.30311683097797204,1,112.828283
-0.4181732123974292,1,112.851943
-0.4725907666757357,1,112.870365
-0.4181732123974292,1,112.89276
-0.3618411141037006,1,112.914994
-0.3700216929688139,1,112.944302
-0.30311683097797204,1,112.961719
-0.27880263402099836,1,112.986909
-0.3641364826370643,1,113.005927
-0.4181732123974292,1,113.026718
-0.4991879222741191,1,113.046275
-0.2944934971549868,1,113.070837
-0.3328164107011781,1,113.085873
-0.16084191632284398,1,113.11077
-0.1423214027434267,1,113.131172
-0.3503066235459914,1,113.154218
-0.3641364826370643,1,113.170521
-0.48327519662862173,1,113.195013
-0.3328164107011781,1,113.210588
-0.5769024273663426,1,113.233959
-0.7958817084267739,1,113.254593
-0.724859512736774,1,113.273973
-0.7958817084267739,1,113.294252
-0.5769024273663426,1,113.318715
-0.5461645770677092,1,113.333743
-0.4181732123974292,1,113.357809
-0.4181732123974292,1,113.376681
-0.6667156712946645,1,113.399426
-0.6667156712946645,1,113.414688
-0.6667156712946645,1,113.438985
-0.4181732123974292,1,113.454711
-0.4181732123974292,1,113.477856
-0.4181732123974292,1,113.496856
-0.4181732123974292,1,113.51804
-0.3328164107011781,1,113.537573
-0.27880263402099836,1,113.563992
-0.3328164107011781,1,113.585735
-0.4181732123974292,1,113.60467
-0.39729453640553747,1,113.622684
-0.4417077771445261,1,113.642298
-0.4591460894878775,1,113.660377
-0.3700216929688139,1,113.697459
-0.4591460894878775,1,113.720083
-0.4991879222741191,1,113.741449
-0.4591460894878775,1,113.75966
-0.3846298891330725,1,113.785045
-0.4591460894878775,1,113.804914
-0.4991879222741191,1,113.822143
-0.4591460894878775,1,113.84205
-0.6519756702804735,1,113.863097
-0.6834583496438059,1,113.880765
-0.8191866496960201,1,113.935548
-0.6834583496438059,1,113.968484
-0.724859512736774,1,113.994346
-0.4991879222741191,1,114.023712
-0.3503066235459914,1,114.048221
-0.3618411141037006,1,114.066453
-0.26821374406741066,1,114.091419
-0.2605833639148348,1,114.111344
-0.3700216929688139,1,114.129464
-0.2605833639148348,1,114.149959
-0.32017608411302473,1,114.171182
-0.34034079305913384,1,114.186557
-0.4181732123974292,1,114.209688
-0.4991879222741191,1,114.227798
-0.48327519662862173,1,114.24782
-0.30311683097797204,1,114.268576
-0.32017608411302473,1,114.288184
-0.3618411141037006,1,114.310216
-0.3503066235459914,1,114.333367
-0.3618411141037006,1,114.37547
-0.32017608411302473,1,114.462744
-0.3328164107011781,1,114.544707
-0.27880263402099836,1,114.617732
-0.28798272407190045,1,114.696895
-0.25482228882126856,1,114.73024
-0.21346641285191226,1,114.746475
-0.21346641285191226,1,114.768772
-0.28798272407190045,1,114.786483
-0.26821374406741066,1,114.802987
-0.30556888673876903,1,114.820878
-0.26821374406741066,1,114.847939
-0.4181732123974292,1,114.86383
-0.3700216929688139,1,114.887227
-0.39084631595477565,1,114.9058
-0.4181732123974292,1,114.928823
-0.39084631595477565,1,114.949547
-0.4181732123974292,1,114.974483
-0.34034079305913384,1,114.992767
-0.3328164107011781,1,115.013589
-0.3990951520637301,1,115.036141
-0.3328164107011781,1,115.058469
-0.24124514129165803,1,115.075455
-0.32017608411302473,1,115.100021
-0.30556888673876903,1,115.122953
-0.3700216929688139,1,115.142625
-0.3328164107011781,1,115.161285
-0.4181732123974292,1,115.187882
-0.34888748945853854,1,115.20397
-0.32017608411302473,1,115.226719
-0.34888748945853854,1,115.245277
-0.3328164107011781,1,115.264653
-0.30556888673876903,1,115.286869
-0.32017608411302473,1,115.310351
-0.34034079305913384,1,115.326483
-0.3503066235459914,1,115.349826
-0.44450978634989513,1,115.367952
-0.4181732123974292,1,115.387875
-0.3990951520637301,1,115.40762
-0.2944934971549868,1,115.43208
-0.26488249354132043,1,115.445985
-0.4181732123974292,1,115.46901
-0.39729453640553747,1,115.483678
-0.27880263402099836,1,115.508516
-0.39729453640553747,1,115.527922
-0.5769024273663426,1,115.551987
-0.6519756702804735,1,115.57071
-0.4181732123974292,1,115.596335
-0.3990951520637301,1,115.615697
-0.26821374406741066,1,115.636804
-0.28798272407190045,1,115.655265
-0.3700216929688139,1,115.678666
-0.3990951520637301,1,115.694978
-0.3700216929688139,1,115.7217
-0.28798272407190045,1,115.743402
-0.3700216929688139,1,115.765123
-0.28798272407190045,1,115.781779
-0.32017608411302473,1,115.804466
-0.24124514129165803,1,115.818225
-0.21346641285191226,1,115.841184
-0.2605833639148348,1,115.862814
-0.2944934971549868,1,115.880309
-0.28580397361039567,1,115.908236
-0.3328164107011781,1,115.93619
-0.3328164107011781,1,115.956818
-0.3328164107011781,1,115.97964
-0.3328164107011781,1,115.995062
-0.26821374406741066,1,116.022527
-0.21346641285191226,1,116.043809
-0.21346641285191226,1,116.065553
-0.2605833639148348,1,116.085218
-0.32017608411302473,1,116.10784
-0.3990951520637301,1,116.122894
-0.32017608411302473,1,116.145828
-0.3990951520637301,1,116.164853
-0.32017608411302473,1,116.191113
-0.3990951520637301,1,116.210487
-0.32017608411302473,1,116.23882
-0.27880263402099836,1,116.25946
-0.27880263402099836,1,116.281397
-0.34034079305913384,1,116.301067
-0.4181732123974292,1,116.324771
-0.5951412287779491,1,116.340716
-0.48327519662862173,1,116.367249
-0.4181732123974292,1,116.434422
-0.48327519662862173,1,116.527009
-0.44450978634989513,1,116.58444
-0.5461645770677092,1,116.605458
-0.30311683097797204,1,116.628466
-0.32017608411302473,1,116.652724
-0.3618411141037006,1,116.667004
-0.4181732123974292,1,116.690927
-0.34888748945853854,1,116.707868
-0.32017608411302473,1,116.731839
-0.4181732123974292,1,116.751622
-0.4181732123974292,1,116.771361
-0.4991879222741191,1,116.791897
-0.48327519662862173,1,116.813152
-0.44450978634989513,1,116.830443
-0.4181732123974292,1,116.856838
-0.44450978634989513,1,116.872281
-0.3503066235459914,1,116.899457
-0.4181732123974292,1,116.92936
-0.4417077771445261,1,116.971955
-0.34034079305913384,1,117.020759
-0.32017608411302473,1,117.044757
-0.3618411141037006,1,117.064158
-0.3700216929688139,1,117.091491
-0.30556888673876903,1,117.1153
-0.25482228882126856,1,117.136079
-0.29935207945051723,1,117.156328
-0.24124514129165803,1,117.18447
-0.29935207945051723,1,117.204295
-0.2944934971549868,1,117.231075
-0.17486883556678545,1,117.252737
-0.24124514129165803,1,117.281211
-0.26228397365733985,1,117.29789
-0.24124514129165803,1,117.321399
-0.26228397365733985,1,117.337154
-0.24124514129165803,1,117.362662
-0.19200259520086324,1,117.401757
-0.17486883556678545,1,117.447758
-0.19200259520086324,1,117.469361
-0.17486883556678545,1,117.495791
-0.19200259520086324,1,117.522535
-0.17882230642635902,1,117.545234
-0.17486883556678545,1,117.566914
-0.17486883556678545,1,117.593162
-0.2292001824317403,1,117.611717
-0.25482228882126856,1,117.637919
-0.2503179525788748,1,117.659049
-0.21346641285191226,1,117.67821
-0.24124514129165803,1,117.697453
-0.26228397365733985,1,117.724952
-0.17486883556678545,1,117.744046
-0.26228397365733985,1,117.770227
-0.27880263402099836,1,117.790623
-0.30311683097797204,1,117.811615
-0.24124514129165803,1,117.831519
-0.3328164107011781,1,117.856051
-0.27880263402099836,1,117.872115
-0.3618411141037006,1,117.901204
-0.27880263402099836,1,117.923777
-0.27880263402099836,1,117.945412
-0.24124514129165803,1,117.968691
-0.16989401335231497,1,117.994201
-0.2292001824317403,1,118.016818
-0.2087470170473666,1,118.046371
-0.2292001824317403,1,118.069687
-0.16989401335231497,1,118.096855
-0.19200259520086324,1,118.122715
-0.16989401335231497,1,118.145027
-0.2292001824317403,1,118.163009
-0.16989401335231497,1,118.185317
-0.28798272407190045,1,118.206695
-0.16084191632284398,1,118.235962
-0.24124514129165803,1,118.253687
-0.21346641285191226,1,118.278586
-0.30311683097797204,1,118.298006
-0.32017608411302473,1,118.322407
-0.30311683097797204,1,118.339521
-0.3503066235459914,1,118.364314
-0.24124514129165803,1,118.436429
-0.32017608411302473,1,118.528773
-0.4181732123974292,1,118.619858
-0.3700216929688139,1,118.700837
-0.28798272407190045,1,118.771099
-0.2944934971549868,1,118.797672
-0.3761263467686034,1,118.814491
-0.4181732123974292,1,118.832027
-0.4556723923847136,1,118.850595
-0.26821374406741066,1,118.868735
-0.4725907666757357,1,118.887617
-0.32017608411302473,1,118.908343
-0.2605833639148348,1,118.931266
-0.3700216929688139,1,118.958433
-0.28798272407190045,1,118.977134
-0.26228397365733985,1,119.001224
-0.2503179525788748,1,119.0209
-0.21346641285191226,1,119.042025
-0.2503179525788748,1,119.062518
-0.2944934971549868,1,119.096876
-0.3328164107011781,1,119.124096
-0.21346641285191226,1,119.154352
-0.16344145949650912,1,119.175566
-0.26821374406741066,1,119.201872
-0.4181732123974292,1,119.222898
-0.5461645770677092,1,119.241569
-0.5637825443732803,1,119.265066
-0.48327519662862173,1,119.291217
-0.4591460894878775,1,119.307717
-0.43468239667883474,1,119.32996
-0.3328164107011781,1,119.34857
-0.26228397365733985,1,119.373555
-0.28580397361039567,1,119.395843
-0.2944934971549868,1,119.42307
-0.29935207945051723,1,119.437996
-0.2087470170473666,1,119.463649
-0.19200259520086324,1,119.498898
-0.25482228882126856,1,119.530094
-0.24124514129165803,1,119.557197
-0.2197171184050079,1,119.579525
-0.24124514129165803,1,119.599551
-0.27880263402099836,1,119.623234
-0.21346641285191226,1,119.639008
-0.25482228882126856,1,119.661381
-0.3328164107011781,1,119.675903
-0.26228397365733985,1,119.698557
-0.3328164107011781,1,119.718676
-0.32017608411302473,1,119.738476
-0.3618411141037006,1,119.75719
-0.3700216929688139,1,119.778945
-0.30556888673876903,1,119.79474
-0.25482228882126856,1,119.816389
-0.21346641285191226,1,119.830393
-0.1423214027434267,1,119.855172
-0.19200259520086324,1,119.874472
-0.17486883556678545,1,119.892106
-0.17486883556678545,1,119.910702
-0.26228397365733985,1,119.928646
-0.3761263467686034,1,119.949406
-0.3700216929688139,1,119.975644
-0.24124514129165803,1,119.990482
-0.22189391667851674,1,120.016547
-0.27880263402099836,1,120.036252
-0.4181732123974292,1,120.056866
-0.4991879222741191,1,120.075166
-0.3503066235459914,1,120.097234
-0.4991879222741191,1,120.112209
-0.4181732123974292,1,120.136973
-0.4991879222741191,1,120.152982
-0.5769024273663426,1,120.17582
-0.6886685123154265,1,120.199759
-0.48327519662862173,1,120.216081
-0.44450978634989513,1,120.234668
-0.48327519662862173,1,120.257824
-0.44450978634989513,1,120.27331
-0.4181732123974292,1,120.294762
-0.34034079305913384,1,120.309972
-0.3328164107011781,1,120.332679
-0.3990951520637301,1,120.351348
-0.5104736662305263,1,120.369455
-0.5769024273663426,1,120.389163
-0.3846298891330725,1,120.40769
-0.3761263467686034,1,120.426451
-0.4181732123974292,1,120.450597
-0.34888748945853854,1,120.466748
-0.32017608411302473,1,120.492178
-0.2605833639148348,1,120.517429
-0.3700216929688139,1,120.594485
-0.21346641285191226,1,120.664773
-0.27880263402099836,1,120.732085
-0.27880263402099836,1,120.747435
-0.20209274144619,1,120.770042
-0.4181732123974292,1,120.785165
-0.3503066235459914,1,120.807075
-0.3641364826370643,1,120.82261
-0.3846298891330725,1,120.843483
-0.3641364826370643,1,120.881547
-0.48327519662862173,1,120.922661
-0.6886685123154265,1,120.940738
-0.724859512736774,1,120.965403
-0.6886685123154265,1,120.985596
-0.48327519662862173,1,121.003665
-0.3641364826370643,1,121.024347
-0.48327519662862173,1,121.042334
-0.5461645770677092,1,121.05913
-0.27880263402099836,1,121.084703
-0.3328164107011781,1,121.100184
-0.48327519662862173,1,121.123516
-0.3641364826370643,1,121.143437
-0.3503066235459914,1,121.163424
-0.27880263402099836,1,121.188051
-0.32017608411302473,1,121.218156
-0.3618411141037006,1,121.241308
-0.21346641285191226,1,121.260605
-0.30556888673876903,1,121.279297
-0.21346641285191226,1,121.303087
-0.2605833639148348,1,121.318042
-0.26821374406741066,1,121.340863
-0.30311683097797204,1,121.354653
-0.27880263402099836,1,121.377625
-0.34034079305913384,1,121.393238
-0.21346641285191226,1,121.413566
-0.30556888673876903,1,121.433751
-0.25482228882126856,1,121.45058
-0.2292001824317403,1,121.47048
-0.25482228882126856,1,121.487317
-0.30556888673876903,1,121.506943
-0.25482228882126856,1,121.530114
-0.30556888673876903,1,121.545528
-0.32017608411302473,1,121.567638
-0.34888748945853854,1,121.587763
-0.25482228882126856,1,121.604925
-0.39084631595477565,1,121.626375
-0.2944934971549868,1,121.646055
-0.11076676323201527,1,121.664285
-0.2944934971549868,1,121.688587
-0.26488249354132043,1,121.707872
-0.24124514129165803,1,121.731667
-0.2503179525788748,1,121.751236
-0.2944934971549868,1,121.772583
-0.30556888673876903,1,121.794214
-0.32017608411302473,1,121.817139
-0.21346641285191226,1,121.831904
-0.26821374406741066,1,121.85436
-0.28798272407190045,1,121.870239
-0.32017608411302473,1,121.889858
-0.4181732123974292,1,121.910082
-0.3700216929688139,1,121.928333
-0.39084631595477565,1,121.946436
-0.3700216929688139,1,121.968478
-0.27880263402099836,1,121.9832
-0.3700216929688139,1,122.005708
-0.28798272407190045,1,122.019877
-0.3328164107011781,1,122.043926
-0.3990951520637301,1,122.058059
-0.3328164107011781,1,122.07966
-0.34034079305913384,1,122.100357
-0.5104736662305263,1,122.118979
-0.4181732123974292,1,122.141314
-0.48327519662862173,1,122.164452
-0.44450978634989513,1,122.181857
-0.48327519662862173,1,122.214795
-0.4725907666757357,1,122.236055
-0.3503066235459914,1,122.257188
-0.34034079305913384,1,122.274741
-0.3503066235459914,1,122.297678
-0.3618411141037006,1,122.315783
-0.3503066235459914,1,122.335263
-0.30311683097797204,1,122.354747
-0.26821374406741066,1,122.374246
-0.34034079305913384,1,122.393794
-0.2944934971549868,1,122.415717
-0.24124514129165803,1,122.430175
-0.3503066235459914,1,122.498977
-0.27880263402099836,1,122.558303
-0.16084191632284398,1,122.628581
-0.3328164107011781,1,122.692107
-0.21346641285191226,1,122.768938
-0.32017608411302473,1,122.818156
-0.4181732123974292,1,122.840712
-0.3328164107011781,1,122.860307
-0.27880263402099836,1,122.879529
-0.1423214027434267,1,122.898344
-0.3503066235459914,1,122.917072
-0.3618411141037006,1,122.937254
-0.27880263402099836,1,122.959977
-0.3618411141037006,1,122.975705
-0.4181732123974292,1,122.997019
-0.3328164107011781,1,123.010837
-0.4181732123974292,1,123.031106
-0.3618411141037006,1,123.050137
-0.27880263402099836,1,123.068677
-0.30311683097797204,1,123.087381
-0.26821374406741066,1,123.105229
-0.4181732123974292,1,123.125097
-0.3503066235459914,1,123.147183
-0.3618411141037006,1,123.161519
-0.4649204637460998,1,123.187708
-0.3618411141037006,1,123.209348
-0.3700216929688139,1,123.232532
-0.5104736662305263,1,123.25172
-0.48327519662862173,1,123.276049
-0.3618411141037006,1,123.290834
-0.3503066235459914,1,123.312725
-0.5212472450997204,1,123.328056
-0.6667156712946645,1,123.350888
-0.6667156712946645,1,123.369551
-0.6667156712946645,1,123.389644
-0.5769024273663426,1,123.411001
-0.4181732123974292,1,123.432444
-0.4181732123974292,1,123.4503
-0.3700216929688139,1,123.472034
-0.34888748945853854,1,123.48675
-0.21346641285191226,1,123.508611
-0.17486883556678545,1,123.528299
-0.24124514129165803,1,123.546075
-0.26488249354132043,1,123.565041
-0.25482228882126856,1,123.581031
-0.21346641285191226,1,123.602012
-0.25482228882126856,1,123.624897
-0.32017608411302473,1,123.639458
-0.30311683097797204,1,123.66242
-0.29935207945051723,1,123.677975
-0.25482228882126856,1,123.70137
-0.19200259520086324,1,123.721125
-0.27263876044615276,1,123.738659
-0.19200259520086324,1,123.757062
-0.25482228882126856,1,123.776107
-0.32017608411302473,1,123.791736
-0.2087470170473666,1,123.816942
-0.21346641285191226,1,123.832558
-0.25482228882126856,1,123.855657
-0.19200259520086324,1,123.875532
-0.2944934971549868,1,123.895119
-0.34888748945853854,1,123.915987
-0.3700216929688139,1,123.940354
-0.4556723923847136,1,123.970767
-0.4417077771445261,1,123.991793
-0.39729453640553747,1,124.012707
-0.3700216929688139,1,124.035557
-0.4556723923847136,1,124.050946
-0.3846298891330725,1,124.073493
-0.27880263402099836,1,124.089084
-0.3846298891330725,1,124.112782
-0.4556723923847136,1,124.13187
-0.3846298891330725,1,124.152258
-0.3732807404766037,1,124.171152
-0.30311683097797204,1,124.193731
-0.27880263402099836,1,124.208114
-0.3222071471403125,1,124.231233
-0.4181732123974292,1,124.250461
-0.30311683097797204,1,124.272197
-0.3328164107011781,1,124.305245
-0.3425619128564722,1,124.34007
-0.17486883556678545,1,124.367748
-0.2087470170473666,1,124.389781
-0.19200259520086324,1,124.405038
-0.25482228882126856,1,124.427445
-0.28798272407190045,1,124.445992
-0.25482228882126856,1,124.466078
-0.13917490760149379,1,124.485548
-0.25482228882126856,1,124.509115
-0.2292001824317403,1,124.526854
-0.3700216929688139,1,124.596982
-0.3328164107011781,1,124.678742
-0.21346641285191226,1,124.732392
-0.19200259520086324,1,124.750012
-0.25482228882126856,1,124.77529
-0.2292001824317403,1,124.794866
-0.2087470170473666,1,124.812557
-0.2292001824317403,1,124.831263
-0.2087470170473666,1,124.859334
-0.26488249354132043,1,124.875463
-0.25482228882126856,1,124.898553
-0.3328164107011781,1,124.91399
-0.25482228882126856,1,124.935621
-0.28798272407190045,1,124.954622
-0.32017608411302473,1,124.974391
-0.27880263402099836,1,124.996168
-0.21346641285191226,1,125.017154
-0.24124514129165803,1,125.031779
-0.32017608411302473,1,125.051485
-0.4181732123974292,1,125.068405
-0.3700216929688139,1,125.091044
-0.3761263467686034,1,125.106902
-0.3425619128564722,1,125.128157
-0.24124514129165803,1,125.148264
-0.30311683097797204,1,125.16702
-0.3269334205290107,1,125.185446
-0.3222071471403125,1,125.210717
-0.3503066235459914,1,125.227172
-0.3222071471403125,1,125.252028
-0.3503066235459914,1,125.286798
-0.30311683097797204,1,125.308779
-0.2503179525788748,1,125.325629
-0.25482228882126856,1,125.349754
-0.34888748945853854,1,125.368098
-0.3328164107011781,1,125.386441
-0.3328164107011781,1,125.404781
-0.25482228882126856,1,125.423893
-0.29935207945051723,1,125.446401
-0.17486883556678545,1,125.464757
-0.28580397361039567,1,125.48062
-0.30311683097797204,1,125.504143
-0.2503179525788748,1,125.517876
-0.2087470170473666,1,125.539397
-0.19200259520086324,1,125.560001
-0.2087470170473666,1,125.577762
-0.2503179525788748,1,125.596762
-0.30311683097797204,1,125.613912
-0.24124514129165803,1,125.632261
-0.3641364826370643,1,125.656075
-0.3328164107011781,1,125.671045
-0.3618411141037006,1,125.693572
-0.4591460894878775,1,125.713115
-0.4991879222741191,1,125.732809
-0.3328164107011781,1,125.752797
-0.22189391667851674,1,125.776127
-0.1423214027434267,1,125.793367
-0.3503066235459914,1,125.817142
-0.44450978634989513,1,125.831648
-0.3503066235459914,1,125.854964
-0.4181732123974292,1,125.870047
-0.26821374406741066,1,125.892735
-0.34034079305913384,1,125.912442
-0.3700216929688139,1,125.931792
-0.34034079305913384,1,125.955166
-0.3503066235459914,1,125.975124
-0.4991879222741191,1,125.991504
-0.48327519662862173,1,126.018436
-0.6886685123154265,1,126.033815
-0.6667156712946645,1,126.057785
-0.5461645770677092,1,126.077574
-0.6272137140340468,1,126.096548
-0.3328164107011781,1,126.117424
-0.3503066235459914,1,126.137454
-0.34034079305913384,1,126.157867
-0.4181732123974292,1,126.181142
-0.3618411141037006,1,126.196493
-0.3700216929688139,1,126.220636
-0.3618411141037006,1,126.235884
-0.3503066235459914,1,126.264531
-0.3990951520637301,1,126.301086
-0.3503066235459914,1,126.326677
-0.3990951520637301,1,126.349257
-0.48327519662862173,1,126.366982
-0.30311683097797204,1,126.388701
-0.26821374406741066,1,126.41276
-0.3761263467686034,1,126.429094
-0.2944934971549868,1,126.451814
-0.28798272407190045,1,126.497533
-0.2944934971549868,1,126.59756
-0.28798272407190045,1,126.684375
-0.3328164107011781,1,126.766658
-0.22839139569008726,1,126.827447
-0.3425619128564722,1,126.87508
-0.3328164107011781,1,126.891313
-0.27880263402099836,1,126.916101
-0.19200259520086324,1,126.932481
-0.16084191632284398,1,126.95575
-0.28798272407190045,1,126.9711
-0.21346641285191226,1,126.994502
-0.28798272407190045,1,127.015872
-0.3425619128564722,1,127.034899
-0.28798272407190045,1,127.05551
-0.27880263402099836,1,127.078043
-0.34034079305913384,1,127.095124
-0.4417077771445261,1,127.119156
-0.39729453640553747,1,127.135796
-0.4417077771445261,1,127.159153
-0.21346641285191226,1,127.182899
-0.4181732123974292,1,127.204026
-0.21346641285191226,1,127.22502
-0.2944934971549868,1,127.248082
-0.21346641285191226,1,127.268055
-0.32017608411302473,1,127.294839
-0.2605833639148348,1,127.327222
-0.3700216929688139,1,127.361363
-0.30556888673876903,1,127.38607
-0.32017608411302473,1,127.405969
-0.4556723923847136,1,127.423078
-0.3700216929688139,1,127.446839
-0.34888748945853854,1,127.463403
-0.32017608411302473,1,127.488125
-0.34888748945853854,1,127.506628
-0.4181732123974292,1,127.52615
-0.34888748945853854,1,127.546356
-0.3700216929688139,1,127.566796
-0.34888748945853854,1,127.586601
-0.32017608411302473,1,127.605004
-0.30311683097797204,1,127.623194
-0.3503066235459914,1,127.646409
-0.27880263402099836,1,127.661834
-0.4181732123974292,1,127.684962
-0.34034079305913384,1,127.7141
-0.32017608411302473,1,127.759679
-0.3618411141037006,1,127.800092
-0.26821374406741066,1,127.825609
-0.28798272407190045,1,127.845234
-0.32017608411302473,1,127.861683
-0.30311683097797204,1,127.879777
-0.26821374406741066,1,127.899406
-0.27880263402099836,1,127.914774
-0.32017608411302473,1,127.938897
-0.28798272407190045,1,127.9538
-0.3425619128564722,1,127.977273
-0.2503179525788748,1,127.997078
-0.2087470170473666,1,128.014921
-0.2503179525788748,1,128.033852
-0.21346641285191226,1,128.05221
-0.3150836702518733,1,128.071578
-0.27880263402099836,1,128.092941
-0.3269334205290107,1,128.108382
-0.3846298891330725,1,128.131325
-0.24124514129165803,1,128.148099
-0.25482228882126856,1,128.171536
-0.34888748945853854,1,128.192982
-0.3700216929688139,1,128.212056
-0.30556888673876903,1,128.232025
-0.32017608411302473,1,128.254146
-0.2605833639148348,1,128.268729
-0.21346641285191226,1,128.29177
-0.30556888673876903,1,128.307118
-0.32017608411302473,1,128.329038
-0.24124514129165803,1,128.345373
-0.32017608411302473,1,128.36891
-0.21346641285191226,1,128.390105
-0.26821374406741066,1,128.414478
-0.30311683097797204,1,128.433153
-0.32017608411302473,1,128.4608
-0.30556888673876903,1,128.479533
-0.21346641285191226,1,128.49878
-0.30311683097797204,1,128.517258
-0.27880263402099836,1,128.534851
-0.3641364826370643,1,128.553078
-0.48327519662862173,1,128.576714
-0.3641364826370643,1,128.591683
-0.48327519662862173,1,128.615241
-0.4591460894878775,1,128.663497
-0.48327519662862173,1,128.746972
-0.5212472450997204,1,128.817388
-0.5461645770677092,1,128.840064
-0.3618411141037006,1,128.857065
-0.26821374406741066,1,128.877812
-0.3618411141037006,1,128.898301
-0.5461645770677092,1,128.918873
-0.3618411141037006,1,128.937072
-0.4181732123974292,1,128.960721
-0.27880263402099836,1,128.975895
-0.27880263402099836,1,129.002068
-0.34034079305913384,1,129.021238
-0.4181732123974292,1,129.039893
-0.3328164107011781,1,129.06078
-0.21346641285191226,1,129.078814
-0.28580397361039567,1,129.097309
-0.26228397365733985,1,129.11929
-0.28580397361039567,1,129.137279
-0.2087470170473666,1,129.159739
-0.1432502155441992,1,129.179807
-0.24124514129165803,1,129.19885
-0.2503179525788748,1,129.217998
-0.17486883556678545,1,129.237113
-0.3328164107011781,1,129.256071
-0.3700216929688139,1,129.277653
-0.3328164107011781,1,129.292208
-0.26228397365733985,1,129.314509
-0.3732807404766037,1,129.329143
-0.30311683097797204,1,129.352914
-0.22839139569008726,1,129.3707
-0.27880263402099836,1,129.389384
-0.28798272407190045,1,129.409563
-0.25482228882126856,1,129.444276
-0.26488249354132043,1,129.469781
-0.27263876044615276,1,129.491453
-0.29935207945051723,1,129.513311
-0.25482228882126856,1,129.536247
-0.29935207945051723,1,129.552615
-0.2944934971549868,1,129.574654
-0.3328164107011781,1,129.590129
-0.25482228882126856,1,129.613348
-0.2605833639148348,1,129.634549
-0.25482228882126856,1,129.656937
-0.30556888673876903,1,129.674114
-0.32017608411302473,1,129.695763
-0.34888748945853854,1,129.710783
-0.4181732123974292,1,129.733906
-0.3990951520637301,1,129.748838
-0.3846298891330725,1,129.773539
-0.3990951520637301,1,129.792648
-0.5104736662305263,1,129.812503
-0.5104736662305263,1,129.832835
-0.5104736662305263,1,129.855371
-0.5769024273663426,1,129.872467
-0.6272137140340468,1,129.895883
-0.4991879222741191,1,129.915341
-0.5104736662305263,1,129.937294
-0.4556723923847136,1,129.957473
-0.3700216929688139,1,129.976813
-0.4591460894878775,1,129.993727
-0.5104736662305263,1,130.016525
-0.4591460894878775,1,130.031704
-0.4181732123974292,1,130.055854
-0.4591460894878775,1,130.07478
-0.5769024273663426,1,130.092814
-0.39729453640553747,1,130.111464
-0.4417077771445261,1,130.128754
-0.4181732123974292,1,130.147915
-0.27880263402099836,1,130.167214
-0.3328164107011781,1,130.184911
-0.27880263402099836,1,130.210407
-0.5769024273663426,1,130.225246
-0.48327519662862173,1,130.24736
-0.3328164107011781,1,130.260128
-0.27880263402099836,1,130.286143
-0.3328164107011781,1,130.305919
-0.27880263402099836,1,130.324196
-0.5769024273663426,1,130.343735
-0.27880263402099836,1,130.365216
-0.3990951520637301,1,130.379014
-0.32017608411302473,1,130.400969
-0.28798272407190045,1,130.415735
-0.27880263402099836,1,130.439202
-0.27880263402099836,1,130.462839
-0.3503066235459914,1,130.497205
-0.3641364826370643,1,130.52416
-0.3503066235459914,1,130.557504
-0.3328164107011781,1,130.626834
-0.4181732123974292,1,130.718294
-0.4181732123974292,1,130.801909
-0.48327519662862173,1,130.888776
-0.44450978634989513,1,130.9401
-0.3503066235459914,1,130.957937
-0.30311683097797204,1,130.97667
-0.27880263402099836,1,130.993538
-0.30311683097797204,1,131.01409
-0.3503066235459914,1,131.033271
-0.27880263402099836,1,131.048519
-0.27880263402099836,1,131.069457
-0.3990951520637301,1,131.08411
-0.32017608411302473,1,131.106338
-0.28798272407190045,1,131.120718
-0.3700216929688139,1,131.142411
-0.30311683097797204,1,131.15997
-0.4181732123974292,1,131.186103
-0.34034079305913384,1,131.20733
-0.3846298891330725,1,131.245893
-0.3269334205290107,1,131.265476
-0.3846298891330725,1,131.284525
-0.3990951520637301,1,131.303801
-0.3846298891330725,1,131.32741
-0.3990951520637301,1,131.343667
-0.3846298891330725,1,131.36705
-0.28798272407190045,1,131.381715
-0.3328164107011781,1,131.403364
-0.4556723923847136,1,131.422463
-0.32017608411302473,1,131.445071
-0.27880263402099836,1,131.465616
-0.27880263402099836,1,131.507559
-0.28798272407190045,1,131.529199
-0.3328164107011781,1,131.561132
-0.28798272407190045,1,131.585786
-0.3846298891330725,1,131.605974
-0.3761263467686034,1,131.624011
-0.32017608411302473,1,131.646464
-0.30556888673876903,1,131.66307
-0.25482228882126856,1,131.68689
-0.24124514129165803,1,131.701919
-0.43468239667883474,1,131.723503
-0.24124514129165803,1,131.743701
-0.22189391667851674,1,131.762211
-0.27880263402099836,1,131.783182
-0.5769024273663426,1,131.805554
-0.27880263402099836,1,131.821344
-0.27880263402099836,1,131.84509
-0.3328164107011781,1,131.860644
-0.2944934971549868,1,131.881621
-0.27880263402099836,1,131.902831
-0.32017608411302473,1,131.922616
-0.4181732123974292,1,131.941329
-0.3700216929688139,1,131.967555
-0.3990951520637301,1,131.985291
-0.3700216929688139,1,132.007915
-0.2605833639148348,1,132.027413
-0.32017608411302473,1,132.046959
-0.27880263402099836,1,132.068437
-0.3846298891330725,1,132.093297
-0.3328164107011781,1,132.108852
-0.25482228882126856,1,132.132298
-0.19200259520086324,1,132.1485
-0.27263876044615276,1,132.175286
-0.29935207945051723,1,132.19482
-0.2944934971549868,1,132.216315
-0.34888748945853854,1,132.231536
-0.3700216929688139,1,132.25614
-0.3990951520637301,1,132.270306
-0.4181732123974292,1,132.291582
-0.4181732123974292,1,132.306662
-0.3503066235459914,1,132.330607
-0.3990951520637301,1,132.35016
-0.3846298891330725,1,132.368797
-0.28798272407190045,1,132.389959
-0.2944934971549868,1,132.410375
-0.24124514129165803,1,132.42588
-0.2944934971549868,1,132.448824
-0.24124514129165803,1,132.464038
-0.2944934971549868,1,132.487133
-0.21346641285191226,1,132.502331
-0.30311683097797204,1,132.525295
-0.21346641285191226,1,132.569865
-0.2944934971549868,1,132.604811
-0.28798272407190045,1,132.620725
-0.27880263402099836,1,132.646396
-0.28798272407190045,1,132.709943
-0.25482228882126856,1,132.803027
-0.28798272407190045,1,132.852989
-0.30311683097797204,1,132.87542
-0.3328164107011781,1,132.894856
-0.21346641285191226,1,132.912405
-0.1423214027434267,1,132.930372
-0.4417077771445261,1,132.950143
-0.5769024273663426,1,132.972215
-0.27880263402099836,1,132.995614
-0.21346641285191226,1,133.01229
-0.21346641285191226,1,133.035716
-0.34034079305913384,1,133.054925
-0.27880263402099836,1,133.078346
-0.5188955103155143,1,133.096277
-0.5769024273663426,1,133.120767
-0.5188955103155143,1,133.136444
-0.3846298891330725,1,133.15872
-0.5188955103155143,1,133.17525
-0.3846298891330725,1,133.19942
-0.3328164107011781,1,133.218606
-0.27880263402099836,1,133.239686
-0.3328164107011781,1,133.257728
-0.16084191632284398,1,133.280678
-0.3328164107011781,1,133.296349
-0.3700216929688139,1,133.319472
-0.3328164107011781,1,133.33916
-0.16084191632284398,1,133.359816
-0.3328164107011781,1,133.379512
-0.3808566370712875,1,133.398851
-0.3269334205290107,1,133.41642
-0.30311683097797204,1,133.440166
-0.3269334205290107,1,133.460042
-0.2197171184050079,1,133.484767
-0.2503179525788748,1,133.505888
-0.25482228882126856,1,133.528011
-0.24124514129165803,1,133.545254
-0.21346641285191226,1,133.57943
-0.21346641285191226,1,133.605913
-0.25482228882126856,1,133.629171
-0.2605833639148348,1,133.644892
-0.2944934971549868,1,133.668045
-0.21346641285191226,1,133.683051
-0.17486883556678545,1,133.706484
-0.2292001824317403,1,133.727043
-0.3328164107011781,1,133.74605
-0.21346641285191226,1,133.765676
-0.25482228882126856,1,133.788784
-0.30556888673876903,1,133.807484
-0.25482228882126856,1,133.835664
-0.30556888673876903,1,133.855394
-0.16989401335231497,1,133.873776
-0.16344145949650912,1,133.893498
-0.25482228882126856,1,133.91549
-0.28798272407190045,1,133.929666
-0.25482228882126856,1,133.952466
-0.3761263467686034,1,133.968321
-0.4181732123974292,1,133.992386
-0.4725907666757357,1,134.011993
-0.4181732123974292,1,134.030616
-0.3618411141037006,1,134.050409
-0.4181732123974292,1,134.068469
-0.4181732123974292,1,134.087962
-0.3503066235459914,1,134.109239
-0.3641364826370643,1,134.124121
-0.3503066235459914,1,134.148488
-0.4556723923847136,1,134.172647
-0.26821374406741066,1,134.193649
-0.4556723923847136,1,134.214772
-0.4181732123974292,1,134.241446
-0.4556723923847136,1,134.281412
-0.4181732123974292,1,134.306142
-0.4556723923847136,1,134.321505
-0.4181732123974292,1,134.345536
-0.27880263402099836,1,134.365459
-0.22189391667851674,1,134.383746
-0.3328164107011781,1,134.404777
-0.25482228882126856,1,134.423416
-0.19200259520086324,1,134.444066
-0.30311683097797204,1,134.46785
-0.19200259520086324,1,134.484401
-0.26821374406741066,1,134.509534
-0.1423214027434267,1,134.526748
-0.32017608411302473,1,134.547737
-0.4181732123974292,1,134.568459
-0.48327519662862173,1,134.618718
-0.3990951520637301,1,134.717174
-0.32017608411302473,1,134.813871
-0.24124514129165803,1,134.884734
-0.32017608411302473,1,134.96956
-0.3618411141037006,1,135.002472
-0.15473316000550416,1,135.028912
-0.3618411141037006,1,135.044126
-0.32017608411302473,1,135.067435
-0.3618411141037006,1,135.084633
-0.27880263402099836,1,135.105932
-0.24124514129165803,1,135.120547
-0.15473316000550416,1,135.146928
-0.24124514129165803,1,135.168063
-0.15473316000550416,1,135.191791
-0.24124514129165803,1,135.210588
-0.21346641285191226,1,135.232802
-0.30556888673876903,1,135.250697
-0.32017608411302473,1,135.273538
-0.24124514129165803,1,135.29221
-0.27880263402099836,1,135.314223
-0.1423214027434267,1,135.336739
-0.27880263402099836,1,135.358635
-0.39729453640553747,1,135.376341
-0.3700216929688139,1,135.404942
-0.3328164107011781,1,135.420589
-0.4181732123974292,1,135.444459
-0.5461645770677092,1,135.464028
-0.5769024273663426,1,135.483457
-0.5461645770677092,1,135.506043
-0.48327519662862173,1,135.527478
-0.4991879222741191,1,135.545126
-0.3503066235459914,1,136.844187
-0.44450978634989513,1,136.861392
-0.27880263402099836,1,136.884798
-0.4181732123974292,1,136.904994
-0.2944934971549868,1,136.925078
-0.3990951520637301,1,136.945195
-0.3328164107011781,1,136.9789
-0.28798272407190045,1,136.99708
-0.32017608411302473,1,137.019886
-0.39084631595477565,1,137.038805
-0.3700216929688139,1,137.057149
-0.30556888673876903,1,137.076317
-0.25482228882126856,1,137.099537
-0.28798272407190045,1,137.115884
-0.2197171184050079,1,137.139146
-0.22839139569008726,1,137.155511
-0.30311683097797204,1,137.177414
-0.16084191632284398,1,137.195874
-0.30311683097797204,1,137.219768
-0.2503179525788748,1,137.23964
-0.17486883556678545,1,137.262866
-0.2503179525788748,1,137.277356
-0.27880263402099836,1,137.300667
-0.21346641285191226,1,137.315216
-0.26228397365733985,1,137.338296
-0.27880263402099836,1,137.356149
-0.3328164107011781,1,137.374085
-0.27880263402099836,1,137.393165
-0.3328164107011781,1,137.411181
-0.27880263402099836,1,137.429835
-0.3618411141037006,1,137.454085
-0.3846298891330725,1,137.470393
-0.27880263402099836,1,137.493541
-0.3269334205290107,1,137.512304
-0.26228397365733985,1,137.531206
-0.28580397361039567,1,137.55117
-0.26228397365733985,1,137.569098
-0.24124514129165803,1,137.58905
-0.27880263402099836,1,137.611803
-0.27880263402099836,1,137.628237
-0.3222071471403125,1,137.651406
-0.31832675137888183,1,137.6727
-0.3085712544956916,1,137.691081
-0.27880263402099836,1,137.710874
-0.3085712544956916,1,137.729177
-0.4181732123974292,1,137.747251
-0.4181732123974292,1,137.77127
-0.49036408562911643,1,137.787749
-0.4181732123974292,1,137.813411
-0.3846298891330725,1,137.833887
-0.4181732123974292,1,137.866745
-0.3732807404766037,1,137.883071
-0.26228397365733985,1,137.907159
-0.16084191632284398,1,137.93085
-0.26228397365733985,1,137.990682
-0.2503179525788748,1,138.087508
-0.26228397365733985,1,138.170875
-0.2503179525788748,1,138.236582
-0.25482228882126856,1,138.319157
-0.30556888673876903,1,138.38414
-0.3328164107011781,1,138.412565
-0.2292001824317403,1,138.426813
-0.21346641285191226,1,138.453831
-0.26488249354132043,1,138.474736
-0.21346641285191226,1,138.494421
-0.2292001824317403,1,138.511274
-0.27263876044615276,1,138.531307
-0.28580397361039567,1,138.547668
-0.246699261421291,1,138.571502
-0.19200259520086324,1,138.587584
-0.246699261421291,1,138.609796
-0.2503179525788748,1,138.630175
-0.2197171184050079,1,138.647886
-0.17486883556678545,1,138.666667
-0.17882230642635902,1,138.684475
-0.17486883556678545,1,138.703578
-0.26228397365733985,1,138.724178
-0.24124514129165803,1,138.739572
-0.26821374406741066,1,138.76169
-0.19200259520086324,1,138.777015
-0.32017608411302473,1,138.801721
-0.3618411141037006,1,138.822612
-0.3503066235459914,1,138.841132
-0.24124514129165803,1,138.859364
-0.21346641285191226,1,138.882946
-0.2605833639148348,1,138.899715
-0.25482228882126856,1,138.933879
-0.19200259520086324,1,138.95926
-0.21346641285191226,1,138.995716
-0.24124514129165803,1,139.041609
-0.26821374406741066,1,139.067638
-0.2605833639148348,1,139.087447
-0.16989401335231497,1,139.109689
-0.28798272407190045,1,139.123415
-0.26228397365733985,1,139.144583
-0.3761263467686034,1,139.160206
-0.3700216929688139,1,139.18349
-0.28798272407190045,1,139.203285
-0.26228397365733985,1,139.221792
-0.28798272407190045,1,139.242489
-0.2944934971549868,1,139.265215
-0.28798272407190045,1,139.280806
-0.21346641285191226,1,139.312965
-0.30556888673876903,1,139.335842
-0.2944934971549868,1,139.35973
-0.30556888673876903,1,139.375237
-0.2944934971549868,1,139.399416
-0.28798272407190045,1,139.41451
-0.21346641285191226,1,139.438041
-0.28798272407190045,1,139.458975
-0.21346641285191226,1,139.478644
-0.21346641285191226,1,139.500733
-0.24124514129165803,1,139.522998
-0.19200259520086324,1,139.540554
-0.24124514129165803,1,139.564051
-0.13388906162637307,1,139.587719
-0.24124514129165803,1,139.610223
-0.2292001824317403,1,139.628178
-0.27263876044615276,1,139.65472
-0.2292001824317403,1,139.671269
-0.3328164107011781,1,139.692298
-0.30556888673876903,1,139.719256
-0.3700216929688139,1,139.745617
-0.3990951520637301,1,139.767264
-0.4181732123974292,1,139.792741
-0.3618411141037006,1,139.812837
-0.32017608411302473,1,139.836078
-0.21346641285191226,1,139.856287
-0.2944934971549868,1,139.902734
-0.30556888673876903,1,139.926306
-0.2944934971549868,1,139.946268
-0.30556888673876903,1,139.965965
-0.3328164107011781,1,139.987482
-0.24124514129165803,1,140.008969
-0.3700216929688139,1,140.034777
-0.3328164107011781,1,140.056255
-0.3700216929688139,1,140.083527
-0.24124514129165803,1,140.12462
-0.21346641285191226,1,140.217974
-0.2292001824317403,1,140.30475
-0.25482228882126856,1,140.425686
-0.2605833639148348,1,140.495119
-0.32017608411302473,1,140.518518
-0.3618411141037006,1,140.537055
-0.32017608411302473,1,140.563474
-0.28798272407190045,1,140.600859
-0.16989401335231497,1,140.667726
-0.30556888673876903,1,140.688673
-0.21346641285191226,1,140.722051
-0.2503179525788748,1,140.777733
-0.30311683097797204,1,140.812774
-0.2503179525788748,1,140.840622
-0.30311683097797204,1,140.879036
-0.3150836702518733,1,140.904243
-0.3641364826370643,1,140.935939
-0.27880263402099836,1,140.95875
-0.3641364826370643,1,140.977422
-0.27880263402099836,1,140.996146
-0.3641364826370643,1,141.028696
-0.3269334205290107,1,141.080827
-0.4181732123974292,1,141.103083
-0.49036408562911643,1,141.122814
-0.4181732123974292,1,141.147379
-0.49036408562911643,1,141.16445
-0.4991879222741191,1,141.18727
-0.5104736662305263,1,141.207974
-0.4991879222741191,1,141.243606
-0.4591460894878775,1,141.28799
-0.22189391667851674,1,141.312023
-0.24124514129165803,1,141.326408
-0.22189391667851674,1,141.349206
-0.1423214027434267,1,141.368902
-0.26821374406741066,1,141.389383
-0.28798272407190045,1,141.411258
-0.3328164107011781,1,141.434577
-0.27880263402099836,1,141.465722
-0.22189391667851674,1,141.486137
-0.27880263402099836,1,141.505819
-0.26228397365733985,1,141.569732
-0.21346641285191226,1,141.643058
-0.16989401335231497,1,141.667294
-0.3328164107011781,1,141.686699
-0.30311683097797204,1,141.751514
-0.21346641285191226,1,141.804804
-0.30311683097797204,1,141.831624
-0.2503179525788748,1,141.858211
-0.27263876044615276,1,141.8944
-0.2503179525788748,1,141.920129
-0.2944934971549868,1,141.944597
-0.2605833639148348,1,141.962184
-0.16989401335231497,1,141.988506
-0.2292001824317403,1,142.008736
-0.3328164107011781,1,142.029406
-0.2292001824317403,1,142.04812
-0.3328164107011781,1,142.07282
-0.30556888673876903,1,142.092699
-0.3700216929688139,1,142.115675
-0.4181732123974292,1,142.135079
-0.48327519662862173,1,142.162758
-0.4181732123974292,1,142.180478
-0.48327519662862173,1,142.204568
-0.34034079305913384,1,142.285503
-0.22189391667851674,1,142.399025
-0.3328164107011781,1,142.420121
-0.4417077771445261,1,142.44092
-0.4181732123974292,1,142.461051
-0.3503066235459914,1,142.484879
-0.44450978634989513,1,142.501087
-0.4181732123974292,1,142.525273
-0.30311683097797204,1,142.546091
-0.32017608411302473,1,142.566654
-0.3618411141037006,1,142.586254
-0.32017608411302473,1,142.61181
-0.34034079305913384,1,142.631907
-0.27880263402099836,1,142.66435
-0.3618411141037006,1,142.690934
-0.5461645770677092,1,142.722522
-0.3618411141037006,1,142.763099
-0.4181732123974292,1,142.811158
-0.3618411141037006,1,142.834659
-0.4181732123974292,1,142.854136
-0.4181732123974292,1,142.908552
-0.4181732123974292,1,142.938436
-0.3618411141037006,1,142.96794
-0.32017608411302473,1,142.991443
-0.30556888673876903,1,143.010045
-0.3700216929688139,1,143.03353
-0.30556888673876903,1,143.056908
-0.2944934971549868,1,143.076457
-0.19200259520086324,1,143.120273
-0.2087470170473666,1,143.152276
-0.26488249354132043,1,143.173609
-0.21346641285191226,1,143.197592
-0.21346641285191226,1,143.217672
-0.25482228882126856,1,143.236754
-0.28798272407190045,1,143.266513
-0.3328164107011781,1,143.293967
-0.34034079305913384,1,143.314954
-0.32017608411302473,1,143.337336
-0.2605833639148348,1,143.354094
-0.25482228882126856,1,143.383429
-0.28798272407190045,1,143.407553
-0.27880263402099836,1,143.430898
-0.28798272407190045,1,143.449368
-0.25482228882126856,1,143.474796
-0.2605833639148348,1,143.490628
-0.3700216929688139,1,143.515725
-0.28798272407190045,1,143.536687
-0.21346641285191226,1,143.558268
-0.13388906162637307,1,143.58261
-0.2087470170473666,1,143.613222
-0.23412679961170973,1,143.636023
-0.17486883556678545,1,143.65972
-0.12801113914966125,1,143.713399
-0.2057292910833318,1,143.77113
-0.18204011716460758,1,143.802949
-0.11868572740633096,1,143.831347
-0.19200259520086324,1,143.860258
-0.17486883556678545,1,143.897577
-0.26228397365733985,1,143.92753
-0.2087470170473666,1,143.954156
-0.28580397361039567,1,143.975541
-0.3328164107011781,1,144.000257
-0.29935207945051723,1,144.025875
-0.25482228882126856,1,144.054071
-0.28798272407190045,1,144.082174
-0.2944934971549868,1,144.120336
-0.34888748945853854,1,144.189574
-0.4181732123974292,1,144.279932
-0.34888748945853854,1,144.391792
-0.2944934971549868,1,144.493162
-0.29935207945051723,1,144.549938
-0.27263876044615276,1,144.57478
-0.28580397361039567,1,144.597552
-0.3425619128564722,1,144.627274
-0.28580397361039567,1,144.647329
-0.3700216929688139,1,144.678582
-0.26488249354132043,1,144.700957
-0.27263876044615276,1,144.726844
-0.2503179525788748,1,144.744473
-0.2944934971549868,1,144.770955
-0.26488249354132043,1,144.793007
-0.25482228882126856,1,144.812099
-0.2503179525788748,1,144.837577
-0.21346641285191226,1,144.862857
-0.26488249354132043,1,144.88696
-0.25482228882126856,1,144.909466
-0.2503179525788748,1,144.933292
-0.16989401335231497,1,144.960804
-0.26488249354132043,1,144.979407
-0.16989401335231497,1,145.004182
-0.26488249354132043,1,145.029848
-0.13917490760149379,1,145.051655
-0.28580397361039567,1,145.069875
-0.1423214027434267,1,145.092268
-0.27880263402099836,1,145.119452
-0.246699261421291,1,145.140427
-0.2503179525788748,1,145.157149
-0.2944934971549868,1,145.181957
-0.24124514129165803,1,145.196939
-0.2944934971549868,1,145.223727
-0.28798272407190045,1,145.251184
-0.32017608411302473,1,145.274376
-0.28798272407190045,1,145.290116
-0.3425619128564722,1,145.313874
-0.2503179525788748,1,145.331685
-0.26228397365733985,1,145.352531
-0.28798272407190045,1,145.371386
-0.3328164107011781,1,145.390911
-0.3990951520637301,1,145.410653
-0.3700216929688139,1,145.435583
-0.5104736662305263,1,145.453663
-0.3700216929688139,1,145.475538
-0.4181732123974292,1,145.495027
-0.4181732123974292,1,145.513186
-0.44450978634989513,1,145.531523
-0.48327519662862173,1,145.551494
-0.3328164107011781,1,145.5683
-0.2944934971549868,1,145.589994
-0.4556723923847136,1,145.605203
-0.3328164107011781,1,145.63007
-0.3328164107011781,1,145.645133
-0.27880263402099836,1,145.667272
-0.4556723923847136,1,145.686557
-0.26821374406741066,1,145.704319
-0.4556723923847136,1,145.724535
-0.4181732123974292,1,145.782107
-0.4181732123974292,1,145.806398
-0.4181732123974292,1,145.849414
-0.4181732123974292,1,145.866173
-0.4181732123974292,1,145.888166
-0.3641364826370643,1,145.907382
-0.3846298891330725,1,145.927758
-0.44450978634989513,1,145.946935
-0.3503066235459914,1,145.96784
-0.30311683097797204,1,145.98245
-0.32017608411302473,1,146.005166
-0.30311683097797204,1,146.020346
-0.3700216929688139,1,146.043055
-0.16344145949650912,1,146.058403
-0.32017608411302473,1,146.084279
-0.19200259520086324,1,146.104961
-0.32017608411302473,1,146.130434
-0.19200259520086324,1,146.176174
-0.25482228882126856,1,146.214965
-0.2292001824317403,1,146.240322
-0.21346641285191226,1,146.263065
-0.21346641285191226,1,146.31895
-0.25482228882126856,1,146.398262
-0.21346641285191226,1,146.473446
-0.21346641285191226,1,146.568577
-0.21346641285191226,1,146.641387
-0.32017608411302473,1,146.673557
-0.3618411141037006,1,146.691849
-0.4181732123974292,1,146.737351
-0.27880263402099836,1,146.79012
-0.3846298891330725,1,146.83274
-0.44450978634989513,1,146.849141
-0.4181732123974292,1,146.876414
-0.3328164107011781,1,146.899081
-0.27880263402099836,1,146.918262
-0.3328164107011781,1,146.937944
-0.17486883556678545,1,146.95932
-0.4181732123974292,1,146.974335
-0.21346641285191226,1,146.997424
-0.4181732123974292,1,147.019422
-0.27880263402099836,1,147.039382
-0.30311683097797204,1,147.062954
-0.32017608411302473,1,147.085236
-0.34888748945853854,1,147.101162
-0.32017608411302473,1,147.124577
-0.24124514129165803,1,147.138485
-0.32017608411302473,1,147.16111
-0.24124514129165803,1,147.180254
-0.123149291735454,1,147.20201
-0.19200259520086324,1,147.222413
-0.3328164107011781,1,147.243553
-0.2605833639148348,1,147.258558
-0.25482228882126856,1,147.282574
-0.3328164107011781,1,147.30933
-0.2944934971549868,1,147.33574
-0.2292001824317403,1,147.35326
-0.25482228882126856,1,147.375871
-0.26488249354132043,1,147.391403
-0.25482228882126856,1,147.414491
-0.3328164107011781,1,147.434617
-0.3328164107011781,1,147.454677
-0.3990951520637301,1,147.475457
-0.3328164107011781,1,147.495863
-0.27880263402099836,1,147.512248
-0.27880263402099836,1,147.540559
-0.16084191632284398,1,147.559973
-0.2197171184050079,1,147.579653
-0.27880263402099836,1,147.598635
-0.3328164107011781,1,147.619177
-0.3328164107011781,1,147.635305
-0.25482228882126856,1,147.661008
-0.2503179525788748,1,147.676625
-0.21346641285191226,1,147.699048
-0.2503179525788748,1,147.718424
-0.26228397365733985,1,147.738051
-0.17486883556678545,1,147.757085
-0.24124514129165803,1,147.776853
-0.20505712493185568,1,147.794829
-0.27263876044615276,1,147.817834
-0.2503179525788748,1,147.832596
-0.3808566370712875,1,147.855931
-0.21346641285191226,1,147.872785
-0.3425619128564722,1,147.892845
-0.3328164107011781,1,147.911148
-0.3328164107011781,1,147.929096
-0.28798272407190045,1,147.949608
-0.3328164107011781,1,147.972197
-0.28798272407190045,1,147.987427
-0.32017608411302473,1,148.009912
-0.3761263467686034,1,148.024415
-0.3425619128564722,1,148.046392
-0.17486883556678545,1,148.060564
-0.16989401335231497,1,148.082136
-0.2292001824317403,1,148.101631
-0.2087470170473666,1,148.133158
-0.17486883556678545,1,148.151416
-0.20209274144619,1,148.180238
-0.25076932977743915,1,148.201619
-0.17486883556678545,1,148.228039
-0.16084191632284398,1,148.253819
-0.20209274144619,1,148.286736
-0.17486883556678545,1,148.303762
-0.24124514129165803,1,148.328566
-0.26228397365733985,1,148.345102
-0.17486883556678545,1,148.37322
-0.25076932977743915,1,148.462273
-0.20209274144619,1,148.558051
-0.17486883556678545,1,148.630371
-0.24124514129165803,1,148.729465
-0.19200259520086324,1,148.772347
-0.16989401335231497,1,148.79509
-0.21346641285191226,1,148.810882
-0.3425619128564722,1,148.83277
-0.21346641285191226,1,148.848195
-0.3425619128564722,1,148.870318
-0.27880263402099836,1,148.88613
-0.17882230642635902,1,148.908227
-0.24124514129165803,1,148.927146
-0.3425619128564722,1,148.946024
-0.3150836702518733,1,148.965331
-0.18588208530003056,1,148.98947
-0.3150836702518733,1,149.006225
-0.26228397365733985,1,149.027979
-0.28580397361039567,1,149.045419
-0.21346641285191226,1,149.069185
-0.19200259520086324,1,149.088745
-0.27263876044615276,1,149.113229
-0.19200259520086324,1,149.129018
-0.21346641285191226,1,149.153913
-0.19200259520086324,1,149.171057
-0.24124514129165803,1,149.192719
-0.21346641285191226,1,149.214631
-0.24124514129165803,1,149.233037
-0.20505712493185568,1,149.252303
-0.17486883556678545,1,149.274976
-0.23412679961170973,1,149.291876
-0.27263876044615276,1,149.315116
-0.2503179525788748,1,149.331057
-0.21346641285191226,1,149.360233
-0.2503179525788748,1,149.379555
-0.24124514129165803,1,149.401969
-0.29935207945051723,1,149.417441
-0.2944934971549868,1,149.439255
-0.28580397361039567,1,149.455884
-0.3425619128564722,1,149.47882
-0.28798272407190045,1,149.497848
-0.3700216929688139,1,149.516753
-0.3618411141037006,1,149.535726
-0.48327519662862173,1,149.554641
-0.4181732123974292,1,149.573463
-0.48327519662862173,1,149.599872
-0.5769024273663426,1,149.619966
-0.4417077771445261,1,149.642752
-0.4556723923847136,1,149.662677
-0.32017608411302473,1,149.687146
-0.4725907666757357,1,149.701795
-0.32017608411302473,1,149.729253
-0.2605833639148348,1,149.74926
-0.21346641285191226,1,149.771397
-0.17486883556678545,1,149.794823
-0.2087470170473666,1,149.819335
-0.2292001824317403,1,149.835371
-0.2944934971549868,1,149.860793
-0.34888748945853854,1,149.879796
-0.2944934971549868,1,149.896622
-0.30556888673876903,1,149.91508
-0.21346641285191226,1,149.940632
-0.28798272407190045,1,149.964214
-0.27880263402099836,1,149.991519
-0.3328164107011781,1,150.014569
-0.26228397365733985,1,150.040194
-0.28798272407190045,1,150.061663
-0.25482228882126856,1,150.089926
-0.21346641285191226,1,150.117484
-0.2087470170473666,1,150.147028
-0.23412679961170973,1,150.167912
-0.17486883556678545,1,150.188472
-0.27880263402099836,1,150.20559
-0.24124514129165803,1,150.235088
-0.28580397361039567,1,150.25305
-0.21346641285191226,1,150.276871
-0.24372822003731331,1,150.298596
-0.17801550573404193,1,150.323787
-0.14912483369034585,1,150.340509
-0.25849229716561606,1,150.365129
-0.1947678600832369,1,150.395103
-0.23355491567643297,1,150.417436
-0.27880263402099836,1,150.434183
-0.3425619128564722,1,150.457442
-0.21346641285191226,1,150.536163
-0.25482228882126856,1,150.628049
-0.21346641285191226,1,150.719558
-0.17486883556678545,1,150.805358
-0.2503179525788748,1,150.855267
-0.25482228882126856,1,150.885458
-0.19200259520086324,1,150.91025
-0.25482228882126856,1,150.935707
-0.26488249354132043,1,150.959954
-0.2944934971549868,1,150.979203
-0.30556888673876903,1,151.000831
-0.3700216929688139,1,151.034528
-0.28798272407190045,1,151.05477
-0.3700216929688139,1,151.074019
-0.34034079305913384,1,151.096107
-0.4417077771445261,1,151.119956
-0.5104736662305263,1,151.135304
-0.4417077771445261,1,151.158398
-0.4556723923847136,1,151.173819
-0.4417077771445261,1,151.197694
-0.4181732123974292,1,151.218114
-0.4181732123974292,1,151.240709
-0.3618411141037006,1,151.259417
-0.26821374406741066,1,151.281886
-0.24124514129165803,1,151.298283
-0.21346641285191226,1,151.322063
-0.30556888673876903,1,151.343132
-0.2944934971549868,1,151.366461
-0.34888748945853854,1,151.392759
-0.32017608411302473,1,151.418541
-0.3618411141037006,1,151.434909
-0.32017608411302473,1,151.45926
-0.4556723923847136,1,151.47708
-0.3846298891330725,1,151.50299
-0.3732807404766037,1,151.523947
-0.3618411141037006,1,151.54202
-0.4591460894878775,1,151.560387
-0.43468239667883474,1,151.586202
-0.4556723923847136,1,151.60603
-0.32017608411302473,1,151.63268
-0.30556888673876903,1,151.65678
-0.3700216929688139,1,151.68306
-0.21346641285191226,1,151.704945
-0.25482228882126856,1,151.734252
-0.24124514129165803,1,151.757841
-0.3700216929688139,1,151.782715
-0.34034079305913384,1,151.79911
-0.27880263402099836,1,151.822834
-0.27880263402099836,1,151.858492
-0.3328164107011781,1,151.892901
-0.27880263402099836,1,151.924008
-0.27880263402099836,1,151.944252
-0.27880263402099836,1,151.962401
-0.27880263402099836,1,151.988288
-0.3269334205290107,1,152.006772
-0.27880263402099836,1,152.032032
-0.27880263402099836,1,152.056517
-0.4725907666757357,1,152.077664
-0.5188955103155143,1,152.096093
-0.43468239667883474,1,152.122854
-0.5188955103155143,1,152.143797
-0.4417077771445261,1,152.16484
-0.27880263402099836,1,152.185686
-0.27880263402099836,1,152.206513
-0.3269334205290107,1,152.230862
-0.2197171184050079,1,152.25304
-0.17486883556678545,1,152.268788
-0.25482228882126856,1,152.293241
-0.21346641285191226,1,152.315768
-0.26228397365733985,1,152.340118
-0.24124514129165803,1,152.361447
-0.32017608411302473,1,152.387476
-0.28798272407190045,1,152.404991
-0.32017608411302473,1,152.436235
-0.30556888673876903,1,152.46261
-0.32017608411302473,1,152.489374
-0.28798272407190045,1,152.511534
-0.2944934971549868,1,152.532133
-0.26488249354132043,1,152.555607
-0.2944934971549868,1,152.581818
-0.30556888673876903,1,152.6004
-0.2944934971549868,1,152.641379
-0.21346641285191226,1,152.731475
-0.2944934971549868,1,152.83494
-0.21346641285191226,1,152.924973
-0.123149291735454,1,153.013492
-0.21346641285191226,1,153.040315
-0.2944934971549868,1,153.06679
-0.24124514129165803,1,153.088807
-0.2944934971549868,1,153.115479
-0.39084631595477565,1,153.139541
-0.4649204637460998,1,153.162185
-0.3328164107011781,1,153.186365
-0.32017608411302473,1,153.20989
-0.34034079305913384,1,153.235857
-0.3700216929688139,1,153.255506
-0.4181732123974292,1,153.278281
-0.3328164107011781,1,153.303103
-0.4591460894878775,1,153.321958
-0.3328164107011781,1,153.34381
-0.3732807404766037,1,153.364909
-0.3425619128564722,1,153.383004
-0.28580397361039567,1,153.404133
-0.3328164107011781,1,153.428483
-0.32017608411302473,1,153.447098
-0.3328164107011781,1,153.470878
-0.2292001824317403,1,153.491183
-0.2087470170473666,1,153.52072
-0.28580397361039567,1,153.543501
-0.25482228882126856,1,153.565928
-0.29935207945051723,1,153.585402
-0.30311683097797204,1,153.60402
-0.17486883556678545,1,153.626603
-0.24124514129165803,1,153.649714
-0.26488249354132043,1,153.669703
-0.27263876044615276,1,153.693268
-0.19200259520086324,1,153.713871
-0.13917490760149379,1,153.734415
-0.20505712493185568,1,153.753282
-0.13917490760149379,1,153.776827
-0.2503179525788748,1,153.792348
-0.21346641285191226,1,153.814884
-0.24124514129165803,1,153.829309
-0.2197171184050079,1,153.853021
-0.3732807404766037,1,153.873618
-0.30311683097797204,1,153.896629
-0.2503179525788748,1,153.913267
-0.26228397365733985,1,153.937452
-0.32017608411302473,1,153.954242
-0.2087470170473666,1,153.978807
-0.2292001824317403,1,154.002272
-0.25482228882126856,1,154.028372
-0.3328164107011781,1,154.045892
-0.21346641285191226,1,154.069231
-0.34034079305913384,1,154.09114
-0.4181732123974292,1,154.110294
-0.4181732123974292,1,154.131296
-0.4181732123974292,1,154.151467
-0.3618411141037006,1,154.16742
-0.32017608411302473,1,154.192963
-0.3618411141037006,1,154.20802
-0.4181732123974292,1,154.233084
-0.44450978634989513,1,154.254054
-0.48327519662862173,1,154.273728
-0.4991879222741191,1,154.303953
-0.48327519662862173,1,154.327925
-0.3618411141037006,1,154.356339
-0.26821374406741066,1,154.384687
-0.34034079305913384,1,154.410663
-0.32017608411302473,1,154.439506
-0.3990951520637301,1,154.462839
-0.3328164107011781,1,154.489316
-0.24124514129165803,1,154.513183
-0.2944934971549868,1,154.54158
-0.32017608411302473,1,154.563441
-0.3328164107011781,1,154.58353
-0.26488249354132043,1,154.603365
-0.2087470170473666,1,154.621413
-0.20505712493185568,1,154.640783
-0.2087470170473666,1,154.665842
-0.20505712493185568,1,154.682222
-0.17486883556678545,1,154.70499
-0.2292001824317403,1,154.723992
-0.21346641285191226,1,154.774339
-0.26488249354132043,1,154.857344
-0.3328164107011781,1,154.958008
-0.26488249354132043,1,155.031332
-0.25482228882126856,1,155.114938
-0.2292001824317403,1,155.139039
-0.2944934971549868,1,155.160067
-0.32017608411302473,1,155.18113
-0.27880263402099836,1,155.209707
-0.32017608411302473,1,155.224683
-0.17486883556678545,1,155.245434
-0.16084191632284398,1,155.265822
-0.17486883556678545,1,155.285872
-0.16084191632284398,1,155.310596
-0.24124514129165803,1,155.332784
-0.2503179525788748,1,155.350248
-0.26228397365733985,1,155.374954
-0.2503179525788748,1,155.3977
-0.26228397365733985,1,155.416078
-0.2503179525788748,1,155.434503
-0.17486883556678545,1,155.458842
-0.2503179525788748,1,155.473492
-0.21346641285191226,1,155.496852
-0.16084191632284398,1,155.514563
-0.1423214027434267,1,155.533403
-0.17486883556678545,1,155.554039
-0.21346641285191226,1,155.572269
-0.24124514129165803,1,155.591021
-0.21346641285191226,1,155.612903
-0.26488249354132043,1,155.62769
-0.24124514129165803,1,155.650968
-0.17486883556678545,1,155.665202
-0.2197171184050079,1,155.68804
-0.24124514129165803,1,155.713227
-0.17882230642635902,1,155.732573
-0.19200259520086324,1,155.752554
-0.17882230642635902,1,155.775577
-0.21346641285191226,1,155.790215
-0.24124514129165803,1,155.812135
-0.2292001824317403,1,155.826626
-0.13917490760149379,1,155.851173
-0.21346641285191226,1,155.871209
-0.25482228882126856,1,155.888777
-0.21346641285191226,1,155.907932
-0.21346641285191226,1,155.930755
-0.17486883556678545,1,155.95419
-0.27880263402099836,1,155.979235
-0.3641364826370643,1,155.998373
-0.27880263402099836,1,156.018822
-0.3328164107011781,1,156.038658
-0.3846298891330725,1,156.060867
-0.3641364826370643,1,156.083461
-0.27880263402099836,1,156.109216
-0.27880263402099836,1,156.129368
-0.3700216929688139,1,156.153431
-0.3990951520637301,1,156.176186
-0.4181732123974292,1,156.20535
-0.3618411141037006,1,156.225074
-0.32017608411302473,1,156.250293
-0.34034079305913384,1,156.267212
-0.3328164107011781,1,156.291274
-0.24124514129165803,1,156.310845
-0.3700216929688139,1,156.330484
-0.3618411141037006,1,156.353381
-0.4181732123974292,1,156.380048
-0.4181732123974292,1,156.400698
-0.3503066235459914,1,156.421433
-0.30311683097797204,1,156.442188
-0.4181732123974292,1,156.460531
-0.4181732123974292,1,156.48424
-0.3700216929688139,1,156.507419
-0.5104736662305263,1,156.521552
-0.5254213132049934,1,156.544423
-0.4991879222741191,1,156.575457
-0.3700216929688139,1,156.609159
-0.4181732123974292,1,156.633222
-0.3700216929688139,1,156.651691
-0.4181732123974292,1,156.670693
-0.5254213132049934,1,156.692247
-0.4181732123974292,1,156.707497
-0.4417077771445261,1,156.730691
-0.5104736662305263,1,156.746424
-0.5254213132049934,1,156.77076
-0.32017608411302473,1,156.792416
-0.4181732123974292,1,156.815607
-0.3328164107011781,1,156.860229
-0.5254213132049934,1,156.957951
-0.5104736662305263,1,157.03165
-0.4417077771445261,1,157.136026
-0.5104736662305263,1,157.212025
-0.4417077771445261,1,157.236058
-0.26488249354132043,1,157.252564
-0.3700216929688139,1,157.277422
-0.4556723923847136,1,157.301398
-0.32017608411302473,1,157.332411
-0.30556888673876903,1,157.351125
-0.3328164107011781,1,157.374459
-0.28798272407190045,1,157.394882
-0.26228397365733985,1,157.425514
-0.19200259520086324,1,157.444303
-0.26228397365733985,1,157.477591
-0.28580397361039567,1,157.498054
-0.2944934971549868,1,157.520135
-0.21346641285191226,1,157.535607
-0.2944934971549868,1,157.558063
-0.24124514129165803,1,157.574015
-0.25482228882126856,1,157.596885
-0.30556888673876903,1,157.616876
-0.2944934971549868,1,157.655246
-0.2292001824317403,1,157.672136
-0.25482228882126856,1,157.70067
-0.2503179525788748,1,157.721178
-0.25482228882126856,1,157.746837
-0.30556888673876903,1,157.763039
-0.3700216929688139,1,157.785202
-0.28798272407190045,1,157.808975
-0.2197171184050079,1,157.834023
-0.28580397361039567,1,157.849743
-0.2197171184050079,1,157.873958
-0.28580397361039567,1,157.901806
-0.25482228882126856,1,157.92625
-0.3328164107011781,1,157.948079
-0.2197171184050079,1,157.973721
-0.2503179525788748,1,157.994985
-0.27263876044615276,1,158.015595
-0.2292001824317403,1,158.035782
-0.21346641285191226,1,158.062234
-0.21346641285191226,1,158.079643
-0.25482228882126856,1,158.103853
-0.21346641285191226,1,158.127949
-0.27263876044615276,1,158.15351
-0.28580397361039567,1,158.171705
-0.17486883556678545,1,158.195019
-0.21346641285191226,1,158.213487
-0.27263876044615276,1,158.235829
-0.26488249354132043,1,158.257098
-0.25482228882126856,1,158.279827
-0.2605833639148348,1,158.298361
-0.25482228882126856,1,158.324118
-0.30556888673876903,1,158.346652
-0.25482228882126856,1,158.369488
-0.28580397361039567,1,158.385817
-0.2944934971549868,1,158.414678
-0.26488249354132043,1,158.440371
-0.17486883556678545,1,158.483892
-0.21346641285191226,1,158.508909
-0.17882230642635902,1,158.533206
-0.21346641285191226,1,158.550261
-0.25482228882126856,1,158.574585
-0.30556888673876903,1,158.60796
-0.3700216929688139,1,158.635592
-0.3618411141037006,1,158.668333
-0.3503066235459914,1,158.694408
-0.30311683097797204,1,158.713906
-0.4181732123974292,1,158.738849
-0.27880263402099836,1,158.768776
-0.27880263402099836,1,158.819289
-0.44450978634989513,1,158.852389
-0.48327519662862173,1,158.880781
-0.3328164107011781,1,158.90503
-0.27880263402099836,1,158.996378
-0.3328164107011781,1,159.092547
-0.3846298891330725,1,159.197997
-0.3641364826370643,1,159.303936
-0.4181732123974292,1,159.340927
-0.44450978634989513,1,159.362028
-0.48327519662862173,1,159.391285
-0.4991879222741191,1,159.413668
-0.48327519662862173,1,159.433633
-0.4181732123974292,1,159.453003
-0.3700216929688139,1,159.476979
-0.3990951520637301,1,159.493298
-0.5104736662305263,1,159.53061
-0.5188955103155143,1,159.551758
-0.5769024273663426,1,159.577028
-0.4181732123974292,1,159.612237
-0.5104736662305263,1,159.645812
-0.5769024273663426,1,159.67044
-0.6413938916118376,1,159.693043
-0.4181732123974292,1,159.716086
-0.5104736662305263,1,159.745959
-0.5769024273663426,1,159.764344
-0.48327519662862173,1,159.804147
-0.3618411141037006,1,159.829727
-0.32017608411302473,1,159.857179
-0.3990951520637301,1,159.886003
-0.5104736662305263,1,159.915084
-0.3990951520637301,1,159.936533
-0.48327519662862173,1,159.987939
-0.3618411141037006,1,160.016459
-0.4649204637460998,1,160.083244
-0.34888748945853854,1,160.099831
-0.3328164107011781,1,160.129753
-0.2605833639148348,1,160.168324
-0.32017608411302473,1,160.208563
-0.4181732123974292,1,160.244246
-0.3503066235459914,1,160.267877
-0.4181732123974292,1,160.29663
-0.5461645770677092,1,160.329559
-0.4181732123974292,1,160.362452
-0.27880263402099836,1,160.39339
-0.3990951520637301,1,160.418112
-0.15473316000550416,1,160.442693
-0.30556888673876903,1,160.465263
-0.25482228882126856,1,160.491009
-0.21346641285191226,1,160.516573
-0.26228397365733985,1,160.538645
-0.27880263402099836,1,160.556198
-0.22189391667851674,1,160.580749
-0.3328164107011781,1,160.596872
-0.25482228882126856,1,160.621125
-0.21346641285191226,1,160.646174
-0.2944934971549868,1,160.666297
-0.28798272407190045,1,160.68541
-0.26228397365733985,1,160.710063
-0.17486883556678545,1,160.726622
-0.25482228882126856,1,160.759202
-0.28798272407190045,1,160.787807
-0.26228397365733985,1,160.815108
-0.16084191632284398,1,160.830851
-0.26228397365733985,1,160.853615
-0.20209274144619,1,160.873758
-0.21346641285191226,1,160.89209
-0.21346641285191226,1,160.911286
-0.2087470170473666,1,160.931854
-0.21346641285191226,1,160.951925
-0.21346641285191226,1,160.976916
-0.3761263467686034,1,160.991217
-0.27880263402099836,1,161.016179
-0.28798272407190045,1,161.032119
-0.3846298891330725,1,161.056578
-0.28798272407190045,1,161.075696
-0.27880263402099836,1,161.095092
-0.3328164107011781,1,161.138906
-0.30311683097797204,1,161.272712
-0.21346641285191226,1,161.377854
-0.30311683097797204,1,161.470347
-0.21346641285191226,1,161.506422
-0.21346641285191226,1,161.529402
-0.2292001824317403,1,161.545746
-0.13917490760149379,1,161.573176
-0.20505712493185568,1,161.60019
-0.2087470170473666,1,161.623135
-0.2503179525788748,1,161.637928
-0.2944934971549868,1,161.661205
-0.2292001824317403,1,161.688764
-0.25482228882126856,1,161.714319
-0.28798272407190045,1,161.734058
-0.32017608411302473,1,161.761745
-0.30556888673876903,1,161.783282
-0.2944934971549868,1,161.810668
-0.26488249354132043,1,161.825299
-0.21346641285191226,1,161.849934
-0.21346641285191226,1,161.88488
-0.2197171184050079,1,161.911302
-0.2503179525788748,1,161.975685
-0.26228397365733985,1,162.01
-0.28798272407190045,1,162.051425
-0.26228397365733985,1,162.100105
-0.2503179525788748,1,162.133126
-0.1423214027434267,1,162.156968
-0.21346641285191226,1,162.189871
-0.2087470170473666,1,162.210101
-0.26488249354132043,1,162.230582
-0.2944934971549868,1,162.254013
-0.39084631595477565,1,162.271102
-0.4181732123974292,1,162.303775
-0.2605833639148348,1,162.325251
-0.3700216929688139,1,162.346763
-0.4556723923847136,1,162.362124
-0.48327519662862173,1,162.385402
-0.3328164107011781,1,162.403785
-0.32017608411302473,1,162.427769
-0.3990951520637301,1,162.448735
-0.3503066235459914,1,162.467934
-0.34034079305913384,1,162.494883
-0.3328164107011781,1,162.528739
-0.28798272407190045,1,162.551031
-0.3846298891330725,1,162.573905
-0.39729453640553747,1,162.592776
-0.3618411141037006,1,162.620027
-0.3732807404766037,1,162.640746
-0.4181732123974292,1,162.660328
-0.3269334205290107,1,162.680124
-0.26228397365733985,1,162.701625
-0.28798272407190045,1,162.718517
-0.4181732123974292,1,162.743562
-0.4181732123974292,1,162.765197
-0.3700216929688139,1,162.811314
-0.34888748945853854,1,162.836576
-0.25482228882126856,1,162.870274
-0.21346641285191226,1,162.896196
-0.17486883556678545,1,162.91681
-0.28580397361039567,1,162.935312
-0.3328164107011781,1,162.959489
-0.4181732123974292,1,162.97529
-0.3328164107011781,1,163.001204
-0.28798272407190045,1,163.022458
-0.26228397365733985,1,163.040945
-0.24124514129165803,1,163.060685
-0.27880263402099836,1,163.080142
-0.24124514129165803,1,163.097226
-0.246699261421291,1,163.118444
-0.22189391667851674,1,163.133611
-0.11868572740633096,1,163.155938
-0.16084191632284398,1,163.170947
-0.20209274144619,1,163.203927
-0.1432502155441992,1,163.270604
-0.13917490760149379,1,163.360814
-0.2503179525788748,1,163.448939
-0.13917490760149379,1,163.542259
-0.1432502155441992,1,163.609635
-0.20209274144619,1,163.63781
-0.17486883556678545,1,163.660564
-0.13917490760149379,1,163.68343
-0.17486883556678545,1,163.703402
-0.2944934971549868,1,163.725372
-0.17486883556678545,1,163.745854
-0.24124514129165803,1,163.770802
-0.2292001824317403,1,163.791707
-0.2944934971549868,1,163.81296
-0.34888748945853854,1,163.835183
-0.26821374406741066,1,163.863655
-0.1423214027434267,1,163.888462
-0.20209274144619,1,163.913816
-0.3641364826370643,1,163.933373
-0.27880263402099836,1,163.959248
-0.24124514129165803,1,163.978063
-0.27880263402099836,1,163.996742
-0.27880263402099836,1,164.026767
-0.32017608411302473,1,164.076415
-0.27880263402099836,1,164.129831
-0.4417077771445261,1,164.164094
-0.3328164107011781,1,164.183486
-0.2944934971549868,1,164.212805
-0.19200259520086324,1,164.235869
-0.2944934971549868,1,164.257473
-0.3328164107011781,1,164.277398
-0.24124514129165803,1,164.302976
-0.3328164107011781,1,164.318137
-0.3328164107011781,1,164.340667
-0.19200259520086324,1,164.35669
-0.3700216929688139,1,164.379573
-0.4181732123974292,1,164.398651
-0.4991879222741191,1,164.417705
-0.4181732123974292,1,164.435979
-0.4417077771445261,1,164.457873
-0.4991879222741191,1,164.475112
-0.48327519662862173,1,164.499262
-0.44450978634989513,1,164.522033
-0.4181732123974292,1,164.545048
-0.5951412287779491,1,164.564571
-0.5769024273663426,1,164.590433
-0.44450978634989513,1,164.607699
-0.3503066235459914,1,164.633094
-0.5212472450997204,1,164.65298
-0.5461645770677092,1,164.675673
-0.44450978634989513,1,164.69939
-0.3503066235459914,1,164.722823
-0.44450978634989513,1,164.739211
-0.48327519662862173,1,164.762516
-0.3618411141037006,1,164.785287
-0.27880263402099836,1,164.81013
-0.30311683097797204,1,164.825068
-0.32017608411302473,1,164.851875
-0.24124514129165803,1,164.872056
-0.25482228882126856,1,164.904454
-0.2503179525788748,1,164.930769
-0.27263876044615276,1,164.955017
-0.19200259520086324,1,164.975241
-0.21346641285191226,1,164.995283
-0.3328164107011781,1,165.014958
-0.3846298891330725,1,165.043303
-0.24124514129165803,1,165.058612
-0.26821374406741066,1,165.081964
-0.21346641285191226,1,165.102101
-0.26821374406741066,1,165.123705
-0.3990951520637301,1,165.142805
-0.27880263402099836,1,165.167769
-0.3990951520637301,1,165.184083
-0.26821374406741066,1,165.209625
-0.3990951520637301,1,165.232205
-0.3328164107011781,1,165.258839
-0.27880263402099836,1,165.276612
-0.30311683097797204,1,165.300454
-0.27880263402099836,1,165.319474
-0.26228397365733985,1,165.370875
-0.27880263402099836,1,165.464766
-0.3328164107011781,1,165.566438
-0.27880263402099836,1,165.649207
-0.26228397365733985,1,165.721811
-0.3732807404766037,1,165.740025
-0.17486883556678545,1,165.758932
-0.22839139569008726,1,165.777798
-0.17486883556678545,1,165.801164
-0.24124514129165803,1,165.817833
-0.2197171184050079,1,165.840882
-0.3328164107011781,1,165.854856
-0.32017608411302473,1,165.878134
-0.3990951520637301,1,165.899701
-0.32017608411302473,1,165.929262
-0.3328164107011781,1,165.948831
-0.3328164107011781,1,165.975866
-0.3761263467686034,1,165.997925
-0.4649204637460998,1,166.021549
-0.4725907666757357,1,166.037753
-0.3700216929688139,1,166.060905
-0.30556888673876903,1,166.075422
-0.26821374406741066,1,166.100429
-0.3618411141037006,1,166.123235
-0.4181732123974292,1,166.146068
-0.30311683097797204,1,166.167636
-0.3700216929688139,1,166.189692
-0.30556888673876903,1,166.206842
-0.3700216929688139,1,166.228934
-0.24124514129165803,1,166.248915
-0.17486883556678545,1,166.282295
-0.24124514129165803,1,166.315533
-0.3328164107011781,1,166.337142
-0.28798272407190045,1,166.354792
-0.16989401335231497,1,166.376155
-0.2605833639148348,1,166.391404
-0.16989401335231497,1,166.414285
-0.2605833639148348,1,166.429267
-0.3700216929688139,1,166.452496
-0.16344145949650912,1,166.474553
-0.21346641285191226,1,166.492055
-0.28798272407190045,1,166.510913
-0.21346641285191226,1,166.539803
-0.2605833639148348,1,166.558101
-0.26821374406741066,1,166.582083
-0.3990951520637301,1,166.60169
-0.32017608411302473,1,166.620981
-0.2605833639148348,1,166.641103
-0.32017608411302473,1,166.662603
-0.24124514129165803,1,166.679805
-0.2197171184050079,1,166.702851
-0.24124514129165803,1,166.718194
-0.3328164107011781,1,166.740432
-0.35361214356392995,1,166.76126
-0.3099697590851077,1,166.779954
-0.2503179525788748,1,166.798583
-0.2944934971549868,1,166.817267
-0.2605833639148348,1,166.834714
-0.21346641285191226,1,166.861267
-0.21346641285191226,1,166.877368
-0.32017608411302473,1,166.901863
-0.3990951520637301,1,166.927426
-0.27880263402099836,1,166.953476
-0.30311683097797204,1,166.975821
-0.27880263402099836,1,167.000937
-0.44450978634989513,1,167.020906
-0.3503066235459914,1,167.039996
-0.21346641285191226,1,167.059081
-0.27880263402099836,1,167.08384
-0.17486883556678545,1,167.099415
-0.27880263402099836,1,167.123174
-0.19200259520086324,1,167.142982
-0.123149291735454,1,167.160752
-0.24124514129165803,1,167.181903
-0.27880263402099836,1,167.199255
-0.34034079305913384,1,167.219607
-0.3503066235459914,1,167.243845
-0.34034079305913384,1,167.259266
-0.5104736662305263,1,167.281662
-0.39729453640553747,1,167.300569
-0.27880263402099836,1,167.319803
-0.19200259520086324,1,167.341921
-0.21346641285191226,1,167.361236
-0.19200259520086324,1,167.379956
-0.21346641285191226,1,167.400837
-0.19200259520086324,1,167.415681
-0.27880263402099836,1,167.446963
-0.19200259520086324,1,167.520451
-0.2944934971549868,1,167.609948
-0.27880263402099836,1,167.647231
-0.3700216929688139,1,167.670935
-0.3328164107011781,1,167.686659
-0.4417077771445261,1,167.713897
-0.27880263402099836,1,167.736885
-0.11658779309342567,1,167.763525
-0.3328164107011781,1,167.77989
-0.27880263402099836,1,167.80501
-0.3641364826370643,1,167.820456
-0.4181732123974292,1,167.848418
-0.4181732123974292,1,167.868685
-0.27880263402099836,1,167.897388
-0.3618411141037006,1,167.914305
-0.3700216929688139,1,167.9375
-0.4181732123974292,1,167.953522
-0.27880263402099836,1,167.981259
-0.44450978634989513,1,168.006972
-0.5461645770677092,1,168.036269
-0.4991879222741191,1,168.052071
-0.3700216929688139,1,168.079575
-0.39729453640553747,1,168.10137
-0.3328164107011781,1,168.120019
-0.4591460894878775,1,168.141846
-0.3846298891330725,1,168.166652
-0.3269334205290107,1,168.183375
-0.26228397365733985,1,168.210373
-0.27880263402099836,1,168.23242
-0.27880263402099836,1,168.253031
-0.3269334205290107,1,168.272429
-0.26228397365733985,1,168.29759
-0.27880263402099836,1,168.314241
-0.18588208530003056,1,168.340593
-0.24124514129165803,1,168.36373
-0.30311683097797204,1,168.385446
-0.24124514129165803,1,168.407473
-0.246699261421291,1,168.431096
-0.27880263402099836,1,168.446661
-0.26228397365733985,1,168.472225
-0.2503179525788748,1,168.494138
-0.26228397365733985,1,168.51551
-0.2503179525788748,1,168.536905
-0.24124514129165803,1,168.558104
-0.20505712493185568,1,168.577813
-0.24124514129165803,1,168.604619
-0.2503179525788748,1,168.622139
-0.30311683097797204,1,168.650577
-0.3732807404766037,1,168.67117
-0.3222071471403125,1,168.700738
-0.3328164107011781,1,168.71523
-0.4181732123974292,1,168.744623
-0.43468239667883474,1,168.767804
-0.4725907666757357,1,168.787312
-0.4181732123974292,1,168.806578
-0.3618411141037006,1,168.830936
-0.3328164107011781,1,168.848923
-0.27880263402099836,1,168.874453
-0.3269334205290107,1,168.89469
-0.27880263402099836,1,168.916698
-0.27880263402099836,1,168.937302
-0.27880263402099836,1,168.963952
-0.3269334205290107,1,168.981218
-0.30311683097797204,1,169.005285
-0.21346641285191226,1,169.023757
-0.2087470170473666,1,169.051419
-0.2503179525788748,1,169.076417
-0.3328164107011781,1,170.317326
-0.30556888673876903,1,170.336667
-0.25482228882126856,1,170.359195
-0.28580397361039567,1,170.38002
-0.26228397365733985,1,170.402336
-0.24124514129165803,1,170.417802
-0.27880263402099836,1,170.443049
-0.34034079305913384,1,170.458171
-0.3328164107011781,1,170.480578
-0.28798272407190045,1,170.501827
-0.26821374406741066,1,170.521566
-0.24124514129165803,1,170.542341
-0.26821374406741066,1,170.566309
-0.30556888673876903,1,170.583949
-0.25482228882126856,1,170.6083
-0.30556888673876903,1,170.629806
-0.3700216929688139,1,170.71902
-0.4181732123974292,1,170.803722
-0.3700216929688139,1,170.878502
-0.3328164107011781,1,170.962972
-0.32017608411302473,1,171.037555
-0.34034079305913384,1,171.061232
-0.32017608411302473,1,171.088815
-0.3618411141037006,1,171.109487
-0.26821374406741066,1,171.130049
-0.2605833639148348,1,171.150218
-0.2944934971549868,1,171.172896
-0.2292001824317403,1,171.190905
-0.25482228882126856,1,171.214226
-0.2292001824317403,1,171.231392
-0.2944934971549868,1,171.253049
-0.2292001824317403,1,171.272448
-0.2944934971549868,1,171.303195
-0.2292001824317403,1,171.322772
-0.2944934971549868,1,171.346677
-0.2292001824317403,1,171.368821
-0.2944934971549868,1,171.387169
-0.2292001824317403,1,171.408823
-0.2944934971549868,1,171.434754
-0.2292001824317403,1,171.455428
-0.21346641285191226,1,171.478881
-0.30556888673876903,1,171.497903
-0.21346641285191226,1,171.518313
-0.28798272407190045,1,171.537925
-0.21346641285191226,1,171.563382
-0.28798272407190045,1,171.581549
-0.32017608411302473,1,171.605469
-0.30311683097797204,1,171.627584
-0.4181732123974292,1,171.646809
-0.3618411141037006,1,171.668001
-0.26821374406741066,1,171.693299
-0.3328164107011781,1,171.711587
-0.3700216929688139,1,171.735439
-0.26488249354132043,1,171.755042
-0.25482228882126856,1,171.776053
-0.30556888673876903,1,171.793894
-0.26821374406741066,1,171.815995
-0.30556888673876903,1,171.830441
-0.25482228882126856,1,171.853142
-0.26488249354132043,1,171.869645
-0.2087470170473666,1,171.893236
-0.21346641285191226,1,171.913527
-0.26228397365733985,1,171.93223
-0.24124514129165803,1,171.952751
-0.13473839777707564,1,171.979585
-0.27880263402099836,1,171.996736
-0.2197171184050079,1,172.019329
-0.27880263402099836,1,172.039515
-0.26228397365733985,1,172.059968
-0.28580397361039567,1,172.079803
-0.27263876044615276,1,172.097772
-0.22189391667851674,1,172.115612
-0.27880263402099836,1,172.140964
-0.2503179525788748,1,172.156215
-0.21346641285191226,1,172.180426
-0.19200259520086324,1,172.201739
-0.21346641285191226,1,172.22153
-0.19200259520086324,1,172.24156
-0.13917490760149379,1,172.26799
-0.2292001824317403,1,172.283879
-0.24124514129165803,1,172.307743
-0.2503179525788748,1,172.327788
-0.30311683097797204,1,172.350522
-0.3328164107011781,1,172.369928
-0.2944934971549868,1,172.396897
-0.26488249354132043,1,172.413501
-0.2944934971549868,1,172.436443
-0.34888748945853854,1,172.450654
-0.3700216929688139,1,172.472199
-0.34888748945853854,1,172.493136
-0.3700216929688139,1,172.515452
-0.2503179525788748,1,172.534147
-0.246699261421291,1,172.55826
-0.21346641285191226,1,172.574662
-0.25849229716561606,1,172.601001
-0.27880263402099836,1,172.624616
-0.27880263402099836,1,172.649376
-0.19200259520086324,1,172.666251
-0.24124514129165803,1,172.691261
-0.19200259520086324,1,172.709725
-0.17486883556678545,1,172.732201
-0.19200259520086324,1,172.762674
-0.17486883556678545,1,172.85271
-0.2503179525788748,1,172.928345
-0.17486883556678545,1,173.010952
-0.2503179525788748,1,173.082901
-0.26228397365733985,1,173.146936
-0.21346641285191226,1,173.166002
-0.21346641285191226,1,173.189821
-0.22189391667851674,1,173.213212
-0.246699261421291,1,173.236224
-0.3150836702518733,1,173.260715
-0.1423214027434267,1,173.27794
-0.12801113914966125,1,173.29829
-0.17486883556678545,1,173.324807
-0.12801113914966125,1,173.344801
-0.17486883556678545,1,173.372017
-0.14912483369034585,1,173.396766
-0.14648884609232413,1,173.424752
-0.22189391667851674,1,173.440521
-0.17486883556678545,1,173.46303
-0.23412679961170973,1,173.484293
-0.17486883556678545,1,173.503328
-0.23412679961170973,1,173.52446
-0.14648884609232413,1,173.545257
-0.28967434717796386,1,173.565279
-0.24124514129165803,1,173.591239
-0.28580397361039567,1,173.60643
-0.2197171184050079,1,173.629712
-0.24124514129165803,1,173.651027
-0.22189391667851674,1,173.669897
-0.24124514129165803,1,173.690066
-0.12675533894178714,1,173.713654
-0.24124514129165803,1,173.730064
-0.21346641285191226,1,173.753827
-0.3618411141037006,1,173.773378
-0.4181732123974292,1,173.795303
-0.34034079305913384,1,173.816173
-0.32017608411302473,1,173.842157
-0.4181732123974292,1,173.857572
-0.3503066235459914,1,173.881625
-0.21346641285191226,1,173.901656
-0.21346641285191226,1,173.919548
-0.2605833639148348,1,173.940542
-0.4181732123974292,1,173.959546
-0.30556888673876903,1,173.97866
-0.32017608411302473,1,174.001794
-0.30556888673876903,1,174.017956
-0.2944934971549868,1,174.040567
-0.29935207945051723,1,174.056398
-0.25482228882126856,1,174.077898
-0.2605833639148348,1,174.098336
-0.32017608411302473,1,174.120301
-0.34034079305913384,1,174.13938
-0.32017608411302473,1,174.164314
-0.3618411141037006,1,174.179524
-0.32017608411302473,1,174.203209
-0.2605833639148348,1,174.218959
-0.3700216929688139,1,174.237803
-0.28798272407190045,1,174.257891
-0.26228397365733985,1,174.278293
-0.3732807404766037,1,174.298432
-0.30311683097797204,1,174.323472
-0.28580397361039567,1,174.338573
-0.3328164107011781,1,174.360975
-0.43166248338537583,1,174.377699
-0.3328164107011781,1,174.403349
-0.4181732123974292,1,174.430123
-0.4181732123974292,1,174.45701
-0.34888748945853854,1,174.481837
-0.4181732123974292,1,174.504478
-0.34888748945853854,1,174.532899
-0.4649204637460998,1,174.557229
-0.4181732123974292,1,174.578245
-0.4181732123974292,1,174.59753
-0.4991879222741191,1,174.617533
-0.4181732123974292,1,174.635152
-0.30311683097797204,1,174.654166
-0.26821374406741066,1,174.677163
-0.3618411141037006,1,174.695944
-0.32017608411302473,1,174.720971
-0.34034079305913384,1,174.742841
-0.32017608411302473,1,174.762751
-0.3328164107011781,1,174.781669
-0.21346641285191226,1,174.810792
-0.3328164107011781,1,174.838083
-0.2944934971549868,1,174.869159
-0.34888748945853854,1,174.957751
-0.2944934971549868,1,175.045121
-0.2605833639148348,1,175.118129
-0.21346641285191226,1,175.202128
-0.34888748945853854,1,175.261369
-0.32017608411302473,1,175.286582
-0.19200259520086324,1,175.303108
-0.27880263402099836,1,175.326703
-0.24124514129165803,1,175.34654
-0.30311683097797204,1,175.364852
-0.3328164107011781,1,175.386305
-0.21346641285191226,1,175.407837
-0.2292001824317403,1,175.43101
-0.21346641285191226,1,175.465138
-0.21346641285191226,1,175.491338
-0.21346641285191226,1,175.519042
-0.26488249354132043,1,175.541399
-0.16989401335231497,1,175.567108
-0.21346641285191226,1,175.586469
-0.21346641285191226,1,175.609946
-0.11417805799000653,1,175.625984
-0.1423214027434267,1,175.649003
-0.27880263402099836,1,175.671279
-0.246699261421291,1,175.692805
-0.21346641285191226,1,175.712876
-0.2944934971549868,1,175.736614
-0.2292001824317403,1,175.752318
-0.27263876044615276,1,175.775219
-0.23412679961170973,1,175.798091
-0.14648884609232413,1,175.817567
-0.17486883556678545,1,175.837147
-0.2087470170473666,1,175.856498
-0.2292001824317403,1,175.874252
-0.25482228882126856,1,175.899148
-0.30556888673876903,1,175.914329
-0.32017608411302473,1,175.939376
-0.4181732123974292,1,175.960939
-0.3700216929688139,1,175.980466
-0.24124514129165803,1,176.001399
-0.25482228882126856,1,176.026387
-0.30556888673876903,1,176.042318
-0.32017608411302473,1,176.067342
-0.3618411141037006,1,176.083431
-0.48327519662862173,1,176.10852
-0.3618411141037006,1,176.132544
-0.48327519662862173,1,176.152619
-0.44450978634989513,1,176.172473
-0.27880263402099836,1,176.199024
-0.34034079305913384,1,176.216496
-0.3503066235459914,1,176.240214
-0.34034079305913384,1,176.264305
-0.3700216929688139,1,176.284279
-0.4181732123974292,1,176.303741
-0.3503066235459914,1,176.322301
-0.3990951520637301,1,176.34115
-0.3328164107011781,1,176.369077
-0.24124514129165803,1,176.386195
-0.25482228882126856,1,176.41
-0.3328164107011781,1,176.430139
-0.2944934971549868,1,176.451674
-0.3328164107011781,1,176.475756
-0.21346641285191226,1,176.510906
-0.3328164107011781,1,176.533332
-0.2944934971549868,1,176.562055
-0.13388906162637307,1,176.58236
-0.16989401335231497,1,176.6071
-0.21346641285191226,1,176.627867
-0.32017608411302473,1,176.64813
-0.27880263402099836,1,176.668902
-0.22189391667851674,1,176.690149
-0.24124514129165803,1,176.708107
-0.3328164107011781,1,176.732884
-0.28798272407190045,1,176.749651
-0.26821374406741066,1,176.774262
-0.27880263402099836,1,176.795727
-0.4181732123974292,1,176.815988
-0.30311683097797204,1,176.837663
-0.32017608411302473,1,176.858346
-0.30556888673876903,1,176.877847
-0.3700216929688139,1,176.903442
-0.30556888673876903,1,176.919925
-0.26821374406741066,1,176.947093
-0.3990951520637301,1,177.004397
-0.3700216929688139,1,177.047507
-0.4181732123974292,1,177.158851
-0.32017608411302473,1,177.302473
-0.2605833639148348,1,177.378817
-0.25482228882126856,1,177.444983
-0.21346641285191226,1,177.464174
-0.24124514129165803,1,177.489243
-0.21346641285191226,1,177.50849
-0.2197171184050079,1,177.531997
-0.28798272407190045,1,177.549198
-0.2944934971549868,1,177.574661
-0.28798272407190045,1,177.600555
-0.2944934971549868,1,177.629806
-0.2503179525788748,1,177.644354
-0.24124514129165803,1,177.668158
-0.2503179525788748,1,177.682102
-0.17486883556678545,1,177.706486
-0.19200259520086324,1,177.725226
-0.25482228882126856,1,177.743265
-0.21346641285191226,1,177.763641
-0.32017608411302473,1,177.782715
-0.34034079305913384,1,177.804166
-0.3700216929688139,1,177.82946
-0.4181732123974292,1,177.848028
-0.4181732123974292,1,177.877089
-0.4181732123974292,1,177.967365
-0.4181732123974292,1,177.99419
-0.4991879222741191,1,178.013835
-0.4181732123974292,1,178.043882
-0.24124514129165803,1,178.065194
-0.3503066235459914,1,178.086094
-0.3990951520637301,1,178.107414
-0.3700216929688139,1,178.131631
-0.3990951520637301,1,178.147947
-0.3700216929688139,1,178.171557
-0.28798272407190045,1,178.193295
-0.2197171184050079,1,178.213022
-0.17486883556678545,1,178.233173
-0.27263876044615276,1,178.253516
-0.20505712493185568,1,178.26895
-0.13917490760149379,1,178.292189
-0.2292001824317403,1,178.311027
-0.17486883556678545,1,178.356189
-0.28580397361039567,1,178.37306
-0.2944934971549868,1,178.395339
-0.21346641285191226,1,178.415142
-0.21346641285191226,1,178.434714
-0.30556888673876903,1,178.45318
-0.32017608411302473,1,178.475103
-0.28798272407190045,1,178.49037
-0.26821374406741066,1,178.513893
-0.3618411141037006,1,178.52866
-0.3700216929688139,1,178.549116
-0.30556888673876903,1,178.567596
-0.2944934971549868,1,178.590167
-0.2605833639148348,1,178.612276
-0.3700216929688139,1,178.636837
-0.3618411141037006,1,178.649642
-0.3700216929688139,1,178.670307
-0.4556723923847136,1,178.692617
-0.32017608411302473,1,178.712632
-0.34888748945853854,1,178.731327
-0.3700216929688139,1,178.750069
-0.34034079305913384,1,178.766254
-0.3700216929688139,1,178.789178
-0.3990951520637301,1,178.804954
-0.3700216929688139,1,178.826738
-0.30311683097797204,1,178.844084
-0.21346641285191226,1,178.862024
-0.34034079305913384,1,178.881674
-0.3328164107011781,1,178.899367
-0.21346641285191226,1,178.917307
-0.4417077771445261,1,178.933395
-0.21346641285191226,1,178.952898
-0.32017608411302473,1,178.974772
-0.19200259520086324,1,178.989094
-0.32017608411302473,1,179.011389
-0.24124514129165803,1,179.034333
-0.21346641285191226,1,179.052376
-0.34034079305913384,1,179.073348
-0.3700216929688139,1,179.101884
-0.34034079305913384,1,179.118196
-0.4417077771445261,1,179.143308
-0.4991879222741191,1,179.195332
-0.5769024273663426,1,179.297653
-0.3641364826370643,1,179.382533
-0.27880263402099836,1,179.481549
-0.21346641285191226,1,179.541026
-0.26821374406741066,1,179.567382
-0.27880263402099836,1,179.585158
-0.3503066235459914,1,179.604655
-0.1423214027434267,1,179.624168
-0.21346641285191226,1,179.64136
-0.4181732123974292,1,179.660275
-0.4181732123974292,1,179.678019
-0.5769024273663426,1,179.695304
-0.4181732123974292,1,179.717124
-0.5769024273663426,1,179.732231
-0.5104736662305263,1,179.754192
-0.5104736662305263,1,179.770577
-0.5104736662305263,1,179.790959
-0.5104736662305263,1,179.809232
-0.4181732123974292,1,179.825639
-0.5461645770677092,1,179.843651
-0.5254213132049934,1,179.862368
-0.4181732123974292,1,179.880645
-0.5104736662305263,1,179.903008
-0.5769024273663426,1,179.917109
-0.8377069911715487,1,179.938879
-0.8652900362250107,1,179.95473
-0.6272137140340468,1,179.975878
-0.5985987269336951,1,179.994051
-0.6272137140340468,1,180.011385
-0.724859512736774,1,180.032037
-0.5254213132049934,1,180.055214
-0.5104736662305263,1,180.070869
-0.2944934971549868,1,180.093252
-0.4181732123974292,1,180.107339
-0.48327519662862173,1,180.129138
-0.724859512736774,1,180.143074
-0.6072198814367978,1,180.16246
-0.3618411141037006,1,180.177048
-0.26821374406741066,1,180.195439
-0.3328164107011781,1,180.212221
-0.2944934971549868,1,180.229128
-0.3328164107011781,1,180.248045
-0.4181732123974292,1,180.265522
-0.34888748945853854,1,180.283073
-0.2944934971549868,1,180.306029
-0.26488249354132043,1,180.325212
-0.24124514129165803,1,180.346736
-0.2503179525788748,1,180.363816
-0.2944934971549868,1,180.384903
-0.28798272407190045,1,180.403126
-0.3846298891330725,1,180.421591
-0.28798272407190045,1,180.439399
-0.22189391667851674,1,180.461008
-0.28798272407190045,1,180.474772
-0.32017608411302473,1,180.495985
-0.28798272407190045,1,180.510692
-0.2197171184050079,1,180.530193
-0.28798272407190045,1,180.544833
-0.21346641285191226,1,180.567082
-0.30556888673876903,1,180.588567
-0.26821374406741066,1,180.608269
-0.21346641285191226,1,180.625877
-0.32017608411302473,1,180.650858
-0.16344145949650912,1,180.666011
-0.32017608411302473,1,180.688331
-0.1423214027434267,1,180.704677
-0.27880263402099836,1,180.725074
-0.1423214027434267,1,180.742227
-0.32017608411302473,1,180.758646
-0.3990951520637301,1,180.776836
-0.32017608411302473,1,180.794685
-0.30311683097797204,1,180.812937
-0.32017608411302473,1,180.835571
-0.2605833639148348,1,180.849818
-0.26821374406741066,1,180.872631
-0.19200259520086324,1,180.88705
-0.32017608411302473,1,180.909327
-0.2605833639148348,1,180.926591
-0.25482228882126856,1,180.943843
-0.19200259520086324,1,180.96183
-0.3328164107011781,1,180.978352
-0.3328164107011781,1,180.996909
-0.30311683097797204,1,181.015256
-0.16084191632284398,1,181.032243
-0.21346641285191226,1,181.054796
-0.22189391667851674,1,181.070573
-0.27880263402099836,1,181.092182
-0.2503179525788748,1,181.110413
-0.2087470170473666,1,181.126392
-0.23412679961170973,1,181.146402
-0.30311683097797204,1,181.165821
-0.21346641285191226,1,181.189358
-0.2197171184050079,1,181.252029
-0.21346641285191226,1,181.342335
-0.30311683097797204,1,181.415878
-0.21346641285191226,1,181.497402
-0.30311683097797204,1,181.583759
-0.16084191632284398,1,181.604355
-0.246699261421291,1,181.624614
-0.21346641285191226,1,181.643923
-0.2087470170473666,1,181.666528
-0.2292001824317403,1,181.682523
-0.25482228882126856,1,181.705868
-0.3328164107011781,1,181.726432
-0.2197171184050079,1,181.75154
-0.19200259520086324,1,181.771641
-0.21346641285191226,1,181.798133
-0.2292001824317403,1,181.813365
-0.21346641285191226,1,181.835037
-0.2292001824317403,1,181.852101
-0.2087470170473666,1,181.873257
-0.2503179525788748,1,181.891473
-0.25482228882126856,1,181.907236
-0.19200259520086324,1,181.925884
-0.2944934971549868,1,181.943728
-0.2292001824317403,1,181.961608
-0.30311683097797204,1,181.982583
-0.23412679961170973,1,181.998131
-0.27263876044615276,1,182.019588
-0.20505712493185568,1,182.032179
-0.17486883556678545,1,182.052944
-0.23412679961170973,1,182.067228
-0.17486883556678545,1,182.089357
-0.20505712493185568,1,182.107013
-0.13917490760149379,1,182.123817
-0.29935207945051723,1,182.143118
-0.25482228882126856,1,182.159868
-0.28798272407190045,1,182.177077
-0.3846298891330725,1,182.201297
-0.34034079305913384,1,182.215253
-0.3503066235459914,1,182.237597
-0.3641364826370643,1,182.251614
-0.4181732123974292,1,182.27178
-0.3618411141037006,1,182.290534
-0.3503066235459914,1,182.310082
-0.3618411141037006,1,182.328891
-0.48327519662862173,1,182.34497
-0.6519756702804735,1,182.361958
-0.6667156712946645,1,182.37793
-0.5951412287779491,1,182.395281
-0.48327519662862173,1,182.416517
-0.3618411141037006,1,182.431112
-0.48327519662862173,1,182.453616
-0.4556723923847136,1,182.467869
-0.4417077771445261,1,182.491366
-0.39729453640553747,1,182.510384
-0.27880263402099836,1,182.528231
-0.34034079305913384,1,182.546051
-0.3700216929688139,1,182.583833
-0.4556723923847136,1,182.610068
-0.32017608411302473,1,182.631328
-0.34888748945853854,1,182.670218
-0.3700216929688139,1,182.695034
-0.28580397361039567,1,182.727594
-0.17486883556678545,1,182.77134
-0.25076932977743915,1,182.789752
-0.21346641285191226,1,182.808606
-0.27880263402099836,1,182.82903
-0.1423214027434267,1,182.853827
-0.2503179525788748,1,182.869949
-0.30311683097797204,1,182.891203
-0.27880263402099836,1,182.906823
-0.3641364826370643,1,182.926842
-0.27880263402099836,1,182.944112
-0.27880263402099836,1,182.964784
-0.27880263402099836,1,182.983108
-0.2197171184050079,1,183.004109
-0.27880263402099836,1,183.018063
-0.4181732123974292,1,183.040385
-0.39729453640553747,1,183.055419
-0.30311683097797204,1,183.078132
-0.27880263402099836,1,183.0986
-0.30311683097797204,1,183.117531
-0.39729453640553747,1,183.136242
-0.30311683097797204,1,183.154053
-0.17486883556678545,1,183.172542
-0.22189391667851674,1,183.194313
-0.28798272407190045,1,183.210281
-0.25482228882126856,1,183.233044
-0.28580397361039567,1,183.25125
-0.30311683097797204,1,183.331489
-0.2503179525788748,1,183.412771
-0.25482228882126856,1,183.499969
-0.2503179525788748,1,183.59397
-0.27263876044615276,1,183.666964
-0.2292001824317403,1,183.727901
-0.27263876044615276,1,183.760334
-0.2292001824317403,1,183.782633
-0.21346641285191226,1,183.802742
-0.28580397361039567,1,183.823563
-0.3099697590851077,1,183.841049
-0.22189391667851674,1,183.859991
-0.17486883556678545,1,183.88247
-0.19200259520086324,1,183.898302
-0.25482228882126856,1,183.920648
-0.34888748945853854,1,183.934435
-0.2944934971549868,1,183.955922
-0.28798272407190045,1,183.970182
-0.3700216929688139,1,183.992814
-0.3328164107011781,1,184.012134
-0.3328164107011781,1,184.032508
-0.21346641285191226,1,184.053298
-0.30311683097797204,1,184.072084
-0.27880263402099836,1,184.092022
-0.17486883556678545,1,184.118256
-0.27880263402099836,1,184.133102
-0.17486883556678545,1,184.16218
-0.16084191632284398,1,184.181569
-0.23355491567643297,1,184.20078
-0.24124514129165803,1,184.223925
-0.21346641285191226,1,184.250865
-0.3150836702518733,1,184.265735
-0.21346641285191226,1,184.287785
-0.24124514129165803,1,184.302548
-0.21346641285191226,1,184.323536
-0.27880263402099836,1,184.337782
-0.3425619128564722,1,184.361283
-0.3761263467686034,1,184.380906
-0.2944934971549868,1,184.399699
-0.2292001824317403,1,184.41882
-0.13917490760149379,1,184.437525
-0.26488249354132043,1,184.459023
-0.2944934971549868,1,184.48494
-0.24124514129165803,1,184.501729
-0.27880263402099836,1,184.525465
-0.19200259520086324,1,184.543427
-0.32017608411302473,1,184.574478
-0.30556888673876903,1,184.597043
-0.3328164107011781,1,184.648618
-0.29935207945051723,1,184.672939
-0.25482228882126856,1,184.703289
-0.34888748945853854,1,184.728118
-0.32017608411302473,1,184.753393
-0.34888748945853854,1,184.768999
-0.32017608411302473,1,184.792466
-0.34888748945853854,1,184.808399
-0.3700216929688139,1,184.82997
-0.28798272407190045,1,184.850305
-0.26821374406741066,1,184.868184
-0.4181732123974292,1,184.887332
-0.32017608411302473,1,184.909913
-0.30311683097797204,1,184.931864
-0.27880263402099836,1,184.960392
-0.30311683097797204,1,184.981261
-0.3503066235459914,1,185.030173
-0.4181732123974292,1,185.073097
-0.26821374406741066,1,185.102674
-0.28798272407190045,1,185.123127
-0.21346641285191226,1,185.145717
-0.27880263402099836,1,185.163121
-0.3503066235459914,1,185.186383
-0.21346641285191226,1,185.205182
-0.22189391667851674,1,185.229263
-0.28798272407190045,1,185.250726
-0.25482228882126856,1,185.271363
-0.34888748945853854,1,185.291864
-0.2944934971549868,1,185.315104
-0.30556888673876903,1,185.332094
-0.2944934971549868,1,185.357916
-0.17486883556678545,1,185.381076
-0.30311683097797204,1,185.399694
-0.21346641285191226,1,185.418999
-0.25482228882126856,1,185.438188
-0.19200259520086324,1,185.526094
-0.26821374406741066,1,185.62943
-0.4181732123974292,1,185.70287
-0.4181732123974292,1,185.80035
-0.3990951520637301,1,185.85867
-0.4181732123974292,1,185.883156
-0.4991879222741191,1,185.899892
-0.5104736662305263,1,185.921698
-0.39729453640553747,1,185.936898
-0.3328164107011781,1,185.959453
-0.4181732123974292,1,185.976033
-0.3846298891330725,1,185.995248
-0.5104736662305263,1,186.013497
-0.4649204637460998,1,186.032115
-0.28798272407190045,1,186.052585
-0.3846298891330725,1,186.070634
-0.3761263467686034,1,186.097882
-0.2944934971549868,1,186.1233
-0.3761263467686034,1,186.138765
-0.3425619128564722,1,186.162565
-0.24124514129165803,1,186.182862
-0.22189391667851674,1,186.202385
-0.24124514129165803,1,186.221628
-0.3425619128564722,1,186.243367
-0.24124514129165803,1,186.258253
-0.25482228882126856,1,186.281377
-0.21346641285191226,1,186.296562
-0.21346641285191226,1,186.318397
-0.19200259520086324,1,186.335477
-0.24124514129165803,1,186.354135
-0.19200259520086324,1,186.373061
-0.2944934971549868,1,186.392966
-0.21346641285191226,1,186.413388
-0.26228397365733985,1,186.434319
-0.21346641285191226,1,186.448867
-0.21346641285191226,1,186.473541
-0.11417805799000653,1,186.489343
-0.1423214027434267,1,186.513936
-0.16084191632284398,1,186.534362
-0.22839139569008726,1,186.554917
-0.16084191632284398,1,186.572504
-0.10316302264461444,1,186.594007
-0.21346641285191226,1,186.608268
-0.21346641285191226,1,186.630542
-0.19200259520086324,1,186.64494
-0.2087470170473666,1,186.667096
-0.2292001824317403,1,186.687368
-0.24124514129165803,1,186.704833
-0.2292001824317403,1,186.722171
-0.25482228882126856,1,186.741356
-0.34888748945853854,1,186.760111
-0.26821374406741066,1,186.789042
-0.3328164107011781,1,186.804324
-0.21346641285191226,1,186.827017
-0.3328164107011781,1,186.848438
-0.21346641285191226,1,186.866032
-0.2605833639148348,1,186.884804
-0.32017608411302473,1,186.907363
-0.4181732123974292,1,186.92261
-0.32017608411302473,1,186.943677
-0.24124514129165803,1,186.960468
-0.16989401335231497,1,186.982561
-0.2292001824317403,1,187.000215
-0.27263876044615276,1,187.016901
-0.2292001824317403,1,187.035693
-0.2944934971549868,1,187.053882
-0.24124514129165803,1,187.07484
-0.16989401335231497,1,187.096123
-0.21346641285191226,1,187.111095
-0.25482228882126856,1,187.133461
-0.2605833639148348,1,187.147263
-0.2944934971549868,1,187.168519
-0.2605833639148348,1,187.187283
-0.32017608411302473,1,187.205411
-0.3990951520637301,1,187.224419
-0.3846298891330725,1,187.242332
-0.3328164107011781,1,187.261202
-0.25482228882126856,1,187.280157
-0.19200259520086324,1,187.294709
-0.16989401335231497,1,187.318017
-0.19200259520086324,1,187.334414
-0.21346641285191226,1,187.357593
-0.24124514129165803,1,187.377683
-0.21346641285191226,1,187.394455
-0.21346641285191226,1,187.414172
-0.32017608411302473,1,187.430278
-0.21346641285191226,1,187.448792
-0.21346641285191226,1,187.468913
-0.21346641285191226,1,187.486389
-0.21346641285191226,1,187.509201
-0.21346641285191226,1,187.52472
-0.16989401335231497,1,187.547999
-0.2292001824317403,1,187.578723
-0.2944934971549868,1,187.681647
-0.16344145949650912,1,187.750896
-0.25482228882126856,1,187.775253
-0.2503179525788748,1,187.799992
-0.27263876044615276,1,187.826086
-0.26488249354132043,1,187.845856
-0.27263876044615276,1,187.867124
-0.26488249354132043,1,187.895159
-0.3700216929688139,1,187.921908
-0.29935207945051723,1,187.94271
-0.2944934971549868,1,187.96266
-0.29935207945051723,1,187.982907
-0.3328164107011781,1,188.006074
-0.3328164107011781,1,188.022754
-0.3700216929688139,1,188.04767
-0.34888748945853854,1,188.066942
-0.25482228882126856,1,188.084946
-0.29935207945051723,1,188.113972
-0.2944934971549868,1,188.139319
-0.34888748945853854,1,188.15348
-0.32017608411302473,1,188.174929
-0.4556723923847136,1,188.193066
-0.3700216929688139,1,188.212878
-0.4181732123974292,1,188.231193
-0.21346641285191226,1,188.248788
-0.4181732123974292,1,188.266726
-0.27880263402099836,1,188.290734
-0.44450978634989513,1,188.304517
-0.48327519662862173,1,188.326005
-0.27880263402099836,1,188.342604
-0.27880263402099836,1,188.3696
-0.30311683097797204,1,188.39687
-0.27880263402099836,1,188.4214
-0.44450978634989513,1,188.444557
-0.27880263402099836,1,188.466071
-0.44450978634989513,1,188.485766
-0.4181732123974292,1,188.509225
-0.4181732123974292,1,188.525403
-0.4417077771445261,1,188.549219
-0.3328164107011781,1,188.570022
-0.4181732123974292,1,188.5888
-0.4181732123974292,1,188.608038
-0.48327519662862173,1,188.626512
-0.4591460894878775,1,188.645069
-0.48327519662862173,1,188.666973
-0.4991879222741191,1,188.681072
-0.48327519662862173,1,188.702634
-0.3618411141037006,1,188.717988
-0.32017608411302473,1,188.740287
-0.2605833639148348,1,188.759366
-0.32017608411302473,1,188.777782
-0.2605833639148348,1,188.803088
-0.3700216929688139,1,188.827615
-0.34888748945853854,1,188.846656
-0.32017608411302473,1,188.866853
-0.3618411141037006,1,188.886624
-0.32017608411302473,1,188.905274
-0.4181732123974292,1,188.925375
-0.4649204637460998,1,188.947926
-0.39084631595477565,1,188.962109
-0.2944934971549868,1,188.98446
-0.26488249354132043,1,188.999929
-0.2944934971549868,1,189.021367
-0.3328164107011781,1,189.034799
-0.3846298891330725,1,189.057396
-0.3761263467686034,1,189.077186
-0.4649204637460998,1,189.095518
-0.4181732123974292,1,189.11432
-0.3700216929688139,1,189.136253
-0.3990951520637301,1,189.150587
-0.4181732123974292,1,189.174891
-0.4725907666757357,1,189.188995
-0.3700216929688139,1,189.211823
-0.4181732123974292,1,189.22988
-0.5461645770677092,1,189.247208
-0.4556723923847136,1,189.265967
-0.48327519662862173,1,189.289923
-0.4725907666757357,1,189.311924
-0.4181732123974292,1,189.334045
-0.34888748945853854,1,189.351436
-0.26821374406741066,1,189.372372
-0.4181732123974292,1,189.395663
-0.4181732123974292,1,189.418425
-0.4181732123974292,1,189.437815
-0.32017608411302473,1,189.505485
-0.21346641285191226,1,189.597969
-0.3700216929688139,1,189.68494
-0.4181732123974292,1,189.758119
-0.4181732123974292,1,189.836247
-0.4181732123974292,1,189.851291
-0.3503066235459914,1,189.872955
-0.3618411141037006,1,189.894332
-0.3503066235459914,1,189.911407
-0.3990951520637301,1,189.930435
-0.27880263402099836,1,189.950761
-0.3328164107011781,1,189.969588
-0.26228397365733985,1,189.991639
-0.28798272407190045,1,190.005938
-0.2944934971549868,1,190.027561
-0.26488249354132043,1,190.046694
-0.2087470170473666,1,190.064728
-0.19200259520086324,1,190.081614
-0.25482228882126856,1,190.099815
-0.3328164107011781,1,190.118131
-0.25482228882126856,1,190.13956
-0.17486883556678545,1,190.156345
-0.26228397365733985,1,190.179132
-0.27880263402099836,1,190.1944
-0.30311683097797204,1,190.215636
-0.3269334205290107,1,190.234019
-0.17486883556678545,1,190.252188
-0.28798272407190045,1,190.272626
-0.2944934971549868,1,190.292448
-0.2605833639148348,1,190.309965
-0.2944934971549868,1,190.33167
-0.2292001824317403,1,190.347069
-0.2944934971549868,1,190.368809
-0.2292001824317403,1,190.385804
-0.24124514129165803,1,190.409163
-0.23412679961170973,1,190.428399
-0.2087470170473666,1,190.452534
-0.19200259520086324,1,190.468589
-0.21346641285191226,1,190.492182
-0.2605833639148348,1,190.50886
-0.3700216929688139,1,190.530597
-0.34034079305913384,1,190.545022
-0.27880263402099836,1,190.563353
-0.39729453640553747,1,190.583138
-0.3618411141037006,1,190.602016
-0.3328164107011781,1,190.62032
-0.23355491567643297,1,190.637189
-0.20209274144619,1,190.65501
-0.26228397365733985,1,190.673394
-0.21346641285191226,1,190.687979
-0.26228397365733985,1,190.709551
-0.2503179525788748,1,190.723829
-0.26228397365733985,1,190.745993
-0.28798272407190045,1,190.759792
-0.26228397365733985,1,190.782137
-0.28798272407190045,1,190.802722
-0.21346641285191226,1,190.824167
-0.3761263467686034,1,190.843728
-0.3328164107011781,1,190.86672
-0.28798272407190045,1,190.882313
-0.32017608411302473,1,190.903723
-0.28798272407190045,1,190.922051
-0.26228397365733985,1,190.939514
-0.28580397361039567,1,190.958111
-0.26228397365733985,1,190.975293
-0.3761263467686034,1,190.992743
-0.26228397365733985,1,191.010558
-0.28580397361039567,1,191.03012
-0.30311683097797204,1,191.050671
-0.29935207945051723,1,191.064513
-0.3328164107011781,1,191.088197
-0.29935207945051723,1,191.102902
-0.3328164107011781,1,191.124152
-0.29935207945051723,1,191.138154
-0.2944934971549868,1,191.158726
-0.32017608411302473,1,191.1772
-0.3328164107011781,1,191.194489
-0.19200259520086324,1,191.212313
-0.16989401335231497,1,191.229538
-0.19200259520086324,1,191.247978
-0.17486883556678545,1,191.267511
-0.2292001824317403,1,191.284175
-0.2944934971549868,1,191.307763
-0.2503179525788748,1,191.323211
-0.2197171184050079,1,191.347267
-0.2503179525788748,1,191.366493
-0.26228397365733985,1,191.386905
-0.3328164107011781,1,191.407704
-0.25482228882126856,1,191.430563
-0.2503179525788748,1,191.448475
-0.2944934971549868,1,191.473865
-0.30556888673876903,1,191.489283
-0.26821374406741066,1,191.513205
-0.3990951520637301,1,191.54633
-0.26821374406741066,1,191.649456
-0.21346641285191226,1,191.727543
-0.25482228882126856,1,191.844631
-0.29935207945051723,1,191.918864
-0.3328164107011781,1,191.950587
-0.3328164107011781,1,191.970042
-0.32017608411302473,1,191.988693
-0.30556888673876903,1,192.008362
-0.4181732123974292,1,192.02974
-0.4556723923847136,1,192.046945
-0.5104736662305263,1,192.070151
-0.5104736662305263,1,192.085585
-0.48327519662862173,1,192.110199
-0.28798272407190045,1,192.127374
-0.3328164107011781,1,192.148556
-0.34888748945853854,1,192.168305
-0.25482228882126856,1,192.19047
-0.26488249354132043,1,192.209942
-0.2944934971549868,1,192.23036
-0.2503179525788748,1,192.245609
-0.24124514129165803,1,192.268743
-0.23412679961170973,1,192.283466
-0.24124514129165803,1,192.304851
-0.26488249354132043,1,192.319854
-0.27263876044615276,1,192.344536
-0.19200259520086324,1,192.365157
-0.25482228882126856,1,192.385188
-0.24124514129165803,1,192.404195
-0.3328164107011781,1,192.423154
-0.3328164107011781,1,192.444009
-0.2944934971549868,1,192.466745
-0.28798272407190045,1,192.483299
-0.32017608411302473,1,192.50523
-0.34888748945853854,1,192.52008
-0.25482228882126856,1,192.543469
-0.2292001824317403,1,192.560695
-0.25482228882126856,1,192.58202
-0.34888748945853854,1,192.601975
-0.32017608411302473,1,192.620886
-0.34888748945853854,1,192.640523
-0.25482228882126856,1,192.65845
-0.2292001824317403,1,192.676727
-0.2087470170473666,1,192.699553
-0.16084191632284398,1,192.716478
-0.21346641285191226,1,192.738918
-0.24372822003731331,1,192.753862
-0.3099697590851077,1,192.777199
-0.21346641285191226,1,192.794363
-0.27263876044615276,1,192.814411
-0.22189391667851674,1,192.835335
-0.24124514129165803,1,192.856152
-0.35361214356392995,1,192.875292
-0.27263876044615276,1,192.895084
-0.2503179525788748,1,192.921141
-0.27880263402099836,1,192.950669
-0.21346641285191226,1,192.97339
-0.25482228882126856,1,192.995571
-0.30556888673876903,1,193.011395
-0.21346641285191226,1,193.03707
-0.2605833639148348,1,193.053421
-0.2944934971549868,1,193.078179
-0.3761263467686034,1,193.097138
-0.3700216929688139,1,193.115382
-0.30311683097797204,1,193.136764
-0.3700216929688139,1,193.155885
-0.34034079305913384,1,193.174489
-0.3328164107011781,1,193.195877
-0.28798272407190045,1,193.212083
-0.32017608411302473,1,193.236016
-0.30556888673876903,1,193.252071
-0.3700216929688139,1,193.275547
-0.3328164107011781,1,193.291572
-0.30311683097797204,1,193.315538
-0.2503179525788748,1,193.336733
-0.26228397365733985,1,193.356733
-0.3328164107011781,1,193.375856
-0.26228397365733985,1,193.402165
-0.28580397361039567,1,193.417961
-0.26228397365733985,1,193.44568
-0.3269334205290107,1,193.466367
-0.30311683097797204,1,193.486223
-0.26488249354132043,1,193.505587
-0.3846298891330725,1,193.529333
-0.3328164107011781,1,193.549756
-0.2197171184050079,1,193.572924
-0.28798272407190045,1,193.588695
-0.3700216929688139,1,193.614944
-0.3328164107011781,1,193.635462
-0.32017608411302473,1,193.653386
-0.2605833639148348,1,193.673691
-0.32017608411302473,1,193.698919
