#{"t_start": 1753642080.0750766, "env_id": "None"}
r,l,t
-1.0,1,0.043495
-1.0,1,0.147152
-1.0,1,0.211911
-1.0,1,0.267724
-0.6666666666666666,1,0.323477
-0.6,1,0.377983
-0.5,1,0.430355
-0.625,1,0.485779
-0.3,1,0.536762
-0.3333333333333333,1,0.599124
-0.2,1,0.654979
-0.36,1,0.709102
-0.4,1,0.760256
-0.16666666666666666,1,0.81673
-0.26666666666666666,1,0.87269
-0.16666666666666666,1,0.931596
-0.21428571428571427,1,0.995622
-0.25,1,1.0596
-0.4,1,1.116706
-0.25,1,1.171984
-0.21428571428571427,1,1.24388
-0.3125,1,1.308119
-0.25,1,1.365427
-0.1875,1,1.423
-0.2222222222222222,1,1.476921
-0.25925925925925924,1,1.552129
-0.25,1,1.611556
-0.23809523809523808,1,1.689106
-0.25,1,1.745836
-0.25,1,1.810399
-0.2,1,1.874169
-0.1875,1,1.940183
-0.2222222222222222,1,2.017657
-0.25,1,2.085382
-0.22727272727272727,1,2.165575
-0.3,1,2.239564
-0.2222222222222222,1,2.328065
-0.1111111111111111,1,2.397418
-0.18518518518518517,1,2.461322
-0.07936507936507936,1,2.522992
-0.1388888888888889,1,2.590823
-0.075,1,2.648216
-0.06666666666666667,1,2.705295
-0.1111111111111111,1,2.763235
-0.06666666666666667,1,2.824705
-0.1111111111111111,1,2.880627
-0.05454545454545454,1,2.935997
-0.0743801652892562,1,2.995817
-0.05454545454545454,1,3.04964
-0.0707070707070707,1,3.105615
-0.09090909090909091,1,3.156571
-0.09090909090909091,1,3.216813
-0.07142857142857142,1,3.270062
-0.03896103896103896,1,3.327248
-0.07142857142857142,1,3.389052
-0.09090909090909091,1,3.459275
-0.07142857142857142,1,3.528394
-0.07692307692307693,1,3.586823
-0.07692307692307693,1,3.645338
-0.07692307692307693,1,3.711101
-0.14285714285714285,1,3.793349
-0.07692307692307693,1,3.853457
-0.14285714285714285,1,3.908355
0.0,1,3.963121
-1.0,1,4.017536
-1.0,1,4.073595
-1.0,1,4.13266
-0.5,1,4.189011
-0.6,1,4.244649
-0.75,1,4.300622
-0.5,1,4.370002
-0.5,1,4.425844
-0.4,1,4.48671
-0.28,1,4.559092
-0.2,1,4.613342
-0.36,1,4.664872
-0.26666666666666666,1,4.724058
-0.14285714285714285,1,4.775958
-0.15,1,4.826278
-0.1111111111111111,1,4.879141
-0.2222222222222222,1,4.933191
-0.25,1,4.988046
-0.2222222222222222,1,5.043001
-0.15555555555555556,1,5.099318
-0.1,1,5.167698
-0.16666666666666666,1,5.236701
-0.14285714285714285,1,5.296676
-0.22448979591836735,1,5.357295
-0.10714285714285714,1,5.412438
-0.22448979591836735,1,5.475554
-0.14285714285714285,1,5.533038
-0.14285714285714285,1,5.596879
-0.07142857142857142,1,5.668371
-0.16666666666666666,1,5.732086
-0.09523809523809523,1,5.800011
-0.16666666666666666,1,5.864778
-0.1111111111111111,1,5.929072
-0.20833333333333334,1,5.996714
-0.14814814814814814,1,6.057457
-0.1,1,6.112336
-0.11428571428571428,1,6.165695
-0.14285714285714285,1,6.222082
-0.14285714285714285,1,6.286285
-0.125,1,6.346063
-0.08333333333333333,1,6.417857
-0.075,1,6.476224
-0.08571428571428572,1,6.543648
-0.1111111111111111,1,6.606672
-0.05555555555555555,1,6.673862
-0.09375,1,6.730612
-0.08333333333333333,1,6.802934
-0.125,1,6.862719
-0.1111111111111111,1,6.935568
-0.125,1,6.989932
-0.06666666666666667,1,7.060119
-0.1111111111111111,1,7.120426
-0.06666666666666667,1,7.194376
-0.125,1,7.259528
-0.05714285714285714,1,7.327587
-0.1,1,7.399094
-0.06666666666666667,1,7.458526
-0.075,1,7.552468
-0.06666666666666667,1,7.618497
-0.125,1,7.681061
-0.05555555555555555,1,7.750839
-0.13580246913580246,1,7.810855
-0.044444444444444446,1,7.881752
-0.050505050505050504,1,7.936493
-0.07407407407407407,1,8.013038
-0.08333333333333333,1,8.07305
-0.06818181818181818,1,8.14138
-0.1,1,8.201095
-0.08571428571428572,1,8.275229
-0.2,1,8.328428
-0.02857142857142857,1,8.408362
-0.06493506493506493,1,8.470371
-0.11363636363636363,1,8.541921
-0.05,1,8.595294
-0.1388888888888889,1,8.663001
-0.06172839506172839,1,8.71766
-0.08333333333333333,1,8.77981
-0.1875,1,8.833392
-0.10714285714285714,1,8.894198
-0.125,1,8.947809
-0.14285714285714285,1,9.023527
-0.1111111111111111,1,9.078248
-0.05714285714285714,1,9.134783
-0.1,1,9.192504
-0.05555555555555555,1,9.26197
-0.1746031746031746,1,9.328481
-0.10714285714285714,1,9.401038
-0.16666666666666666,1,9.458333
-0.1111111111111111,1,9.529888
-0.1746031746031746,1,9.585862
-0.10714285714285714,1,9.656596
-0.1836734693877551,1,9.717184
-0.14285714285714285,1,8.710041
-0.3142857142857143,1,8.770361
-0.14285714285714285,1,8.836239
-0.10204081632653061,1,8.889815
-0.23809523809523808,1,8.948805
-0.2571428571428571,1,9.008912
-0.26666666666666666,1,9.077045
-0.16666666666666666,1,9.128222
-0.3333333333333333,1,9.199787
-0.2,1,9.270088
-0.09523809523809523,1,9.331187
-0.1836734693877551,1,9.394029
-0.14285714285714285,1,9.45523
-0.1111111111111111,1,9.51629
-0.14285714285714285,1,9.581766
-0.20833333333333334,1,9.638823
-0.03571428571428571,1,9.696764
-0.14285714285714285,1,9.756211
-0.17857142857142858,1,9.818032
-0.1111111111111111,1,9.878464
-0.1111111111111111,1,9.939958
-0.1,1,10.00183
-0.1111111111111111,1,10.061533
-0.08333333333333333,1,10.128592
-0.19047619047619047,1,10.196421
-0.2571428571428571,1,10.260958
-0.2857142857142857,1,10.328332
-0.2,1,10.398075
-0.14285714285714285,1,10.466714
-0.2222222222222222,1,10.519471
-0.2,1,10.589256
-0.2777777777777778,1,10.64535
-0.14285714285714285,1,10.714008
-0.14285714285714285,1,10.773083
-0.23809523809523808,1,10.833499
-0.1111111111111111,1,10.885714
-0.14285714285714285,1,10.948904
-0.14285714285714285,1,11.007786
-0.10714285714285714,1,11.073454
-0.14285714285714285,1,11.134197
-0.10714285714285714,1,11.193132
-0.09375,1,11.263052
-0.05555555555555555,1,11.347333
-0.1,1,11.404883
-0.05555555555555555,1,11.469849
-0.1746031746031746,1,11.542074
-0.1111111111111111,1,11.60656
-0.125,1,11.663012
-0.1111111111111111,1,11.732199
-0.08641975308641975,1,11.790146
-0.1111111111111111,1,11.854054
-0.09375,1,11.910467
-0.1111111111111111,1,11.969994
-0.125,1,12.028843
-0.1111111111111111,1,12.092002
-0.075,1,12.154732
-0.11428571428571428,1,12.223379
-0.1,1,12.282308
-0.12,1,12.347354
-0.15555555555555556,1,12.405541
-0.15,1,12.465273
-0.14285714285714285,1,12.52708
-0.14285714285714285,1,12.597078
-0.14285714285714285,1,12.661208
-0.14285714285714285,1,12.72316
-0.16666666666666666,1,12.787435
-0.25,1,12.851783
-0.2,1,12.908425
-0.23809523809523808,1,12.964892
-0.14285714285714285,1,13.030661
-0.3333333333333333,1,13.110628
-0.14285714285714285,1,13.168385
-0.07142857142857142,1,13.223742
-0.1111111111111111,1,13.278296
-0.18518518518518517,1,13.344436
-0.13333333333333333,1,13.408309
-0.15151515151515152,1,13.465838
-0.1,1,13.533095
-0.12,1,13.592003
-0.1,1,13.665507
-0.14285714285714285,1,13.730495
-0.09090909090909091,1,13.786309
-0.11428571428571428,1,13.850239
-0.13333333333333333,1,13.915071
-0.1111111111111111,1,13.987738
-0.13333333333333333,1,14.047091
-0.1111111111111111,1,14.115542
-0.16666666666666666,1,14.176661
-0.1111111111111111,1,14.249592
-0.16666666666666666,1,14.312289
-0.3333333333333333,1,14.384652
-0.16666666666666666,1,14.447499
-0.14285714285714285,1,14.507789
-0.09375,1,14.571235
-0.08333333333333333,1,14.634239
-0.1111111111111111,1,14.705817
-0.1111111111111111,1,14.777573
-0.1111111111111111,1,14.837426
-0.14814814814814814,1,14.903077
-0.1111111111111111,1,14.959359
-0.1111111111111111,1,15.017181
-0.1111111111111111,1,15.080253
-0.14814814814814814,1,15.147309
-0.13333333333333333,1,15.213354
-0.08571428571428572,1,15.28739
-0.06493506493506493,1,15.361342
-0.12121212121212122,1,15.443797
-0.13333333333333333,1,15.509612
-0.11428571428571428,1,15.569044
-0.1111111111111111,1,15.634126
-0.10714285714285714,1,15.700846
-0.1111111111111111,1,15.769497
-0.1111111111111111,1,15.829421
-0.1111111111111111,1,15.892804
-0.10714285714285714,1,15.954544
-0.1111111111111111,1,16.013816
-0.07142857142857142,1,16.077337
-0.16666666666666666,1,16.158084
-0.10714285714285714,1,16.222147
-0.1836734693877551,1,16.289247
-0.10714285714285714,1,16.356468
-0.1836734693877551,1,16.412052
-0.14285714285714285,1,16.476866
-0.07936507936507936,1,16.541621
-0.1111111111111111,1,16.602934
-0.14285714285714285,1,16.670859
-0.1111111111111111,1,16.743087
-0.125,1,16.808446
-0.10714285714285714,1,16.886719
-0.09375,1,16.946464
-0.05555555555555555,1,17.005795
-0.09375,1,17.070263
-0.10714285714285714,1,17.140891
-0.20833333333333334,1,17.206856
-0.2,1,17.277986
-0.14285714285714285,1,17.340928
-0.15,1,17.405807
-0.14285714285714285,1,17.466766
-0.19047619047619047,1,17.543005
-0.2571428571428571,1,17.600515
-0.2,1,17.669191
-0.2222222222222222,1,17.730087
-0.23809523809523808,1,17.79684
-0.16666666666666666,1,17.858112
-0.14285714285714285,1,17.922836
-0.14285714285714285,1,17.995093
-0.14285714285714285,1,18.076156
-0.09375,1,18.145926
-0.14285714285714285,1,18.215105
-0.1836734693877551,1,18.278287
-0.23809523809523808,1,18.355397
-0.14285714285714285,1,18.412482
-0.21428571428571427,1,18.471159
-0.3333333333333333,1,18.539
-0.3333333333333333,1,18.611831
-0.3333333333333333,1,18.682432
-0.3333333333333333,1,18.769657
-0.25,1,18.836491
-0.15,1,18.914161
-0.16666666666666666,1,18.963814
-0.07142857142857142,1,19.034998
-0.125,1,19.111773
-0.07142857142857142,1,19.172472
-0.14285714285714285,1,19.227608
-0.1111111111111111,1,19.294039
-0.1,1,19.358225
-0.08571428571428572,1,19.43139
-0.1,1,19.493474
-0.06666666666666667,1,19.5662
-0.1111111111111111,1,19.628018
-0.06666666666666667,1,19.695123
-0.06172839506172839,1,19.759875
-0.08888888888888889,1,19.821717
-0.06172839506172839,1,19.883863
-0.06666666666666667,1,19.954879
-0.09090909090909091,1,20.01461
-0.06666666666666667,1,20.075571
-0.09090909090909091,1,20.141374
-0.05454545454545454,1,20.207187
-0.0707070707070707,1,20.27112
-0.07407407407407407,1,20.33827
-0.042735042735042736,1,20.399442
-0.07407407407407407,1,20.469029
-0.042735042735042736,1,20.529965
-0.07692307692307693,1,20.596771
-0.07692307692307693,1,20.660597
-0.07692307692307693,1,20.727191
-0.07692307692307693,1,20.784585
-0.07692307692307693,1,20.851844
-0.07692307692307693,1,20.91164
-0.07692307692307693,1,20.983944
-0.05555555555555555,1,21.04024
-0.2,1,21.104802
-0.16363636363636364,1,21.169131
-0.13636363636363635,1,21.241435
-0.09090909090909091,1,21.296491
-0.16,1,21.371028
-0.06666666666666667,1,21.428226
-0.11428571428571428,1,21.487238
-0.1,1,21.547547
-0.09090909090909091,1,21.612055
-0.06493506493506493,1,21.678038
-0.11428571428571428,1,21.742607
-0.1,1,21.808543
-0.12,1,21.879275
-0.3,1,21.943652
-0.12,1,22.005041
-0.2,1,22.065118
-0.12,1,22.135857
-0.09090909090909091,1,22.195251
-0.15151515151515152,1,22.250804
-0.1111111111111111,1,22.320314
-0.047619047619047616,1,22.39498
-0.1111111111111111,1,22.459188
-0.1,1,22.539847
-0.09090909090909091,1,22.606261
-0.2,1,22.671795
-0.15,1,22.741302
-0.12,1,22.803867
-0.2,1,22.891871
-0.2,1,22.965357
-0.25925925925925924,1,23.043528
-0.2222222222222222,1,23.129961
-0.1111111111111111,1,23.197893
-0.1111111111111111,1,23.297981
-0.125,1,23.38828
-0.2,1,23.461862
-0.3125,1,23.5261
-0.25,1,23.59301
-0.125,1,23.652228
-0.2857142857142857,1,23.715875
-0.25,1,23.78522
-0.2,1,23.849086
-0.1111111111111111,1,23.922606
-0.1,1,24.000823
-0.3125,1,24.081911
-0.2857142857142857,1,24.196876
-0.25,1,24.267647
-0.4444444444444444,1,24.337123
-0.4666666666666667,1,24.399961
-0.3333333333333333,1,24.469996
-0.3333333333333333,1,24.540459
-0.2,1,24.611888
-0.2,1,24.698936
-0.19047619047619047,1,24.763993
-0.20833333333333334,1,24.841998
-0.1111111111111111,1,24.910789
-0.16666666666666666,1,24.988211
-0.19047619047619047,1,25.053535
-0.14285714285714285,1,25.113834
-0.14285714285714285,1,25.180198
-0.16666666666666666,1,25.239409
-0.26666666666666666,1,25.303134
-0.2,1,25.360037
-0.15,1,25.420805
-0.2,1,25.477501
-0.19047619047619047,1,25.544787
-0.2222222222222222,1,25.599993
-0.3333333333333333,1,25.666718
-0.1111111111111111,1,25.725681
-0.14285714285714285,1,25.811881
-0.2,1,25.870747
-0.15,1,25.954545
-0.2571428571428571,1,26.022564
-0.2,1,26.081691
-0.2571428571428571,1,26.141272
-0.3333333333333333,1,26.199787
-0.16666666666666666,1,26.265355
-0.09523809523809523,1,26.331155
-0.2571428571428571,1,26.386137
-0.35714285714285715,1,26.448502
-0.3333333333333333,1,26.517596
-0.2,1,26.593048
-0.2,1,26.65962
-0.25,1,26.725332
-0.25,1,26.787269
-0.2857142857142857,1,26.870087
-0.2,1,26.941836
-0.19047619047619047,1,27.016818
-0.14285714285714285,1,27.086812
-0.19047619047619047,1,27.158948
-0.2222222222222222,1,27.239091
-0.19047619047619047,1,27.310309
-0.20833333333333334,1,27.37939
-0.2,1,27.447559
-0.2571428571428571,1,27.512438
-0.19047619047619047,1,27.582949
-0.14285714285714285,1,27.647074
-0.2857142857142857,1,27.71758
-0.2571428571428571,1,27.781688
-0.21428571428571427,1,27.850981
-0.2,1,27.936552
-0.13333333333333333,1,27.999944
-0.25,1,28.070019
-0.4444444444444444,1,28.152958
-0.3333333333333333,1,28.219365
-0.42857142857142855,1,28.297467
-0.23809523809523808,1,28.371736
-0.3333333333333333,1,28.429364
-0.3333333333333333,1,28.487597
-0.21428571428571427,1,28.563804
-0.3125,1,28.626391
-0.21428571428571427,1,28.703428
-0.3333333333333333,1,28.768909
-0.25,1,28.841949
-0.375,1,28.908028
-0.3333333333333333,1,28.973697
-0.3,1,29.038809
-0.08,1,29.120167
-0.1,1,29.185305
-0.08571428571428572,1,29.268427
-0.1,1,29.323937
-0.12,1,29.399615
-0.1,1,29.462254
-0.12121212121212122,1,29.539749
-0.12727272727272726,1,29.604744
-0.13333333333333333,1,29.663954
-0.09090909090909091,1,29.721134
-0.16,1,29.783386
-0.15555555555555556,1,29.845306
-0.16666666666666666,1,29.904885
-0.15555555555555556,1,29.969009
-0.2,1,30.0296
-0.06666666666666667,1,30.089947
-0.12121212121212122,1,30.147064
-0.16666666666666666,1,30.204707
-0.15151515151515152,1,30.269412
-0.12727272727272726,1,30.332421
-0.18181818181818182,1,30.408947
-0.2,1,30.459152
-0.12,1,30.520846
-0.1111111111111111,1,30.578877
-0.1,1,30.643968
-0.14285714285714285,1,30.695311
-0.2,1,30.757976
-0.125,1,30.821558
-0.2,1,30.89163
-0.15555555555555556,1,30.949733
-0.1111111111111111,1,31.016759
-0.25,1,31.082125
-0.14814814814814814,1,31.142056
-0.2,1,31.197155
-0.25,1,31.261825
-0.1875,1,31.340453
-0.2222222222222222,1,31.408282
-0.3125,1,31.4713
-0.25,1,31.545434
-0.42857142857142855,1,31.620507
-0.25,1,31.704576
-0.125,1,31.777694
-0.15,1,31.856318
-0.24444444444444444,1,31.926638
-0.14814814814814814,1,31.994597
-0.07936507936507936,1,32.057997
-0.11428571428571428,1,32.123834
-0.07936507936507936,1,32.195005
-0.11428571428571428,1,32.267383
-0.1,1,32.336475
-0.14814814814814814,1,32.401756
-0.07936507936507936,1,32.473158
-0.10714285714285714,1,32.545403
-0.20833333333333334,1,32.631886
-0.14285714285714285,1,32.697638
-0.16666666666666666,1,32.764524
-0.18518518518518517,1,32.834166
-0.16666666666666666,1,32.89538
-0.23809523809523808,1,32.955638
-0.1836734693877551,1,33.012447
-0.10714285714285714,1,33.076
-0.125,1,33.136564
-0.09523809523809523,1,33.198928
-0.16666666666666666,1,33.260301
-0.2,1,33.32074
-0.16666666666666666,1,33.370154
-0.23809523809523808,1,33.435117
-0.16666666666666666,1,33.489707
-0.07142857142857142,1,33.551846
-0.20833333333333334,1,33.607317
-0.14285714285714285,1,33.677758
-0.125,1,33.730263
-0.10714285714285714,1,33.793954
-0.20833333333333334,1,33.85664
-0.1111111111111111,1,33.924564
-0.041666666666666664,1,33.98062
-0.2,1,34.050786
-0.20833333333333334,1,34.121412
-0.2,1,34.190685
-0.1111111111111111,1,34.247381
-0.2,1,34.318233
-0.2,1,34.382
-0.2,1,34.448691
-0.16666666666666666,1,34.507657
-0.3,1,34.573936
-0.25,1,34.631899
-0.13333333333333333,1,34.696756
-0.14285714285714285,1,34.757525
-0.19047619047619047,1,34.821509
-0.16666666666666666,1,34.870423
-0.19047619047619047,1,34.930579
-0.2222222222222222,1,34.993731
-0.2,1,35.053524
-0.2222222222222222,1,35.114393
-0.19047619047619047,1,35.170073
-0.20833333333333334,1,35.226775
-0.10714285714285714,1,35.285502
-0.0625,1,35.34381
-0.14285714285714285,1,35.406333
-0.1111111111111111,1,35.469063
-0.14285714285714285,1,35.527936
-0.14285714285714285,1,35.587929
-0.07407407407407407,1,35.659317
-0.1,1,35.72487
-0.11428571428571428,1,35.782503
-0.075,1,35.838692
-0.08888888888888889,1,35.903998
-0.075,1,35.968991
-0.1111111111111111,1,36.032099
-0.075,1,36.107202
-0.14285714285714285,1,36.177788
-0.09090909090909091,1,36.23851
-0.11428571428571428,1,36.301029
-0.13333333333333333,1,36.367378
-0.16,1,36.445556
-0.06666666666666667,1,36.514879
-0.14285714285714285,1,36.589284
-0.05,1,36.643385
-0.06666666666666667,1,36.696417
-0.06,1,36.758642
-0.08888888888888889,1,36.824251
-0.075,1,36.886246
-0.06666666666666667,1,36.952099
-0.1,1,37.021444
-0.09090909090909091,1,37.098503
-0.06493506493506493,1,37.151346
-0.09523809523809523,1,37.219492
-0.1111111111111111,1,37.281379
-0.09523809523809523,1,37.354414
-0.09090909090909091,1,37.414942
-0.11428571428571428,1,37.476653
-0.09090909090909091,1,37.535535
-0.09090909090909091,1,37.610876
-0.0707070707070707,1,37.675471
-0.09090909090909091,1,37.741506
-0.09090909090909091,1,37.804615
-0.2,1,37.87613
-0.06666666666666667,1,37.936928
-0.08571428571428572,1,37.998959
-0.14285714285714285,1,38.056737
-0.14285714285714285,1,38.132424
-0.125,1,38.202096
-0.10714285714285714,1,38.266675
-0.16666666666666666,1,38.354482
-0.1111111111111111,1,38.418834
-0.2,1,38.472929
-0.1111111111111111,1,38.536379
-0.25,1,38.603612
-0.2222222222222222,1,38.677639
-0.1,1,38.743946
-0.18181818181818182,1,38.817802
-0.2,1,38.875223
-0.12,1,38.939034
-0.1111111111111111,1,38.992455
-0.2222222222222222,1,39.054909
-0.25925925925925924,1,39.112565
-0.26666666666666666,1,39.179208
-0.15,1,39.246457
-0.12,1,39.309238
-0.2,1,39.370491
-0.12,1,39.439194
-0.06666666666666667,1,39.499045
-0.1,1,39.565247
-0.2,1,39.62218
-0.2,1,39.689014
-0.09090909090909091,1,39.746517
-0.15151515151515152,1,39.807965
-0.03896103896103896,1,39.870739
-0.15151515151515152,1,39.931673
-0.1,1,39.987384
-0.11428571428571428,1,40.053457
-0.11688311688311688,1,40.106983
-0.02857142857142857,1,40.172509
-0.07936507936507936,1,40.236013
-0.08333333333333333,1,40.305348
-0.15625,1,40.359056
-0.14285714285714285,1,40.427563
-0.22448979591836735,1,40.480019
-0.14285714285714285,1,40.537746
-0.14285714285714285,1,40.593264
-0.17857142857142858,1,40.661268
-0.1111111111111111,1,40.715441
-0.1111111111111111,1,40.781312
-0.1,1,40.836681
-0.14814814814814814,1,40.89934
-0.06666666666666667,1,39.938456
-0.07407407407407407,1,39.998791
-0.2,1,40.062588
-0.2,1,40.13194
-0.15555555555555556,1,40.194374
-0.14814814814814814,1,40.25862
-0.125,1,40.319097
-0.14285714285714285,1,40.377324
-0.14285714285714285,1,40.444998
-0.14285714285714285,1,40.506667
-0.14285714285714285,1,40.563137
-0.14285714285714285,1,40.62387
-0.16666666666666666,1,40.679654
-0.14814814814814814,1,40.747367
-0.125,1,40.804831
-0.19047619047619047,1,40.876141
-0.08333333333333333,1,40.936242
-0.14285714285714285,1,40.997181
-0.14285714285714285,1,41.065074
-0.23809523809523808,1,41.125661
-0.2571428571428571,1,41.185961
-0.26666666666666666,1,41.256257
-0.2,1,41.319943
-0.26666666666666666,1,41.387143
-0.1111111111111111,1,41.444556
-0.23809523809523808,1,41.505592
-0.2,1,41.581591
-0.23809523809523808,1,41.636227
-0.2,1,41.70291
-0.2,1,41.769097
-0.14285714285714285,1,41.828398
-0.23809523809523808,1,41.895533
-0.22448979591836735,1,41.95503
-0.19047619047619047,1,42.015156
-0.1111111111111111,1,42.079958
-0.2,1,42.146062
-0.16666666666666666,1,42.210149
-0.23809523809523808,1,42.277408
-0.14285714285714285,1,42.345917
-0.14285714285714285,1,42.409488
-0.10204081632653061,1,42.468581
-0.10714285714285714,1,42.525711
-0.125,1,42.583955
-0.17857142857142858,1,42.662385
-0.16666666666666666,1,42.721714
-0.17857142857142858,1,42.781714
-0.1111111111111111,1,42.841868
-0.1111111111111111,1,42.900481
-0.125,1,42.966569
-0.10714285714285714,1,43.030071
-0.14285714285714285,1,43.100411
-0.14285714285714285,1,43.162504
-0.10204081632653061,1,43.221875
-0.10714285714285714,1,43.28626
-0.125,1,43.351169
-0.19047619047619047,1,43.418787
-0.2,1,43.47415
-0.2,1,43.534818
-0.2,1,43.593834
-0.2,1,43.662724
-0.2,1,43.722351
-0.2,1,43.80624
-0.2,1,43.873688
-0.3333333333333333,1,43.944831
-0.36,1,44.033225
-0.3,1,44.104319
-0.25,1,44.163944
-0.21428571428571427,1,44.233802
-0.1875,1,44.296431
-0.16666666666666666,1,44.363683
-0.2,1,44.424966
-0.12,1,44.48314
-0.06666666666666667,1,44.548682
-0.1111111111111111,1,44.622432
-0.1111111111111111,1,44.682443
-0.07142857142857142,1,44.7407
-0.1111111111111111,1,44.800649
-0.10714285714285714,1,44.878346
-0.1111111111111111,1,44.939489
-0.10714285714285714,1,44.994616
-0.14285714285714285,1,45.043848
-0.10714285714285714,1,45.126172
-0.08333333333333333,1,45.187916
-0.15,1,45.2448
-0.1875,1,45.302959
-0.1,1,45.363626
-0.15555555555555556,1,45.430317
-0.08,1,45.49365
-0.13333333333333333,1,45.54949
-0.12,1,45.611206
-0.09090909090909091,1,45.67065
-0.12121212121212122,1,45.734993
-0.16666666666666666,1,45.793432
-0.18518518518518517,1,45.856402
-0.06666666666666667,1,45.924886
-0.2,1,46.003415
-0.13333333333333333,1,46.065483
-0.11428571428571428,1,46.139661
-0.1,1,46.214578
-0.1111111111111111,1,46.284543
-0.06172839506172839,1,46.337198
-0.1111111111111111,1,46.411901
-0.125,1,46.470867
-0.21428571428571427,1,46.530279
-0.125,1,46.587448
-0.10714285714285714,1,46.655658
-0.1111111111111111,1,46.714834
-0.14285714285714285,1,46.779267
-0.0625,1,46.834844
-0.14285714285714285,1,46.89678
-0.125,1,46.963839
-0.2,1,47.036308
-0.2,1,47.098446
-0.2,1,47.169952
-0.1111111111111111,1,47.228612
-0.14814814814814814,1,47.303009
-0.1,1,47.372269
-0.15151515151515152,1,47.438802
-0.13333333333333333,1,47.506871
-0.1111111111111111,1,47.575257
-0.2,1,47.637129
-0.1111111111111111,1,47.703185
-0.16666666666666666,1,47.762463
-0.1,1,47.829066
-0.16666666666666666,1,47.887556
-0.17857142857142858,1,47.954975
-0.14285714285714285,1,48.016562
-0.14285714285714285,1,48.088391
-0.14285714285714285,1,48.147964
-0.14285714285714285,1,48.230644
-0.09375,1,48.298572
-0.17857142857142858,1,48.371338
-0.125,1,48.439771
-0.23809523809523808,1,48.509599
-0.125,1,48.571548
-0.07142857142857142,1,48.635426
-0.125,1,48.702436
-0.07142857142857142,1,48.784756
-0.16666666666666666,1,48.842837
-0.19047619047619047,1,48.903703
-0.14285714285714285,1,48.970479
-0.10714285714285714,1,49.032289
-0.1111111111111111,1,49.092148
-0.14285714285714285,1,49.162398
-0.125,1,49.229801
-0.14285714285714285,1,49.292395
-0.08333333333333333,1,49.351787
-0.07407407407407407,1,49.414088
-0.16666666666666666,1,49.467532
-0.23809523809523808,1,49.531646
-0.2,1,49.60004
-0.2,1,49.668659
-0.14285714285714285,1,49.724638
-0.15,1,49.785196
-0.15555555555555556,1,49.847758
-0.07407407407407407,1,49.923244
-0.1111111111111111,1,49.990033
-0.14285714285714285,1,50.062427
-0.125,1,50.12239
-0.10714285714285714,1,50.194346
-0.1111111111111111,1,50.252437
-0.14285714285714285,1,50.313555
-0.15625,1,50.379344
-0.05555555555555555,1,50.458864
-0.06172839506172839,1,50.542735
-0.1111111111111111,1,50.624651
-0.1111111111111111,1,50.71136
-0.05714285714285714,1,50.784619
-0.1111111111111111,1,50.868279
-0.1111111111111111,1,50.935889
-0.13333333333333333,1,51.002473
-0.12,1,51.078376
-0.1111111111111111,1,51.143085
-0.2222222222222222,1,51.21206
-0.25,1,51.278961
-0.15,1,51.346803
-0.14285714285714285,1,51.416207
-0.25,1,51.492882
-0.2,1,51.565001
-0.07407407407407407,1,51.647918
-0.20833333333333334,1,51.713102
-0.10714285714285714,1,51.780479
-0.07936507936507936,1,51.848782
-0.07407407407407407,1,51.920069
-0.1,1,51.989918
-0.09090909090909091,1,52.055178
-0.1,1,52.117746
-0.08571428571428572,1,52.183585
-0.1111111111111111,1,52.253378
-0.1111111111111111,1,52.314037
-0.1111111111111111,1,52.373474
-0.1111111111111111,1,52.438007
-0.1111111111111111,1,52.497823
-0.06666666666666667,1,52.590221
-0.06172839506172839,1,52.667447
-0.1111111111111111,1,52.745938
-0.06172839506172839,1,52.818967
-0.06666666666666667,1,52.906666
-0.06172839506172839,1,52.963588
-0.06666666666666667,1,53.056297
-0.1111111111111111,1,53.123666
-0.05454545454545454,1,53.191955
-0.04132231404958678,1,53.26
-0.07272727272727272,1,53.326959
-0.03333333333333333,1,53.391637
-0.07407407407407407,1,53.455479
-0.03333333333333333,1,53.514253
-0.07692307692307693,1,53.58256
-0.06666666666666667,1,53.644026
-0.037037037037037035,1,53.709577
-0.0707070707070707,1,53.771134
-0.03636363636363636,1,53.865516
-0.05,1,53.943835
-0.07272727272727272,1,54.020881
-0.0707070707070707,1,54.072732
-0.045454545454545456,1,54.143893
-0.11688311688311688,1,54.256574
-0.08571428571428572,1,54.352302
-0.1,1,54.441516
-0.06666666666666667,1,54.51229
-0.06172839506172839,1,54.589226
-0.1111111111111111,1,54.669538
-0.0625,1,54.754029
-0.14285714285714285,1,54.826742
-0.14285714285714285,1,54.89337
-0.09523809523809523,1,54.970391
-0.14285714285714285,1,55.030302
-0.14285714285714285,1,55.099446
-0.0625,1,55.161255
-0.10714285714285714,1,55.224998
-0.16666666666666666,1,55.293972
-0.19047619047619047,1,55.376623
-0.10204081632653061,1,55.431347
-0.14285714285714285,1,55.489836
-0.125,1,55.551333
-0.14285714285714285,1,55.617509
-0.07936507936507936,1,55.679387
-0.08571428571428572,1,55.747612
-0.125,1,55.807216
-0.045454545454545456,1,55.868526
-0.125,1,55.933599
-0.047619047619047616,1,55.996497
-0.09090909090909091,1,56.057524
-0.06818181818181818,1,56.12566
-0.11688311688311688,1,56.187415
-0.08571428571428572,1,56.251085
-0.1111111111111111,1,56.325063
-0.1111111111111111,1,56.394256
-0.20833333333333334,1,56.453991
-0.1111111111111111,1,56.519781
-0.1111111111111111,1,56.576926
-0.08571428571428572,1,56.646875
-0.09090909090909091,1,56.707981
-0.09090909090909091,1,56.781972
-0.06493506493506493,1,56.854451
-0.06818181818181818,1,56.92934
-0.0707070707070707,1,56.989483
-0.044444444444444446,1,57.054523
-0.09090909090909091,1,57.110667
-0.06818181818181818,1,57.180082
-0.11688311688311688,1,57.237563
-0.09523809523809523,1,57.302586
-0.08333333333333333,1,57.364968
-0.07692307692307693,1,57.432914
-0.0625,1,57.482915
-0.06818181818181818,1,57.551205
-0.1,1,57.612532
-0.1388888888888889,1,57.677739
-0.06172839506172839,1,57.731229
-0.08333333333333333,1,57.794239
-0.075,1,57.855352
-0.045454545454545456,1,57.914235
-0.1111111111111111,1,57.969247
-0.045454545454545456,1,58.029367
-0.05,1,58.100226
-0.14285714285714285,1,58.164173
-0.1111111111111111,1,58.220826
-0.14285714285714285,1,58.28219
-0.14285714285714285,1,58.340658
-0.14285714285714285,1,58.400232
-0.14285714285714285,1,58.461861
-0.3333333333333333,1,58.556784
-0.14285714285714285,1,58.62904
-0.23809523809523808,1,58.704529
-0.14285714285714285,1,58.765522
-0.17857142857142858,1,58.82687
-0.14285714285714285,1,58.895161
-0.19047619047619047,1,58.957693
-0.3142857142857143,1,59.014638
-0.19047619047619047,1,59.078869
-0.1836734693877551,1,59.1377
-0.23809523809523808,1,59.20335
-0.16666666666666666,1,59.263107
-0.10714285714285714,1,59.323262
-0.1111111111111111,1,59.391224
-0.1111111111111111,1,59.452848
-0.125,1,59.512647
-0.10714285714285714,1,59.581402
-0.14285714285714285,1,59.644592
-0.10714285714285714,1,59.712598
-0.125,1,59.796962
-0.1388888888888889,1,59.866371
-0.125,1,59.924043
-0.14285714285714285,1,59.99133
-0.14285714285714285,1,60.054897
-0.1111111111111111,1,60.122082
-0.075,1,60.17765
-0.1111111111111111,1,60.238673
-0.0625,1,60.301974
-0.1111111111111111,1,60.36831
-0.125,1,60.425592
-0.1388888888888889,1,60.49156
-0.08641975308641975,1,60.546813
-0.1111111111111111,1,60.614972
-0.125,1,60.682556
-0.1111111111111111,1,60.754891
-0.09375,1,60.822945
-0.07142857142857142,1,60.888921
-0.14285714285714285,1,60.960022
-0.17142857142857143,1,61.033413
-0.075,1,61.098671
-0.08571428571428572,1,61.168768
-0.15,1,61.230334
-0.09090909090909091,1,61.29833
-0.050505050505050504,1,61.362131
-0.09090909090909091,1,61.432434
-0.125,1,61.50094
-0.08333333333333333,1,61.573871
-0.09375,1,61.628667
-0.1111111111111111,1,61.694316
-0.14285714285714285,1,61.74925
-0.08333333333333333,1,61.821278
-0.14285714285714285,1,61.889161
-0.21428571428571427,1,61.951611
-0.125,1,62.012436
-0.07142857142857142,1,62.075117
-0.07936507936507936,1,62.129349
-0.17857142857142858,1,62.187003
-0.14285714285714285,1,62.251514
-0.10714285714285714,1,62.317911
-0.0625,1,62.376605
-0.10714285714285714,1,62.436098
-0.14285714285714285,1,62.494042
-0.1111111111111111,1,62.55814
-0.1111111111111111,1,62.61738
-0.11428571428571428,1,62.680879
-0.05,1,62.740893
-0.1111111111111111,1,62.80492
-0.0625,1,62.870568
-0.14285714285714285,1,62.939699
-0.20833333333333334,1,62.995504
-0.14285714285714285,1,63.061819
-0.1111111111111111,1,63.118195
-0.08571428571428572,1,63.182625
-0.1111111111111111,1,63.244648
-0.14285714285714285,1,63.312857
-0.14285714285714285,1,63.363153
-0.19047619047619047,1,63.4342
-0.2,1,63.495752
-0.19047619047619047,1,63.562558
-0.14285714285714285,1,63.612423
-0.17857142857142858,1,63.677969
-0.125,1,63.729533
-0.23809523809523808,1,63.793205
-0.2222222222222222,1,63.850728
-0.19047619047619047,1,63.919792
-0.16666666666666666,1,63.983189
-0.19047619047619047,1,64.054709
-0.2571428571428571,1,64.134367
-0.09523809523809523,1,64.196424
-0.125,1,64.25467
-0.14814814814814814,1,64.330217
-0.041666666666666664,1,64.379737
-0.15,1,64.453637
-0.20833333333333334,1,64.506042
-0.2,1,64.574196
-0.2,1,64.636898
-0.2,1,64.69676
-0.2,1,64.757142
-0.2777777777777778,1,64.821718
-0.25,1,64.88967
-0.21428571428571427,1,64.955261
-0.2,1,65.016139
-0.23809523809523808,1,65.081348
-0.08333333333333333,1,65.135954
-0.037037037037037035,1,65.205788
-0.06666666666666667,1,65.27265
-0.18518518518518517,1,65.340229
-0.08333333333333333,1,65.395343
-0.15,1,65.459947
-0.15555555555555556,1,65.51668
-0.07407407407407407,1,65.573
-0.1111111111111111,1,65.634203
-0.1111111111111111,1,65.694192
-0.08641975308641975,1,65.75567
-0.05555555555555555,1,65.837418
-0.09375,1,65.894768
-0.10714285714285714,1,65.951588
-0.07936507936507936,1,66.011481
-0.1111111111111111,1,66.07299
-0.1111111111111111,1,66.129588
-0.08333333333333333,1,66.200285
-0.03125,1,66.269488
-0.10714285714285714,1,66.340488
-0.1836734693877551,1,66.395179
-0.14285714285714285,1,66.457538
-0.09375,1,66.529488
-0.1111111111111111,1,66.592655
-0.05,1,66.64642
-0.1111111111111111,1,66.71086
-0.06172839506172839,1,66.770622
-0.1111111111111111,1,66.832837
-0.125,1,66.894735
-0.07142857142857142,1,66.948991
-0.125,1,67.000498
-0.10714285714285714,1,67.065718
-0.15625,1,67.119261
-0.1111111111111111,1,67.180869
-0.1,1,67.228407
-0.08571428571428572,1,67.292524
-0.09090909090909091,1,67.36868
-0.11428571428571428,1,67.441925
-0.13333333333333333,1,67.503004
-0.08,1,67.568183
-0.09090909090909091,1,67.628172
-0.06666666666666667,1,67.685989
-0.16666666666666666,1,67.742483
0.0,1,67.8077
-1.0,1,67.864717
-1.0,1,67.929433
-1.0,1,67.986748
-0.75,1,68.049825
-0.5,1,68.107828
-0.3333333333333333,1,68.172097
-0.2222222222222222,1,68.235043
-0.8333333333333334,1,68.299454
-0.4444444444444444,1,68.360579
-0.3333333333333333,1,68.427184
-0.4,1,68.496874
-0.2,1,68.5618
-0.2,1,68.613335
-0.14285714285714285,1,68.68807
-0.23809523809523808,1,68.772149
-0.16666666666666666,1,68.834953
-0.09523809523809523,1,68.890211
-0.08571428571428572,1,68.955096
-0.14285714285714285,1,69.011412
-0.1111111111111111,1,69.067859
-0.14285714285714285,1,69.124448
-0.2222222222222222,1,69.188734
-0.2,1,69.251611
-0.3333333333333333,1,69.311373
-0.2857142857142857,1,69.367777
-0.08571428571428572,1,69.438959
-0.2,1,69.50637
-0.2,1,69.575542
-0.14285714285714285,1,69.651358
-0.2,1,69.736325
-0.42857142857142855,1,69.803226
-0.25,1,69.870888
-0.1,1,69.931349
-0.20833333333333334,1,70.000068
-0.14814814814814814,1,70.060238
-0.1111111111111111,1,70.136138
-0.14814814814814814,1,70.195096
-0.1111111111111111,1,70.25639
-0.14285714285714285,1,70.319493
-0.07936507936507936,1,70.377285
-0.14814814814814814,1,70.440569
-0.125,1,70.500472
-0.14285714285714285,1,70.559458
-0.09375,1,70.633775
-0.1111111111111111,1,70.699579
-0.075,1,70.767494
-0.05714285714285714,1,70.826623
-0.16666666666666666,1,70.904521
-0.11428571428571428,1,70.965001
-0.06493506493506493,1,71.026874
-0.12121212121212122,1,71.090363
-0.09090909090909091,1,71.155352
-0.05714285714285714,1,71.2178
-0.14285714285714285,1,71.281426
-0.08571428571428572,1,71.348028
-0.15,1,71.416555
-0.1111111111111111,1,71.485356
-0.125,1,71.552918
-0.05555555555555555,1,71.606546
-0.1111111111111111,1,71.670921
-0.08333333333333333,1,71.727175
-0.13580246913580246,1,71.787113
-0.06666666666666667,1,71.845112
-0.08,1,71.905211
-0.1111111111111111,1,71.960852
-0.1,1,72.02347
-0.08333333333333333,1,72.120192
-0.1,1,70.946662
-0.05714285714285714,1,71.011206
-0.14285714285714285,1,71.077057
-0.07142857142857142,1,71.138001
-0.125,1,71.213614
-0.08333333333333333,1,71.277545
-0.14285714285714285,1,71.340494
-0.08333333333333333,1,71.399528
-0.075,1,71.464209
-0.11428571428571428,1,71.523327
-0.1,1,71.586896
-0.044444444444444446,1,71.644901
-0.09090909090909091,1,71.704829
-0.06818181818181818,1,71.755491
-0.0707070707070707,1,71.832531
-0.06666666666666667,1,71.91005
-0.1111111111111111,1,71.973509
-0.05555555555555555,1,72.028873
-0.08641975308641975,1,72.095301
-0.05555555555555555,1,72.154803
-0.125,1,72.218349
-0.17857142857142858,1,72.280583
-0.1111111111111111,1,72.350639
-0.1111111111111111,1,72.409416
-0.09375,1,72.478551
-0.1388888888888889,1,72.528747
-0.037037037037037035,1,72.591371
-0.08888888888888889,1,72.653398
-0.075,1,72.714934
-0.05555555555555555,1,72.78339
-0.06172839506172839,1,72.846093
-0.06666666666666667,1,72.898433
-0.1111111111111111,1,72.96117
-0.06666666666666667,1,73.033587
-0.075,1,73.108784
-0.05555555555555555,1,73.170243
-0.125,1,73.245809
-0.05555555555555555,1,73.304072
-0.125,1,73.366036
-0.11428571428571428,1,73.424024
-0.06666666666666667,1,73.486593
-0.14814814814814814,1,73.546639
-0.2,1,73.615013
-0.2,1,73.672265
-0.2,1,73.734124
-0.19047619047619047,1,73.79012
-0.16666666666666666,1,73.85232
-0.2,1,73.906579
-0.16666666666666666,1,73.96065
-0.23809523809523808,1,74.028733
-0.125,1,74.10484
-0.14285714285714285,1,74.170012
-0.14285714285714285,1,74.238607
-0.14285714285714285,1,74.301239
-0.2222222222222222,1,74.371958
-0.14285714285714285,1,74.479102
-0.16666666666666666,1,74.543803
-0.14285714285714285,1,74.615747
-0.16666666666666666,1,74.697226
-0.19047619047619047,1,74.778511
-0.2222222222222222,1,74.857188
-0.14285714285714285,1,74.923949
-0.16666666666666666,1,75.005991
-0.13333333333333333,1,75.06003
-0.16666666666666666,1,75.123262
-0.19047619047619047,1,75.186091
-0.061224489795918366,1,75.249644
-0.23809523809523808,1,75.305479
-0.16666666666666666,1,75.367384
-0.14285714285714285,1,75.430444
-0.061224489795918366,1,75.499988
-0.17857142857142858,1,75.561096
-0.047619047619047616,1,75.621947
-0.10714285714285714,1,75.678423
-0.07936507936507936,1,75.746106
-0.08333333333333333,1,75.803907
-0.09375,1,75.872755
-0.1388888888888889,1,75.940608
-0.1111111111111111,1,76.0141
-0.14285714285714285,1,76.07143
-0.125,1,76.14257
-0.05555555555555555,1,76.204915
-0.1,1,76.267472
-0.09090909090909091,1,76.33332
-0.1,1,76.403258
-0.044444444444444446,1,76.46522
-0.1,1,76.5261
-0.03636363636363636,1,76.590271
-0.1,1,76.65724
-0.044444444444444446,1,76.726246
-0.09090909090909091,1,76.800364
-0.044444444444444446,1,76.866715
-0.075,1,76.933316
-0.05555555555555555,1,76.993461
-0.09375,1,77.056293
-0.1111111111111111,1,77.118344
-0.09375,1,77.188066
-0.10714285714285714,1,77.264217
-0.08333333333333333,1,77.343848
-0.2,1,77.40803
-0.1875,1,77.475581
-0.2,1,77.533628
-0.25,1,77.600575
-0.25,1,77.654325
-0.25925925925925924,1,77.712828
-0.5555555555555556,1,77.773762
-0.25925925925925924,1,77.833965
-0.1111111111111111,1,77.893886
-0.15,1,77.960937
-0.18181818181818182,1,78.020062
-0.12727272727272726,1,78.083185
-0.16,1,78.137679
-0.2,1,78.205284
-0.2,1,78.264295
-0.2571428571428571,1,78.338963
-0.2,1,78.395246
-0.15555555555555556,1,78.456414
-0.14814814814814814,1,78.520406
-0.13333333333333333,1,78.591889
-0.14814814814814814,1,78.657979
-0.08333333333333333,1,78.725517
-0.14814814814814814,1,78.81039
-0.15555555555555556,1,78.884792
-0.07407407407407407,1,78.946004
-0.125,1,79.008691
-0.1111111111111111,1,79.064744
-0.1111111111111111,1,79.133353
-0.08333333333333333,1,79.196759
-0.05,1,79.25345
-0.08333333333333333,1,79.322793
-0.09375,1,79.394519
-0.1111111111111111,1,79.458651
-0.08641975308641975,1,79.524433
-0.1111111111111111,1,79.588611
-0.15625,1,79.654927
-0.14285714285714285,1,79.709384
-0.20833333333333334,1,79.777303
-0.15,1,79.829575
-0.20833333333333334,1,79.899104
-0.14285714285714285,1,79.96079
-0.20833333333333334,1,80.025295
-0.07142857142857142,1,80.093151
-0.125,1,80.158413
-0.1111111111111111,1,80.216585
-0.125,1,80.273481
-0.08333333333333333,1,80.329969
-0.125,1,80.396003
-0.08333333333333333,1,80.4593
-0.075,1,80.529787
-0.11428571428571428,1,80.594504
-0.13333333333333333,1,80.659017
-0.09090909090909091,1,80.710785
-0.14285714285714285,1,80.767954
-0.08571428571428572,1,80.842528
-0.1111111111111111,1,80.913175
-0.08333333333333333,1,80.970267
-0.08641975308641975,1,81.041139
-0.08888888888888889,1,81.095887
-0.08,1,81.151511
-0.07272727272727272,1,81.20705
-0.04132231404958678,1,81.271799
-0.07272727272727272,1,81.333127
-0.06,1,81.402428
-0.07272727272727272,1,81.469392
-0.0707070707070707,1,81.541535
-0.11363636363636363,1,81.600159
-0.08333333333333333,1,81.658743
-0.047619047619047616,1,81.723759
-0.125,1,81.797307
-0.037037037037037035,1,81.856122
-0.09090909090909091,1,81.913712
-0.06818181818181818,1,81.973333
-0.125,1,82.039929
-0.06818181818181818,1,82.092891
-0.05,1,82.16684
-0.11428571428571428,1,82.227184
-0.1,1,82.291119
-0.09090909090909091,1,82.347662
-0.08333333333333333,1,82.412338
-0.06818181818181818,1,82.47709
-0.10416666666666667,1,82.538984
-0.06818181818181818,1,82.616774
-0.09090909090909091,1,82.687222
-0.11428571428571428,1,82.762761
-0.09090909090909091,1,82.831335
-0.045454545454545456,1,82.886752
-0.0707070707070707,1,82.946219
-0.07407407407407407,1,83.066041
-0.09090909090909091,1,83.130363
-0.06818181818181818,1,83.19084
-0.09090909090909091,1,83.25118
-0.07407407407407407,1,83.307816
-0.03333333333333333,1,83.368382
-0.09090909090909091,1,83.426898
-0.06,1,83.488509
-0.06666666666666667,1,83.578854
-0.06172839506172839,1,83.64913
-0.1111111111111111,1,83.703705
-0.1111111111111111,1,83.768909
-0.1111111111111111,1,83.818217
-0.075,1,83.891001
-0.1111111111111111,1,83.979056
-0.04,1,84.043381
-0.08888888888888889,1,84.101661
-0.075,1,84.168034
-0.06666666666666667,1,84.221644
-0.1111111111111111,1,84.28278
-0.08333333333333333,1,84.33692
-0.09375,1,84.397453
-0.1111111111111111,1,84.453512
-0.1111111111111111,1,84.510843
-0.1111111111111111,1,84.584345
-0.09375,1,84.648811
-0.05555555555555555,1,84.707393
-0.08641975308641975,1,84.769425
-0.06666666666666667,1,84.826882
-0.13580246913580246,1,84.888722
-0.08333333333333333,1,84.945525
-0.06172839506172839,1,85.003437
-0.05555555555555555,1,85.070496
-0.1,1,85.137678
-0.08571428571428572,1,85.200072
-0.09090909090909091,1,85.25914
-0.09090909090909091,1,85.318249
-0.1,1,85.389198
-0.07407407407407407,1,85.448349
-0.125,1,85.516885
-0.1111111111111111,1,85.577535
-0.125,1,85.655491
-0.07407407407407407,1,85.721038
-0.15555555555555556,1,85.777418
-0.07407407407407407,1,85.837865
-0.08333333333333333,1,85.904846
-0.10714285714285714,1,85.962058
-0.14285714285714285,1,86.029284
-0.17857142857142858,1,86.098449
-0.14285714285714285,1,86.200202
-0.19047619047619047,1,86.26376
-0.125,1,86.330623
-0.10714285714285714,1,86.386365
-0.16666666666666666,1,86.453815
-0.14285714285714285,1,86.505462
-0.20833333333333334,1,86.571605
-0.1,1,86.643283
-0.16666666666666666,1,86.706548
-0.19047619047619047,1,86.769851
-0.3142857142857143,1,86.826161
-0.21428571428571427,1,86.889758
-0.08333333333333333,1,86.954386
-0.14285714285714285,1,87.010542
-0.23809523809523808,1,87.071358
-0.14285714285714285,1,87.131276
-0.25,1,87.202631
-0.15,1,87.271991
-0.125,1,87.354511
-0.15,1,87.415928
-0.125,1,87.501803
-0.07407407407407407,1,87.558975
-0.14285714285714285,1,87.649161
-0.03571428571428571,1,87.715497
-0.10204081632653061,1,87.775718
-0.23809523809523808,1,87.840657
-0.16666666666666666,1,87.906088
-0.07407407407407407,1,87.962699
-0.1111111111111111,1,88.030444
-0.08333333333333333,1,88.087071
-0.075,1,88.152055
-0.06818181818181818,1,88.208604
-0.0707070707070707,1,88.286082
-0.07272727272727272,1,88.34515
-0.08,1,88.422487
-0.06666666666666667,1,88.499308
-0.06172839506172839,1,88.570001
-0.1111111111111111,1,88.631525
-0.15625,1,88.696638
-0.08333333333333333,1,88.765355
-0.1111111111111111,1,88.835468
-0.17857142857142858,1,88.900182
-0.14285714285714285,1,88.967456
-0.10714285714285714,1,89.028487
-0.125,1,89.093589
-0.19047619047619047,1,89.150171
-0.125,1,89.210934
-0.2,1,89.272727
-0.125,1,89.345525
-0.10714285714285714,1,89.403493
-0.125,1,89.459801
-0.23809523809523808,1,89.515096
-0.14285714285714285,1,89.575045
-0.23809523809523808,1,89.623803
-0.2222222222222222,1,89.685714
-0.09523809523809523,1,89.738895
-0.14285714285714285,1,89.80127
-0.21428571428571427,1,89.860358
-0.14285714285714285,1,89.923767
-0.03571428571428571,1,89.999295
-0.125,1,90.062006
-0.07407407407407407,1,90.129715
-0.13333333333333333,1,90.200074
-0.2,1,90.260264
-0.13333333333333333,1,90.356419
-0.18518518518518517,1,90.414037
-0.14285714285714285,1,90.481501
-0.08333333333333333,1,90.544893
-0.1,1,90.608042
-0.02857142857142857,1,90.662318
-0.1,1,90.735885
-0.06666666666666667,1,90.793002
-0.1111111111111111,1,90.859876
-0.1111111111111111,1,90.929036
-0.15,1,90.990617
-0.05555555555555555,1,91.048001
-0.15,1,91.110337
-0.08571428571428572,1,91.172421
-0.1,1,91.231027
-0.08333333333333333,1,91.303929
-0.06172839506172839,1,91.370023
-0.1111111111111111,1,91.428326
-0.07936507936507936,1,91.494564
-0.08333333333333333,1,91.560021
-0.09375,1,91.617426
-0.03571428571428571,1,91.674595
-0.09375,1,91.750363
-0.1111111111111111,1,91.827359
-0.1111111111111111,1,91.888993
-0.1111111111111111,1,91.950651
-0.07936507936507936,1,92.009605
-0.05555555555555555,1,92.068927
-0.075,1,92.148175
-0.044444444444444446,1,92.209733
-0.1,1,92.267076
-0.06666666666666667,1,92.332247
-0.050505050505050504,1,92.401143
-0.07407407407407407,1,92.452419
-0.03333333333333333,1,92.518125
-0.07272727272727272,1,92.575786
-0.0707070707070707,1,92.645314
-0.09090909090909091,1,92.691755
-0.06493506493506493,1,92.748891
-0.09523809523809523,1,92.802756
-0.07692307692307693,1,92.865503
-0.07692307692307693,1,92.934929
-0.13846153846153847,1,93.005252
-0.1,1,93.058237
-0.09090909090909091,1,93.118751
-0.2,1,93.171802
-0.1,1,93.241441
-0.07407407407407407,1,93.291278
-0.125,1,93.353298
-0.10714285714285714,1,93.403582
-0.125,1,93.465497
-0.10714285714285714,1,93.523934
-0.16666666666666666,1,93.588986
-0.10714285714285714,1,93.658441
-0.1111111111111111,1,93.723081
-0.07142857142857142,1,93.781402
-0.1111111111111111,1,93.852847
-0.14814814814814814,1,93.910526
-0.06666666666666667,1,93.971231
-0.12,1,94.043706
-0.13333333333333333,1,94.09863
-0.12,1,94.1582
-0.05454545454545454,1,94.216953
-0.06666666666666667,1,94.323522
-0.12727272727272726,1,94.39787
-0.2,1,94.466625
-0.2,1,94.531322
-0.12,1,94.588521
-0.2,1,94.653281
-0.16,1,94.704995
-0.24444444444444444,1,94.770215
-0.2222222222222222,1,94.82814
-0.25,1,94.89519
-0.2222222222222222,1,94.952364
-0.15555555555555556,1,95.019107
-0.1111111111111111,1,95.074555
-0.1111111111111111,1,95.14491
-0.10714285714285714,1,95.205193
-0.0625,1,95.271148
-0.07142857142857142,1,95.327915
-0.0625,1,95.391742
-0.05555555555555555,1,95.448037
-0.15,1,95.508784
-0.09090909090909091,1,95.565866
-0.041666666666666664,1,95.638196
-0.09090909090909091,1,95.714587
-0.0707070707070707,1,95.783585
-0.11363636363636363,1,95.85072
-0.0625,1,95.921696
-0.06818181818181818,1,95.975001
-0.050505050505050504,1,96.033915
-0.09090909090909091,1,96.093833
-0.08,1,96.163539
-0.1111111111111111,1,96.220331
-0.08641975308641975,1,96.279357
-0.05555555555555555,1,96.350668
-0.13580246913580246,1,96.413961
-0.08888888888888889,1,96.480043
-0.075,1,96.54994
-0.11428571428571428,1,96.60581
-0.1,1,96.670841
-0.07407407407407407,1,96.734334
-0.16666666666666666,1,96.791974
-0.07407407407407407,1,96.850769
-0.1111111111111111,1,96.915445
-0.17857142857142858,1,96.972752
-0.09375,1,97.033601
-0.14285714285714285,1,97.091304
-0.125,1,97.155062
-0.14285714285714285,1,97.212367
-0.1111111111111111,1,97.269869
-0.08333333333333333,1,97.322746
-0.05,1,97.398651
-0.1111111111111111,1,97.461385
-0.037037037037037035,1,97.525671
-0.1111111111111111,1,97.583566
-0.04,1,97.64592
-0.09090909090909091,1,97.699839
-0.050505050505050504,1,97.761723
-0.09090909090909091,1,97.81991
-0.0707070707070707,1,97.887502
-0.06818181818181818,1,97.953902
-0.0707070707070707,1,98.022655
-0.08888888888888889,1,98.085619
-0.08641975308641975,1,98.162343
-0.05555555555555555,1,98.227101
-0.1111111111111111,1,98.29259
-0.14285714285714285,1,98.35346
-0.1,1,98.421719
-0.07407407407407407,1,98.484381
-0.1746031746031746,1,98.551679
-0.08333333333333333,1,98.610638
-0.08641975308641975,1,98.672535
-0.06666666666666667,1,98.743527
-0.050505050505050504,1,98.806538
-0.09259259259259259,1,98.871299
-0.042735042735042736,1,98.938703
-0.07692307692307693,1,99.003859
-0.08333333333333333,1,99.062952
-0.07407407407407407,1,99.129684
-0.08333333333333333,1,99.201864
-0.07692307692307693,1,99.263188
-0.08333333333333333,1,99.321876
-0.09090909090909091,1,99.385938
-0.08333333333333333,1,99.450507
-0.09090909090909091,1,99.509262
-0.09090909090909091,1,99.576832
-0.08571428571428572,1,99.647563
-0.09090909090909091,1,99.717024
-0.11428571428571428,1,99.774127
-0.1111111111111111,1,99.835137
-0.1111111111111111,1,99.903236
-0.05,1,99.969897
-0.08571428571428572,1,100.031304
-0.09090909090909091,1,100.097607
-0.047619047619047616,1,100.153295
-0.09090909090909091,1,100.212713
-0.11904761904761904,1,100.266918
-0.05555555555555555,1,100.334476
-0.07692307692307693,1,100.392711
-0.07692307692307693,1,100.460879
-0.07692307692307693,1,100.520858
-0.1111111111111111,1,100.581795
-0.047619047619047616,1,100.644555
-0.09090909090909091,1,100.709391
-0.09090909090909091,1,100.773362
-0.06666666666666667,1,100.84162
-0.12,1,100.90535
-0.05454545454545454,1,100.972492
-0.12121212121212122,1,101.074033
-0.13333333333333333,1,101.128392
-0.2222222222222222,1,101.204914
-0.16666666666666666,1,101.255018
-0.14814814814814814,1,101.29832
-0.16666666666666666,1,101.363946
-0.14814814814814814,1,101.423278
-0.1,1,101.496847
-0.1111111111111111,1,101.567668
-0.13333333333333333,1,101.619049
-0.12121212121212122,1,101.665504
-0.09090909090909091,1,101.742291
-0.11363636363636363,1,101.793089
-0.050505050505050504,1,101.876279
-0.09090909090909091,1,101.920216
-0.0707070707070707,1,101.975959
-0.06818181818181818,1,102.037007
-0.050505050505050504,1,102.114518
-0.08888888888888889,1,102.161787
-0.0707070707070707,1,102.217397
-0.08888888888888889,1,102.258785
-0.09090909090909091,1,102.339721
-0.037037037037037035,1,102.415199
-0.08333333333333333,1,102.488453
-0.047619047619047616,1,102.563431
-0.09090909090909091,1,102.636965
-0.02857142857142857,1,102.681092
-0.1111111111111111,1,102.736864
-0.02857142857142857,1,102.791197
-0.1,1,102.871943
-0.05714285714285714,1,102.945055
-0.075,1,102.996777
-0.08333333333333333,1,103.063704
-0.125,1,103.120982
-0.07142857142857142,1,103.168659
-0.16666666666666666,1,102.155241
-0.19047619047619047,1,102.202736
-0.2,1,102.288355
-0.19047619047619047,1,102.342265
-0.08333333333333333,1,102.418604
-0.10714285714285714,1,102.468675
-0.08333333333333333,1,102.528889
-0.2,1,102.582713
-0.125,1,102.651018
-0.2,1,102.714422
-0.2,1,102.79569
-0.26666666666666666,1,102.863939
-0.2,1,102.936155
-0.2857142857142857,1,103.003829
-0.2,1,103.049514
-0.2,1,103.096392
-0.1111111111111111,1,103.151726
-0.14814814814814814,1,103.193939
-0.15555555555555556,1,103.241415
-0.08,1,103.289299
-0.2,1,103.337461
-0.1,1,103.379314
-0.25,1,103.427344
-0.2,1,103.48538
-0.1875,1,103.560099
-0.25,1,103.620145
-0.125,1,103.679281
-0.15,1,103.725078
-0.1875,1,103.776822
-0.3333333333333333,1,103.840239
-0.25,1,103.900274
-0.2222222222222222,1,103.946294
-0.2,1,104.007445
-0.1111111111111111,1,104.060052
-0.2,1,104.123684
-0.16,1,104.160535
-0.15,1,104.241355
-0.2222222222222222,1,104.284089
-0.3125,1,104.33358
-0.16666666666666666,1,104.413915
-0.18518518518518517,1,104.510801
-0.16666666666666666,1,104.570013
-0.2,1,104.637158
-0.1,1,104.713984
-0.16666666666666666,1,104.786824
-0.15,1,104.842436
-0.15555555555555556,1,104.903996
-0.2,1,104.961694
-0.2,1,105.022224
-0.1111111111111111,1,105.084019
-0.1111111111111111,1,105.13966
-0.1111111111111111,1,105.213454
-0.125,1,105.258097
-0.037037037037037035,1,105.299172
-0.1,1,105.363896
-0.14814814814814814,1,105.422632
-0.125,1,105.491316
-0.10714285714285714,1,105.531297
-0.07936507936507936,1,105.608682
-0.10714285714285714,1,105.663495
-0.15625,1,105.720331
-0.08333333333333333,1,105.786995
-0.15625,1,105.848823
-0.10714285714285714,1,105.923618
-0.10204081632653061,1,105.997951
-0.10714285714285714,1,106.03822
-0.125,1,106.10251
-0.14285714285714285,1,106.168118
-0.1836734693877551,1,106.220118
-0.10714285714285714,1,106.283912
-0.25,1,106.362965
-0.23809523809523808,1,106.40603
-0.08333333333333333,1,106.455998
-0.14285714285714285,1,106.524479
-0.1111111111111111,1,106.574409
-0.14285714285714285,1,106.62524
-0.1111111111111111,1,106.705812
-0.08333333333333333,1,106.765286
-0.09375,1,106.817072
-0.08333333333333333,1,106.872424
-0.07936507936507936,1,106.918824
-0.11428571428571428,1,106.966177
-0.14285714285714285,1,107.020236
-0.1111111111111111,1,107.067476
-0.07936507936507936,1,107.135147
-0.14285714285714285,1,107.1953
-0.11688311688311688,1,107.257374
-0.11428571428571428,1,107.304384
-0.09090909090909091,1,107.359653
-0.14285714285714285,1,107.421748
-0.1111111111111111,1,107.484762
-0.1111111111111111,1,107.549043
-0.075,1,107.61461
-0.08333333333333333,1,107.671082
-0.1111111111111111,1,107.726992
-0.1111111111111111,1,107.782344
-0.15625,1,107.83646
-0.08333333333333333,1,107.888553
-0.09375,1,107.935853
-0.1111111111111111,1,107.999326
-0.125,1,108.075706
-0.10714285714285714,1,108.147632
-0.14285714285714285,1,108.216323
-0.14285714285714285,1,108.256519
-0.2222222222222222,1,108.304502
-0.26666666666666666,1,108.348663
-0.36,1,108.416831
-0.26666666666666666,1,108.473844
-0.16666666666666666,1,108.523406
-0.3333333333333333,1,108.576514
-0.3333333333333333,1,108.625701
-0.2,1,108.665009
-0.2222222222222222,1,108.716441
-0.14285714285714285,1,108.761853
-0.2,1,108.831105
-0.15,1,108.934707
-0.16666666666666666,1,108.98572
-0.19047619047619047,1,109.02108
-0.08571428571428572,1,109.076825
-0.2,1,109.140913
-0.2222222222222222,1,109.193696
-0.14285714285714285,1,109.260698
-0.125,1,109.306633
-0.1,1,109.348566
-0.20833333333333334,1,109.399231
-0.10714285714285714,1,109.444369
-0.15625,1,109.5125
-0.05555555555555555,1,109.577558
-0.15625,1,109.636622
-0.03571428571428571,1,109.705795
-0.14285714285714285,1,109.789002
-0.07142857142857142,1,109.830027
-0.125,1,109.910401
-0.2,1,109.961807
-0.1875,1,110.02307
-0.21428571428571427,1,110.064223
-0.2,1,110.125297
-0.19047619047619047,1,110.188527
-0.20833333333333334,1,110.231647
-0.10714285714285714,1,110.27704
-0.14285714285714285,1,110.336012
-0.14285714285714285,1,110.401426
-0.1111111111111111,1,110.457189
-0.10714285714285714,1,110.533339
-0.16666666666666666,1,110.608509
-0.14285714285714285,1,110.679891
-0.14285714285714285,1,110.745896
-0.14285714285714285,1,110.81617
-0.2777777777777778,1,110.895749
-0.26666666666666666,1,110.971261
-0.16666666666666666,1,111.021085
-0.3333333333333333,1,111.087509
-0.28,1,111.153537
-0.2,1,111.207354
-0.2,1,111.285353
-0.19047619047619047,1,111.349726
-0.2222222222222222,1,111.404638
-0.14285714285714285,1,111.466812
-0.125,1,111.527961
-0.07407407407407407,1,111.57847
-0.125,1,111.640804
-0.03571428571428571,1,111.696635
-0.125,1,111.745147
-0.14285714285714285,1,111.808585
-0.1836734693877551,1,111.852919
-0.14285714285714285,1,111.899353
-0.10204081632653061,1,111.971968
-0.047619047619047616,1,112.013332
-0.125,1,112.058477
-0.14285714285714285,1,112.123839
-0.14285714285714285,1,112.178016
-0.10714285714285714,1,112.224156
-0.1836734693877551,1,112.29617
-0.10714285714285714,1,112.342153
-0.15625,1,112.392779
-0.1111111111111111,1,112.438362
-0.07936507936507936,1,112.49309
-0.11428571428571428,1,112.572729
-0.03333333333333333,1,112.643645
-0.11428571428571428,1,112.70328
-0.1,1,112.76991
-0.1388888888888889,1,112.837924
-0.1,1,112.89421
-0.08333333333333333,1,112.942111
-0.125,1,112.99634
-0.10714285714285714,1,113.038121
-0.22448979591836735,1,113.118584
-0.19047619047619047,1,113.166583
-0.2571428571428571,1,113.247767
-0.21428571428571427,1,113.321213
-0.25,1,113.398731
-0.2,1,113.463297
-0.2,1,113.527841
-0.2,1,113.567329
-0.2,1,113.626688
-0.14285714285714285,1,113.698202
-0.16666666666666666,1,113.756132
-0.14285714285714285,1,113.801708
-0.14285714285714285,1,113.880217
-0.2857142857142857,1,113.94341
-0.2222222222222222,1,114.015023
-0.19047619047619047,1,114.066196
-0.2222222222222222,1,114.139102
-0.26666666666666666,1,114.212845
-0.2222222222222222,1,114.254885
-0.14285714285714285,1,114.303114
-0.16666666666666666,1,114.348257
-0.13333333333333333,1,114.390875
-0.08333333333333333,1,114.454691
-0.13333333333333333,1,114.513457
-0.2571428571428571,1,114.57507
-0.2,1,114.645818
-0.125,1,114.718412
-0.14814814814814814,1,114.782878
-0.1111111111111111,1,114.847291
-0.1111111111111111,1,114.911828
-0.1111111111111111,1,114.994129
-0.05555555555555555,1,115.068771
-0.1111111111111111,1,115.137004
-0.11428571428571428,1,115.195972
-0.09090909090909091,1,115.260915
-0.12121212121212122,1,115.303047
-0.09090909090909091,1,115.34902
-0.06818181818181818,1,115.418614
-0.11688311688311688,1,115.496154
-0.09523809523809523,1,115.582339
-0.07692307692307693,1,115.661353
-0.09523809523809523,1,115.725461
-0.11688311688311688,1,115.79165
-0.09090909090909091,1,115.851469
-0.09090909090909091,1,115.915913
-0.08571428571428572,1,115.975594
-0.09090909090909091,1,116.030926
-0.11428571428571428,1,116.088881
-0.075,1,116.15012
-0.06666666666666667,1,116.202736
-0.09090909090909091,1,116.263857
-0.07407407407407407,1,116.319426
-0.030303030303030304,1,116.388423
-0.07407407407407407,1,116.444627
-0.042735042735042736,1,116.512278
-0.07692307692307693,1,116.57222
-0.02097902097902098,1,116.633492
-0.07692307692307693,1,116.69653
-0.06666666666666667,1,116.758782
-0.07272727272727272,1,116.819879
-0.04132231404958678,1,116.893208
-0.05454545454545454,1,116.94984
-0.08,1,117.011993
-0.06666666666666667,1,117.070613
-0.06,1,117.137499
-0.1111111111111111,1,117.204111
-0.1111111111111111,1,117.272132
-0.1111111111111111,1,117.32654
-0.125,1,117.389148
-0.14285714285714285,1,117.440753
-0.0625,1,117.501998
-0.14285714285714285,1,117.552013
-0.08333333333333333,1,117.608504
-0.1111111111111111,1,117.670317
-0.08333333333333333,1,117.741543
-0.15,1,117.804197
-0.1111111111111111,1,117.865231
-0.1111111111111111,1,117.922314
-0.1875,1,117.988751
-0.3333333333333333,1,118.060742
-0.25925925925925924,1,118.12254
-0.2,1,118.1901
-0.25925925925925924,1,118.258439
-0.25,1,118.322686
-0.42857142857142855,1,118.389046
-0.5555555555555556,1,118.453699
-0.3333333333333333,1,118.524969
-0.5555555555555556,1,118.608119
-0.16666666666666666,1,118.671787
-0.3333333333333333,1,118.743928
-0.6666666666666666,1,118.81274
-0.7142857142857143,1,118.876592
-0.6666666666666666,1,118.937833
-0.4444444444444444,1,119.002258
-0.3333333333333333,1,119.070016
-0.25,1,119.12171
-0.375,1,119.176666
-0.3333333333333333,1,119.237624
-0.25925925925925924,1,119.304915
-0.16666666666666666,1,119.36231
-0.1875,1,119.436217
-0.21428571428571427,1,119.496394
-0.23809523809523808,1,119.570638
-0.7142857142857143,1,119.644869
-0.3333333333333333,1,119.712316
-0.3333333333333333,1,119.773593
-0.42857142857142855,1,119.83534
-0.21428571428571427,1,119.88771
-0.25,1,119.970078
-0.1111111111111111,1,120.030657
-0.1111111111111111,1,120.101409
-0.15,1,120.16453
-0.2,1,120.2284
-0.1111111111111111,1,120.296227
-0.2,1,120.377903
-0.2,1,120.437908
-0.16666666666666666,1,120.509766
-0.15,1,120.56296
-0.16666666666666666,1,120.634101
-0.23809523809523808,1,120.692456
-0.16666666666666666,1,120.783537
-0.14814814814814814,1,120.848732
-0.1111111111111111,1,120.909215
-0.14814814814814814,1,120.965338
-0.1111111111111111,1,121.043853
-0.03571428571428571,1,121.096878
-0.125,1,121.155484
-0.10714285714285714,1,121.222142
-0.061224489795918366,1,121.290509
-0.17857142857142858,1,121.349947
-0.10204081632653061,1,121.409802
-0.17857142857142858,1,121.464889
-0.10204081632653061,1,121.534805
-0.14285714285714285,1,121.598506
-0.2,1,121.663222
-0.25,1,121.716741
-0.20833333333333334,1,121.776774
-0.14814814814814814,1,121.830028
-0.1111111111111111,1,121.899122
-0.14814814814814814,1,121.968542
-0.07936507936507936,1,122.044224
-0.14814814814814814,1,122.103629
-0.1111111111111111,1,122.174442
-0.1111111111111111,1,122.24574
-0.125,1,122.317285
-0.17857142857142858,1,122.377776
-0.1111111111111111,1,122.435535
-0.10714285714285714,1,122.490164
-0.125,1,122.559553
-0.07407407407407407,1,122.616832
-0.1,1,122.6853
-0.16,1,122.745496
-0.15555555555555556,1,122.817985
-0.1111111111111111,1,122.876393
-0.07936507936507936,1,122.947566
-0.14285714285714285,1,123.007436
-0.14285714285714285,1,123.07641
-0.18518518518518517,1,123.132237
-0.15555555555555556,1,123.188833
-0.15,1,123.243451
-0.125,1,123.306178
-0.14285714285714285,1,123.358368
-0.047619047619047616,1,123.423836
-0.1111111111111111,1,123.485584
-0.1111111111111111,1,123.545722
-0.06666666666666667,1,123.600661
-0.15,1,123.665903
-0.1111111111111111,1,123.728135
-0.1,1,123.796404
-0.05555555555555555,1,123.854098
-0.09375,1,123.918931
-0.17857142857142858,1,123.981546
-0.125,1,124.057456
-0.03571428571428571,1,124.117467
-0.09375,1,124.190994
-0.1111111111111111,1,124.252702
-0.08641975308641975,1,124.307471
-0.06666666666666667,1,124.366132
-0.04,1,124.430739
-0.06666666666666667,1,124.522601
-0.0707070707070707,1,124.5924
-0.07407407407407407,1,124.655472
-0.03333333333333333,1,124.725224
-0.06060606060606061,1,124.788078
-0.04132231404958678,1,124.851541
-0.05454545454545454,1,124.913532
-0.06666666666666667,1,124.979633
-0.03636363636363636,1,125.043492
-0.06666666666666667,1,125.097471
-0.06060606060606061,1,125.153507
-0.03333333333333333,1,125.212101
-0.07692307692307693,1,125.26498
-0.03333333333333333,1,125.330548
-0.05454545454545454,1,125.378545
-0.08,1,125.449288
-0.06666666666666667,1,125.510728
-0.075,1,125.572147
-0.08888888888888889,1,125.638018
-0.06,1,125.698518
-0.07272727272727272,1,125.746901
-0.06,1,125.810966
-0.1111111111111111,1,125.866891
-0.06172839506172839,1,125.931883
-0.1111111111111111,1,125.989924
-0.075,1,126.056212
-0.11428571428571428,1,126.118753
-0.1,1,126.182196
-0.14814814814814814,1,126.235589
-0.13333333333333333,1,126.302942
-0.1111111111111111,1,126.363088
-0.1111111111111111,1,126.423681
-0.05714285714285714,1,126.483073
-0.1746031746031746,1,126.538931
-0.10714285714285714,1,126.596895
-0.125,1,126.672456
-0.17857142857142858,1,126.749486
-0.1111111111111111,1,126.808607
-0.08333333333333333,1,126.86147
-0.08641975308641975,1,126.921659
-0.06666666666666667,1,126.984323
-0.1,1,127.053895
-0.044444444444444446,1,127.112692
-0.125,1,127.167279
-0.08333333333333333,1,127.226759
-0.075,1,127.294371
-0.08333333333333333,1,127.361234
-0.1,1,127.421292
-0.09090909090909091,1,127.480967
-0.0707070707070707,1,127.548076
-0.09090909090909091,1,127.622237
-0.09090909090909091,1,127.70387
-0.09523809523809523,1,127.762775
-0.03896103896103896,1,127.830608
-0.12121212121212122,1,127.887275
-0.1,1,127.95276
-0.07407407407407407,1,128.021682
-0.1111111111111111,1,128.101269
-0.07407407407407407,1,128.169702
-0.16666666666666666,1,128.228574
-0.15,1,128.305496
-0.2,1,128.368327
-0.14285714285714285,1,128.425655
-0.14285714285714285,1,128.491175
-0.14285714285714285,1,128.544228
-0.14285714285714285,1,128.61763
-0.23809523809523808,1,128.673206
-0.2,1,128.737295
-0.14285714285714285,1,128.807374
-0.2,1,128.891359
-0.2,1,128.944534
-0.08571428571428572,1,129.014618
-0.14285714285714285,1,129.070515
-0.14285714285714285,1,129.132361
-0.23809523809523808,1,129.194669
-0.20833333333333334,1,129.25816
-0.1111111111111111,1,129.329244
-0.1111111111111111,1,129.395717
-0.1388888888888889,1,129.468942
-0.06172839506172839,1,129.545311
-0.1111111111111111,1,129.6035
-0.1111111111111111,1,129.669648
-0.08333333333333333,1,129.739599
-0.07936507936507936,1,129.830569
-0.11428571428571428,1,129.897922
-0.1111111111111111,1,129.982872
-0.10714285714285714,1,130.038609
-0.1836734693877551,1,130.103187
-0.19047619047619047,1,130.185316
-0.20833333333333334,1,130.268031
-0.07407407407407407,1,130.330428
-0.14285714285714285,1,130.400727
-0.08333333333333333,1,130.473886
-0.15,1,130.547767
-0.08571428571428572,1,130.610388
-0.05,1,130.671043
-0.08333333333333333,1,130.728027
-0.15625,1,130.794875
-0.08333333333333333,1,130.86835
-0.075,1,130.94621
-0.08333333333333333,1,131.003041
-0.0625,1,131.073843
-0.1111111111111111,1,131.140489
-0.0625,1,131.2184
-0.08333333333333333,1,131.272956
-0.1875,1,131.329924
-0.14285714285714285,1,131.383543
-0.25,1,131.447392
-0.07142857142857142,1,131.506459
-0.16666666666666666,1,131.57414
-0.14285714285714285,1,131.641796
-0.14285714285714285,1,131.709092
-0.10714285714285714,1,131.783956
-0.14285714285714285,1,131.87244
-0.19047619047619047,1,131.953848
-0.2777777777777778,1,132.019337
-0.19047619047619047,1,132.07513
-0.20833333333333334,1,132.134384
-0.14285714285714285,1,132.195203
-0.125,1,132.259579
-0.14285714285714285,1,132.319024
-0.0625,1,132.374707
-0.14285714285714285,1,132.434552
-0.14285714285714285,1,132.495074
-0.14285714285714285,1,132.559566
-0.2,1,132.612412
-0.2857142857142857,1,132.661959
-0.25,1,132.722757
-0.15,1,132.778838
-0.125,1,132.845444
-0.14285714285714285,1,132.908557
-0.14285714285714285,1,132.975275
-0.14285714285714285,1,133.029968
-0.14285714285714285,1,133.102573
-0.19047619047619047,1,133.157642
-0.16666666666666666,1,133.224785
-0.07407407407407407,1,133.2813
-0.1,1,133.349854
-0.11428571428571428,1,133.433408
-0.1,1,133.501605
-0.045454545454545456,1,133.557564
-0.09090909090909091,1,133.628608
-0.07272727272727272,1,133.679734
-0.05785123966942149,1,133.74552
-0.07272727272727272,1,133.806822
-0.09090909090909091,1,133.876121
-0.06818181818181818,1,133.935146
-0.09090909090909091,1,134.005511
-0.08888888888888889,1,134.058462
-0.0707070707070707,1,134.124191
-0.06666666666666667,1,134.175687
-0.09090909090909091,1,134.238806
-0.08888888888888889,1,134.318423
-0.13580246913580246,1,134.383165
-0.1111111111111111,1,134.442198
-0.07936507936507936,1,134.507967
-0.14285714285714285,1,134.570174
-0.125,1,134.638545
-0.17857142857142858,1,134.702437
-0.061224489795918366,1,134.766111
-0.07142857142857142,1,134.829146
-0.14285714285714285,1,134.893382
-0.08333333333333333,1,134.950244
-0.09375,1,135.014722
-0.10714285714285714,1,135.083445
-0.16666666666666666,1,135.138016
-0.14814814814814814,1,135.194265
-0.1111111111111111,1,135.254014
-0.1111111111111111,1,135.31642
-0.15555555555555556,1,135.384619
-0.25,1,135.445352
-0.15555555555555556,1,135.516092
-0.2222222222222222,1,135.578449
-0.1111111111111111,1,135.654293
-0.1,1,135.711118
-0.3125,1,135.77176
-0.15,1,135.833225
-0.2,1,135.894527
-0.2,1,135.963485
-0.2222222222222222,1,136.030077
-0.14285714285714285,1,136.08631
-0.2777777777777778,1,136.150455
-0.19047619047619047,1,136.209177
-0.2777777777777778,1,136.266736
-0.23809523809523808,1,136.332107
-0.2777777777777778,1,136.39672
-0.19047619047619047,1,136.474079
-0.061224489795918366,1,136.54038
-0.14285714285714285,1,136.592402
-0.125,1,136.65656
-0.14285714285714285,1,136.715948
-0.047619047619047616,1,136.776432
-0.10714285714285714,1,136.835556
-0.1111111111111111,1,136.892902
-0.1111111111111111,1,136.952963
-0.125,1,137.008136
-0.17857142857142858,1,137.068643
-0.125,1,137.131717
-0.17857142857142858,1,137.195276
-0.125,1,137.260329
-0.2,1,137.316821
-0.2,1,137.375834
-0.25,1,137.433055
-0.1875,1,137.497947
-0.21428571428571427,1,137.552043
-0.2,1,137.613985
-0.1,1,137.668282
-0.16666666666666666,1,137.734684
-0.14285714285714285,1,137.80456
-0.10204081632653061,1,137.876134
-0.14285714285714285,1,137.931714
-0.14285714285714285,1,137.9959
-0.10714285714285714,1,138.050693
-0.14285714285714285,1,138.105517
-0.09523809523809523,1,138.154744
-0.14285714285714285,1,138.22079
-0.07142857142857142,1,138.272077
-0.14285714285714285,1,138.325291
-0.07142857142857142,1,138.388653
-0.10204081632653061,1,138.458024
-0.09523809523809523,1,138.518587
-0.2222222222222222,1,138.590721
-0.09523809523809523,1,138.653329
-0.2222222222222222,1,138.725042
-0.14285714285714285,1,138.781247
-0.2,1,138.841309
-0.19047619047619047,1,138.895339
-0.16666666666666666,1,138.957564
-0.14285714285714285,1,139.022836
-0.16666666666666666,1,139.100537
-0.14285714285714285,1,139.160229
-0.10204081632653061,1,139.22176
-0.10714285714285714,1,139.287796
-0.125,1,139.358534
-0.14814814814814814,1,139.42836
-0.1111111111111111,1,139.499122
-0.05714285714285714,1,139.554129
-0.1111111111111111,1,139.617608
-0.05714285714285714,1,139.67807
-0.075,1,139.742048
-0.08888888888888889,1,139.815652
-0.08,1,139.873134
-0.06666666666666667,1,139.928902
-0.1,1,139.983848
-0.06666666666666667,1,140.046228
-0.075,1,140.126298
-0.1111111111111111,1,140.178879
-0.15625,1,140.241936
-0.10714285714285714,1,140.306526
-0.16666666666666666,1,140.36825
-0.19047619047619047,1,140.42523
-0.10204081632653061,1,140.488078
-0.19047619047619047,1,140.555398
-0.1836734693877551,1,140.611095
-0.10714285714285714,1,140.66999
-0.125,1,140.73224
-0.027777777777777776,1,140.786846
-0.1,1,140.849933
-0.027777777777777776,1,140.918043
-0.1111111111111111,1,140.986796
-0.1111111111111111,1,141.051672
-0.06172839506172839,1,141.111972
-0.1111111111111111,1,141.18285
-0.125,1,141.247466
-0.14285714285714285,1,141.307032
-0.14285714285714285,1,141.374974
-0.05555555555555555,1,141.430943
-0.0625,1,141.501162
-0.08333333333333333,1,141.560509
-0.075,1,141.624602
-0.14285714285714285,1,141.68284
-0.075,1,141.747864
-0.1111111111111111,1,141.806681
-0.09375,1,141.873954
-0.14285714285714285,1,141.933271
-0.10204081632653061,1,142.00244
-0.14285714285714285,1,142.062364
-0.16666666666666666,1,142.129003
-0.14285714285714285,1,142.178972
0.0,1,142.244325
-1.0,1,142.316905
-1.0,1,142.39929
-1.0,1,142.460421
-1.0,1,142.520863
-1.0,1,142.584818
-0.3333333333333333,1,142.654696
-1.0,1,142.709784
-0.5555555555555556,1,142.775093
-0.6666666666666666,1,142.836268
-1.0,1,142.901838
-0.6,1,142.95935
-0.4666666666666667,1,143.018137
-0.5,1,143.086831
-0.375,1,143.177721
-0.4,1,143.230855
-0.3333333333333333,1,143.293989
-0.4,1,143.351509
-0.3333333333333333,1,143.417708
-0.4,1,143.484315
-0.625,1,143.569798
-0.4,1,143.632757
-0.3333333333333333,1,143.698957
-0.6,1,143.759147
-0.3333333333333333,1,143.831656
-0.35714285714285715,1,143.924878
-0.14285714285714285,1,144.030046
-0.1,1,144.118402
-0.25,1,144.203998
-0.1,1,144.267157
-0.1111111111111111,1,144.343967
-0.2,1,144.417636
-0.20833333333333334,1,144.481004
-0.2,1,144.537586
-0.2571428571428571,1,144.628952
-0.14285714285714285,1,144.688999
-0.1111111111111111,1,144.751574
-0.14285714285714285,1,144.814411
-0.14285714285714285,1,144.897154
-0.09523809523809523,1,144.981799
-0.08333333333333333,1,145.061038
-0.2,1,145.157741
-0.2,1,145.21793
-0.12,1,145.279937
-0.15555555555555556,1,145.358639
-0.1111111111111111,1,145.415618
-0.16666666666666666,1,145.477156
-0.23809523809523808,1,145.535735
-0.2,1,145.598647
-0.14285714285714285,1,145.651517
-0.2222222222222222,1,145.722807
-0.13333333333333333,1,145.778743
-0.16666666666666666,1,145.845169
-0.14285714285714285,1,145.912597
-0.125,1,145.980123
-0.14285714285714285,1,146.042199
-0.061224489795918366,1,146.11504
-0.10714285714285714,1,146.169096
-0.16666666666666666,1,146.234242
-0.18518518518518517,1,146.296484
-0.16666666666666666,1,146.360213
-0.17857142857142858,1,146.42064
-0.09375,1,146.503746
-0.1388888888888889,1,146.564575
-0.14285714285714285,1,146.622737
-0.07142857142857142,1,146.674912
-0.14285714285714285,1,146.745046
-0.17857142857142858,1,146.797073
-0.10204081632653061,1,146.864134
-0.14285714285714285,1,146.926018
-0.09375,1,146.98726
-0.1388888888888889,1,147.050979
-0.14285714285714285,1,147.119588
-0.10714285714285714,1,147.174362
-0.09375,1,147.233042
-0.10714285714285714,1,147.297328
-0.1836734693877551,1,147.363749
-0.14285714285714285,1,147.425569
-0.14285714285714285,1,147.489002
-0.19047619047619047,1,147.553384
-0.14285714285714285,1,147.609314
-0.10714285714285714,1,147.657424
-0.08333333333333333,1,147.718845
-0.14814814814814814,1,147.781586
-0.07936507936507936,1,147.842769
-0.08571428571428572,1,147.896707
-0.06666666666666667,1,147.966996
-0.14285714285714285,1,148.01701
-0.07936507936507936,1,148.084177
-0.1388888888888889,1,148.138709
-0.09375,1,148.203157
-0.14285714285714285,1,148.25843
-0.061224489795918366,1,148.32469
-0.17857142857142858,1,148.388113
-0.09375,1,148.456122
-0.17857142857142858,1,148.512875
-0.09375,1,148.574148
-0.10714285714285714,1,148.634114
-0.14285714285714285,1,148.712025
-0.14285714285714285,1,148.78051
-0.2,1,148.857345
-0.26666666666666666,1,148.923557
-0.16666666666666666,1,149.011749
-0.4444444444444444,1,149.109954
-0.3333333333333333,1,149.17891
-0.2857142857142857,1,149.238271
-0.3333333333333333,1,149.295124
-0.2222222222222222,1,149.350744
-0.25,1,149.413814
-0.2,1,149.473228
-0.25,1,149.536648
-0.2,1,149.594318
-0.2,1,148.106825
-0.2,1,148.156729
-0.375,1,148.219712
-0.3,1,148.296412
-0.375,1,148.3716
-0.4,1,148.44074
-0.6,1,148.50306
-0.3,1,148.567955
-0.16666666666666666,1,148.632278
-0.2,1,148.692762
-0.2,1,148.760552
-0.06666666666666667,1,148.826913
-0.2222222222222222,1,148.892727
-0.06666666666666667,1,148.954565
-0.2222222222222222,1,149.027206
-0.2,1,149.101856
-0.2222222222222222,1,149.164794
-0.3333333333333333,1,149.221042
-0.14285714285714285,1,149.283262
-0.07142857142857142,1,149.33905
-0.125,1,149.396909
-0.07142857142857142,1,149.458601
-0.14285714285714285,1,149.526686
-0.07142857142857142,1,149.605612
-0.1111111111111111,1,149.725438
-0.02857142857142857,1,149.788036
-0.1,1,149.863406
-0.14285714285714285,1,149.92192
-0.1,1,150.003689
-0.14285714285714285,1,150.056556
-0.05,1,150.135489
-0.09090909090909091,1,150.204758
-0.08333333333333333,1,150.267099
-0.09523809523809523,1,150.325568
-0.08333333333333333,1,150.383442
-0.09090909090909091,1,150.437199
-0.09090909090909091,1,150.489754
-0.14285714285714285,1,150.545387
-0.1111111111111111,1,150.610172
-0.14285714285714285,1,150.678217
-0.09375,1,150.728509
-0.05555555555555555,1,150.776711
-0.1111111111111111,1,150.831184
-0.1111111111111111,1,150.887202
-0.13333333333333333,1,150.945794
-0.05714285714285714,1,151.010517
-0.075,1,151.067544
-0.11428571428571428,1,151.122554
-0.1111111111111111,1,151.18015
-0.11428571428571428,1,151.236289
-0.075,1,151.301575
-0.11428571428571428,1,151.351208
-0.1,1,151.41097
-0.1111111111111111,1,151.475579
-0.05,1,151.538285
-0.08888888888888889,1,151.596299
-0.1,1,151.661996
-0.05555555555555555,1,151.715049
-0.1,1,151.772268
-0.1111111111111111,1,151.824178
-0.06172839506172839,1,151.882458
-0.06666666666666667,1,151.974515
-0.075,1,152.022564
-0.1388888888888889,1,152.078039
-0.03125,1,152.13466
-0.1111111111111111,1,152.196539
-0.1111111111111111,1,152.261326
-0.08333333333333333,1,152.320553
-0.125,1,152.373475
-0.1111111111111111,1,152.427363
-0.125,1,152.493703
-0.1111111111111111,1,152.541735
-0.075,1,152.618253
-0.08333333333333333,1,152.682692
-0.1111111111111111,1,152.743865
-0.1111111111111111,1,152.806205
-0.125,1,152.868709
-0.14285714285714285,1,152.929767
-0.125,1,152.991997
-0.10714285714285714,1,153.052885
-0.125,1,153.110839
-0.1111111111111111,1,153.167233
-0.125,1,153.221322
-0.10714285714285714,1,153.275628
-0.1111111111111111,1,153.346229
-0.1111111111111111,1,153.400039
-0.1111111111111111,1,153.459229
-0.1111111111111111,1,153.515395
-0.05,1,153.579016
-0.11428571428571428,1,153.636118
-0.1,1,153.703345
-0.08571428571428572,1,153.757857
-0.1111111111111111,1,153.825457
-0.1111111111111111,1,153.877827
-0.16666666666666666,1,153.946282
-0.14285714285714285,1,154.011147
-0.16666666666666666,1,154.10014
-0.2,1,154.177581
-0.16666666666666666,1,154.246739
-0.09523809523809523,1,154.302907
-0.2,1,154.362348
-0.15,1,154.425827
-0.25,1,154.492331
-0.2,1,154.545689
-0.20833333333333334,1,154.608659
-0.07142857142857142,1,154.666526
-0.14285714285714285,1,154.740884
-0.14285714285714285,1,154.79183
-0.16666666666666666,1,154.851059
-0.2,1,154.911975
-0.16666666666666666,1,154.974655
-0.26666666666666666,1,155.034205
-0.2,1,155.099561
-0.26666666666666666,1,155.166209
-0.16666666666666666,1,155.234869
-0.09523809523809523,1,155.293143
-0.16666666666666666,1,155.353736
-0.23809523809523808,1,155.424808
-0.2,1,155.489446
-0.3,1,155.541096
-0.16666666666666666,1,155.604043
-0.14285714285714285,1,155.66317
-0.1111111111111111,1,155.725852
-0.10714285714285714,1,155.783866
-0.16666666666666666,1,155.84223
-0.10714285714285714,1,155.896492
-0.1111111111111111,1,155.959283
-0.14814814814814814,1,156.018672
-0.16666666666666666,1,156.084707
-0.14814814814814814,1,156.148009
-0.07936507936507936,1,156.213661
-0.10714285714285714,1,156.275203
-0.125,1,156.363102
-0.17857142857142858,1,156.418295
-0.1836734693877551,1,156.482568
-0.10714285714285714,1,156.54445
-0.14285714285714285,1,156.620713
-0.07142857142857142,1,156.684907
-0.1111111111111111,1,156.750991
-0.10714285714285714,1,156.806373
-0.14285714285714285,1,156.868502
-0.19047619047619047,1,156.917008
-0.16666666666666666,1,156.97815
-0.17857142857142858,1,157.032283
-0.125,1,157.131404
-0.10714285714285714,1,157.185608
-0.20833333333333334,1,157.241898
-0.14285714285714285,1,157.29715
-0.08333333333333333,1,157.36149
-0.14814814814814814,1,157.422187
-0.1111111111111111,1,157.482537
-0.21428571428571427,1,157.530085
-0.16666666666666666,1,157.585645
-0.15,1,157.63963
-0.06666666666666667,1,157.705056
-0.15,1,157.766884
-0.16666666666666666,1,157.829612
-0.03571428571428571,1,157.880152
-0.16666666666666666,1,157.939934
-0.1,1,158.00129
-0.125,1,158.068197
-0.18518518518518517,1,158.124087
-0.1111111111111111,1,158.190424
-0.10714285714285714,1,158.243747
-0.125,1,158.305537
-0.10714285714285714,1,158.366878
-0.125,1,158.449751
-0.07142857142857142,1,158.519298
-0.15625,1,158.590393
-0.1111111111111111,1,158.664082
-0.075,1,158.725615
-0.1111111111111111,1,158.791992
-0.050505050505050504,1,158.866701
-0.07407407407407407,1,158.929168
-0.03333333333333333,1,159.007537
-0.07407407407407407,1,159.065732
-0.0707070707070707,1,159.12954
-0.08888888888888889,1,159.180311
-0.1111111111111111,1,159.251199
-0.06666666666666667,1,159.307426
-0.1111111111111111,1,159.385306
-0.06666666666666667,1,159.447684
-0.08,1,159.510505
-0.06666666666666667,1,159.575111
-0.06172839506172839,1,159.647258
-0.1388888888888889,1,159.707838
-0.075,1,159.776448
-0.09090909090909091,1,159.832613
-0.09090909090909091,1,159.899128
-0.14285714285714285,1,159.950151
-0.1111111111111111,1,160.012175
-0.1111111111111111,1,160.062447
-0.1111111111111111,1,160.126416
-0.17857142857142858,1,160.187681
-0.14285714285714285,1,160.253301
-0.14285714285714285,1,160.311227
-0.125,1,160.375272
-0.19047619047619047,1,160.431317
-0.14285714285714285,1,160.493604
-0.10714285714285714,1,160.548768
-0.15625,1,160.618417
-0.10714285714285714,1,160.678864
-0.16666666666666666,1,160.745064
-0.1,1,160.806351
-0.1111111111111111,1,160.877007
-0.12,1,160.933928
-0.12727272727272726,1,160.991488
-0.09090909090909091,1,161.054058
-0.09090909090909091,1,161.115567
-0.15151515151515152,1,161.175076
-0.06493506493506493,1,161.245065
-0.15151515151515152,1,161.302187
-0.06666666666666667,1,161.36233
-0.16,1,161.42754
-0.13333333333333333,1,161.48947
-0.11428571428571428,1,161.546307
-0.1111111111111111,1,161.613954
-0.1111111111111111,1,161.6728
-0.06666666666666667,1,161.727678
-0.1111111111111111,1,161.784415
-0.1111111111111111,1,161.847747
-0.05555555555555555,1,161.905047
-0.1111111111111111,1,161.971846
-0.1111111111111111,1,162.026757
-0.1111111111111111,1,162.090746
-0.07142857142857142,1,162.14846
-0.1746031746031746,1,162.211441
-0.07142857142857142,1,162.26707
-0.125,1,162.329016
-0.14814814814814814,1,162.383945
-0.1111111111111111,1,162.448197
-0.1111111111111111,1,162.513324
-0.1111111111111111,1,162.579616
-0.14285714285714285,1,162.634006
-0.125,1,162.701954
-0.14285714285714285,1,162.763652
-0.14285714285714285,1,162.819799
-0.14285714285714285,1,162.88133
-0.22448979591836735,1,162.946897
-0.19047619047619047,1,163.020851
-0.2222222222222222,1,163.147486
-0.14285714285714285,1,163.215717
-0.2,1,163.284262
-0.25,1,163.348154
-0.2571428571428571,1,163.418294
-0.19047619047619047,1,163.480849
-0.2,1,163.544473
-0.3333333333333333,1,163.600682
-0.2,1,163.661279
-0.09523809523809523,1,163.734312
-0.16666666666666666,1,163.796407
-0.09523809523809523,1,163.887979
-0.20833333333333334,1,163.94837
-0.15,1,164.013327
-0.06666666666666667,1,164.07893
-0.18518518518518517,1,164.149076
-0.07936507936507936,1,164.209041
-0.14814814814814814,1,164.268947
-0.1111111111111111,1,164.345383
-0.1388888888888889,1,164.404654
-0.06172839506172839,1,164.465726
-0.1111111111111111,1,164.530543
-0.06,1,164.597819
-0.044444444444444446,1,164.651996
-0.1,1,164.714457
-0.05555555555555555,1,164.778304
-0.1111111111111111,1,164.847475
-0.10714285714285714,1,164.925568
-0.14285714285714285,1,164.995441
-0.19047619047619047,1,165.056069
-0.2,1,165.12597
-0.21428571428571427,1,165.188825
-0.2,1,165.263987
-0.2,1,165.324051
-0.2,1,165.38901
-0.2,1,165.449352
-0.12,1,165.514005
-0.13333333333333333,1,165.572466
-0.16666666666666666,1,165.632735
-0.14285714285714285,1,165.690548
-0.2222222222222222,1,165.756504
-0.14285714285714285,1,165.811744
-0.14285714285714285,1,165.871809
-0.03571428571428571,1,165.935592
-0.1111111111111111,1,165.999006
-0.05555555555555555,1,166.063891
-0.15,1,166.128068
-0.06818181818181818,1,166.193603
-0.08333333333333333,1,166.24913
-0.09523809523809523,1,166.31093
-0.09090909090909091,1,166.370997
-0.07142857142857142,1,166.432494
-0.08333333333333333,1,166.494775
-0.09090909090909091,1,166.55531
-0.08333333333333333,1,166.624313
-0.05555555555555555,1,166.689365
-0.08333333333333333,1,166.762311
-0.07142857142857142,1,166.828327
-0.08333333333333333,1,166.895402
-0.05555555555555555,1,166.956043
-0.05,1,167.024933
-0.07272727272727272,1,167.085319
-0.06,1,167.144704
-0.06666666666666667,1,167.210124
-0.13580246913580246,1,167.270264
-0.06666666666666667,1,167.320889
-0.06172839506172839,1,167.385972
-0.08888888888888889,1,167.446
-0.06172839506172839,1,167.509511
-0.1111111111111111,1,167.568867
-0.08641975308641975,1,167.626115
-0.1388888888888889,1,167.67844
-0.1,1,167.741348
-0.14285714285714285,1,167.800908
-0.07936507936507936,1,167.868027
-0.08333333333333333,1,167.935485
-0.06172839506172839,1,168.000081
-0.08333333333333333,1,168.058154
-0.1111111111111111,1,168.126305
-0.1111111111111111,1,168.191757
-0.1,1,168.26296
-0.06666666666666667,1,168.321395
-0.1,1,168.391231
-0.08888888888888889,1,168.451909
-0.06,1,168.521506
-0.06666666666666667,1,168.590476
-0.05,1,168.654348
-0.11428571428571428,1,168.721461
-0.1111111111111111,1,168.785499
-0.08333333333333333,1,168.844541
-0.075,1,168.919281
-0.08888888888888889,1,168.986845
-0.06,1,169.055813
-0.05454545454545454,1,169.113501
-0.050505050505050504,1,169.184775
-0.05555555555555555,1,169.241771
-0.0707070707070707,1,169.304281
-0.11363636363636363,1,169.369096
-0.075,1,169.448745
-0.08888888888888889,1,169.512085
-0.075,1,169.585752
-0.11363636363636363,1,169.651698
-0.030303030303030304,1,169.732023
-0.08888888888888889,1,169.788607
-0.04,1,169.844172
-0.05454545454545454,1,169.90428
-0.08,1,169.96127
-0.06666666666666667,1,170.021799
-0.1111111111111111,1,170.095607
-0.08888888888888889,1,170.155136
-0.075,1,170.213967
-0.11428571428571428,1,170.276531
-0.06666666666666667,1,170.345113
-0.2,1,170.396731
-0.12727272727272726,1,170.455019
-0.12,1,170.511945
-0.13333333333333333,1,170.578786
-0.09090909090909091,1,170.631221
-0.13333333333333333,1,170.699116
-0.1111111111111111,1,170.756511
-0.07936507936507936,1,170.82326
-0.1111111111111111,1,170.875744
-0.07936507936507936,1,170.943127
-0.14814814814814814,1,170.999504
-0.2,1,171.063709
-0.2,1,171.125271
-0.125,1,171.206772
-0.2,1,171.263715
-0.2571428571428571,1,171.331189
-0.26666666666666666,1,171.39307
-0.2571428571428571,1,171.458248
-0.14285714285714285,1,171.523579
-0.14285714285714285,1,171.590795
-0.06666666666666667,1,171.648818
-0.2,1,171.713608
-0.2,1,171.776443
-0.2222222222222222,1,171.847586
-0.2,1,171.904319
-0.2222222222222222,1,171.969963
-0.23809523809523808,1,172.044792
-0.2571428571428571,1,172.113672
-0.2,1,172.168728
-0.08333333333333333,1,172.232042
-0.14285714285714285,1,172.2897
-0.16666666666666666,1,172.354416
-0.07142857142857142,1,172.417201
-0.14285714285714285,1,172.482585
-0.07142857142857142,1,172.541826
-0.16666666666666666,1,172.607856
-0.10714285714285714,1,172.669064
-0.15625,1,172.736217
-0.17857142857142858,1,172.807937
-0.10204081632653061,1,172.874141
-0.10714285714285714,1,172.949835
-0.09375,1,173.021079
-0.1111111111111111,1,173.088735
-0.08641975308641975,1,173.157752
-0.08888888888888889,1,173.214583
-0.1,1,173.269343
-0.09090909090909091,1,173.328829
-0.06493506493506493,1,173.404645
-0.08571428571428572,1,173.466649
-0.1,1,173.533055
-0.14285714285714285,1,173.598413
-0.06493506493506493,1,173.655748
-0.15151515151515152,1,173.720018
-0.09090909090909091,1,173.779006
-0.16,1,173.841842
-0.2,1,173.93181
-0.2,1,173.998756
-0.13333333333333333,1,174.068771
-0.08571428571428572,1,174.129674
-0.13333333333333333,1,174.208456
-0.1111111111111111,1,174.280922
-0.08333333333333333,1,174.338122
-0.14814814814814814,1,174.400456
-0.20833333333333334,1,174.464239
-0.2,1,174.525672
-0.20833333333333334,1,174.587187
-0.14285714285714285,1,174.653133
-0.08333333333333333,1,174.723867
-0.17857142857142858,1,174.781688
-0.08333333333333333,1,174.844217
-0.14285714285714285,1,174.905657
-0.08333333333333333,1,174.978282
-0.14285714285714285,1,175.043725
-0.1111111111111111,1,175.111609
-0.10714285714285714,1,175.177028
-0.14285714285714285,1,175.245038
-0.07407407407407407,1,175.305392
-0.125,1,175.369256
-0.14285714285714285,1,175.429294
-0.08333333333333333,1,175.496261
-0.1111111111111111,1,175.567436
-0.16666666666666666,1,175.644769
-0.10714285714285714,1,175.706463
-0.07936507936507936,1,175.76949
-0.14285714285714285,1,175.836345
-0.1111111111111111,1,175.903554
-0.1111111111111111,1,175.966928
-0.16666666666666666,1,176.030482
-0.1111111111111111,1,176.083093
-0.06666666666666667,1,176.150618
-0.1111111111111111,1,176.204897
-0.06666666666666667,1,176.270277
-0.2,1,176.3302
-0.06666666666666667,1,176.41207
-0.1111111111111111,1,176.476164
-0.1111111111111111,1,176.544754
-0.08571428571428572,1,176.603955
-0.13333333333333333,1,176.677636
-0.09090909090909091,1,176.736195
-0.06493506493506493,1,176.801319
-0.08571428571428572,1,176.855025
-0.1111111111111111,1,176.920973
-0.14814814814814814,1,176.97523
-0.13333333333333333,1,177.04804
-0.08571428571428572,1,177.107659
-0.05,1,177.181196
-0.05555555555555555,1,177.242936
-0.1746031746031746,1,177.301561
-0.11428571428571428,1,177.360134
-0.1,1,177.424748
-0.14814814814814814,1,177.484789
-0.06666666666666667,1,177.553232
-0.12121212121212122,1,177.621642
-0.06493506493506493,1,177.684459
-0.12121212121212122,1,177.746499
-0.05555555555555555,1,177.811119
-0.13333333333333333,1,177.87374
-0.16666666666666666,1,177.932061
-0.13333333333333333,1,177.989658
-0.13846153846153847,1,178.049484
-0.13333333333333333,1,178.10929
-0.09090909090909091,1,178.174632
-0.13333333333333333,1,178.236336
-0.1111111111111111,1,178.298056
-0.12121212121212122,1,178.37442
-0.06493506493506493,1,178.435519
-0.09090909090909091,1,178.490172
-0.050505050505050504,1,178.558712
-0.07272727272727272,1,178.619693
-0.04,1,178.768363
-0.06666666666666667,1,178.824384
-0.050505050505050504,1,178.890203
-0.09090909090909091,1,178.952847
-0.1,1,179.017538
-0.06818181818181818,1,179.08365
-0.0707070707070707,1,179.14344
-0.06666666666666667,1,179.198332
-0.09090909090909091,1,179.265588
-0.03636363636363636,1,179.320859
-0.05785123966942149,1,179.391863
-0.06060606060606061,1,179.442884
-0.027777777777777776,1,179.516347
-0.06060606060606061,1,179.586556
-0.04132231404958678,1,179.649778
-0.05454545454545454,1,179.711966
-0.050505050505050504,1,179.778517
-0.09090909090909091,1,179.844521
-0.075,1,179.905799
-0.1111111111111111,1,179.975094
-0.09375,1,180.051192
-0.17857142857142858,1,180.124883
-0.16666666666666666,1,180.204432
-0.1111111111111111,1,180.268519
-0.1111111111111111,1,179.321278
-0.14285714285714285,1,179.384403
-0.09375,1,179.455178
-0.1111111111111111,1,179.513112
-0.125,1,179.576545
-0.05555555555555555,1,179.644861
-0.0625,1,179.712277
-0.1111111111111111,1,179.766357
-0.06172839506172839,1,179.839816
-0.06666666666666667,1,179.896889
-0.06,1,179.981279
-0.1111111111111111,1,180.039341
-0.1111111111111111,1,180.098954
-0.06666666666666667,1,180.159035
-0.06172839506172839,1,180.221058
-0.08333333333333333,1,180.284604
-0.09375,1,180.35429
-0.07142857142857142,1,180.420959
-0.14285714285714285,1,180.494532
-0.10714285714285714,1,180.559071
-0.1111111111111111,1,180.636347
-0.11428571428571428,1,180.695126
-0.1,1,180.767345
-0.18518518518518517,1,180.818769
-0.1,1,180.881719
-0.12,1,180.945677
-0.13333333333333333,1,180.999285
-0.12121212121212122,1,181.072142
-0.09090909090909091,1,181.141774
-0.09090909090909091,1,181.192683
-0.09090909090909091,1,181.241505
-0.12121212121212122,1,181.289163
-0.06493506493506493,1,181.345479
-0.08571428571428572,1,181.390546
-0.1,1,181.446419
-0.18518518518518517,1,181.496342
-0.08333333333333333,1,181.548794
-0.14285714285714285,1,181.599883
-0.16666666666666666,1,181.650985
-0.10714285714285714,1,181.69252
-0.1111111111111111,1,181.761775
-0.14285714285714285,1,181.805959
-0.075,1,181.859251
-0.06666666666666667,1,181.900852
-0.04,1,181.959343
-0.06666666666666667,1,182.005136
-0.04,1,182.058417
-0.06666666666666667,1,182.107696
-0.0707070707070707,1,182.1606
-0.09090909090909091,1,182.203339
-0.1,1,182.270999
-0.05555555555555555,1,182.335028
-0.08641975308641975,1,182.402074
-0.08333333333333333,1,182.453106
-0.09375,1,182.517143
-0.05555555555555555,1,182.569134
-0.1111111111111111,1,182.639714
-0.06666666666666667,1,182.698607
-0.1,1,182.769264
-0.06666666666666667,1,182.829759
-0.1,1,182.895107
-0.06666666666666667,1,182.964101
-0.08641975308641975,1,183.034231
-0.06666666666666667,1,183.091554
-0.1,1,183.153829
-0.06666666666666667,1,183.208668
-0.075,1,183.266816
-0.06818181818181818,1,183.322796
-0.075,1,183.385326
-0.08888888888888889,1,183.436317
-0.09090909090909091,1,183.489745
-0.06818181818181818,1,183.554935
-0.05,1,183.616197
-0.06818181818181818,1,183.678533
-0.09090909090909091,1,183.746319
-0.05714285714285714,1,183.812322
-0.09090909090909091,1,183.876551
-0.045454545454545456,1,183.931718
-0.1111111111111111,1,183.993403
-0.05454545454545454,1,184.050114
-0.1111111111111111,1,184.123063
-0.06818181818181818,1,184.196552
-0.125,1,184.262924
-0.1388888888888889,1,184.316995
-0.05,1,184.379782
-0.1388888888888889,1,184.457499
-0.1111111111111111,1,184.512001
-0.08571428571428572,1,184.577667
-0.1111111111111111,1,184.645458
-0.03571428571428571,1,184.703125
-0.1111111111111111,1,184.770037
-0.18518518518518517,1,184.832361
-0.16666666666666666,1,184.886788
-0.12121212121212122,1,184.942854
-0.09090909090909091,1,185.00988
-0.06818181818181818,1,185.079433
-0.08333333333333333,1,185.153889
-0.07692307692307693,1,185.218364
-0.07692307692307693,1,185.290874
-0.07692307692307693,1,185.348709
-0.13846153846153847,1,185.414002
-0.07692307692307693,1,185.475608
-0.07692307692307693,1,185.536635
-0.09523809523809523,1,185.60182
-0.09090909090909091,1,185.660319
-0.08571428571428572,1,185.716238
-0.09090909090909091,1,185.777439
-0.11363636363636363,1,185.834903
-0.1,1,185.906211
-0.05714285714285714,1,185.960323
-0.13333333333333333,1,186.024508
-0.09090909090909091,1,186.073324
-0.1111111111111111,1,186.134377
-0.06666666666666667,1,186.196233
-0.1111111111111111,1,186.265173
-0.15151515151515152,1,186.330154
-0.12727272727272726,1,186.397829
-0.09090909090909091,1,186.445651
-0.13333333333333333,1,186.509518
-0.18518518518518517,1,186.574052
-0.16666666666666666,1,186.645823
-0.10714285714285714,1,186.700317
-0.08333333333333333,1,186.764963
-0.10714285714285714,1,186.833635
-0.16666666666666666,1,186.916648
-0.10714285714285714,1,186.978278
-0.1111111111111111,1,187.041727
-0.08571428571428572,1,187.103171
-0.1111111111111111,1,187.171041
-0.03571428571428571,1,187.22691
-0.14285714285714285,1,187.288983
-0.17857142857142858,1,187.350067
-0.0625,1,187.414984
-0.16666666666666666,1,187.495635
-0.05,1,187.561907
-0.1111111111111111,1,187.61639
-0.05,1,187.680188
-0.05555555555555555,1,187.745007
-0.06172839506172839,1,187.807033
-0.08888888888888889,1,187.871061
-0.08641975308641975,1,187.936318
-0.06666666666666667,1,187.992546
-0.08641975308641975,1,188.064212
-0.08888888888888889,1,188.12308
-0.06,1,188.18478
-0.05454545454545454,1,188.245923
-0.09090909090909091,1,188.314637
-0.08888888888888889,1,188.375561
-0.050505050505050504,1,188.446894
-0.1111111111111111,1,188.497277
-0.075,1,188.567669
-0.1388888888888889,1,188.639427
-0.075,1,188.707732
-0.08888888888888889,1,188.762532
-0.050505050505050504,1,188.834515
-0.06666666666666667,1,188.892022
-0.08,1,188.967354
-0.05454545454545454,1,189.021805
-0.08,1,189.079304
-0.05454545454545454,1,189.136353
-0.08,1,189.196265
-0.05454545454545454,1,189.251393
-0.04,1,189.311641
-0.1111111111111111,1,189.366281
-0.08641975308641975,1,189.430052
-0.06666666666666667,1,189.489454
-0.13580246913580246,1,189.562799
-0.08333333333333333,1,189.622275
-0.0625,1,189.704877
-0.08333333333333333,1,189.771947
-0.09375,1,189.844657
-0.08333333333333333,1,189.900106
-0.09375,1,189.967123
-0.1111111111111111,1,190.024755
-0.06172839506172839,1,190.09117
-0.05555555555555555,1,190.158074
-0.1111111111111111,1,190.229075
-0.08333333333333333,1,190.288521
-0.09375,1,190.352159
-0.14285714285714285,1,190.40936
-0.1836734693877551,1,190.473222
-0.19047619047619047,1,190.528084
-0.2,1,190.591822
-0.2,1,190.652632
-0.16666666666666666,1,190.716376
-0.14814814814814814,1,190.778259
-0.14285714285714285,1,190.848896
-0.14814814814814814,1,190.898505
-0.1746031746031746,1,190.958587
-0.08333333333333333,1,191.041391
-0.0625,1,191.115532
-0.14285714285714285,1,191.170828
-0.047619047619047616,1,191.234179
-0.1111111111111111,1,191.297979
-0.1111111111111111,1,191.361115
-0.08888888888888889,1,191.415702
-0.1111111111111111,1,191.486457
-0.08888888888888889,1,191.540329
-0.037037037037037035,1,191.606743
-0.08888888888888889,1,191.681472
-0.08,1,191.765669
-0.08888888888888889,1,191.823028
-0.08,1,191.894292
-0.044444444444444446,1,191.966067
-0.15,1,192.048235
-0.1111111111111111,1,192.114887
-0.1111111111111111,1,192.180954
-0.11428571428571428,1,192.245013
-0.13333333333333333,1,192.308747
-0.037037037037037035,1,192.362761
-0.08333333333333333,1,192.428507
-0.10714285714285714,1,192.488096
-0.14285714285714285,1,192.556229
-0.07407407407407407,1,192.614663
-0.1,1,192.684409
-0.18181818181818182,1,192.747181
-0.13333333333333333,1,192.819954
-0.1111111111111111,1,192.893281
-0.16666666666666666,1,192.96317
-0.10714285714285714,1,193.016587
-0.14285714285714285,1,193.078428
-0.14285714285714285,1,193.130339
-0.07936507936507936,1,193.192015
-0.14285714285714285,1,193.248799
-0.125,1,193.343008
-0.10714285714285714,1,193.401832
-0.0625,1,193.468554
-0.17857142857142858,1,193.533731
-0.125,1,193.596568
-0.1111111111111111,1,193.658365
-0.0625,1,193.725121
-0.05555555555555555,1,193.780315
-0.1,1,193.844892
-0.05555555555555555,1,193.898675
-0.1,1,193.962459
-0.11428571428571428,1,194.01886
-0.14285714285714285,1,194.078264
-0.08333333333333333,1,194.141764
-0.125,1,194.210399
-0.08333333333333333,1,194.262937
-0.125,1,194.320968
-0.08333333333333333,1,194.381703
-0.125,1,194.444782
-0.07142857142857142,1,194.501555
-0.125,1,194.578896
-0.14814814814814814,1,194.640446
-0.047619047619047616,1,194.70732
-0.14814814814814814,1,194.770866
-0.24444444444444444,1,194.822195
-0.07407407407407407,1,194.882857
-0.14285714285714285,1,194.952478
-0.1111111111111111,1,195.008311
-0.125,1,195.077955
-0.1111111111111111,1,195.141368
-0.125,1,195.215483
-0.10714285714285714,1,195.283563
-0.16666666666666666,1,195.343249
-0.1111111111111111,1,195.403983
-0.2,1,195.469374
-0.2222222222222222,1,195.53317
-0.25925925925925924,1,195.659102
-0.2222222222222222,1,195.713495
-0.3125,1,195.774633
-0.2222222222222222,1,195.836317
-0.25,1,195.909345
-0.2222222222222222,1,195.977354
-0.25,1,196.040624
-0.2222222222222222,1,196.097253
-0.2,1,196.157216
-0.12,1,196.21657
-0.09090909090909091,1,196.280778
-0.09090909090909091,1,196.338335
-0.09090909090909091,1,196.419683
-0.16,1,196.472989
-0.06666666666666667,1,196.529251
-0.07407407407407407,1,196.594465
-0.125,1,196.6529
-0.14814814814814814,1,196.720646
-0.125,1,196.782656
-0.07142857142857142,1,196.85368
-0.09375,1,196.922007
-0.10714285714285714,1,196.981005
-0.14285714285714285,1,197.046668
-0.10714285714285714,1,197.106729
-0.1111111111111111,1,197.171638
-0.17857142857142858,1,197.230068
-0.14285714285714285,1,197.297577
-0.14285714285714285,1,197.364129
-0.16666666666666666,1,197.423203
-0.14285714285714285,1,197.489087
-0.14285714285714285,1,197.562632
-0.14285714285714285,1,197.622628
-0.09375,1,197.703196
-0.05555555555555555,1,197.764661
-0.1111111111111111,1,197.827184
-0.14285714285714285,1,197.891433
-0.14285714285714285,1,197.956417
-0.07142857142857142,1,198.017764
-0.14285714285714285,1,198.086312
-0.23809523809523808,1,198.150016
-0.16666666666666666,1,198.219943
-0.19047619047619047,1,198.285358
-0.16666666666666666,1,198.344694
-0.19047619047619047,1,198.407191
-0.14285714285714285,1,198.479401
-0.14285714285714285,1,198.539312
-0.14285714285714285,1,198.600513
-0.14285714285714285,1,198.662626
-0.1111111111111111,1,198.722935
-0.1111111111111111,1,198.779755
-0.1111111111111111,1,198.842519
-0.05555555555555555,1,198.908335
-0.06172839506172839,1,198.989899
-0.16666666666666666,1,199.049917
-0.075,1,199.119915
-0.14285714285714285,1,199.174012
-0.1111111111111111,1,199.239013
-0.07142857142857142,1,199.298983
-0.16666666666666666,1,199.359579
-0.14285714285714285,1,199.420991
-0.1836734693877551,1,199.486492
-0.17857142857142858,1,199.548732
-0.20833333333333334,1,199.609962
-0.10714285714285714,1,199.668226
-0.09375,1,199.729021
-0.1111111111111111,1,199.794007
-0.08641975308641975,1,199.870375
-0.044444444444444446,1,199.928253
-0.1111111111111111,1,199.998956
-0.08333333333333333,1,200.056093
-0.125,1,200.124868
-0.03571428571428571,1,200.185166
-0.1111111111111111,1,200.246092
-0.17857142857142858,1,200.315006
-0.14285714285714285,1,200.389617
-0.09523809523809523,1,200.461679
-0.2,1,200.533568
-0.26666666666666666,1,200.586329
-0.14285714285714285,1,200.655477
-0.1,1,200.715051
-0.375,1,200.788772
-0.1,1,200.84893
-0.2,1,200.917637
-0.14814814814814814,1,200.991161
-0.14285714285714285,1,201.061775
-0.07142857142857142,1,201.130298
-0.125,1,201.195898
-0.14285714285714285,1,201.261859
-0.14285714285714285,1,201.324389
-0.19047619047619047,1,201.387801
-0.14285714285714285,1,201.458375
-0.10714285714285714,1,201.525047
-0.16666666666666666,1,201.593501
-0.07407407407407407,1,201.652463
-0.08333333333333333,1,201.710974
-0.14285714285714285,1,201.773305
-0.16666666666666666,1,201.831708
-0.19047619047619047,1,201.900663
-0.2222222222222222,1,201.966597
-0.13333333333333333,1,202.044142
-0.2,1,202.107589
-0.13333333333333333,1,202.167869
-0.14285714285714285,1,202.230609
-0.15,1,202.337109
-0.1111111111111111,1,202.434046
-0.12,1,202.491671
-0.13333333333333333,1,202.552739
-0.08571428571428572,1,202.611486
-0.06666666666666667,1,202.677905
-0.14285714285714285,1,202.732388
-0.1111111111111111,1,202.800074
-0.14285714285714285,1,202.861608
-0.047619047619047616,1,202.929397
-0.18518518518518517,1,202.998325
-0.047619047619047616,1,203.05941
-0.1111111111111111,1,203.125826
-0.06172839506172839,1,203.198301
-0.1111111111111111,1,203.253875
-0.075,1,203.31763
-0.1111111111111111,1,203.374873
-0.05,1,203.451439
-0.14285714285714285,1,203.512935
-0.1746031746031746,1,203.590877
-0.1111111111111111,1,203.665
-0.13333333333333333,1,203.757542
-0.14814814814814814,1,203.877614
-0.06666666666666667,1,203.989319
-0.11428571428571428,1,204.067152
-0.1111111111111111,1,204.140501
-0.17857142857142858,1,204.227723
-0.125,1,204.290113
-0.10714285714285714,1,204.347081
-0.14285714285714285,1,204.404442
-0.08571428571428572,1,204.462837
-0.1,1,204.533411
-0.11428571428571428,1,204.634655
-0.05,1,204.703712
-0.11428571428571428,1,204.759635
-0.1111111111111111,1,204.827694
-0.14285714285714285,1,204.884557
-0.08333333333333333,1,204.945711
-0.2,1,205.003531
-0.16666666666666666,1,205.072546
-0.14285714285714285,1,205.136503
-0.16666666666666666,1,205.198227
-0.18518518518518517,1,205.257839
-0.1111111111111111,1,205.32252
-0.18518518518518517,1,205.399762
-0.125,1,205.49654
-0.14285714285714285,1,205.552918
-0.2777777777777778,1,205.614282
-0.19047619047619047,1,205.670366
-0.14285714285714285,1,205.737452
-0.2857142857142857,1,205.788296
-0.16666666666666666,1,205.853395
-0.10714285714285714,1,205.905753
-0.1111111111111111,1,205.961305
-0.14285714285714285,1,206.01741
-0.125,1,206.079909
-0.05555555555555555,1,206.139919
-0.06172839506172839,1,206.202293
-0.1111111111111111,1,206.265783
-0.06172839506172839,1,206.324993
-0.1111111111111111,1,206.382197
-0.06172839506172839,1,206.448753
-0.1111111111111111,1,206.508503
-0.14285714285714285,1,206.562366
-0.1388888888888889,1,206.623326
-0.08641975308641975,1,206.682442
-0.1388888888888889,1,206.742383
-0.125,1,206.806615
-0.07142857142857142,1,206.882971
-0.20833333333333334,1,206.943821
-0.2,1,207.00264
-0.2,1,207.06446
-0.07407407407407407,1,207.119393
-0.07936507936507936,1,207.188846
-0.1388888888888889,1,207.246708
-0.125,1,207.307747
-0.08333333333333333,1,207.362613
-0.1111111111111111,1,207.44086
-0.05555555555555555,1,207.513154
-0.1111111111111111,1,207.634208
-0.1111111111111111,1,207.709057
-0.125,1,207.775279
-0.17857142857142858,1,207.840084
-0.125,1,207.907607
-0.08333333333333333,1,207.971476
-0.1,1,208.037809
-0.11428571428571428,1,208.098114
-0.06666666666666667,1,208.166608
-0.12121212121212122,1,208.243251
-0.1,1,208.311877
-0.18518518518518517,1,208.377789
-0.16666666666666666,1,208.443408
-0.15,1,208.505615
-0.2,1,208.578891
-0.2,1,208.648349
-0.2571428571428571,1,208.724953
-0.26666666666666666,1,208.786425
-0.2222222222222222,1,208.856432
-0.19047619047619047,1,208.909696
-0.10204081632653061,1,208.988137
-0.14285714285714285,1,209.061104
-0.1836734693877551,1,209.145967
-0.09523809523809523,1,209.20554
-0.10204081632653061,1,209.271275
-0.14285714285714285,1,209.339699
-0.2,1,209.397586
-0.25,1,209.463315
-0.2571428571428571,1,209.528707
-0.2,1,209.587064
-0.125,1,209.649757
-0.2222222222222222,1,209.712047
-0.1111111111111111,1,209.780449
-0.12,1,209.845078
-0.1111111111111111,1,209.905878
-0.1111111111111111,1,209.968248
-0.1,1,210.039957
-0.1111111111111111,1,210.096323
-0.2,1,210.160593
-0.2222222222222222,1,210.219581
-0.2,1,210.27875
-0.2,1,210.339426
-0.16666666666666666,1,210.40148
-0.07142857142857142,1,210.456295
-0.14285714285714285,1,210.528655
-0.09523809523809523,1,210.593808
-0.2571428571428571,1,210.657455
-0.14285714285714285,1,210.719445
-0.2,1,210.786677
-0.2,1,210.864335
-0.2,1,210.937259
-0.2,1,211.007132
-0.16666666666666666,1,211.091797
-0.1111111111111111,1,211.155849
-0.13333333333333333,1,211.248606
-0.1111111111111111,1,211.31442
-0.047619047619047616,1,211.388516
-0.10714285714285714,1,211.450234
-0.16666666666666666,1,211.506461
-0.15,1,210.396931
-0.1111111111111111,1,210.465693
-0.25,1,210.526478
-0.08333333333333333,1,210.589911
-0.047619047619047616,1,210.650774
-0.2571428571428571,1,210.71622
-0.19047619047619047,1,210.782395
-0.16666666666666666,1,210.84698
-0.07407407407407407,1,210.919275
-0.15555555555555556,1,210.984093
-0.2222222222222222,1,211.05016
-0.1111111111111111,1,211.122959
-0.16,1,211.186335
-0.13333333333333333,1,211.263037
-0.09090909090909091,1,211.326529
-0.09090909090909091,1,211.396663
-0.14285714285714285,1,211.458355
-0.06666666666666667,1,211.520978
-0.14285714285714285,1,211.583234
-0.1111111111111111,1,211.651165
-0.1111111111111111,1,211.713884
-0.125,1,211.781002
-0.08571428571428572,1,211.843978
-0.125,1,211.909276
-0.044444444444444446,1,211.966959
-0.1,1,212.036818
-0.05454545454545454,1,212.10456
-0.0707070707070707,1,212.173607
-0.037037037037037035,1,212.242431
-0.10416666666666667,1,212.313536
-0.05555555555555555,1,212.393181
-0.09090909090909091,1,212.463267
-0.05555555555555555,1,212.525749
-0.08333333333333333,1,212.593875
-0.09090909090909091,1,212.648243
-0.06493506493506493,1,212.718554
-0.05714285714285714,1,212.779085
-0.07936507936507936,1,212.848191
-0.1111111111111111,1,212.911854
-0.1,1,212.980987
-0.1111111111111111,1,213.046389
-0.14285714285714285,1,213.125977
-0.1111111111111111,1,213.194581
-0.125,1,213.259408
-0.14285714285714285,1,213.333282
-0.0625,1,213.398748
-0.1111111111111111,1,213.455434
-0.1111111111111111,1,213.518587
-0.17857142857142858,1,213.583257
-0.1111111111111111,1,213.650537
-0.08333333333333333,1,213.713645
-0.08641975308641975,1,213.782166
-0.08333333333333333,1,213.848186
-0.15625,1,213.915572
-0.14285714285714285,1,213.977661
-0.14285714285714285,1,214.037377
-0.10714285714285714,1,214.091983
-0.15625,1,214.162995
-0.17857142857142858,1,214.225994
-0.16666666666666666,1,214.30423
-0.15,1,214.361141
-0.15555555555555556,1,214.418175
-0.15,1,214.479794
-0.14285714285714285,1,214.551194
-0.23809523809523808,1,214.616364
-0.14285714285714285,1,214.680176
-0.35714285714285715,1,214.748611
-0.2,1,214.813889
-0.23809523809523808,1,214.876725
-0.10204081632653061,1,214.945338
-0.10714285714285714,1,215.00335
-0.14285714285714285,1,215.077873
-0.07142857142857142,1,215.139333
-0.14285714285714285,1,215.195688
-0.17857142857142858,1,215.261086
-0.125,1,215.32659
-0.1111111111111111,1,215.396463
-0.2,1,215.459853
-0.15,1,215.51703
-0.2,1,215.58228
-0.15,1,215.640665
-0.14285714285714285,1,215.698431
-0.14285714285714285,1,215.757093
-0.061224489795918366,1,215.816574
-0.14285714285714285,1,215.879484
-0.20833333333333334,1,215.963576
-0.14285714285714285,1,216.030366
-0.125,1,216.097028
-0.14285714285714285,1,216.159198
-0.1111111111111111,1,216.215011
-0.1388888888888889,1,216.276752
-0.14285714285714285,1,216.345919
-0.1111111111111111,1,216.401069
-0.06172839506172839,1,216.473694
-0.08333333333333333,1,216.527993
-0.09375,1,216.597174
-0.14285714285714285,1,216.651741
-0.1111111111111111,1,216.711253
-0.05555555555555555,1,216.776199
-0.1875,1,216.867564
-0.08333333333333333,1,216.931757
-0.1111111111111111,1,217.001467
-0.10714285714285714,1,217.060597
-0.1111111111111111,1,217.124512
-0.11428571428571428,1,217.19356
-0.1111111111111111,1,217.254956
-0.08333333333333333,1,217.318827
-0.125,1,217.387751
-0.07142857142857142,1,217.447988
-0.1111111111111111,1,217.509273
-0.14814814814814814,1,217.578489
-0.047619047619047616,1,217.671522
-0.1111111111111111,1,217.732199
-0.15555555555555556,1,217.804724
-0.14814814814814814,1,217.875811
-0.1111111111111111,1,217.945466
0.0,1,218.000806
-1.0,1,218.071311
-1.0,1,218.136888
-1.0,1,218.209543
-0.7777777777777778,1,218.27123
-0.6666666666666666,1,218.33586
-0.4666666666666667,1,218.391467
-0.2222222222222222,1,218.453859
-0.4666666666666667,1,218.517357
-0.4,1,218.582842
-0.5,1,218.641874
-0.3,1,218.707992
-0.25,1,218.757548
-0.2,1,218.824297
-0.2222222222222222,1,218.876248
-0.23809523809523808,1,218.948389
-0.16666666666666666,1,219.010854
-0.047619047619047616,1,219.078819
-0.1836734693877551,1,219.15319
-0.17857142857142858,1,219.227854
-0.1836734693877551,1,219.281384
-0.10714285714285714,1,219.349794
-0.125,1,219.403078
-0.1111111111111111,1,219.475232
-0.1111111111111111,1,219.528437
-0.08571428571428572,1,219.600345
-0.1111111111111111,1,219.66643
-0.1111111111111111,1,219.739936
-0.06666666666666667,1,219.821162
-0.1111111111111111,1,219.906859
-0.1111111111111111,1,219.963273
-0.02857142857142857,1,220.034526
-0.1111111111111111,1,220.097522
-0.1111111111111111,1,220.16276
-0.14285714285714285,1,220.217206
-0.14285714285714285,1,220.287477
-0.0625,1,220.35257
-0.1111111111111111,1,220.437658
-0.1111111111111111,1,220.514919
-0.1111111111111111,1,220.592145
-0.06172839506172839,1,220.653144
-0.1111111111111111,1,220.711877
-0.1111111111111111,1,220.767485
-0.14814814814814814,1,220.830734
-0.15555555555555556,1,220.912746
-0.12,1,220.979354
-0.2,1,221.039395
-0.1111111111111111,1,221.105165
-0.13333333333333333,1,221.158127
-0.08,1,221.216059
-0.15555555555555556,1,221.321199
-0.18518518518518517,1,221.403794
-0.1111111111111111,1,221.470226
-0.16666666666666666,1,221.535809
-0.1111111111111111,1,221.585434
-0.14285714285714285,1,221.653671
-0.1111111111111111,1,221.714766
-0.07142857142857142,1,221.781185
-0.1836734693877551,1,221.835288
-0.19047619047619047,1,221.89865
-0.1836734693877551,1,221.963162
-0.07142857142857142,1,222.034523
-0.09375,1,222.104407
-0.14285714285714285,1,222.159417
-0.125,1,222.217119
-0.14285714285714285,1,222.286345
-0.1111111111111111,1,222.346482
-0.1388888888888889,1,222.417316
-0.1,1,222.472777
-0.1388888888888889,1,222.537195
-0.14285714285714285,1,222.595167
-0.08571428571428572,1,222.659539
-0.13333333333333333,1,222.733358
-0.08571428571428572,1,222.793407
-0.14285714285714285,1,222.854818
-0.08571428571428572,1,222.921712
-0.075,1,222.98298
-0.08888888888888889,1,223.052827
-0.06172839506172839,1,223.120041
-0.1111111111111111,1,223.189677
-0.06172839506172839,1,223.244429
-0.1388888888888889,1,223.305655
-0.06172839506172839,1,223.367161
-0.1111111111111111,1,223.43752
-0.15625,1,223.524786
-0.1111111111111111,1,223.602957
-0.1111111111111111,1,223.668048
-0.1111111111111111,1,223.73512
-0.1111111111111111,1,223.790269
-0.14285714285714285,1,223.858953
-0.13333333333333333,1,223.914994
-0.14814814814814814,1,223.981088
-0.1111111111111111,1,224.033
-0.05714285714285714,1,224.096838
-0.09090909090909091,1,224.156631
-0.07142857142857142,1,224.223044
-0.0625,1,224.28509
-0.09523809523809523,1,224.357223
-0.0625,1,224.411811
-0.07692307692307693,1,224.478145
-0.042735042735042736,1,224.53655
-0.07692307692307693,1,224.600827
-0.07692307692307693,1,224.658201
-0.07692307692307693,1,224.717778
0.0,1,224.780142
-1.0,1,224.844164
-1.0,1,224.901102
-1.0,1,224.965953
-1.0,1,225.024387
-1.0,1,225.086998
-1.0,1,225.153293
-1.0,1,225.218687
-1.0,1,225.285528
-0.6666666666666666,1,225.357033
-1.0,1,225.419757
-1.0,1,225.485531
-0.7333333333333333,1,225.557708
-0.5,1,225.616606
-0.4666666666666667,1,225.675714
-0.3333333333333333,1,225.742629
0.0,1,225.813498
-1.0,1,225.880901
-1.0,1,225.931524
-1.0,1,225.991493
-1.0,1,226.043194
-1.0,1,226.109249
-1.0,1,226.169576
-1.0,1,226.23529
