#{"t_start": 1754806849.0630305, "env_id": "None"}
r,l,t
-1.0,1,0.031644
-1.0,1,0.060442
-1.0,1,0.065006
-1.0,1,0.069278
-0.6666666666666666,1,0.073662
-1.0,1,0.077544
-0.6666666666666666,1,0.081371
-1.0,1,0.085195
-1.0,1,0.089364
-1.0,1,0.093262
-1.0,1,0.097417
-0.75,1,0.101967
-1.0,1,0.106
-0.3333333333333333,1,0.109848
-0.6666666666666666,1,0.113623
-1.0,1,0.117074
-1.0,1,0.12098
-1.0,1,0.124767
-1.0,1,0.128695
-1.0,1,0.132859
-0.6666666666666666,1,0.136518
-0.25,1,0.140622
-0.6666666666666666,1,0.144517
-0.3333333333333333,1,0.148843
-0.3333333333333333,1,0.152908
-0.125,1,0.15695
-0.3,1,0.160781
-0.06666666666666667,1,0.164606
-0.16666666666666666,1,0.168724
-0.125,1,0.172815
-0.3,1,0.176921
-0.12,1,0.180681
-0.3,1,0.184505
-0.125,1,0.188632
-0.2,1,0.192369
-0.25,1,0.196276
0.0,1,0.200342
-1.0,1,0.205746
-1.0,1,0.210559
-1.0,1,0.214308
-1.0,1,0.218356
-1.0,1,0.222371
-1.0,1,0.226669
-0.6666666666666666,1,0.230579
-0.3333333333333333,1,0.234536
-1.0,1,0.238764
-0.75,1,0.242914
-0.6666666666666666,1,0.246742
-0.3333333333333333,1,0.250735
-0.3333333333333333,1,0.254751
-0.3333333333333333,1,0.258588
-0.3333333333333333,1,0.262419
-0.25,1,0.266091
-0.3333333333333333,1,0.270088
-0.3333333333333333,1,0.273595
-0.3333333333333333,1,0.279095
-0.3333333333333333,1,0.283196
-0.3333333333333333,1,0.286999
-0.25,1,0.290776
0.0,1,0.29438
-1.0,1,0.298249
-1.0,1,0.303208
-0.6666666666666666,1,0.307071
-0.5,1,0.313334
-0.16666666666666666,1,0.317683
-0.06666666666666667,1,0.321495
-0.4,1,0.325788
-0.75,1,0.329177
-1.0,1,0.333125
-0.5,1,0.336757
-0.16666666666666666,1,0.341167
-0.06666666666666667,1,0.344997
-0.3,1,0.349408
-0.16666666666666666,1,0.35329
-0.1,1,0.357627
-0.16666666666666666,1,0.361866
0.0,1,0.366316
-1.0,1,0.370787
-1.0,1,0.375
-1.0,1,0.379977
-1.0,1,0.384908
-0.6666666666666666,1,0.388714
-1.0,1,0.392368
-1.0,1,0.396593
-0.75,1,0.400532
-0.3333333333333333,1,0.404608
-0.2,1,0.408175
-0.2222222222222222,1,0.412706
-0.16666666666666666,1,0.416987
-0.1,1,0.420535
-0.3333333333333333,1,0.424049
-0.3333333333333333,1,0.427678
-0.5555555555555556,1,0.431494
-0.6666666666666666,1,0.435648
-0.5555555555555556,1,0.439261
-0.16666666666666666,1,0.442912
-0.3333333333333333,1,0.446988
0.0,1,0.451693
-1.0,1,0.455689
-1.0,1,0.459442
-0.6666666666666666,1,0.464045
-1.0,1,0.468458
-1.0,1,0.472512
-1.0,1,0.476887
-0.6666666666666666,1,0.481029
-0.3333333333333333,1,0.485161
-0.6666666666666666,1,0.488891
-0.3333333333333333,1,0.492586
-0.3333333333333333,1,0.496778
-0.25,1,0.50108
-0.3333333333333333,1,0.50493
-0.2,1,0.508751
-0.3333333333333333,1,0.513343
-0.7777777777777778,1,0.517371
-0.3333333333333333,1,0.521273
-0.3333333333333333,1,0.524775
0.0,1,0.528642
-1.0,1,0.533021
-1.0,1,0.536712
-1.0,1,0.540113
-0.5,1,0.544419
-0.6666666666666666,1,0.556125
-0.75,1,0.564128
-0.4,1,0.572513
-0.06666666666666667,1,0.578631
-0.2,1,0.58317
-0.16666666666666666,1,0.58706
0.0,1,0.591357
-1.0,1,0.606527
-1.0,1,0.612091
-0.6666666666666666,1,0.618308
-0.5,1,0.622971
-0.3333333333333333,1,0.626801
-0.5,1,0.631321
-0.4,1,0.635671
-1.0,1,0.639679
-0.4,1,0.643422
-0.5,1,0.647413
0.0,1,0.651608
-1.0,1,0.65546
-0.5,1,0.659281
-0.3333333333333333,1,0.663485
-0.25,1,0.667845
-0.6666666666666666,1,0.672032
-0.5,1,0.676223
-1.0,1,0.68102
-1.0,1,0.68571
-0.3333333333333333,1,0.689633
-0.5,1,0.693436
-0.3333333333333333,1,0.697663
0.0,1,0.702424
-1.0,1,0.706334
-1.0,1,0.71059
-1.0,1,0.714712
-1.0,1,0.719189
-1.0,1,0.722919
-0.3333333333333333,1,0.726405
-0.3333333333333333,1,0.731217
-0.5,1,0.735316
-0.3333333333333333,1,0.738955
-0.2,1,0.742311
-0.3333333333333333,1,0.746968
-0.25,1,0.750846
-0.1,1,0.754698
-0.2,1,0.75847
-0.2,1,0.766349
-0.2,1,0.772351
-0.2,1,0.776115
-0.2,1,0.781413
-0.2,1,0.78545
-0.16666666666666666,1,0.789171
-0.06666666666666667,1,0.79329
-0.16666666666666666,1,0.806136
0.0,1,0.8114
-1.0,1,0.819156
-1.0,1,0.833773
-1.0,1,0.844748
-1.0,1,0.852679
-0.6666666666666666,1,0.858116
-1.0,1,0.867191
-1.0,1,0.874178
-0.75,1,0.877978
-1.0,1,0.883321
-0.5,1,0.887865
-0.3333333333333333,1,0.897645
-0.3333333333333333,1,0.902564
-0.6666666666666666,1,0.906153
-0.5555555555555556,1,0.910019
-0.16666666666666666,1,0.913618
-0.25,1,0.917736
-0.2,1,0.921588
-0.2,1,0.925064
-0.2222222222222222,1,0.928658
-0.3333333333333333,1,0.933032
0.0,1,0.936507
-1.0,1,0.940284
-1.0,1,0.944913
-1.0,1,0.949191
-1.0,1,0.953345
-1.0,1,0.956858
-1.0,1,0.961497
-1.0,1,0.967848
-1.0,1,0.971942
-1.0,1,0.975552
-1.0,1,0.982648
-0.3333333333333333,1,0.986746
-1.0,1,0.990103
-1.0,1,0.994094
-1.0,1,0.997897
-0.6666666666666666,1,1.001966
-0.5,1,1.005733
-0.3333333333333333,1,1.009674
-0.5,1,1.013569
0.0,1,1.017418
-1.0,1,1.021155
-1.0,1,1.025458
-1.0,1,1.028974
-1.0,1,1.033151
-0.6666666666666666,1,1.03711
-0.75,1,1.041014
-0.4,1,1.044743
-1.0,1,1.048868
-0.4,1,1.052938
-0.25,1,1.056737
-0.3333333333333333,1,1.060232
-0.3333333333333333,1,1.063673
-0.1,1,1.067439
-0.25,1,1.071107
-0.3,1,1.075215
-0.16666666666666666,1,1.07884
-0.2222222222222222,1,1.083094
-0.16666666666666666,1,1.088279
-0.2,1,1.092767
-0.25,1,1.100226
-0.3333333333333333,1,1.113114
-0.3333333333333333,1,1.117719
-0.3333333333333333,1,1.121178
-0.2,1,1.12443
-0.16666666666666666,1,1.128541
-0.3333333333333333,1,1.132696
-0.3333333333333333,1,1.136104
-0.5,1,1.139253
-0.3333333333333333,1,1.142917
-1.0,1,1.147781
-0.3333333333333333,1,1.151487
-0.5,1,1.154904
-0.3333333333333333,1,1.158713
-0.5,1,1.162426
-0.2,1,1.16623
-0.2,1,1.16981
-0.2,1,1.17297
-0.2,1,1.176212
-0.3333333333333333,1,1.179764
-0.3333333333333333,1,1.183718
-0.3333333333333333,1,1.18751
-0.3333333333333333,1,1.190954
-0.16666666666666666,1,1.201686
-0.06666666666666667,1,1.206948
-0.3333333333333333,1,1.214262
-0.06666666666666667,1,1.219933
-0.2222222222222222,1,1.224067
-0.06666666666666667,1,1.22899
-0.2222222222222222,1,1.233916
-0.16666666666666666,1,1.238097
-0.06666666666666667,1,1.241912
-0.16666666666666666,1,1.246009
-0.2222222222222222,1,1.250461
-0.16666666666666666,1,1.254508
-0.06666666666666667,1,1.258464
-0.12,1,1.262857
-0.2,1,1.267365
-0.2,1,1.271278
-0.2,1,1.275077
-0.16666666666666666,1,1.278851
-0.2222222222222222,1,1.28327
-0.06666666666666667,1,1.287367
-0.2222222222222222,1,1.29123
-0.3333333333333333,1,1.295262
-0.2,1,1.300187
-0.5,1,1.30409
-1.0,1,1.308543
-0.25,1,1.312686
-0.3333333333333333,1,1.317367
-0.5,1,1.321009
-0.3333333333333333,1,1.324337
-0.5555555555555556,1,1.328409
-0.16666666666666666,1,1.333159
-0.5555555555555556,1,1.336938
-0.16666666666666666,1,1.340319
-0.5,1,1.344317
-1.0,1,1.348664
-1.0,1,1.352239
-1.0,1,1.355354
-1.0,1,1.358821
-1.0,1,1.363124
-1.0,1,1.369284
-1.0,1,1.373138
-0.5,1,1.380468
-0.4,1,1.387257
-1.0,1,1.391305
-0.4,1,1.396685
-1.0,1,1.407864
-1.0,1,1.412141
-1.0,1,1.416573
-0.4,1,1.420335
-0.5,1,1.424082
-0.6666666666666666,1,1.427962
-0.3333333333333333,1,1.43232
-0.6666666666666666,1,1.436297
-0.3333333333333333,1,1.440236
-0.3333333333333333,1,1.456381
-0.25,1,1.461344
-0.2,1,1.466256
-0.25,1,1.479075
-1.0,1,1.489027
-1.0,1,1.495782
-1.0,1,1.500482
-0.16666666666666666,1,1.508216
-0.2222222222222222,1,1.518313
-0.2,1,1.522549
-0.2222222222222222,1,1.526529
-0.16666666666666666,1,1.549568
-1.0,1,1.560524
-1.0,1,1.566272
-0.2,1,1.570326
-0.5,1,1.574147
-0.3333333333333333,1,1.57841
-0.5,1,1.58505
-0.6666666666666666,1,1.590079
-1.0,1,1.594982
-1.0,1,1.602765
-1.0,1,1.606968
-1.0,1,1.614635
-1.0,1,1.618964
-0.3333333333333333,1,1.62308
-0.5555555555555556,1,1.627528
-0.3333333333333333,1,1.631907
0.0,1,1.636193
-1.0,1,1.643631
-1.0,1,1.658078
-1.0,1,1.66688
-1.0,1,1.676588
-0.6666666666666666,1,1.689103
-1.0,1,1.705458
-0.6666666666666666,1,1.710583
-0.5,1,1.716877
-0.4,1,1.722752
-0.2,1,1.730142
-0.2,1,1.736341
-0.2,1,1.741966
-0.3333333333333333,1,1.746785
0.0,1,1.750528
-1.0,1,1.754146
-1.0,1,1.758911
-1.0,1,1.765094
-1.0,1,1.770249
-1.0,1,1.777336
-1.0,1,1.785988
-1.0,1,1.802887
-1.0,1,1.813701
-1.0,1,1.81762
-1.0,1,1.821567
-1.0,1,1.825307
-0.5,1,1.829625
-0.6666666666666666,1,1.834142
-0.3333333333333333,1,1.839521
0.0,1,1.845326
-1.0,1,1.849585
-1.0,1,1.856832
-1.0,1,1.860849
-0.5,1,1.864568
-0.3333333333333333,1,1.868739
-0.2,1,1.872645
-0.2,1,1.87644
-0.25,1,1.88007
0.0,1,1.883986
-1.0,1,1.88795
-1.0,1,1.89323
-0.6666666666666666,1,1.897509
-0.75,1,1.901837
-0.3333333333333333,1,1.905855
-0.25,1,1.909502
-0.3,1,1.913757
-0.06666666666666667,1,1.917913
-0.16666666666666666,1,1.927475
-0.06666666666666667,1,1.932669
-0.16666666666666666,1,1.937709
-0.75,1,1.942612
-0.16666666666666666,1,1.947182
-0.75,1,1.951618
-0.6666666666666666,1,1.95579
-0.7777777777777778,1,1.959875
-0.3333333333333333,1,1.964266
-0.2,1,1.969341
-0.1,1,1.973252
-0.2,1,1.977302
-0.1,1,1.98233
-0.25,1,1.986753
-0.3333333333333333,1,1.991063
-0.25,1,1.995842
-0.1,1,2.000916
-0.12,1,2.005061
-0.06666666666666667,1,2.008906
-0.12,1,2.013354
-0.06666666666666667,1,2.017751
-0.16666666666666666,1,2.021904
-0.06666666666666667,1,2.025838
-0.12,1,2.030216
-0.06666666666666667,1,2.034259
-0.16666666666666666,1,2.044763
-0.2,1,2.04897
-0.16666666666666666,1,2.052947
-0.2,1,2.056664
-0.25,1,2.063159
-0.3333333333333333,1,2.068388
-0.5,1,2.071868
-0.3333333333333333,1,2.07621
-0.3333333333333333,1,2.081496
-0.3333333333333333,1,2.08791
-0.3333333333333333,1,2.092376
-0.3333333333333333,1,2.098054
-0.3333333333333333,1,2.102687
-0.3333333333333333,1,2.107085
-0.3333333333333333,1,2.113441
-0.16666666666666666,1,2.118677
-0.06666666666666667,1,2.122455
-0.3333333333333333,1,2.126598
0.0,1,2.130771
-1.0,1,2.135129
-1.0,1,2.140435
-1.0,1,2.145201
-1.0,1,2.149029
-0.6666666666666666,1,2.15265
-0.3333333333333333,1,2.157205
-0.6666666666666666,1,2.162548
-0.3333333333333333,1,2.16599
-0.3333333333333333,1,2.170861
-0.3333333333333333,1,2.174417
-0.3333333333333333,1,2.17818
-0.3333333333333333,1,2.181646
-0.6666666666666666,1,2.185267
-0.5,1,2.191965
-0.3333333333333333,1,2.197716
-0.2,1,2.203672
-0.2222222222222222,1,2.20785
-0.2,1,2.213184
-0.2,1,2.220562
-1.0,1,2.225708
-1.0,1,2.229435
-1.0,1,2.233513
-1.0,1,2.237375
-0.5,1,2.240837
-0.4,1,2.245529
-1.0,1,2.249545
-0.4,1,2.253562
-0.5,1,2.257095
-0.4,1,2.263021
-0.5,1,2.271113
-0.3333333333333333,1,2.274773
-0.5,1,2.278787
-0.6666666666666666,1,2.282445
-0.5,1,2.286079
-0.16666666666666666,1,2.289456
-0.25,1,2.293124
-0.3,1,2.297007
-0.12,1,2.300792
-0.06666666666666667,1,2.304421
-0.2,1,2.313029
-0.2,1,2.329571
-0.12,1,2.33564
-0.1,1,2.357464
-0.3333333333333333,1,2.372557
-0.1,1,2.391901
-0.2,1,2.40403
-0.06666666666666667,1,2.419632
-0.16666666666666666,1,2.427932
0.0,1,2.442754
-1.0,1,2.45077
-0.5,1,2.456005
-0.3333333333333333,1,2.460205
-0.3333333333333333,1,2.465111
-0.3333333333333333,1,2.470644
-0.3333333333333333,1,2.475259
-0.3333333333333333,1,2.479349
-0.3333333333333333,1,2.483666
-0.2,1,2.490235
-0.3333333333333333,1,2.498886
-0.3333333333333333,1,2.512523
-0.3333333333333333,1,2.518609
-0.2,1,2.52422
-0.3333333333333333,1,2.529469
-0.3333333333333333,1,2.533313
-0.25,1,2.537757
-0.3333333333333333,1,2.541439
-0.25,1,2.54519
-0.3333333333333333,1,2.548798
-0.125,1,2.552324
-0.3,1,2.5561
-0.125,1,2.559524
-0.3,1,2.563496
-0.12,1,2.567054
-0.1,1,2.571048
-0.25,1,2.574409
-0.3333333333333333,1,2.578321
-0.3333333333333333,1,2.581732
-0.1,1,2.585594
-0.25,1,2.5895
-0.2,1,2.593538
-0.125,1,2.597669
-0.3333333333333333,1,2.601825
-0.25,1,2.605523
-0.3333333333333333,1,2.620676
-0.25,1,2.655933
-0.3333333333333333,1,2.662293
-0.75,1,2.669513
-0.16666666666666666,1,2.673941
-0.2,1,2.678238
-0.2,1,2.682581
-0.2,1,2.686445
-0.2,1,2.690752
-0.25,1,2.694905
-0.2,1,2.699753
-0.2,1,2.703983
-0.2,1,2.707649
-0.125,1,2.711759
-0.16666666666666666,1,2.716109
-0.5555555555555556,1,2.720233
-0.3333333333333333,1,2.724033
-0.3333333333333333,1,2.72828
0.0,1,2.733175
-1.0,1,2.737761
-1.0,1,2.742001
-0.6666666666666666,1,2.746453
-0.3333333333333333,1,2.750958
-0.16666666666666666,1,2.755062
-0.125,1,2.769225
-0.3333333333333333,1,2.774564
-0.125,1,2.780492
-0.1,1,2.78746
-0.2,1,2.790966
-0.3333333333333333,1,2.794804
-0.3333333333333333,1,2.801227
-1.0,1,2.805274
-0.5555555555555556,1,2.809233
-0.3333333333333333,1,2.813389
-0.3333333333333333,1,2.820148
-0.3333333333333333,1,2.826499
-0.3333333333333333,1,2.831732
-0.6666666666666666,1,2.835751
-0.5,1,2.839253
-0.6666666666666666,1,2.842836
-0.5,1,2.846606
-0.6666666666666666,1,2.850326
-0.3333333333333333,1,2.854445
-0.3333333333333333,1,2.863072
-0.5,1,2.866994
-0.3333333333333333,1,2.870565
-0.5,1,2.873715
-1.0,1,2.878847
-0.5555555555555556,1,2.885971
-0.3333333333333333,1,2.891984
-0.25,1,2.904793
-0.2,1,2.915942
-0.2,1,2.923322
-0.3,1,2.928104
-0.25,1,2.933122
-0.2,1,2.938291
-0.2,1,2.942657
-0.3333333333333333,1,2.949218
-0.3333333333333333,1,2.953917
-0.4,1,2.95747
-0.2,1,2.962536
-0.2222222222222222,1,2.967361
-0.3333333333333333,1,2.971226
-0.2222222222222222,1,2.974765
-0.2,1,2.980787
-0.2222222222222222,1,2.986249
-0.2,1,2.990079
-0.2,1,2.995621
-0.12,1,2.99948
-0.2,1,3.006228
-0.16666666666666666,1,3.01056
-0.2222222222222222,1,3.014012
-0.16666666666666666,1,3.018238
-0.2222222222222222,1,3.021588
-0.2,1,3.024829
-0.4,1,3.02994
-0.16666666666666666,1,3.034306
0.0,1,3.037835
-1.0,1,3.041097
-1.0,1,3.044973
-0.6666666666666666,1,3.064098
-1.0,1,3.074567
-1.0,1,3.079087
-1.0,1,3.083947
-1.0,1,3.108039
-1.0,1,3.114241
-0.6666666666666666,1,3.118164
-0.3333333333333333,1,3.121705
-0.3333333333333333,1,3.125293
-0.3333333333333333,1,3.129066
-0.3333333333333333,1,3.133286
-0.5555555555555556,1,3.136777
-0.3333333333333333,1,3.14006
-0.5,1,3.15825
-0.2,1,3.176488
-0.5,1,3.180243
-1.0,1,3.184204
-1.0,1,3.187757
-1.0,1,3.196051
-0.5555555555555556,1,3.200308
-0.16666666666666666,1,3.20428
-0.75,1,3.208055
-0.4,1,3.212561
-0.2,1,3.216921
-0.2,1,3.220808
-0.2,1,3.224437
-0.2,1,3.228529
-0.25,1,3.233372
-0.2,1,3.2371
-0.2,1,3.240283
-0.2,1,3.243908
-0.16666666666666666,1,3.24727
-0.2222222222222222,1,3.250874
-0.16666666666666666,1,3.254187
-0.2,1,3.257399
-0.3333333333333333,1,3.260722
-0.2222222222222222,1,3.266109
-0.16666666666666666,1,3.270285
-0.2222222222222222,1,3.273488
-0.16666666666666666,1,3.27679
-0.2222222222222222,1,3.280401
-0.16666666666666666,1,3.28415
-0.4,1,3.287872
-0.5,1,3.291847
-0.16666666666666666,1,3.296149
-0.06666666666666667,1,3.300751
-0.3333333333333333,1,3.304463
-0.25,1,3.308148
-0.2,1,3.313902
-0.16666666666666666,1,3.325014
-0.2222222222222222,1,3.330428
-0.16666666666666666,1,3.334718
-1.0,1,3.338883
-1.0,1,3.343298
-0.2,1,3.347615
-0.3333333333333333,1,3.352434
-0.3333333333333333,1,3.356943
-0.25,1,3.361362
-0.2,1,3.365579
-0.12,1,3.369546
-0.2,1,3.373312
-0.12,1,3.377153
-0.1,1,3.380927
-0.25,1,3.385113
-0.2,1,3.388862
-0.2,1,3.39266
-0.2222222222222222,1,3.39684
-0.16666666666666666,1,3.401037
-0.2,1,3.404935
-0.3333333333333333,1,3.40871
-0.2,1,3.412656
-0.2,1,3.416888
-0.1,1,3.421291
-0.2,1,3.425159
-0.06666666666666667,1,3.429929
-0.12,1,3.434661
-0.06666666666666667,1,3.438582
-0.2,1,3.442691
-0.2,1,3.446754
-0.25,1,3.451209
-0.3333333333333333,1,3.455009
-0.5,1,3.459079
-0.6666666666666666,1,3.463527
-0.75,1,3.468131
-0.6666666666666666,1,3.472118
-1.0,1,3.476178
-0.6666666666666666,1,3.480139
-0.5555555555555556,1,3.484518
-1.0,1,3.48823
-1.0,1,3.492004
-1.0,1,3.495966
-0.25,1,3.500721
-0.3333333333333333,1,3.504902
-0.3333333333333333,1,3.509171
-0.3333333333333333,1,3.513416
-0.3333333333333333,1,3.517584
-0.3333333333333333,1,3.522085
-0.5,1,3.525949
-0.6666666666666666,1,3.530158
-0.3333333333333333,1,3.534382
-0.6666666666666666,1,3.53793
-0.5,1,3.541071
-0.2,1,3.546109
-1.0,1,3.550041
-1.0,1,3.553726
-0.5,1,3.556947
-0.3333333333333333,1,3.560323
-0.125,1,3.563986
-0.16666666666666666,1,3.56796
-0.125,1,3.571784
-0.3333333333333333,1,3.579596
-0.25,1,3.585621
-0.3333333333333333,1,3.597733
-0.25,1,3.601965
-0.3333333333333333,1,3.605388
-0.2,1,3.611094
-0.2,1,3.621885
-0.12,1,3.62703
-0.2,1,3.634072
-0.2,1,3.6398
-0.4,1,3.643472
-0.75,1,3.647609
-0.4,1,3.651777
-0.16666666666666666,1,3.656415
-0.4,1,3.660253
-1.0,1,3.66401
-0.4,1,3.668407
-0.5,1,3.672461
-0.6666666666666666,1,3.676182
-0.3333333333333333,1,3.68233
-0.3333333333333333,1,3.688448
-0.2,1,3.692142
-0.1,1,3.695583
-0.12,1,3.699854
-0.1,1,3.703547
-0.3333333333333333,1,3.707244
-0.2,1,3.710907
-0.3333333333333333,1,3.714737
-0.4,1,3.718899
-0.06666666666666667,1,3.722808
-0.3,1,3.726948
-0.125,1,3.731006
-0.1,1,3.73473
-0.2,1,3.737977
-0.2,1,3.741715
-0.12,1,3.746094
-0.06666666666666667,1,3.750485
-0.16666666666666666,1,3.753753
-0.06666666666666667,1,3.757026
-0.2,1,3.76044
-0.06666666666666667,1,3.764914
-0.2,1,3.768587
-0.06666666666666667,1,3.771743
-0.12,1,3.775086
-0.3,1,3.778947
-0.125,1,3.78337
-0.1,1,3.78692
-0.125,1,3.790402
-0.2,1,3.794319
-0.25,1,3.798196
-0.3333333333333333,1,3.802238
-0.5,1,3.805609
-0.6666666666666666,1,3.80961
-1.0,1,3.813472
-0.6666666666666666,1,3.817398
-0.75,1,3.821575
-0.16666666666666666,1,3.825962
-0.2,1,3.832253
-0.16666666666666666,1,3.838237
-0.125,1,3.8424
-0.3,1,3.84664
-0.2,1,3.85099
-0.3333333333333333,1,3.855031
-0.2,1,3.858663
-0.2,1,3.862465
-0.16666666666666666,1,3.866526
-0.2,1,3.872382
-0.12,1,3.880025
-0.2,1,3.884799
-0.12,1,3.888583
-0.2,1,3.892538
-0.125,1,3.896502
-0.3,1,3.900918
-0.12,1,3.904763
-0.2,1,3.90899
-0.25,1,3.913336
-0.2,1,3.917616
-0.3333333333333333,1,3.921903
-0.2,1,3.925601
-0.3333333333333333,1,3.929608
-0.2,1,3.934183
-0.12,1,3.938088
-0.06666666666666667,1,3.942014
-0.16666666666666666,1,3.946166
0.0,1,3.950345
-1.0,1,3.954432
-0.5,1,3.958508
-0.3333333333333333,1,3.963179
-0.3333333333333333,1,3.967456
-0.3333333333333333,1,3.97139
0.0,1,3.975346
-1.0,1,3.97954
-1.0,1,3.984047
-0.6666666666666666,1,3.988631
-0.5555555555555556,1,3.99238
-0.3333333333333333,1,3.996087
-0.2,1,3.999942
-0.16666666666666666,1,4.003359
-0.25,1,4.006659
-0.2,1,4.011152
-0.25,1,4.01609
-0.16666666666666666,1,4.02013
-0.125,1,4.02343
-0.3,1,4.027904
-0.06666666666666667,1,4.032623
-0.4,1,4.036124
-0.5,1,4.039482
-0.3333333333333333,1,4.045821
-0.5,1,4.05182
-0.3333333333333333,1,4.058778
-0.2,1,4.062716
-0.2222222222222222,1,4.066921
-0.2,1,4.070958
-0.4,1,4.077569
-1.0,1,4.086806
-1.0,1,4.09376
-0.16666666666666666,1,4.100397
-0.4,1,4.10436
-0.2,1,4.109577
-0.2,1,4.115348
-0.16666666666666666,1,4.118937
-0.06666666666666667,1,4.122619
-0.12,1,4.125973
-0.06666666666666667,1,4.129502
-0.12,1,4.133411
-0.3,1,4.13756
-0.25,1,4.141018
-0.3333333333333333,1,4.149032
-0.25,1,4.153025
-0.2,1,4.156847
-0.25,1,4.160924
-0.2,1,4.165112
-0.2,1,4.169334
-0.2222222222222222,1,4.173217
-0.16666666666666666,1,4.177609
-0.2222222222222222,1,4.182715
-0.2,1,4.186658
-0.3333333333333333,1,4.190356
-0.5,1,4.194161
-1.0,1,4.199125
-1.0,1,4.203423
-0.6666666666666666,1,4.207214
-0.25,1,4.21129
-0.3333333333333333,1,4.216225
-0.25,1,4.220546
-0.16666666666666666,1,4.224227
-0.2,1,4.228618
-0.4,1,4.233335
-0.2,1,4.237139
-0.3333333333333333,1,4.240792
-0.5555555555555556,1,4.245913
-0.3333333333333333,1,4.250191
-0.2,1,4.253935
-0.2,1,4.257426
-0.2,1,4.261483
-0.2222222222222222,1,4.266207
-0.16666666666666666,1,4.270149
-0.2222222222222222,1,4.274058
-0.16666666666666666,1,4.278206
-0.06666666666666667,1,4.283007
-0.2,1,4.287332
-0.06666666666666667,1,4.291412
-0.16666666666666666,1,4.295693
0.0,1,4.300073
-1.0,1,4.304058
-1.0,1,4.308566
-1.0,1,4.312764
-0.5,1,4.317807
-0.3333333333333333,1,4.322462
-0.5,1,4.325717
0.0,1,4.330003
-1.0,1,4.334071
-1.0,1,4.338122
-0.6666666666666666,1,4.341931
-0.3333333333333333,1,4.346296
-0.3333333333333333,1,4.350535
-0.3333333333333333,1,4.354458
-0.3333333333333333,1,4.35776
-0.25,1,4.36157
-0.3333333333333333,1,4.366161
-0.3333333333333333,1,4.370572
-0.16666666666666666,1,4.374464
-0.125,1,4.379011
-0.16666666666666666,1,4.383458
-0.06666666666666667,1,4.387582
-0.16666666666666666,1,4.39166
-0.5,1,4.39623
-0.2,1,4.40098
-0.25,1,4.404752
-0.3333333333333333,1,4.408728
-0.25,1,4.413491
-0.3333333333333333,1,4.418159
-0.3333333333333333,1,4.421761
-0.3333333333333333,1,4.425566
-0.06666666666666667,1,4.429417
-0.2,1,4.44363
-0.25,1,4.452026
-0.2,1,4.456948
-0.2,1,4.461809
-0.3333333333333333,1,4.466729
-0.2,1,4.471061
-0.2,1,4.475296
-0.16666666666666666,1,4.479738
-0.2,1,4.48406
-0.12,1,4.488585
-0.3,1,4.492889
-0.2,1,4.497293
-0.2222222222222222,1,4.501555
-0.2,1,4.506353
-0.2222222222222222,1,4.511841
-0.16666666666666666,1,4.516331
-0.2,1,4.521147
-0.16666666666666666,1,4.525681
-0.4,1,4.530018
-1.0,1,4.534022
-0.4,1,4.538993
-0.75,1,4.543192
-0.3333333333333333,1,4.547516
-0.125,1,4.551785
-0.2,1,4.556458
-0.12,1,4.560685
-0.3,1,4.564478
-0.12,1,4.568285
-0.1,1,4.572629
-0.12,1,4.577029
-0.3,1,4.580785
-0.125,1,4.58434
-0.3333333333333333,1,4.589147
-0.25,1,4.593362
-0.1,1,4.597718
-0.2,1,4.602369
-0.1,1,4.607166
-0.2,1,4.611993
-0.2,1,4.616607
-0.2,1,4.620977
-0.2,1,4.625734
-0.16666666666666666,1,4.629557
-0.2,1,4.633712
-0.16666666666666666,1,4.639689
-0.4,1,4.645329
-0.16666666666666666,1,4.649342
-0.2222222222222222,1,4.666576
-0.16666666666666666,1,4.691093
-0.06666666666666667,1,4.699018
-0.16666666666666666,1,4.705853
-0.2,1,4.710749
-0.12,1,4.716925
-0.2,1,4.722667
-0.3333333333333333,1,4.730182
-0.1,1,4.735309
-0.2,1,4.73979
-0.2,1,4.746117
-0.125,1,4.750442
-0.16666666666666666,1,4.754637
-0.5555555555555556,1,4.75956
-0.16666666666666666,1,4.763786
-0.06666666666666667,1,4.767702
-0.3,1,4.773083
-0.12,1,4.777113
-0.06666666666666667,1,4.781275
-0.16666666666666666,1,4.785522
0.0,1,4.789855
-1.0,1,4.793996
-1.0,1,4.797808
-0.6666666666666666,1,4.801432
-0.5,1,4.805553
-1.0,1,4.809067
-0.5,1,4.812613
-0.6666666666666666,1,4.81644
-0.5,1,4.820919
-0.3333333333333333,1,4.824809
-0.5555555555555556,1,4.828458
-0.16666666666666666,1,4.83208
-0.25,1,4.836291
-0.2,1,4.840063
-0.3333333333333333,1,4.843631
-0.3333333333333333,1,4.846924
-0.3333333333333333,1,4.850919
-0.4,1,4.854542
-0.2,1,4.858317
-0.3,1,4.861973
-0.12,1,4.865671
-0.3,1,4.869713
-0.16666666666666666,1,4.874178
-0.2222222222222222,1,4.880681
-0.2,1,4.885751
-0.2222222222222222,1,4.890417
-0.16666666666666666,1,4.894601
-0.2,1,4.898322
-0.25,1,4.903025
-0.3333333333333333,1,4.908019
-0.06666666666666667,1,4.912345
-0.16666666666666666,1,4.9168
-0.125,1,4.921011
-0.3333333333333333,1,4.926163
-0.5,1,4.930233
-0.6666666666666666,1,4.934435
-1.0,1,4.93864
-0.6666666666666666,1,4.942902
-0.5555555555555556,1,4.947068
-0.16666666666666666,1,4.951015
-0.5555555555555556,1,4.954813
-0.3333333333333333,1,4.959332
-0.5,1,4.963423
-0.3333333333333333,1,4.96752
-0.25,1,4.971296
-0.2,1,4.976126
-0.12,1,4.97994
-0.2,1,4.9834
-0.2,1,4.988456
-0.16666666666666666,1,4.992202
-0.125,1,4.995701
-0.2,1,4.999974
-0.16666666666666666,1,5.004825
-0.3,1,5.008597
-0.12,1,5.012701
-0.06666666666666667,1,5.016525
-0.16666666666666666,1,5.021368
-0.2222222222222222,1,5.025055
-0.3333333333333333,1,5.028586
-0.3333333333333333,1,5.032572
-0.25,1,5.037258
-0.2,1,5.04191
-0.3333333333333333,1,5.056315
-0.3333333333333333,1,5.064084
-0.3333333333333333,1,5.069963
-0.2,1,5.074856
-0.25,1,5.079335
-0.3333333333333333,1,5.083935
-0.25,1,5.088084
-0.3333333333333333,1,5.091869
-0.25,1,5.096361
-0.3333333333333333,1,5.10114
-0.3333333333333333,1,5.105473
-0.3333333333333333,1,5.109384
-0.25,1,5.113505
-0.3333333333333333,1,5.117942
-0.125,1,5.122336
-0.3,1,5.126443
-0.25,1,5.132066
-0.2,1,5.136293
-0.2,1,5.140234
-0.2222222222222222,1,5.144399
-0.16666666666666666,1,5.14915
-0.1,1,5.153344
-0.16666666666666666,1,5.176008
-0.06666666666666667,1,5.180609
-0.2,1,5.18571
-0.2,1,5.191109
-0.06666666666666667,1,5.195802
-0.2,1,5.200294
-0.16666666666666666,1,5.204604
-0.06666666666666667,1,5.209236
-0.2,1,5.22582
-0.06666666666666667,1,5.237432
-0.2,1,5.255035
0.0,1,5.26058
-1.0,1,5.269105
-1.0,1,5.273775
-0.6666666666666666,1,5.282948
-0.3333333333333333,1,5.293366
-0.16666666666666666,1,5.303675
-0.5555555555555556,1,5.30775
-0.3333333333333333,1,5.313045
-0.06666666666666667,1,5.31804
-0.4,1,5.322378
-0.16666666666666666,1,5.326771
-0.2,1,5.331622
-0.3333333333333333,1,5.338743
-0.2222222222222222,1,5.344667
-0.3333333333333333,1,5.349892
-0.2,1,5.353992
-0.25,1,5.357772
-0.2,1,5.362345
-0.12,1,5.367124
-0.3,1,5.371312
-0.16666666666666666,1,5.375926
-0.2,1,5.380559
-0.25,1,5.385661
-0.3333333333333333,1,5.389219
-0.25,1,5.393194
-0.3333333333333333,1,5.397855
-0.25,1,5.401768
-0.2,1,5.405226
-0.25,1,5.409463
-0.3333333333333333,1,5.413773
-0.25,1,5.423062
-0.2,1,5.438685
-0.16666666666666666,1,5.443197
-0.2,1,5.453496
-0.3333333333333333,1,5.461645
-0.1,1,5.467325
-0.2,1,5.472337
-0.1,1,5.476311
-0.25,1,5.484283
-0.3333333333333333,1,5.488323
-0.3333333333333333,1,5.491991
-0.3333333333333333,1,5.496849
-0.2,1,5.502588
-0.2,1,5.506489
-0.2,1,5.510725
-0.1,1,5.515044
-0.25,1,5.518973
-0.3333333333333333,1,5.522882
-0.2,1,5.527058
-0.2222222222222222,1,5.531986
-0.3333333333333333,1,5.536107
-0.2222222222222222,1,5.539879
-0.16666666666666666,1,5.544001
-0.4,1,5.54851
-0.5,1,5.552788
-0.3333333333333333,1,5.556385
-0.2,1,5.559833
-0.1,1,5.56438
-0.2,1,5.56867
-0.2,1,5.572504
0.0,1,5.576705
-1.0,1,5.580252
-0.5,1,5.584594
-0.6666666666666666,1,5.588199
-0.7777777777777778,1,5.592011
-0.3333333333333333,1,5.595927
0.0,1,5.600247
-1.0,1,5.604032
-1.0,1,5.608331
-1.0,1,5.612494
-0.25,1,5.616689
-0.3333333333333333,1,5.620113
-0.5,1,5.62401
-0.6666666666666666,1,5.632634
-0.5,1,5.637191
-0.3333333333333333,1,5.642662
-0.7777777777777778,1,5.650899
-0.3333333333333333,1,5.65573
-0.2,1,5.67046
-0.3333333333333333,1,5.683593
-0.25,1,5.691679
-0.16666666666666666,1,5.701325
-0.06666666666666667,1,5.712296
-0.3,1,5.722541
-0.06666666666666667,1,5.731896
-0.3333333333333333,1,5.738921
-0.5,1,5.750881
-0.4,1,5.756998
-0.16666666666666666,1,5.762617
-0.2222222222222222,1,5.768346
-0.16666666666666666,1,5.772225
0.0,1,5.776189
-1.0,1,5.780571
-1.0,1,5.792892
-0.6666666666666666,1,5.802166
-0.5,1,5.811664
-0.6666666666666666,1,5.822891
-0.5555555555555556,1,5.827691
-0.3333333333333333,1,5.832193
-0.3333333333333333,1,5.836703
-0.6666666666666666,1,5.840601
-0.25,1,5.844697
-0.6666666666666666,1,5.849526
-0.7777777777777778,1,5.853585
-0.3333333333333333,1,5.857585
0.0,1,5.861834
-1.0,1,5.866118
-1.0,1,5.870142
-0.6666666666666666,1,5.87441
-0.5,1,5.878917
-0.3333333333333333,1,5.883435
-0.3333333333333333,1,5.88715
-0.3333333333333333,1,5.890898
-0.3333333333333333,1,5.894863
-0.3333333333333333,1,5.899124
-0.25,1,5.903436
-0.3333333333333333,1,5.907926
-0.2,1,5.912528
-0.2,1,5.918471
-0.2,1,5.926642
-0.3,1,5.938491
-0.25,1,5.94295
-0.16666666666666666,1,5.947204
-0.5555555555555556,1,5.951087
-0.3333333333333333,1,5.955854
-0.3333333333333333,1,5.959662
-0.3333333333333333,1,5.964262
-0.2,1,5.968827
-0.2,1,5.972982
-0.2,1,5.977726
-0.2222222222222222,1,5.98329
-0.3333333333333333,1,5.987469
-0.3333333333333333,1,5.992047
-0.25,1,5.997727
-0.3333333333333333,1,6.002214
-0.25,1,6.006362
-1.0,1,6.010548
-0.75,1,6.014547
-0.16666666666666666,1,6.01954
-0.125,1,6.023914
-0.3333333333333333,1,6.028554
-0.3333333333333333,1,6.03304
-0.3333333333333333,1,6.036707
-0.2,1,6.041103
-0.2,1,6.044936
-0.25,1,6.049199
-0.2,1,6.053605
0.0,1,6.05745
-1.0,1,6.061913
-1.0,1,6.066101
-1.0,1,6.070322
-1.0,1,6.074102
-0.6666666666666666,1,6.077816
-1.0,1,6.08184
-1.0,1,6.085577
-0.5,1,6.089554
-0.3333333333333333,1,6.095239
-0.5,1,6.099641
-0.2,1,6.10345
-0.2,1,6.107218
-0.2,1,6.111465
-0.2,1,6.116604
-0.2,1,6.121549
-0.25,1,6.126688
-0.3,1,6.130117
-0.06666666666666667,1,6.134197
-0.16666666666666666,1,6.137615
-0.2,1,6.140917
-0.3333333333333333,1,6.144705
-0.2,1,6.148954
-0.3333333333333333,1,6.1525
-0.06666666666666667,1,6.155749
-0.4,1,6.158842
-1.0,1,6.162821
-0.4,1,6.166659
-0.16666666666666666,1,6.17015
-0.2222222222222222,1,6.173617
-0.2,1,6.177841
-0.2222222222222222,1,6.182841
-0.16666666666666666,1,6.186561
-0.2222222222222222,1,6.190301
-0.3333333333333333,1,6.195211
-0.2222222222222222,1,6.199561
-0.3333333333333333,1,6.203083
-0.2222222222222222,1,6.206565
-0.06666666666666667,1,6.209873
-0.3,1,6.213544
-0.125,1,6.21783
-0.3,1,6.221936
-0.125,1,6.225809
-0.3,1,6.229411
-0.125,1,6.234139
-0.3333333333333333,1,6.238428
-0.125,1,6.242499
-0.3333333333333333,1,6.248172
-0.25,1,6.253736
-0.3333333333333333,1,6.257065
-0.125,1,6.260566
-0.16666666666666666,1,6.26416
-0.2,1,6.268418
-0.2,1,6.272524
-0.25,1,6.276329
-0.2,1,6.280026
-0.2,1,6.284287
-0.1,1,6.28785
-0.25,1,6.29121
-0.2,1,6.295247
-0.16666666666666666,1,6.299538
-0.06666666666666667,1,6.303727
-0.16666666666666666,1,6.307783
-0.1,1,6.312069
-0.16666666666666666,1,6.316314
-0.2,1,6.32032
-0.25,1,6.324237
-0.16666666666666666,1,6.328508
-0.2,1,6.33327
-0.2,1,6.336925
-0.12,1,6.340918
-0.06666666666666667,1,6.345185
-0.12,1,6.350039
-0.2,1,6.353867
-0.16666666666666666,1,6.357634
-0.2222222222222222,1,6.36409
-0.2,1,6.372978
-0.2222222222222222,1,6.38192
-0.3333333333333333,1,6.387559
0.0,1,6.39196
-1.0,1,6.396624
-1.0,1,6.401432
-1.0,1,6.406264
-1.0,1,6.410793
-0.3333333333333333,1,6.415605
-0.3333333333333333,1,6.420079
-0.3333333333333333,1,6.424261
-0.25,1,6.428471
-0.3333333333333333,1,6.433439
-0.125,1,6.437905
-0.3333333333333333,1,6.442384
-0.3333333333333333,1,6.447211
-1.0,1,6.452364
-1.0,1,6.456769
-0.6666666666666666,1,6.46138
-1.0,1,6.465874
-1.0,1,6.470158
-1.0,1,6.47383
-1.0,1,6.477702
-1.0,1,6.481102
-0.2,1,6.485423
-1.0,1,6.48951
-0.4,1,6.494822
-0.3333333333333333,1,6.501177
-0.16666666666666666,1,6.504853
-0.125,1,6.508942
-0.3,1,6.51312
-0.12,1,6.517558
-0.1,1,6.521722
-0.16666666666666666,1,6.525634
-0.2222222222222222,1,6.529219
-0.16666666666666666,1,6.534211
-0.2222222222222222,1,6.53845
-0.2,1,6.542547
-0.3333333333333333,1,6.546117
-0.125,1,6.551021
-0.16666666666666666,1,6.555399
-0.3333333333333333,1,6.559224
0.0,1,6.563669
-1.0,1,6.567649
-1.0,1,6.571993
-1.0,1,6.575941
-0.5555555555555556,1,6.579564
-0.16666666666666666,1,6.584095
-0.5555555555555556,1,6.588457
-0.16666666666666666,1,6.592437
-0.06666666666666667,1,6.597821
-0.2222222222222222,1,6.603654
-0.3333333333333333,1,6.608645
0.0,1,6.612894
-1.0,1,6.616842
-0.5,1,6.620888
-0.6666666666666666,1,6.62449
-0.5,1,6.629567
-1.0,1,6.63451
-1.0,1,6.63824
-1.0,1,6.641734
-1.0,1,6.646964
-1.0,1,6.651199
-0.5,1,6.655304
-0.4,1,6.66001
-0.06666666666666667,1,6.663799
-0.2222222222222222,1,6.66814
-0.3333333333333333,1,6.671991
0.0,1,6.676049
-1.0,1,6.679696
-1.0,1,6.684424
-1.0,1,6.688241
-0.5555555555555556,1,6.693524
-0.3333333333333333,1,6.697223
-0.2,1,6.701209
-0.2222222222222222,1,6.705187
-0.2,1,6.709029
-0.2222222222222222,1,6.713151
-0.16666666666666666,1,6.716854
-0.2222222222222222,1,6.720758
-0.2,1,6.724219
-0.3333333333333333,1,6.728696
-0.75,1,6.733045
-0.16666666666666666,1,6.737135
-0.5,1,6.740888
-0.6666666666666666,1,6.744849
-0.5,1,6.74934
-0.6666666666666666,1,6.753139
-0.3333333333333333,1,6.756461
-0.3333333333333333,1,6.759926
-0.5,1,6.763551
-0.16666666666666666,1,6.768218
-0.5555555555555556,1,6.771863
-0.3333333333333333,1,6.775395
-0.5,1,6.779551
-1.0,1,6.784144
-1.0,1,6.787862
-0.4,1,6.791847
-0.2,1,6.795747
-0.2,1,6.800946
-0.2,1,6.804584
-0.06666666666666667,1,6.808451
-0.2,1,6.81244
-0.2,1,6.816784
-0.16666666666666666,1,6.821027
-0.2222222222222222,1,6.82517
-0.2,1,6.828981
-0.3333333333333333,1,6.839629
-0.25,1,6.843987
-0.2,1,6.848951
-0.16666666666666666,1,6.853098
-0.2222222222222222,1,6.860107
-0.16666666666666666,1,6.864707
-0.2,1,6.869756
-0.12,1,6.873706
-0.3,1,6.877685
-0.12,1,6.881416
-0.06666666666666667,1,6.885264
-0.16666666666666666,1,6.889287
-0.06666666666666667,1,6.893706
-0.16666666666666666,1,6.897971
-0.06666666666666667,1,6.901993
-0.12,1,6.906617
-0.06666666666666667,1,6.910606
-0.16666666666666666,1,6.914918
-0.06666666666666667,1,6.919353
-0.16666666666666666,1,6.925034
-0.2,1,6.929009
-0.12,1,6.941602
-0.3,1,6.951394
-0.06666666666666667,1,6.956517
-0.16666666666666666,1,6.960792
-0.125,1,6.964926
-0.3,1,6.970028
-0.12,1,6.975003
-0.06666666666666667,1,6.979683
-0.16666666666666666,1,6.984467
-0.06666666666666667,1,6.9888
-0.16666666666666666,1,6.992936
-0.06666666666666667,1,6.997198
-0.16666666666666666,1,7.001248
-0.06666666666666667,1,7.005368
-0.16666666666666666,1,7.009332
-0.06666666666666667,1,7.013232
-0.12,1,7.017098
-0.2,1,7.021325
-0.2,1,7.025605
0.0,1,7.029591
-1.0,1,7.033724
-1.0,1,7.038186
-0.3333333333333333,1,7.042064
-1.0,1,7.048469
-1.0,1,7.053078
-0.5,1,7.057355
-0.3333333333333333,1,7.065197
-0.2,1,7.069961
-0.3333333333333333,1,7.073821
-0.2,1,7.078151
0.0,1,7.082425
-1.0,1,7.086547
-1.0,1,7.091531
-1.0,1,7.097015
-1.0,1,7.100867
-1.0,1,7.105476
-1.0,1,7.112295
-0.3333333333333333,1,7.116359
-1.0,1,7.120821
-1.0,1,7.125241
-1.0,1,7.129391
-1.0,1,7.132908
-1.0,1,7.137255
-0.6666666666666666,1,7.140534
-0.3333333333333333,1,7.144433
-0.3333333333333333,1,7.148248
-0.3333333333333333,1,7.152108
-0.3333333333333333,1,7.156277
-0.5,1,7.159659
-0.6666666666666666,1,7.162989
-0.3333333333333333,1,7.16638
-0.3333333333333333,1,7.170422
-0.5,1,7.174598
-1.0,1,7.178451
-0.3333333333333333,1,7.182073
-0.3333333333333333,1,7.18587
-0.25,1,7.18995
-0.2,1,7.193686
-0.2,1,7.197078
-0.2,1,7.201256
-0.06666666666666667,1,7.20482
-0.4,1,7.208158
-0.2,1,7.211821
-0.3333333333333333,1,7.215184
-0.5555555555555556,1,7.220718
-0.16666666666666666,1,7.224275
-0.2,1,7.227741
-0.3333333333333333,1,7.232435
-0.3333333333333333,1,7.241219
-0.6666666666666666,1,7.246037
-1.0,1,7.251652
-1.0,1,7.255769
-1.0,1,7.25928
-0.4,1,7.263569
-0.25,1,7.267301
-0.16666666666666666,1,7.271453
-0.3333333333333333,1,7.275507
-0.16666666666666666,1,7.279313
-0.125,1,7.282886
-0.3,1,7.286585
-0.125,1,7.290242
-0.16666666666666666,1,7.293987
-0.75,1,7.297501
-0.4,1,7.30085
-0.2,1,7.305099
-0.2,1,7.308749
-0.12,1,7.312804
-0.3,1,7.316317
-0.16666666666666666,1,7.320106
-0.06666666666666667,1,7.323799
-0.16666666666666666,1,7.329632
0.0,1,7.333749
-1.0,1,7.338031
-0.5,1,7.342072
-0.6666666666666666,1,7.345825
-0.3333333333333333,1,7.349964
-0.16666666666666666,1,7.354172
-0.3333333333333333,1,7.358431
-0.2,1,7.362538
-0.25,1,7.366771
-0.3333333333333333,1,7.371333
-0.2,1,7.375051
-0.2,1,7.378696
-0.2,1,7.382485
-0.2,1,7.386143
-0.25,1,7.391154
-0.2,1,7.394953
-0.2,1,7.398548
-0.2,1,7.402226
-0.12,1,7.406614
-0.3,1,7.411428
-0.125,1,7.415248
-0.1,1,7.419067
-0.3333333333333333,1,7.422963
-0.3333333333333333,1,7.426795
-0.25,1,7.431264
-0.3333333333333333,1,7.435917
-0.3333333333333333,1,7.440207
-0.3333333333333333,1,7.445192
-0.5,1,7.449238
0.0,1,7.454036
-1.0,1,7.461581
-1.0,1,7.466172
-0.6666666666666666,1,7.470183
-0.3333333333333333,1,7.473657
0.0,1,7.477209
-1.0,1,7.480903
-1.0,1,7.484822
-1.0,1,7.497536
-0.25,1,7.504686
-0.3333333333333333,1,7.509098
-0.2,1,7.51425
-0.2,1,7.519127
-0.12,1,7.523322
-0.2,1,7.528593
-0.2,1,7.533428
-0.4,1,7.537547
-0.2,1,7.541558
-0.3,1,7.5459
-0.25,1,7.550872
-0.1,1,7.555255
-0.25,1,7.559695
-0.3333333333333333,1,7.563788
-0.25,1,7.568599
-0.2,1,7.573493
-0.12,1,7.577943
-0.06666666666666667,1,7.582013
-0.12,1,7.586452
-0.1,1,7.590494
-0.2,1,7.594887
-0.1,1,7.599507
-0.25,1,7.603915
-0.1,1,7.60818
-0.2,1,7.612397
-0.3333333333333333,1,7.616705
-0.2,1,7.62034
-0.3,1,7.623574
-0.2,1,7.627293
-0.4,1,7.631715
-0.3333333333333333,1,7.635414
-0.1,1,7.639363
-0.2,1,7.643101
-0.1,1,7.646844
-0.3333333333333333,1,7.650763
-0.3333333333333333,1,7.655084
-0.3333333333333333,1,7.659415
-0.3333333333333333,1,7.662869
-0.3333333333333333,1,7.667322
-0.3333333333333333,1,7.67088
-0.3333333333333333,1,7.674084
-0.3333333333333333,1,7.678251
-0.3333333333333333,1,7.682539
-0.3333333333333333,1,7.686394
-0.25,1,7.689994
-0.2,1,7.694459
-0.12,1,7.699032
-0.2,1,7.703262
-0.2,1,7.707376
-0.1,1,7.712332
-0.3333333333333333,1,7.716813
-0.2,1,7.720717
-0.16666666666666666,1,7.724411
-1.0,1,7.730054
-1.0,1,7.734235
-1.0,1,7.738412
-1.0,1,7.742173
-0.4,1,7.74656
-0.75,1,7.751164
-0.16666666666666666,1,7.755138
-0.25,1,7.75896
-0.3333333333333333,1,7.76355
-0.7777777777777778,1,7.767418
-0.3333333333333333,1,7.771018
-0.125,1,7.774547
-0.2,1,7.779089
-0.2,1,7.783508
-0.16666666666666666,1,7.78744
-0.125,1,7.791142
-0.3,1,7.795076
-0.12,1,7.800151
-0.2,1,7.80462
-0.16666666666666666,1,7.80867
-0.2222222222222222,1,7.812556
-0.16666666666666666,1,7.816428
-1.0,1,7.8204
-1.0,1,7.825323
-0.4,1,7.833699
-0.5,1,7.837471
0.0,1,7.841061
-1.0,1,7.844776
-0.5,1,7.84833
-0.3333333333333333,1,7.852478
-0.5555555555555556,1,7.855947
-1.0,1,7.859273
-0.3333333333333333,1,7.862772
-0.3333333333333333,1,7.867597
-0.3333333333333333,1,7.871058
-0.16666666666666666,1,7.875029
-0.06666666666666667,1,7.878912
-0.4,1,7.883515
-0.06666666666666667,1,7.887808
-0.3333333333333333,1,7.891965
-0.25,1,7.896389
-0.3333333333333333,1,7.900765
-0.25,1,7.913462
-0.2,1,7.919526
-0.25,1,7.924249
-0.2,1,7.929192
-0.16666666666666666,1,7.933962
-0.06666666666666667,1,7.939716
-0.16666666666666666,1,7.943658
-0.2,1,7.948189
-0.12,1,7.953146
-0.2,1,7.957497
-0.2,1,7.962285
-0.3333333333333333,1,7.967247
-0.3333333333333333,1,7.971737
-0.2222222222222222,1,7.976225
-0.16666666666666666,1,7.980264
-0.2222222222222222,1,7.984967
-0.16666666666666666,1,7.989477
-1.0,1,7.993954
-0.16666666666666666,1,7.998603
-0.2222222222222222,1,8.003395
-0.06666666666666667,1,8.008229
-0.16666666666666666,1,8.012452
-0.125,1,8.016543
-0.2,1,8.020625
-0.12,1,8.024873
-0.3,1,8.030472
-0.12,1,8.036164
-0.2,1,8.042369
-0.12,1,8.047591
-0.3,1,8.055799
-0.16666666666666666,1,8.061683
-0.2222222222222222,1,8.065661
-0.16666666666666666,1,8.078149
-0.4,1,8.085533
-0.2,1,8.089626
-0.2,1,8.09347
-0.2,1,8.097543
-0.2,1,8.101782
-0.25,1,8.105779
-0.3333333333333333,1,8.109751
-0.25,1,8.114041
-0.3333333333333333,1,8.118699
-0.3333333333333333,1,8.123057
-0.16666666666666666,1,8.127125
-0.3333333333333333,1,8.13112
0.0,1,8.135894
-1.0,1,8.139883
-1.0,1,8.144233
-1.0,1,8.148695
-1.0,1,8.152843
-1.0,1,8.156732
-1.0,1,8.162171
-0.6666666666666666,1,8.166914
-1.0,1,8.171043
-0.6666666666666666,1,8.17494
-1.0,1,8.178999
-0.6666666666666666,1,8.183437
-0.25,1,8.187665
-0.2,1,8.191963
-0.3333333333333333,1,8.198192
-0.3333333333333333,1,8.203492
-0.25,1,8.207413
-0.3333333333333333,1,8.211493
-0.3333333333333333,1,8.215415
-0.3333333333333333,1,8.218782
-0.3333333333333333,1,8.22218
-0.3333333333333333,1,8.225929
-0.3333333333333333,1,8.229559
-0.3333333333333333,1,8.233375
-0.5,1,8.237173
-1.0,1,8.241028
-1.0,1,8.244901
-1.0,1,8.248712
-1.0,1,8.253427
-1.0,1,8.256492
-0.25,1,8.259665
-0.6666666666666666,1,8.263402
-0.7777777777777778,1,8.267153
-0.3333333333333333,1,8.270994
-0.75,1,8.275006
-0.3333333333333333,1,8.27911
-0.3333333333333333,1,8.283835
-0.3333333333333333,1,8.287571
-0.75,1,8.291031
-0.16666666666666666,1,8.295297
-0.125,1,8.299235
-0.3,1,8.303202
-0.125,1,8.307277
-0.3,1,8.311263
-0.16666666666666666,1,8.316093
-0.1,1,8.319852
-0.2,1,8.323817
-0.1,1,8.327663
-0.3333333333333333,1,8.331958
-0.2,1,8.335963
-0.25,1,8.339823
-0.3333333333333333,1,8.343824
-0.3333333333333333,1,8.348071
-0.6666666666666666,1,8.35268
-0.5,1,8.356878
-0.2,1,8.362469
-0.2,1,8.366805
-0.3333333333333333,1,8.370826
-0.25,1,8.374362
0.0,1,8.379297
-1.0,1,8.383923
-1.0,1,8.387881
-0.6666666666666666,1,8.391933
-0.3333333333333333,1,8.395738
-0.3333333333333333,1,8.399841
-0.25,1,8.404403
-0.16666666666666666,1,8.409377
-0.25,1,8.414167
-0.3333333333333333,1,8.418006
-0.3333333333333333,1,8.421437
-0.3333333333333333,1,8.424815
-0.25,1,8.428648
-0.3333333333333333,1,8.432497
-0.7777777777777778,1,8.435871
-0.6666666666666666,1,8.440736
-0.7777777777777778,1,8.445712
-0.6666666666666666,1,8.449874
-0.3333333333333333,1,8.453704
-0.3333333333333333,1,8.457145
-0.3333333333333333,1,8.461032
0.0,1,8.464962
-1.0,1,8.469233
-1.0,1,8.473089
-1.0,1,8.476476
-1.0,1,8.480176
-1.0,1,8.484034
-0.75,1,8.488124
-0.16666666666666666,1,8.492028
-0.125,1,8.49554
-0.3,1,8.499246
-0.25,1,8.502755
-0.1,1,8.506073
-0.2,1,8.509475
-0.1,1,8.513655
-0.2,1,8.5181
-0.2222222222222222,1,8.52147
-0.2,1,8.5247
0.0,1,8.528669
-1.0,1,8.533188
-1.0,1,8.536682
-0.6666666666666666,1,8.539786
-0.75,1,8.543408
-1.0,1,8.549565
-0.5,1,8.553836
0.0,1,8.557957
-1.0,1,8.562878
-1.0,1,8.572676
-1.0,1,8.577275
-1.0,1,8.580923
-0.4,1,8.584985
-0.2,1,8.588744
-0.2222222222222222,1,8.594026
-0.2,1,8.597892
-0.1,1,8.601564
-0.3333333333333333,1,8.605177
-0.1,1,8.622213
-0.25,1,8.629129
-0.16666666666666666,1,8.634016
-0.3333333333333333,1,8.638605
-0.1,1,8.642681
-0.2,1,8.647255
-0.3333333333333333,1,8.652053
-0.2,1,8.656515
-0.4,1,8.661281
-0.75,1,8.666184
-0.16666666666666666,1,8.670496
-0.125,1,8.674682
-0.1,1,8.679334
-0.2,1,8.683927
-0.1,1,8.688156
-0.2,1,8.692235
-0.2,1,8.696487
-0.2,1,8.700797
-0.4,1,8.70478
-0.2,1,8.708817
-0.2222222222222222,1,8.713859
-0.3333333333333333,1,8.718993
-0.2222222222222222,1,8.723438
-0.16666666666666666,1,8.727325
-0.06666666666666667,1,8.731261
-0.2,1,8.735331
-0.06666666666666667,1,8.739293
-0.2,1,8.743599
-0.06666666666666667,1,8.747383
-0.12,1,8.751216
-0.06666666666666667,1,8.754925
-0.2,1,8.758827
0.0,1,8.76227
-1.0,1,8.767047
-1.0,1,8.771022
-1.0,1,8.774909
-0.25,1,8.781081
-0.4,1,8.786261
-0.16666666666666666,1,8.790634
-0.2222222222222222,1,8.795956
-0.16666666666666666,1,8.800574
-0.2,1,8.804406
-1.0,1,8.808264
-1.0,1,8.844004
-1.0,1,8.868635
-0.6666666666666666,1,8.887524
-0.3333333333333333,1,8.895906
-0.3333333333333333,1,8.909687
-0.2,1,8.919259
-0.2,1,8.924848
-0.3333333333333333,1,8.935558
-0.2,1,8.939917
-0.3333333333333333,1,8.94502
-0.2,1,8.955413
-0.5,1,8.97239
-0.3333333333333333,1,8.978624
-0.25,1,8.984452
-0.2,1,8.989195
-0.3333333333333333,1,8.993606
-0.1,1,8.998429
-0.125,1,9.003086
-0.2,1,9.006942
-0.125,1,9.011163
-0.3,1,9.016675
-0.16666666666666666,1,9.021055
-0.2222222222222222,1,9.024689
-0.16666666666666666,1,9.029811
-0.3,1,9.034645
-0.2,1,9.038491
-0.3333333333333333,1,9.042421
-0.2,1,9.047179
-0.2222222222222222,1,9.051507
-0.2,1,9.055275
-0.3333333333333333,1,9.059735
-0.7777777777777778,1,9.063749
-0.6666666666666666,1,9.068447
-0.3333333333333333,1,9.072877
-0.16666666666666666,1,9.077062
-0.25,1,9.081911
-0.3333333333333333,1,9.088092
-0.3333333333333333,1,9.091845
-0.2,1,9.09623
-0.2,1,9.100512
-0.2222222222222222,1,9.104265
-0.16666666666666666,1,9.10772
-0.2222222222222222,1,9.111927
-0.16666666666666666,1,9.116085
-0.06666666666666667,1,9.119898
-0.2,1,9.125934
-0.2,1,9.134247
-0.25,1,9.137551
-0.3333333333333333,1,9.140688
-0.2,1,9.143978
-0.3333333333333333,1,9.148314
-0.25,1,9.152952
-0.3,1,9.159105
-0.06666666666666667,1,9.163084
-0.2222222222222222,1,9.16725
-0.3333333333333333,1,9.171402
-0.16666666666666666,1,9.175325
-0.06666666666666667,1,9.180328
-0.4,1,9.184012
-0.2,1,9.187677
-0.2,1,9.191134
-0.16666666666666666,1,9.195056
-0.2222222222222222,1,9.199449
-0.3333333333333333,1,9.203451
-0.2222222222222222,1,9.207533
-0.16666666666666666,1,9.211577
-0.4,1,9.216045
-0.2,1,9.220505
-0.1,1,9.22438
-0.25,1,9.228381
-0.1,1,9.234941
-0.2,1,9.23911
-0.2,1,9.24868
-0.2,1,9.259199
-0.2,1,9.272484
-0.16666666666666666,1,9.280828
-0.2222222222222222,1,9.286466
-0.16666666666666666,1,9.293396
0.0,1,9.299735
-1.0,1,9.30396
-1.0,1,9.308737
-1.0,1,9.312747
-1.0,1,9.316882
-1.0,1,9.321302
-0.75,1,9.324861
-0.3333333333333333,1,9.336769
-0.3333333333333333,1,9.343342
-0.6666666666666666,1,9.349291
-0.3333333333333333,1,9.354388
-0.6666666666666666,1,9.35952
-0.3333333333333333,1,9.36387
-0.3333333333333333,1,9.368189
0.0,1,9.372802
-1.0,1,9.377009
-1.0,1,9.381862
-0.3333333333333333,1,9.387186
-0.25,1,9.391803
-0.3333333333333333,1,9.396202
-0.25,1,9.401151
-0.1,1,9.405851
-0.25,1,9.410106
-0.3333333333333333,1,9.414881
-0.25,1,9.419813
-0.3333333333333333,1,9.423971
-0.125,1,9.428361
-0.2,1,9.433126
-0.25,1,9.437812
-0.1,1,9.442627
-0.25,1,9.45372
-0.3333333333333333,1,9.464059
-0.25,1,9.467862
-0.3,1,9.474494
-0.06666666666666667,1,9.483625
-0.2222222222222222,1,9.487488
-0.06666666666666667,1,9.491464
-0.3333333333333333,1,9.495155
0.0,1,9.499298
-1.0,1,9.504438
-1.0,1,9.511553
-1.0,1,9.516098
-0.5,1,9.521636
-0.3333333333333333,1,9.527991
-0.7777777777777778,1,9.53406
-0.3333333333333333,1,9.546593
-0.125,1,9.551786
-0.3333333333333333,1,9.556037
-0.7777777777777778,1,9.559755
-0.6666666666666666,1,9.563359
-0.3333333333333333,1,9.568193
-0.3333333333333333,1,9.572651
-0.25,1,9.577825
-0.3333333333333333,1,9.582824
-0.25,1,9.587129
-0.2,1,9.59124
-0.125,1,9.595661
-0.2,1,9.599964
-0.2,1,9.604071
-0.4,1,9.608083
-0.5,1,9.61268
-0.6666666666666666,1,9.616718
-0.5555555555555556,1,9.621233
-0.16666666666666666,1,9.625742
-0.06666666666666667,1,9.629562
-0.3,1,9.633935
-0.125,1,9.638065
-0.3,1,9.642408
-0.25,1,9.646484
-0.3333333333333333,1,9.650578
-0.2,1,9.655737
-0.2,1,9.660015
-0.2,1,9.664591
-0.06666666666666667,1,9.669541
-0.12,1,9.673731
-0.06666666666666667,1,9.677997
-0.16666666666666666,1,9.681536
0.0,1,9.68546
-1.0,1,9.689378
-1.0,1,9.693084
-1.0,1,9.697076
-1.0,1,9.700566
-1.0,1,9.704334
-0.5555555555555556,1,9.708404
-0.3333333333333333,1,9.711838
-0.5,1,9.716067
-0.3333333333333333,1,9.719705
-0.2,1,9.724347
-0.2,1,9.728317
-0.2,1,9.732047
-0.2222222222222222,1,9.737056
-0.16666666666666666,1,9.740906
0.0,1,9.744993
-1.0,1,9.748844
-0.5,1,9.753729
-0.6666666666666666,1,9.75782
-0.7777777777777778,1,9.762283
-0.3333333333333333,1,9.766825
-0.3333333333333333,1,9.772297
-0.6666666666666666,1,9.777017
-1.0,1,9.781454
-1.0,1,9.785866
-1.0,1,9.790044
-1.0,1,9.794403
-1.0,1,9.798347
-0.3333333333333333,1,9.802248
-0.3333333333333333,1,9.806431
-0.6666666666666666,1,9.810315
-0.5555555555555556,1,9.8139
-0.3333333333333333,1,9.817564
-0.25,1,9.821462
-0.16666666666666666,1,9.824751
-0.125,1,9.828203
-0.3,1,9.832617
-0.16666666666666666,1,9.836367
-0.06666666666666667,1,9.840143
-0.16666666666666666,1,9.843712
-0.06666666666666667,1,9.848622
-0.12,1,9.853747
-0.1,1,9.8573
-0.25,1,9.860899
-0.1,1,9.86547
-0.2,1,9.869728
-0.2222222222222222,1,9.873356
-0.2,1,9.876737
-0.2,1,9.883265
-0.12,1,9.889835
-0.06666666666666667,1,9.893528
-0.12,1,9.898348
-0.06666666666666667,1,9.902745
-0.16666666666666666,1,9.906686
-0.06666666666666667,1,9.911106
-0.16666666666666666,1,9.915008
-0.2222222222222222,1,9.918875
-0.3333333333333333,1,9.922554
-0.16666666666666666,1,9.937223
-0.75,1,9.945812
-0.4,1,9.951932
-0.2,1,9.95605
-0.3333333333333333,1,9.960667
-0.2,1,9.965264
-0.3333333333333333,1,9.970171
-0.2,1,9.975052
-0.2,1,9.97946
-0.5,1,9.983677
-0.4,1,9.988053
-0.5,1,9.992125
-0.6666666666666666,1,9.996933
-0.75,1,10.001518
-0.4,1,10.006136
-1.0,1,10.010254
-0.4,1,10.015033
-0.75,1,10.01935
-0.16666666666666666,1,10.023517
-0.2,1,10.02788
-0.4,1,10.032855
-0.5,1,10.03747
-0.4,1,10.041895
-0.25,1,10.046346
-0.6666666666666666,1,10.050982
-0.7777777777777778,1,10.05517
-0.6666666666666666,1,10.059787
-0.3333333333333333,1,10.068435
-0.6666666666666666,1,10.07679
-0.3333333333333333,1,10.082367
-0.16666666666666666,1,10.089969
-0.75,1,10.097957
-0.16666666666666666,1,10.108185
-0.3333333333333333,1,10.113077
-0.16666666666666666,1,10.120245
-0.125,1,10.126194
-0.3333333333333333,1,10.135124
-0.2,1,10.140927
-0.3,1,10.145426
-0.12,1,10.150521
-0.06666666666666667,1,10.154749
-0.12,1,10.15911
-0.2,1,10.163266
-0.25,1,10.16761
-0.3333333333333333,1,10.171878
-0.25,1,10.176553
-0.2,1,10.181267
-0.25,1,10.185769
-0.3333333333333333,1,10.190518
-0.25,1,10.200954
0.0,1,10.204636
-1.0,1,10.208378
-1.0,1,10.212324
-0.6666666666666666,1,10.21652
-0.3333333333333333,1,10.220357
-0.16666666666666666,1,10.22454
-0.25,1,10.22907
-0.4,1,10.23335
-0.06666666666666667,1,10.236957
-0.2222222222222222,1,10.240243
-0.16666666666666666,1,10.244036
-0.4,1,10.248028
-0.16666666666666666,1,10.251548
-0.4,1,10.2552
-0.2,1,10.258683
-0.2222222222222222,1,10.263234
-0.2,1,10.26784
-0.2222222222222222,1,10.271765
-0.16666666666666666,1,10.275436
-0.2222222222222222,1,10.279332
-0.16666666666666666,1,10.284002
0.0,1,10.288177
-1.0,1,10.292255
-1.0,1,10.296046
-1.0,1,10.300035
-1.0,1,10.303986
-0.3333333333333333,1,10.307504
-0.3333333333333333,1,10.312056
-0.3333333333333333,1,10.316836
-0.5,1,10.320755
-1.0,1,10.324121
-0.3333333333333333,1,10.328697
-0.3333333333333333,1,10.333597
-0.5,1,10.337293
-0.3333333333333333,1,10.340717
-0.25,1,10.344349
-0.2,1,10.348799
-0.125,1,10.352576
-0.3333333333333333,1,10.35611
-0.2,1,10.359885
-0.2,1,10.363837
-0.2,1,10.367756
-0.2222222222222222,1,10.371242
-0.16666666666666666,1,10.374584
-1.0,1,10.378398
-1.0,1,10.383397
-0.4,1,10.389571
-0.25,1,10.394775
-0.6666666666666666,1,10.399302
-0.3333333333333333,1,10.40334
-0.3333333333333333,1,10.406919
-0.3333333333333333,1,10.411014
-0.16666666666666666,1,10.415045
-0.5,1,10.418676
-0.6666666666666666,1,10.422381
-1.0,1,10.42632
-0.6666666666666666,1,10.430356
-0.5,1,10.434685
-0.4,1,10.439147
-0.16666666666666666,1,10.443274
-0.2222222222222222,1,10.447776
-0.16666666666666666,1,10.452167
-0.2222222222222222,1,10.456072
-0.16666666666666666,1,10.459998
-0.4,1,10.464014
-0.2,1,10.468101
-0.2222222222222222,1,10.471831
-0.2,1,10.475279
-0.4,1,10.479202
-0.2,1,10.483575
-0.3333333333333333,1,10.487369
-0.125,1,10.490875
-0.3,1,10.495774
-0.12,1,10.499894
-0.06666666666666667,1,10.504749
-0.16666666666666666,1,10.50864
-0.06666666666666667,1,10.512434
-0.16666666666666666,1,10.517416
-0.2,1,10.531855
-0.25,1,10.535788
-0.2,1,10.540339
-0.16666666666666666,1,10.545323
-0.06666666666666667,1,10.550349
-0.16666666666666666,1,10.554884
-0.3,1,10.559471
-0.06666666666666667,1,10.563734
-0.16666666666666666,1,10.56856
-0.3333333333333333,1,10.572769
-0.1,1,10.577113
-0.2,1,10.581562
-0.2,1,10.585916
-0.16666666666666666,1,10.590034
-0.4,1,10.594172
-0.75,1,10.599215
-0.16666666666666666,1,10.604038
-0.5555555555555556,1,10.608229
-0.3333333333333333,1,10.613127
-0.25,1,10.617744
-0.2,1,10.622146
-0.2,1,10.62632
-0.1,1,10.630661
-0.3333333333333333,1,10.635111
-0.2222222222222222,1,10.639273
-0.16666666666666666,1,10.644167
-0.2,1,10.64886
-0.25,1,10.65294
-0.2,1,10.656796
-0.2,1,10.660781
-0.1,1,10.665085
-0.16666666666666666,1,10.66917
-0.2222222222222222,1,10.672905
-0.16666666666666666,1,10.676489
-0.2222222222222222,1,10.680973
-0.2,1,10.686627
-0.4,1,10.690702
-0.16666666666666666,1,10.69549
-0.2222222222222222,1,10.69981
-0.16666666666666666,1,10.703424
-0.2,1,10.70681
-0.25,1,10.710529
-0.3333333333333333,1,10.714466
-0.2,1,10.719
-0.3333333333333333,1,10.722957
-0.3333333333333333,1,10.726367
-0.3333333333333333,1,10.73136
-0.2,1,10.735281
-0.4,1,10.739079
-0.2,1,10.742519
-0.2222222222222222,1,10.74747
-0.2,1,10.752228
-0.2,1,10.755922
-0.12,1,10.759452
-0.2,1,10.763283
-0.2,1,10.76747
-0.06666666666666667,1,10.771212
-0.16666666666666666,1,10.774498
-0.3,1,10.779138
-0.12,1,10.783141
-0.06666666666666667,1,10.78682
-0.16666666666666666,1,10.790785
-0.06666666666666667,1,10.794423
-0.12,1,10.798531
-0.3,1,10.802784
-0.12,1,10.806564
-0.2,1,10.810932
-0.06666666666666667,1,10.815358
-0.16666666666666666,1,10.819541
-0.06666666666666667,1,10.824101
-0.4,1,10.828794
-0.2,1,10.83303
-0.2,1,10.837131
-0.2,1,10.840609
-0.2,1,10.84491
-0.2,1,10.849099
-0.3333333333333333,1,10.85328
-0.7777777777777778,1,10.856687
-0.3333333333333333,1,10.860233
-0.2,1,10.864152
-0.3333333333333333,1,10.868009
-0.25,1,10.873326
-1.0,1,10.876959
-0.75,1,10.881017
-0.16666666666666666,1,10.886087
-0.3333333333333333,1,10.890017
-0.3333333333333333,1,10.894024
-0.25,1,10.897811
-0.3333333333333333,1,10.902252
-1.0,1,10.905671
-1.0,1,10.909249
-0.5,1,10.91333
-0.3333333333333333,1,10.917301
-0.3333333333333333,1,10.920743
-0.3333333333333333,1,10.92396
-0.5555555555555556,1,10.928224
-1.0,1,10.932387
-1.0,1,10.936414
-0.6666666666666666,1,10.940015
-1.0,1,10.944036
-1.0,1,10.949613
-0.3333333333333333,1,10.95413
-0.6666666666666666,1,10.959965
-0.5555555555555556,1,10.969409
-1.0,1,10.974026
-0.75,1,10.980075
-0.4,1,10.984992
-0.5,1,10.988999
-0.3333333333333333,1,10.994217
-0.25,1,11.001141
-0.3333333333333333,1,11.010322
-0.3333333333333333,1,11.014987
-0.6666666666666666,1,11.029405
-0.25,1,11.040724
-1.0,1,11.046078
-1.0,1,11.050854
-1.0,1,11.056275
-1.0,1,11.060703
-0.6666666666666666,1,11.065096
-0.5,1,11.070039
-0.4,1,11.074263
-0.06666666666666667,1,11.078485
-0.3,1,11.082886
-0.06666666666666667,1,11.08674
-0.16666666666666666,1,11.090803
-0.25,1,11.095138
-0.6666666666666666,1,11.100482
-0.5,1,11.104389
-0.6666666666666666,1,11.119123
-0.3333333333333333,1,11.128105
-0.3333333333333333,1,11.134248
-0.25,1,11.13815
-0.1,1,11.142195
-0.25,1,11.146405
-0.16666666666666666,1,11.151062
-0.5555555555555556,1,11.155088
-0.3333333333333333,1,11.159127
-0.5,1,11.163379
-0.3333333333333333,1,11.168249
-0.3333333333333333,1,11.172632
-0.2,1,11.177569
-0.2,1,11.182518
-0.1,1,11.186805
-0.125,1,11.190712
-0.3,1,11.195076
-0.12,1,11.199767
-0.3,1,11.204389
-0.12,1,11.208294
-0.2,1,11.213539
-0.06666666666666667,1,11.218079
-0.4,1,11.222206
-0.5,1,11.226176
-0.3333333333333333,1,11.229965
-0.2,1,11.234408
-0.4,1,11.238372
-0.5,1,11.242194
-0.3333333333333333,1,11.246558
-0.5,1,11.251062
-1.0,1,11.255262
-1.0,1,11.259201
-1.0,1,11.263667
-1.0,1,11.268175
-1.0,1,11.272689
-0.16666666666666666,1,11.276415
-0.2222222222222222,1,11.280226
-0.2,1,11.284159
-0.2222222222222222,1,11.288057
-0.16666666666666666,1,11.292249
-0.2,1,11.298792
-0.12,1,11.303453
-0.3,1,11.307448
-0.125,1,11.312146
-0.16666666666666666,1,11.316611
-0.5,1,11.321061
-0.16666666666666666,1,11.324438
-0.06666666666666667,1,11.328365
-0.2,1,11.332888
-0.25,1,11.336673
-0.1,1,11.340547
-0.12,1,11.344889
-0.06666666666666667,1,11.349927
-0.12,1,11.353933
-0.2,1,11.357967
-0.25,1,11.361597
-0.3333333333333333,1,11.365992
-0.25,1,11.370453
-0.1,1,11.375152
-0.3333333333333333,1,11.378909
-0.3333333333333333,1,11.38318
-0.3333333333333333,1,11.387119
-0.3333333333333333,1,11.390881
-0.25,1,11.397154
-0.2,1,11.401165
-0.125,1,11.405532
-0.1,1,11.409423
-0.16666666666666666,1,11.4138
-0.3,1,11.417928
-0.12,1,11.422197
-0.06666666666666667,1,11.426726
-0.16666666666666666,1,11.430965
-0.06666666666666667,1,11.43517
-0.12,1,11.439157
-0.06666666666666667,1,11.443382
-0.12,1,11.447654
-0.06666666666666667,1,11.45195
-0.2,1,11.455517
-0.06666666666666667,1,11.459249
-0.16666666666666666,1,11.4627
-0.06666666666666667,1,11.467343
-0.12,1,11.470982
-0.2,1,11.474789
-0.06666666666666667,1,11.479082
-0.3333333333333333,1,11.483278
-0.3333333333333333,1,11.487575
-0.3333333333333333,1,11.492605
-0.2,1,11.4996
-0.16666666666666666,1,11.503735
-0.25,1,11.507111
-0.3333333333333333,1,11.51046
-0.5,1,11.514139
-1.0,1,11.518964
-1.0,1,11.523081
-1.0,1,11.527375
-0.5,1,11.531128
-1.0,1,11.535382
-0.5,1,11.538997
-0.16666666666666666,1,11.542598
-0.06666666666666667,1,11.546359
-0.2222222222222222,1,11.550611
-0.3333333333333333,1,11.554055
0.0,1,11.557413
-1.0,1,11.560874
-1.0,1,11.565633
-1.0,1,11.56948
-1.0,1,11.572859
-0.6666666666666666,1,11.576243
-0.5,1,11.580597
-0.6666666666666666,1,11.58447
-1.0,1,11.588031
-0.3333333333333333,1,11.591401
-1.0,1,11.59575
-1.0,1,11.600026
-1.0,1,11.604139
-0.3333333333333333,1,11.608083
-0.3333333333333333,1,11.613203
-0.3333333333333333,1,11.619905
-0.25,1,11.624621
-0.2,1,11.629287
-0.16666666666666666,1,11.633719
-0.2222222222222222,1,11.638197
-0.2,1,11.643075
-0.3333333333333333,1,11.647555
-0.3333333333333333,1,11.652141
-0.3333333333333333,1,11.65642
-0.25,1,11.66113
-0.3,1,11.665284
-0.25,1,11.673789
-0.3333333333333333,1,11.683051
-0.2,1,11.688808
-0.3333333333333333,1,11.692961
-0.125,1,11.697428
-0.3,1,11.702107
-0.12,1,11.707028
-0.3,1,11.711554
-0.125,1,11.71616
-0.3,1,11.720818
-0.16666666666666666,1,11.725091
0.0,1,11.730665
-1.0,1,11.735587
-1.0,1,11.740353
-1.0,1,11.74504
-1.0,1,11.749834
-0.2,1,11.754454
-0.16666666666666666,1,11.759041
-1.0,1,11.763438
-1.0,1,11.768342
-0.4,1,11.773642
-0.06666666666666667,1,11.778062
-0.3,1,11.782613
-0.2,1,11.787216
0.0,1,11.791482
-1.0,1,11.795825
-1.0,1,11.802256
-0.3333333333333333,1,11.806282
-1.0,1,11.810539
-0.6666666666666666,1,11.815352
-0.3333333333333333,1,11.819429
-0.3333333333333333,1,11.823716
-0.3333333333333333,1,11.828945
-0.6666666666666666,1,11.832685
-0.7777777777777778,1,11.836706
-0.3333333333333333,1,11.840462
-0.3333333333333333,1,11.84507
-0.3333333333333333,1,11.849133
-0.3333333333333333,1,11.853539
-0.6666666666666666,1,11.857354
-0.5,1,11.86235
-1.0,1,11.866094
-0.5,1,11.869617
-1.0,1,11.873629
-1.0,1,11.877966
-1.0,1,11.881717
-0.25,1,11.886059
-0.2,1,11.890389
-0.25,1,11.893923
-0.6666666666666666,1,11.89811
-0.3333333333333333,1,11.901996
-0.3333333333333333,1,11.905925
-0.3333333333333333,1,11.909493
-0.3333333333333333,1,11.913092
-0.3333333333333333,1,11.916765
-0.2,1,11.920947
-1.0,1,11.924198
-1.0,1,11.927881
-0.25,1,11.93164
-0.3333333333333333,1,11.935418
-0.5555555555555556,1,11.939768
-0.16666666666666666,1,11.943974
-0.5555555555555556,1,11.947786
-0.3333333333333333,1,11.951408
-0.5555555555555556,1,11.956482
-0.16666666666666666,1,11.960188
-0.25,1,11.963699
-0.2,1,11.967391
-0.25,1,11.972023
-0.16666666666666666,1,11.976065
-0.3333333333333333,1,11.979537
-0.6666666666666666,1,11.983447
-0.25,1,11.992141
-1.0,1,11.996515
-0.5,1,12.002316
-0.3333333333333333,1,12.005919
-0.3333333333333333,1,12.009848
-0.3333333333333333,1,12.014032
-0.125,1,12.022067
-0.1,1,12.028305
-0.12,1,12.033375
-0.3,1,12.038183
-0.06666666666666667,1,12.042536
-0.3333333333333333,1,12.046519
-0.3333333333333333,1,12.050352
-0.3333333333333333,1,12.054049
-0.125,1,12.057741
-0.16666666666666666,1,12.062889
-0.3333333333333333,1,12.066383
-0.2222222222222222,1,12.070436
-0.3333333333333333,1,12.073967
-0.16666666666666666,1,12.077854
-0.5,1,12.081715
-0.4,1,12.08544
-0.2,1,12.089327
0.0,1,12.093328
-1.0,1,12.09769
-1.0,1,12.101715
-0.6666666666666666,1,12.106296
-1.0,1,12.110398
-0.6666666666666666,1,12.115514
-1.0,1,12.121356
-0.6666666666666666,1,12.125295
-0.5,1,12.12946
-0.4,1,12.133924
-1.0,1,12.138482
-1.0,1,12.142282
-1.0,1,12.146057
-0.6666666666666666,1,12.150034
-0.7777777777777778,1,12.170078
-0.6666666666666666,1,12.180982
-1.0,1,12.185374
-1.0,1,12.189945
-0.5,1,12.19534
-0.3333333333333333,1,12.200881
-0.25,1,12.208502
-0.16666666666666666,1,12.213901
-0.3333333333333333,1,12.220943
-0.6666666666666666,1,12.225565
-0.5,1,12.229977
-1.0,1,12.235622
-0.5,1,12.240205
-0.4,1,12.244797
-0.5,1,12.249208
-0.3333333333333333,1,12.254923
-0.5,1,12.259614
-0.3333333333333333,1,12.264046
-0.5555555555555556,1,12.2693
-0.3333333333333333,1,12.279052
-0.3333333333333333,1,12.289171
-0.16666666666666666,1,12.294202
-0.125,1,12.299455
-0.16666666666666666,1,12.303945
-0.125,1,12.307989
-0.2,1,12.312647
-0.125,1,12.317339
-0.3,1,12.321617
-0.2,1,12.325714
-0.2,1,12.329823
-0.12,1,12.334738
-0.3,1,12.33923
-0.12,1,12.343411
-0.1,1,12.34743
-0.25,1,12.352405
-0.2,1,12.356617
-0.12,1,12.361685
-0.06666666666666667,1,12.366585
-0.12,1,12.370914
-0.06666666666666667,1,12.375249
-0.16666666666666666,1,12.379756
-0.06666666666666667,1,12.38414
-0.16666666666666666,1,12.388106
-0.06666666666666667,1,12.392137
-0.2,1,12.396285
-0.1,1,12.40099
-0.25,1,12.405662
-0.1,1,12.409968
-0.125,1,12.414771
-0.3333333333333333,1,12.431245
-0.25,1,12.463109
-0.2,1,12.495687
-0.25,1,12.502611
-0.3333333333333333,1,12.508204
-0.3333333333333333,1,12.512906
-0.3333333333333333,1,12.517069
-0.25,1,12.520978
-0.3333333333333333,1,12.525106
-0.25,1,12.539572
-0.6666666666666666,1,12.553128
-0.7777777777777778,1,12.558716
-0.3333333333333333,1,12.566871
-0.25,1,12.571098
-0.3333333333333333,1,12.575439
-0.3333333333333333,1,12.580071
-0.3333333333333333,1,12.584687
-0.3333333333333333,1,12.589203
-0.3333333333333333,1,12.593652
-0.5,1,12.598477
-0.3333333333333333,1,12.603833
-0.5,1,12.608464
-0.6666666666666666,1,12.613235
-0.3333333333333333,1,12.61831
-0.3333333333333333,1,12.624394
-0.3333333333333333,1,12.631135
-0.6666666666666666,1,12.647682
-0.7777777777777778,1,12.657421
-0.6666666666666666,1,12.662532
-0.3333333333333333,1,12.679835
-0.3333333333333333,1,12.684545
-0.2,1,12.688973
-0.2,1,12.696762
-0.2,1,12.703518
-0.2,1,12.709581
-0.25,1,12.723287
-0.3,1,12.729683
-0.125,1,12.734142
-0.2,1,12.737954
-0.25,1,12.744487
-0.3333333333333333,1,12.75134
-0.3333333333333333,1,12.755334
-0.2222222222222222,1,12.759283
-0.16666666666666666,1,12.763432
-0.2222222222222222,1,12.767386
-0.3333333333333333,1,12.770955
0.0,1,12.775016
-1.0,1,12.779012
-1.0,1,12.783284
-0.6666666666666666,1,12.788109
-0.7777777777777778,1,12.791974
-0.3333333333333333,1,12.796271
-0.7777777777777778,1,12.800663
-0.3333333333333333,1,12.804986
-0.5,1,12.808913
-0.3333333333333333,1,12.813469
-0.25,1,12.817941
-0.3,1,12.82191
-0.06666666666666667,1,12.826176
-0.16666666666666666,1,12.830257
-0.06666666666666667,1,12.834486
-0.3,1,12.839128
-0.12,1,12.843313
-0.06666666666666667,1,12.854378
-0.16666666666666666,1,12.8655
-0.06666666666666667,1,12.870142
-0.16666666666666666,1,12.876743
-0.06666666666666667,1,12.882278
-0.12,1,12.895396
-0.2,1,12.901116
-0.2,1,12.910755
-0.2,1,12.922718
-0.12,1,12.929661
-0.2,1,12.952412
-0.16666666666666666,1,12.959867
-0.2222222222222222,1,12.974414
-0.16666666666666666,1,12.978909
-0.06666666666666667,1,12.983339
-0.12,1,12.988348
-0.2,1,12.993681
-0.125,1,12.998144
-0.2,1,13.002747
-0.125,1,13.006901
-0.16666666666666666,1,13.010741
-0.06666666666666667,1,13.014538
-0.2,1,13.019102
-0.16666666666666666,1,13.02382
-0.06666666666666667,1,13.027915
-0.16666666666666666,1,13.031659
-0.2,1,13.036145
-0.16666666666666666,1,13.040009
-0.06666666666666667,1,13.04479
-0.12,1,13.053576
-0.06666666666666667,1,13.068072
-0.2,1,13.077143
-0.06666666666666667,1,13.09418
-0.16666666666666666,1,13.103751
-0.06666666666666667,1,13.11779
-0.16666666666666666,1,13.128521
-0.06666666666666667,1,13.13641
-0.12,1,13.14064
-0.06666666666666667,1,13.144999
-0.16666666666666666,1,13.149771
-0.2,1,13.153993
-0.25,1,13.158498
-0.2,1,13.1631
-0.16666666666666666,1,13.167833
-0.06666666666666667,1,13.17283
-0.16666666666666666,1,13.177519
-0.06666666666666667,1,13.182327
-0.16666666666666666,1,13.186665
-0.1,1,13.190515
-0.25,1,13.194259
-0.3333333333333333,1,13.199288
-0.25,1,13.203843
-0.3333333333333333,1,13.207862
-0.3333333333333333,1,13.212494
-0.3333333333333333,1,13.216826
0.0,1,13.220805
-1.0,1,13.225023
-1.0,1,13.229509
-0.6666666666666666,1,13.234688
-0.3333333333333333,1,13.240264
-0.3333333333333333,1,13.244649
-0.3333333333333333,1,13.250308
0.0,1,13.255448
-1.0,1,13.260119
-1.0,1,13.267434
-0.6666666666666666,1,13.27375
-0.25,1,13.278553
-0.16666666666666666,1,13.28589
-0.5555555555555556,1,13.29153
-0.3333333333333333,1,13.297621
-0.5,1,13.301958
-0.3333333333333333,1,13.306504
-0.5555555555555556,1,13.311097
-0.3333333333333333,1,13.316581
-0.5,1,13.321211
0.0,1,13.326039
-1.0,1,13.330791
-1.0,1,13.33622
-1.0,1,13.340997
-0.5555555555555556,1,13.34477
-0.16666666666666666,1,13.348905
-0.25,1,13.353321
-0.3333333333333333,1,13.358838
-0.25,1,13.363519
-0.2,1,13.369143
-0.16666666666666666,1,13.373845
0.0,1,13.378024
-1.0,1,13.382327
-1.0,1,13.385628
-1.0,1,13.388958
-1.0,1,13.392449
-0.6666666666666666,1,13.397032
-1.0,1,13.401057
-0.6666666666666666,1,13.404859
-0.3333333333333333,1,13.40821
-0.3333333333333333,1,13.412082
-0.75,1,13.416262
-1.0,1,13.419891
-0.75,1,13.42342
-0.16666666666666666,1,13.426864
-0.06666666666666667,1,13.431349
-0.2222222222222222,1,13.436266
-0.3333333333333333,1,13.439816
-0.2,1,13.443365
-0.3333333333333333,1,13.447335
-0.2,1,13.451789
-0.2,1,13.455264
0.0,1,13.458586
-1.0,1,13.462225
-1.0,1,13.46672
-0.3333333333333333,1,13.470235
-0.5,1,13.473686
-0.3333333333333333,1,13.477576
-0.3333333333333333,1,13.482851
-0.6666666666666666,1,13.486994
-1.0,1,13.492127
-1.0,1,13.496413
-1.0,1,13.500557
-1.0,1,13.504431
-0.75,1,13.507987
-0.4,1,13.512881
-0.06666666666666667,1,13.51695
-0.16666666666666666,1,13.520455
-0.2,1,13.52372
-0.16666666666666666,1,13.528
-0.125,1,13.531589
-0.3333333333333333,1,13.535467
-0.25,1,13.538996
-0.2,1,13.543267
-0.125,1,13.547449
-0.2,1,13.552114
-0.2,1,13.555809
-0.1,1,13.559716
-0.2,1,13.563547
-0.1,1,13.567947
-0.16666666666666666,1,13.572376
-0.3,1,13.5762
-0.12,1,13.579929
-0.06666666666666667,1,13.584323
-0.12,1,13.588108
-0.3,1,13.592157
-0.06666666666666667,1,13.595759
-0.2,1,13.600263
-0.16666666666666666,1,13.604275
-0.06666666666666667,1,13.608187
-0.16666666666666666,1,13.614275
-0.2222222222222222,1,13.618857
-0.3333333333333333,1,13.622969
-0.2222222222222222,1,13.626705
-0.3333333333333333,1,13.630267
-0.2,1,13.634672
-0.5,1,13.638059
-0.6666666666666666,1,13.641893
-0.5,1,13.645574
-0.3333333333333333,1,13.650352
-0.7777777777777778,1,13.654347
-0.6666666666666666,1,13.658313
-1.0,1,13.664379
-1.0,1,13.670756
-1.0,1,13.674613
-0.6666666666666666,1,13.678569
-0.3333333333333333,1,13.682331
-0.6666666666666666,1,13.685697
-0.5,1,13.70069
-0.3333333333333333,1,13.708076
-0.25,1,13.712239
-0.3333333333333333,1,13.717178
-0.3333333333333333,1,13.72167
-0.16666666666666666,1,13.725802
-0.25,1,13.731013
-0.3333333333333333,1,13.735608
-0.2,1,13.739507
-0.2,1,13.743137
-0.16666666666666666,1,13.747922
-0.2222222222222222,1,13.752827
-0.06666666666666667,1,13.757181
-0.16666666666666666,1,13.761607
-0.125,1,13.766176
-0.2,1,13.770507
-0.16666666666666666,1,13.774384
-0.3,1,13.778769
-0.16666666666666666,1,13.783557
0.0,1,13.788129
-1.0,1,13.792343
-0.5,1,13.797121
-0.6666666666666666,1,13.801001
-0.3333333333333333,1,13.804308
-0.3333333333333333,1,13.808594
0.0,1,13.812366
-1.0,1,13.816355
-1.0,1,13.820264
-1.0,1,13.823617
-1.0,1,13.8279
-0.6666666666666666,1,13.832698
-1.0,1,13.836187
-0.3333333333333333,1,13.841017
-1.0,1,13.847364
-1.0,1,13.853121
-1.0,1,13.857121
-1.0,1,13.86088
-1.0,1,13.864484
-1.0,1,13.8684
-0.5555555555555556,1,13.871707
-0.3333333333333333,1,13.875349
-0.5555555555555556,1,13.879134
-0.16666666666666666,1,13.883732
-0.125,1,13.887694
-0.2,1,13.891513
-0.2,1,13.895783
-0.1,1,13.900156
-0.2,1,13.903678
0.0,1,13.907082
-1.0,1,13.911089
-1.0,1,13.915629
-0.6666666666666666,1,13.919583
-0.3333333333333333,1,13.923421
-0.3333333333333333,1,13.926867
-0.25,1,13.930846
-0.16666666666666666,1,13.934777
-0.5555555555555556,1,13.938301
-1.0,1,13.941904
-1.0,1,13.945506
-1.0,1,13.949693
-0.5,1,13.953607
-0.6666666666666666,1,13.957362
-0.7777777777777778,1,13.963188
-0.3333333333333333,1,13.967267
-0.5,1,13.970976
-0.2,1,13.974458
-1.0,1,13.979033
-1.0,1,13.983492
-1.0,1,13.987275
-1.0,1,13.991009
-0.5,1,13.99473
-0.3333333333333333,1,13.998833
-0.2,1,14.002688
-0.3333333333333333,1,14.006269
-0.3333333333333333,1,14.010938
-0.3333333333333333,1,14.014684
-0.25,1,14.019075
-0.3333333333333333,1,14.022968
-0.75,1,14.026918
-0.6666666666666666,1,14.030616
-0.3333333333333333,1,14.034452
-0.3333333333333333,1,14.038756
-0.5,1,14.042712
-0.3333333333333333,1,14.046924
-0.5,1,14.051245
-0.3333333333333333,1,14.055265
-0.5,1,14.059014
-0.3333333333333333,1,14.062672
-0.3333333333333333,1,14.066572
-0.3333333333333333,1,14.071228
-0.5,1,14.075573
0.0,1,14.079134
-1.0,1,14.082993
-0.5,1,14.08735
-0.6666666666666666,1,14.091959
-0.3333333333333333,1,14.096053
-0.3333333333333333,1,14.099907
-0.2,1,14.10422
-0.2222222222222222,1,14.107866
-0.2,1,14.112503
-0.2,1,14.116412
-0.25,1,14.120723
-0.4,1,14.124598
-0.16666666666666666,1,14.129246
-0.2222222222222222,1,14.132915
-0.16666666666666666,1,14.137047
-0.2222222222222222,1,14.140889
-0.16666666666666666,1,14.14491
-0.06666666666666667,1,14.148732
-0.16666666666666666,1,14.152354
-0.3,1,14.15603
-0.06666666666666667,1,14.159866
-0.3,1,14.164591
-0.12,1,14.169397
-0.3,1,14.173679
-0.06666666666666667,1,14.177685
-0.4,1,14.181912
-0.5,1,14.185649
-0.6666666666666666,1,14.189686
-0.25,1,14.19386
-0.6666666666666666,1,14.197436
-1.0,1,14.201155
-0.6666666666666666,1,14.205439
-1.0,1,14.20985
-0.6666666666666666,1,14.213655
-1.0,1,14.217427
-1.0,1,14.221244
-0.3333333333333333,1,14.226269
-0.3333333333333333,1,14.233966
-0.25,1,14.241513
-0.3333333333333333,1,14.247127
-0.2,1,14.25128
-0.2,1,14.255798
-0.25,1,14.260635
-0.16666666666666666,1,14.265196
-0.25,1,14.269535
-0.4,1,14.273948
-0.16666666666666666,1,14.278785
-1.0,1,14.283195
-0.16666666666666666,1,14.28788
-0.2,1,14.2919
-0.2,1,14.29618
-0.3333333333333333,1,14.30035
-0.5,1,14.305671
-0.3333333333333333,1,14.310771
-1.0,1,14.315385
-0.6666666666666666,1,14.32086
-0.5,1,14.325326
-0.4,1,14.331244
-1.0,1,14.338269
-0.4,1,14.342732
-0.2,1,14.346787
-0.3333333333333333,1,14.352126
-0.25,1,14.356787
0.0,1,14.362233
-1.0,1,14.3685
-1.0,1,14.372994
-0.6666666666666666,1,14.377235
-0.5,1,14.381951
-0.4,1,14.38649
-0.16666666666666666,1,14.390448
-0.4,1,14.394772
-0.2,1,14.398668
0.0,1,14.402562
-1.0,1,14.406796
-1.0,1,14.411607
-1.0,1,14.415812
-1.0,1,14.419908
-1.0,1,14.424161
-0.5,1,14.428777
-0.6666666666666666,1,14.432448
-0.5,1,14.437336
-0.3333333333333333,1,14.440831
-0.5,1,14.444922
-0.6666666666666666,1,14.448606
-0.75,1,14.452374
-0.4,1,14.456493
-0.25,1,14.460502
-0.3333333333333333,1,14.46442
-0.25,1,14.46812
-0.2,1,14.472291
-0.2,1,14.476002
-0.3333333333333333,1,14.479489
-0.7777777777777778,1,14.483008
-0.3333333333333333,1,14.48763
-0.3333333333333333,1,14.491991
-0.6666666666666666,1,14.496354
-0.5,1,14.499803
-0.2,1,14.503809
-0.3333333333333333,1,14.508069
-0.1,1,14.512019
-0.2,1,14.51561
-0.2,1,14.519606
-0.25,1,14.523574
-0.2,1,14.528057
-0.2,1,14.532007
-0.2,1,14.53555
-0.25,1,14.539362
-0.2,1,14.542746
-0.2,1,14.546201
-0.4,1,14.549948
-0.2,1,14.553987
-0.2,1,14.557479
-0.25,1,14.561383
-0.2,1,14.565039
-0.12,1,14.569232
-0.06666666666666667,1,14.573385
-0.16666666666666666,1,14.577383
-0.06666666666666667,1,14.581113
-0.12,1,14.584646
-0.2,1,14.589025
-0.25,1,14.592677
-0.3333333333333333,1,14.59641
-0.125,1,14.599936
-0.3333333333333333,1,14.604056
-0.3333333333333333,1,14.607965
0.0,1,14.61288
-1.0,1,14.616415
-1.0,1,14.620783
-0.6666666666666666,1,14.624955
-0.7777777777777778,1,14.629425
-0.3333333333333333,1,14.633256
-0.7777777777777778,1,14.637261
-0.3333333333333333,1,14.641203
-0.2,1,14.645191
-0.2222222222222222,1,14.648783
-0.16666666666666666,1,14.652602
-0.1,1,14.656648
-0.125,1,14.661169
-0.3333333333333333,1,14.665615
-0.2,1,14.669549
-0.3333333333333333,1,14.673241
-0.25,1,14.677338
-0.3,1,14.684978
-0.12,1,14.690816
-0.3,1,14.695023
-0.2,1,14.699227
-0.2,1,14.703415
-0.25,1,14.707785
-0.2,1,14.715748
-0.12,1,14.719615
-0.2,1,14.723885
-0.2,1,14.732952
-0.3333333333333333,1,14.740988
-0.5,1,14.74576
0.0,1,14.750271
-1.0,1,14.754591
-1.0,1,14.758499
-1.0,1,14.7624
-0.75,1,14.766837
-1.0,1,14.770745
-0.75,1,14.774515
-0.3333333333333333,1,14.778797
-0.3333333333333333,1,14.784993
-0.3333333333333333,1,14.78917
-0.25,1,14.792697
-0.3333333333333333,1,14.800183
-0.75,1,14.806131
-0.16666666666666666,1,14.809764
-0.75,1,14.815816
-0.4,1,14.82015
-0.5,1,14.82433
-0.16666666666666666,1,14.828991
-0.5,1,14.833983
-1.0,1,14.838081
-1.0,1,14.84205
-1.0,1,14.84655
-1.0,1,14.85115
-1.0,1,14.855371
-0.5,1,14.859472
-0.4,1,14.864439
-0.5,1,14.869611
-0.6666666666666666,1,14.873974
-0.3333333333333333,1,14.878527
-0.3333333333333333,1,14.883225
-0.5,1,14.887348
-0.3333333333333333,1,14.891427
-0.5,1,14.895913
-1.0,1,14.900767
-1.0,1,14.905041
-1.0,1,14.90958
-0.5555555555555556,1,14.913957
-0.3333333333333333,1,14.91787
-0.25,1,14.921419
-0.16666666666666666,1,14.925482
-0.75,1,14.929959
-0.16666666666666666,1,14.93485
-0.25,1,14.939233
-0.2,1,14.943733
-0.2,1,14.948222
-0.2,1,14.951901
-0.16666666666666666,1,14.955181
-0.2,1,14.958755
-0.25,1,14.962549
-0.3333333333333333,1,14.967119
-0.25,1,14.97081
-0.3333333333333333,1,14.976332
-0.5,1,14.983714
-1.0,1,14.988425
-1.0,1,14.993582
-1.0,1,14.998683
-1.0,1,15.002983
-0.4,1,15.006835
-0.2,1,15.010908
-0.2222222222222222,1,15.015803
-0.16666666666666666,1,15.020196
-0.06666666666666667,1,15.024255
-0.16666666666666666,1,15.028882
-0.06666666666666667,1,15.033654
-0.16666666666666666,1,15.037717
-0.2,1,15.043826
-0.2,1,15.049124
-0.2,1,15.05326
-0.25,1,15.057034
0.0,1,15.064195
-1.0,1,15.06928
-1.0,1,15.073604
-1.0,1,15.078168
-1.0,1,15.082587
-0.4,1,15.086549
-0.2,1,15.089904
-0.3333333333333333,1,15.093783
-0.2,1,15.098203
-0.3333333333333333,1,15.102441
-0.25,1,15.106107
-0.2,1,15.121238
-0.25,1,15.125884
-0.3,1,15.129786
-0.2,1,15.134243
-0.3,1,15.139057
-0.2,1,15.144132
-0.3333333333333333,1,15.148301
-0.5,1,15.152313
-0.6666666666666666,1,15.157005
-0.5,1,15.162225
-0.3333333333333333,1,15.167034
-1.0,1,15.172217
-0.6666666666666666,1,15.176445
-0.5,1,15.179813
-1.0,1,15.184047
-0.5,1,15.187613
-1.0,1,15.191259
-1.0,1,15.195612
-0.6666666666666666,1,15.200305
-0.3333333333333333,1,15.204014
-0.6666666666666666,1,15.207422
-1.0,1,15.2111
-1.0,1,15.214941
-0.5,1,15.218952
-0.3333333333333333,1,15.223024
-0.25,1,15.226756
-0.3333333333333333,1,15.230261
-0.25,1,15.234736
-0.3333333333333333,1,15.239028
-0.2,1,15.242663
-0.2222222222222222,1,15.246144
-0.3333333333333333,1,15.250762
-0.2222222222222222,1,15.254532
-0.2,1,15.257918
-0.2,1,15.261883
-0.25,1,15.266784
-0.3333333333333333,1,15.270564
-0.06666666666666667,1,15.275011
-0.2,1,15.279649
-0.3333333333333333,1,15.283995
-0.3333333333333333,1,15.28738
-0.25,1,15.290782
-0.3333333333333333,1,15.294706
-0.25,1,15.298876
-0.3333333333333333,1,15.302289
-0.2,1,15.30605
-0.16666666666666666,1,15.310035
-0.2,1,15.314238
-0.4,1,15.31863
-0.16666666666666666,1,15.322851
-0.2222222222222222,1,15.32784
-0.2,1,15.332064
-0.2222222222222222,1,15.336607
-0.16666666666666666,1,15.34135
-0.2,1,15.345644
-0.16666666666666666,1,15.349898
-0.2,1,15.353582
-0.25,1,15.357157
-0.2,1,15.361233
-0.16666666666666666,1,15.373508
-0.06666666666666667,1,15.379545
-0.2,1,15.384376
0.0,1,15.388725
-1.0,1,15.393369
-1.0,1,15.398266
-0.6666666666666666,1,15.403408
-0.75,1,15.408009
-0.3333333333333333,1,15.412421
-0.125,1,15.417197
-0.1,1,15.421444
-0.3333333333333333,1,15.42534
-0.2222222222222222,1,15.429468
-0.16666666666666666,1,15.43392
-0.2222222222222222,1,15.438191
-0.16666666666666666,1,15.442244
-0.2222222222222222,1,15.446075
-0.06666666666666667,1,15.450716
-0.3,1,15.454826
-0.16666666666666666,1,15.458809
-0.06666666666666667,1,15.463584
-0.12,1,15.468204
-0.2,1,15.472332
-0.12,1,15.476579
-0.2,1,15.480752
-0.12,1,15.485017
-0.3,1,15.489003
-0.06666666666666667,1,15.49318
-0.4,1,15.497451
-1.0,1,15.501854
-0.2,1,15.505868
-0.5,1,15.510105
-0.3333333333333333,1,15.51459
-0.3333333333333333,1,15.521068
-0.3333333333333333,1,15.525073
-0.25,1,15.52915
-0.1,1,15.533552
-0.2,1,15.537645
-0.2,1,15.541831
-0.2,1,15.546442
-0.06666666666666667,1,15.55066
-0.16666666666666666,1,15.554236
-0.06666666666666667,1,15.557528
-0.12,1,15.562461
-0.3,1,15.566642
-0.125,1,15.570307
-0.3,1,15.573891
-0.12,1,15.577686
-0.2,1,15.581192
-0.2,1,15.584722
-0.2,1,15.58831
-0.12,1,15.5931
-0.06666666666666667,1,15.598094
-0.16666666666666666,1,15.601762
-0.06666666666666667,1,15.605146
-0.12,1,15.608638
-0.2,1,15.613043
-0.25,1,15.61685
-0.3,1,15.620905
-0.125,1,15.624465
-0.16666666666666666,1,15.628377
-0.5555555555555556,1,15.632469
-0.3333333333333333,1,15.63599
-0.3333333333333333,1,15.63951
-0.3333333333333333,1,15.644005
-0.5,1,15.648022
-0.3333333333333333,1,15.652542
-0.3333333333333333,1,15.660735
-0.3333333333333333,1,15.664981
-0.25,1,15.669397
-0.3333333333333333,1,15.673365
-0.5,1,15.677439
0.0,1,15.681107
-1.0,1,15.684877
-0.5,1,15.688735
-0.3333333333333333,1,15.692532
-0.25,1,15.696951
-0.2,1,15.701316
-0.16666666666666666,1,15.704632
-0.2222222222222222,1,15.707675
-0.3333333333333333,1,15.713076
-0.2,1,15.716906
-0.5,1,15.720182
-0.16666666666666666,1,15.723621
-0.5555555555555556,1,15.727088
-0.3333333333333333,1,15.731561
-0.5,1,15.735855
-0.4,1,15.739681
-0.5,1,15.74375
-0.3333333333333333,1,15.747417
-0.3333333333333333,1,15.751669
-0.2,1,15.755374
-0.16666666666666666,1,15.759112
-0.2222222222222222,1,15.763489
-0.16666666666666666,1,15.770748
-0.3,1,15.774713
-0.12,1,15.778501
-0.2,1,15.782518
-0.2,1,15.785948
-0.3,1,15.78931
-0.16666666666666666,1,15.792802
-0.1,1,15.796273
-0.2,1,15.800294
-0.2,1,15.803927
-0.16666666666666666,1,15.807997
-0.2,1,15.811756
0.0,1,15.815822
-1.0,1,15.819435
-1.0,1,15.823043
-0.6666666666666666,1,15.826629
-1.0,1,15.830587
-0.6666666666666666,1,15.834193
-0.75,1,15.837549
-0.16666666666666666,1,15.841085
-0.75,1,15.845638
-0.16666666666666666,1,15.849823
-0.125,1,15.853613
-0.1,1,15.857373
-0.3333333333333333,1,15.86095
-0.16666666666666666,1,15.864445
-0.5555555555555556,1,15.868471
-1.0,1,15.872481
-0.5,1,15.876001
-0.3333333333333333,1,15.879746
-0.25,1,15.883661
-0.1,1,15.887325
-0.25,1,15.891086
-0.2,1,15.894801
-0.12,1,15.91331
-0.3,1,15.920722
-0.16666666666666666,1,15.924915
-0.2222222222222222,1,15.92973
-0.3333333333333333,1,15.934808
-0.2222222222222222,1,15.939553
-0.16666666666666666,1,15.944671
-1.0,1,15.949693
-1.0,1,15.954185
-1.0,1,15.958552
-1.0,1,15.963665
-1.0,1,15.968148
-1.0,1,15.972202
-0.4,1,15.976823
-0.2,1,15.98096
0.0,1,15.985096
-1.0,1,15.98918
-1.0,1,15.993844
-1.0,1,15.998586
-1.0,1,16.00288
-0.4,1,16.006924
-0.2,1,16.011197
-0.3,1,16.015579
-0.06666666666666667,1,16.019753
-0.3333333333333333,1,16.027197
-0.25,1,16.044818
-0.3,1,16.057539
-0.25,1,16.069912
-0.2,1,16.10058
-0.25,1,16.131463
-0.16666666666666666,1,16.13958
-0.3333333333333333,1,16.146499
-0.2,1,16.161624
-0.16666666666666666,1,16.169273
-0.2222222222222222,1,16.173272
-0.16666666666666666,1,16.178484
-0.2,1,16.183636
0.0,1,16.18785
-1.0,1,16.191806
-1.0,1,16.196568
-1.0,1,16.201291
-1.0,1,16.205413
-1.0,1,16.210431
-0.75,1,16.215356
-0.3333333333333333,1,16.220376
-0.3333333333333333,1,16.224709
-0.3333333333333333,1,16.229358
-0.2,1,16.234699
-0.16666666666666666,1,16.239768
-0.25,1,16.244027
-0.2,1,16.249645
-0.2,1,16.255093
-0.1,1,16.260235
-0.2,1,16.264782
-0.1,1,16.269743
-0.25,1,16.274092
-0.2,1,16.279286
-0.16666666666666666,1,16.288449
-0.2222222222222222,1,16.297061
-0.16666666666666666,1,16.304476
-0.3,1,16.310368
-0.16666666666666666,1,16.316335
0.0,1,16.334758
-1.0,1,16.339338
-1.0,1,16.345656
-1.0,1,16.35235
-0.75,1,16.357012
-0.4,1,16.362071
-0.5,1,16.367433
-0.3333333333333333,1,16.371956
-0.25,1,16.376363
-0.1,1,16.382093
-0.25,1,16.386331
-0.2,1,16.390109
-0.2,1,16.394065
-0.2,1,16.399734
-0.25,1,16.403809
-0.2,1,16.407513
0.0,1,16.412329
-1.0,1,16.416688
-0.5,1,16.420723
-0.6666666666666666,1,16.424745
-0.75,1,16.42915
-0.16666666666666666,1,16.433378
-0.5555555555555556,1,16.437493
-0.16666666666666666,1,16.443838
-0.06666666666666667,1,16.44903
-0.2222222222222222,1,16.453541
-0.3333333333333333,1,16.457285
-0.2,1,16.460872
-0.25,1,16.465575
-0.2,1,16.469973
-0.2,1,16.478395
-0.06666666666666667,1,16.483166
-0.12,1,16.488841
-0.1,1,16.495942
-0.2,1,16.506315
-0.1,1,16.51508
-0.2,1,16.520932
-0.3333333333333333,1,16.526043
-0.3333333333333333,1,16.53091
-0.6666666666666666,1,16.534734
-0.5,1,16.53915
-0.3333333333333333,1,16.54371
-0.3333333333333333,1,16.548592
-0.2222222222222222,1,16.553384
-0.16666666666666666,1,16.557689
-0.4,1,16.562153
-0.5,1,16.56664
-0.3333333333333333,1,16.570777
-0.125,1,16.574359
-0.3,1,16.578381
-0.125,1,16.582494
-0.16666666666666666,1,16.587087
-0.5555555555555556,1,16.591244
-0.3333333333333333,1,16.595238
-0.5555555555555556,1,16.599143
-0.3333333333333333,1,16.602871
-0.5555555555555556,1,16.607033
-0.16666666666666666,1,16.611449
-0.5,1,16.615344
-0.16666666666666666,1,16.620012
-0.125,1,16.624004
-0.1,1,16.628312
-0.2,1,16.632485
-0.1,1,16.639845
-0.16666666666666666,1,16.644145
0.0,1,16.648108
-1.0,1,16.66532
-0.5,1,16.672863
-0.6666666666666666,1,16.679436
-0.3333333333333333,1,16.684078
-1.0,1,16.689182
-0.3333333333333333,1,16.693861
-0.3333333333333333,1,16.698512
-0.2,1,16.702883
-0.2,1,16.707862
-0.2,1,16.713456
-0.2,1,16.718231
-0.12,1,16.723161
-0.2,1,16.727432
-0.12,1,16.731433
-0.1,1,16.735536
-0.125,1,16.739818
-0.3,1,16.743861
-0.125,1,16.748357
-0.3333333333333333,1,16.753946
-0.7777777777777778,1,16.758724
-0.3333333333333333,1,16.763369
-0.7777777777777778,1,16.767979
-0.6666666666666666,1,16.774682
-0.3333333333333333,1,16.778965
-0.6666666666666666,1,16.783343
-1.0,1,16.787562
-0.6666666666666666,1,16.791492
-0.3333333333333333,1,16.795639
-1.0,1,16.799792
-1.0,1,16.803864
-0.6666666666666666,1,16.808106
-0.3333333333333333,1,16.812192
-0.3333333333333333,1,16.816162
-0.5,1,16.820719
0.0,1,16.824834
-1.0,1,16.829542
-0.5,1,16.834046
-0.3333333333333333,1,16.83814
-0.3333333333333333,1,16.842259
-0.3333333333333333,1,16.846978
-0.125,1,16.851688
-0.3,1,16.856113
-0.125,1,16.860948
-0.16666666666666666,1,16.864522
-0.25,1,16.868353
-0.3333333333333333,1,16.872202
-0.2,1,16.876987
-0.3333333333333333,1,16.881069
-0.3333333333333333,1,16.884923
-0.16666666666666666,1,16.889896
-0.25,1,16.894325
-0.2,1,16.898381
0.0,1,16.902164
-1.0,1,16.906709
-1.0,1,16.910719
-0.3333333333333333,1,16.91469
-0.5,1,16.92005
-0.3333333333333333,1,16.924455
0.0,1,16.928487
-1.0,1,16.932407
-1.0,1,16.937011
-0.6666666666666666,1,16.941101
-1.0,1,16.94561
-0.6666666666666666,1,16.949898
-0.5555555555555556,1,16.956779
-0.16666666666666666,1,16.960667
-0.25,1,16.964014
-0.2,1,16.967577
-0.12,1,16.971457
-0.2,1,16.975504
-0.25,1,16.979135
-0.3333333333333333,1,16.983566
0.0,1,16.98728
-1.0,1,16.990756
-1.0,1,16.99519
-0.6666666666666666,1,17.000251
-0.3333333333333333,1,17.004733
-0.3333333333333333,1,17.009012
-0.2,1,17.012554
-0.2222222222222222,1,17.016907
-0.2,1,17.020988
-0.3333333333333333,1,17.024691
-0.25,1,17.029432
-0.2,1,17.032809
-0.2,1,17.036196
0.0,1,17.039961
-1.0,1,17.044501
-0.5,1,17.048084
-1.0,1,17.051545
-1.0,1,17.055164
-0.3333333333333333,1,17.058912
-0.5,1,17.068686
-0.3333333333333333,1,17.072084
-0.2,1,17.075717
-0.4,1,17.079506
-0.2,1,17.083116
-0.2,1,17.086264
-0.12,1,17.090021
-0.06666666666666667,1,17.094108
-0.16666666666666666,1,17.098016
-0.2222222222222222,1,17.101905
-0.16666666666666666,1,17.105253
0.0,1,17.108989
-1.0,1,17.11328
-1.0,1,17.117121
-1.0,1,17.120719
-1.0,1,17.124249
-1.0,1,17.129841
-0.5,1,17.133824
-0.4,1,17.13819
-0.2,1,17.141887
0.0,1,17.145858
-1.0,1,17.149889
-1.0,1,17.153688
-1.0,1,17.158031
-0.5,1,17.16181
-0.3333333333333333,1,17.165671
-0.5,1,17.169692
0.0,1,17.173079
-1.0,1,17.177028
-1.0,1,17.180943
-1.0,1,17.185285
-0.5,1,17.188866
-0.3333333333333333,1,17.192348
-0.3333333333333333,1,17.195832
-0.3333333333333333,1,17.200235
-0.25,1,17.204277
-0.3333333333333333,1,17.208192
-0.3333333333333333,1,17.216571
-0.6666666666666666,1,17.220423
-0.5555555555555556,1,17.224521
-0.16666666666666666,1,17.228751
-0.3333333333333333,1,17.233785
0.0,1,17.238158
-1.0,1,17.242514
-0.5,1,17.247102
-0.6666666666666666,1,17.251749
-0.25,1,17.256324
-0.3333333333333333,1,17.261102
-0.5,1,17.265495
-0.3333333333333333,1,17.270048
-0.5,1,17.274149
-0.6666666666666666,1,17.278389
-0.5,1,17.282964
-0.3333333333333333,1,17.287033
-0.125,1,17.291048
-0.3,1,17.29542
-0.125,1,17.300005
-0.3,1,17.304023
-0.2,1,17.307967
-0.2222222222222222,1,17.312285
-0.2,1,17.316495
-0.1,1,17.32011
-0.16666666666666666,1,17.323263
0.0,1,17.327153
-1.0,1,17.332149
-1.0,1,17.336037
-1.0,1,17.340095
-1.0,1,17.344451
-0.3333333333333333,1,17.348147
-0.3333333333333333,1,17.352063
-0.3333333333333333,1,17.356791
-0.2,1,17.362416
-0.2,1,17.366915
-0.25,1,17.371965
-0.3333333333333333,1,17.375479
-0.3333333333333333,1,17.379523
-0.3333333333333333,1,17.383438
-0.25,1,17.38818
-0.3333333333333333,1,17.392117
-0.25,1,17.396109
-0.3333333333333333,1,17.401018
-0.2,1,17.404791
-0.2,1,17.408381
-0.25,1,17.41203
-0.3333333333333333,1,17.416457
-0.25,1,17.419856
-0.2,1,17.42323
-0.2,1,17.427225
-0.2,1,17.435025
-0.3333333333333333,1,17.439037
-0.3333333333333333,1,17.444804
-0.5555555555555556,1,17.449492
-0.3333333333333333,1,17.453236
0.0,1,17.457855
-1.0,1,17.463151
-0.5,1,17.467829
-0.3333333333333333,1,17.471882
-0.5,1,17.476218
0.0,1,17.481089
-1.0,1,17.484919
-1.0,1,17.488654
-1.0,1,17.492284
-0.5,1,17.49643
-0.6666666666666666,1,17.500702
-1.0,1,17.504303
-1.0,1,17.509306
-1.0,1,17.513596
-1.0,1,17.518065
-0.5,1,17.521763
-0.3333333333333333,1,17.525952
-0.25,1,17.530025
-0.2,1,17.535059
0.0,1,17.538919
-1.0,1,17.543364
-0.5,1,17.549372
-0.3333333333333333,1,17.554023
-0.3333333333333333,1,17.559741
-0.16666666666666666,1,17.566005
-0.25,1,17.571157
-0.16666666666666666,1,17.574823
-0.75,1,17.578603
-0.6666666666666666,1,17.5828
-0.25,1,17.586482
-0.3333333333333333,1,17.590349
-0.25,1,17.595221
-0.3333333333333333,1,17.59916
-0.25,1,17.603831
-0.1,1,17.610245
-0.3333333333333333,1,17.61393
-0.3333333333333333,1,17.617688
-0.2,1,17.621457
-0.2,1,17.624963
-0.12,1,17.628474
-0.06666666666666667,1,17.632838
-0.2,1,17.636391
0.0,1,17.639752
-1.0,1,17.643344
-1.0,1,17.647151
-1.0,1,17.650869
-0.75,1,17.65433
-0.3333333333333333,1,17.657419
-0.3333333333333333,1,17.661423
0.0,1,17.665989
-1.0,1,17.669667
-1.0,1,17.673223
-0.6666666666666666,1,17.676872
-1.0,1,17.680142
-0.3333333333333333,1,17.683926
-0.5,1,17.687157
-0.2,1,17.690634
-0.16666666666666666,1,17.694366
-0.4,1,17.698362
-0.5,1,17.70179
-0.6666666666666666,1,17.704987
-0.5,1,17.708947
-0.6666666666666666,1,17.712858
-0.3333333333333333,1,17.716607
-0.3333333333333333,1,17.720042
-0.3333333333333333,1,17.723661
-0.3333333333333333,1,17.729314
-0.25,1,17.734878
-0.3333333333333333,1,17.738639
-0.2,1,17.742607
-0.4,1,17.749317
-0.2,1,17.754647
-0.3333333333333333,1,17.764563
-0.7777777777777778,1,17.772764
-0.3333333333333333,1,17.779559
-0.25,1,17.7839
-0.3333333333333333,1,17.788977
-0.3333333333333333,1,17.79415
-0.3333333333333333,1,17.798918
-0.3333333333333333,1,17.802761
-0.3333333333333333,1,17.806256
-0.5555555555555556,1,17.809994
-1.0,1,17.813837
-0.5555555555555556,1,17.818489
-0.3333333333333333,1,17.822055
-0.25,1,17.825495
-0.16666666666666666,1,17.829545
-0.06666666666666667,1,17.83364
-0.2,1,17.837044
-0.2,1,17.840482
-0.06666666666666667,1,17.844485
-0.16666666666666666,1,17.848971
-0.06666666666666667,1,17.853165
-0.16666666666666666,1,17.857313
-0.3,1,17.861682
-0.16666666666666666,1,17.866142
-0.06666666666666667,1,17.869967
-0.12,1,17.873821
-0.06666666666666667,1,17.878389
-0.12,1,17.883096
-0.2,1,17.886933
-0.25,1,17.891447
-0.3333333333333333,1,17.896339
-0.25,1,17.900963
-0.2,1,17.905194
-0.25,1,17.909532
-0.16666666666666666,1,17.914235
-0.125,1,17.918139
-0.3,1,17.92175
-0.25,1,17.925387
-0.2,1,17.928837
-0.2,1,17.933052
-0.2,1,17.93704
-0.16666666666666666,1,17.94094
0.0,1,17.944762
-1.0,1,17.948883
-1.0,1,17.952541
-1.0,1,17.956943
-0.3333333333333333,1,17.961365
-0.16666666666666666,1,17.965721
-0.5,1,17.969187
-0.3333333333333333,1,17.972917
-0.7777777777777778,1,17.976511
-0.3333333333333333,1,17.980784
-0.75,1,17.984318
-0.4,1,17.98798
-0.2,1,17.991246
-0.3333333333333333,1,17.994565
-0.125,1,17.999111
-0.3333333333333333,1,18.003595
-0.5,1,18.006811
-0.6666666666666666,1,18.010919
-0.3333333333333333,1,18.015355
-0.3333333333333333,1,18.024721
-0.3333333333333333,1,18.030193
-0.2,1,18.034724
-0.3333333333333333,1,18.038449
-0.16666666666666666,1,18.042227
-0.5555555555555556,1,18.045902
-0.16666666666666666,1,18.050282
-0.125,1,18.053995
-0.2,1,18.057521
-0.16666666666666666,1,18.06185
0.0,1,18.068099
-1.0,1,18.071692
-1.0,1,18.07546
-1.0,1,18.079706
-1.0,1,18.083176
-1.0,1,18.086612
-1.0,1,18.089859
-1.0,1,18.094052
-0.5,1,18.102
-0.4,1,18.108628
-1.0,1,18.113021
-1.0,1,18.116908
-0.5,1,18.120692
-1.0,1,18.124892
-0.5,1,18.12917
-0.6666666666666666,1,18.133186
-0.5,1,18.136785
-0.4,1,18.14011
-1.0,1,18.144321
-0.4,1,18.149081
-0.2,1,18.153231
-0.4,1,18.157183
-0.06666666666666667,1,18.161385
-0.3,1,18.165444
-0.25,1,18.169095
-0.3333333333333333,1,18.172707
-0.5555555555555556,1,18.176369
-0.3333333333333333,1,18.18064
-0.5555555555555556,1,18.18431
-0.16666666666666666,1,18.187524
-0.3333333333333333,1,18.190739
-0.3333333333333333,1,18.194188
-0.3333333333333333,1,18.199183
-0.3333333333333333,1,18.203459
-0.3333333333333333,1,18.207016
-0.3333333333333333,1,18.211137
-0.3333333333333333,1,18.21505
-0.3333333333333333,1,18.218844
-0.5,1,18.223111
0.0,1,18.228374
-1.0,1,18.233161
-1.0,1,18.237204
-1.0,1,18.241579
-0.75,1,18.245262
-0.4,1,18.249346
-0.75,1,18.253293
-0.3333333333333333,1,18.25689
-0.3333333333333333,1,18.260852
-0.6666666666666666,1,18.26603
-0.3333333333333333,1,18.269721
-0.3333333333333333,1,18.273042
-0.25,1,18.276368
-0.16666666666666666,1,18.280888
-0.2,1,18.284703
-0.16666666666666666,1,18.28799
-0.75,1,18.291172
-0.4,1,18.295576
-0.3333333333333333,1,18.310545
-0.3333333333333333,1,18.317984
-0.5,1,18.322013
-0.3333333333333333,1,18.325635
-0.3333333333333333,1,18.329904
-0.3333333333333333,1,18.334951
-0.2,1,18.339468
-0.3333333333333333,1,18.34395
-0.75,1,18.348718
-1.0,1,18.352721
-0.25,1,18.357246
-1.0,1,18.361359
-0.75,1,18.366086
-0.16666666666666666,1,18.370329
-0.3333333333333333,1,18.374088
-0.3333333333333333,1,18.378937
0.0,1,18.383305
-1.0,1,18.38734
-1.0,1,18.391341
-1.0,1,18.395328
-1.0,1,18.399654
-0.6666666666666666,1,18.403794
-0.5,1,18.40762
-0.3333333333333333,1,18.41177
-0.5555555555555556,1,18.416139
-0.3333333333333333,1,18.420381
-0.06666666666666667,1,18.424599
-0.3,1,18.428574
-0.12,1,18.432597
-0.2,1,18.436689
-0.12,1,18.440112
-0.2,1,18.444863
-0.12,1,18.449091
-0.06666666666666667,1,18.453202
-0.16666666666666666,1,18.456874
-0.06666666666666667,1,18.461168
-0.2,1,18.467121
-0.06666666666666667,1,18.472806
-0.16666666666666666,1,18.479474
-0.06666666666666667,1,18.48639
-0.2,1,18.491754
-0.06666666666666667,1,18.497228
-0.12,1,18.501499
-0.2,1,18.509164
-0.16666666666666666,1,18.514041
-0.06666666666666667,1,18.517856
-0.2,1,18.52166
-0.06666666666666667,1,18.525768
-0.16666666666666666,1,18.530659
-0.06666666666666667,1,18.534748
-0.16666666666666666,1,18.538534
-0.2,1,18.542348
0.0,1,18.546481
-1.0,1,18.550784
-1.0,1,18.554567
-1.0,1,18.558806
-1.0,1,18.56407
-0.6666666666666666,1,18.568436
-0.5,1,18.572168
-0.4,1,18.576208
-0.06666666666666667,1,18.579686
-0.4,1,18.583331
-0.06666666666666667,1,18.586641
-0.3,1,18.590537
-0.06666666666666667,1,18.595405
-0.3333333333333333,1,18.599745
-0.06666666666666667,1,18.603201
-0.16666666666666666,1,18.622288
-0.75,1,18.635904
-0.16666666666666666,1,18.641257
-0.2,1,18.64876
-0.16666666666666666,1,18.659555
-0.3333333333333333,1,18.667783
-0.3333333333333333,1,18.675325
-0.3333333333333333,1,18.683299
-0.3333333333333333,1,18.68764
-0.5555555555555556,1,18.691154
-0.3333333333333333,1,18.694813
0.0,1,18.699183
-1.0,1,18.702729
-0.5,1,18.706024
-1.0,1,18.709659
-1.0,1,18.715768
-0.6666666666666666,1,18.719476
-1.0,1,18.723181
-0.3333333333333333,1,18.728706
-0.3333333333333333,1,18.7332
-0.3333333333333333,1,18.736999
-0.3333333333333333,1,18.740927
-0.16666666666666666,1,18.746272
-0.125,1,18.751604
-0.16666666666666666,1,18.755389
-0.3333333333333333,1,18.759282
-0.6666666666666666,1,18.76293
-0.5,1,18.767255
-0.2,1,18.770803
-0.16666666666666666,1,18.774517
-0.2222222222222222,1,18.778807
-0.16666666666666666,1,18.783475
-0.3,1,18.787164
-0.12,1,18.790365
-0.2,1,18.794187
-0.25,1,18.799146
-0.3333333333333333,1,18.802997
-0.5,1,18.807608
-0.3333333333333333,1,18.811871
-0.25,1,18.815996
-0.6666666666666666,1,18.819479
-0.3333333333333333,1,18.823257
-0.3333333333333333,1,18.826896
-0.3333333333333333,1,18.830513
-0.6666666666666666,1,18.834369
-0.3333333333333333,1,18.838235
-0.3333333333333333,1,18.842211
-0.3333333333333333,1,18.847764
0.0,1,18.85275
-1.0,1,18.85594
-1.0,1,18.859209
-0.6666666666666666,1,18.862709
-0.3333333333333333,1,18.866408
-0.6666666666666666,1,18.870955
-0.25,1,18.875235
-0.3333333333333333,1,18.878561
-0.25,1,18.882563
-0.16666666666666666,1,18.886848
-0.06666666666666667,1,18.890826
-0.2222222222222222,1,18.895047
-0.16666666666666666,1,18.898372
0.0,1,18.907093
-1.0,1,18.917268
-1.0,1,18.922088
-1.0,1,18.926446
-0.5,1,18.93104
-0.6666666666666666,1,18.935299
-0.7777777777777778,1,18.940026
-0.3333333333333333,1,18.944575
-0.2,1,18.948902
-0.3333333333333333,1,18.953265
-0.25,1,18.957376
-0.2,1,18.961618
-0.2,1,18.965711
-0.3333333333333333,1,18.969943
-0.25,1,18.973863
-0.2,1,18.977795
-0.2,1,18.98189
-0.2222222222222222,1,18.986391
-0.06666666666666667,1,18.990316
-0.4,1,18.995094
-1.0,1,18.999287
-1.0,1,19.003916
-1.0,1,19.008873
-1.0,1,19.013405
-1.0,1,19.018346
-1.0,1,19.022445
-1.0,1,19.026676
-1.0,1,19.030436
-0.75,1,19.033999
-0.6666666666666666,1,19.03795
-0.25,1,19.041909
-0.3333333333333333,1,19.045585
-0.3333333333333333,1,19.049469
-0.4,1,19.053895
-0.5,1,19.057345
-0.4,1,19.061102
-0.06666666666666667,1,19.064549
-0.4,1,19.069566
-0.75,1,19.073862
-0.6666666666666666,1,19.078891
-0.3333333333333333,1,19.082914
-0.3333333333333333,1,19.087092
-0.2,1,19.09118
-0.3333333333333333,1,19.095369
-0.7777777777777778,1,19.099144
-0.3333333333333333,1,19.103386
-0.2,1,19.107428
-0.2,1,19.11097
-0.2,1,19.114739
-0.2,1,19.120001
-0.12,1,19.123794
-0.2,1,19.12885
-0.12,1,19.133334
-0.3,1,19.137694
-0.25,1,19.142344
-0.3333333333333333,1,19.146054
-0.25,1,19.15042
-0.3333333333333333,1,19.154567
-0.125,1,19.15801
-0.16666666666666666,1,19.162404
-0.25,1,19.166146
-0.16666666666666666,1,19.17028
-0.75,1,19.174464
-0.4,1,19.179146
-0.16666666666666666,1,19.183357
-0.2222222222222222,1,19.189701
-0.16666666666666666,1,19.194968
-0.2,1,19.201107
-0.2,1,19.207036
-0.2,1,19.211874
-0.3333333333333333,1,19.217494
-0.3333333333333333,1,19.223158
-0.3333333333333333,1,19.228273
-0.3333333333333333,1,19.232795
-0.25,1,19.23713
-0.2,1,19.241367
-0.2,1,19.247284
-0.06666666666666667,1,19.251246
-0.16666666666666666,1,19.255366
-0.2,1,19.259423
-0.2,1,19.263082
-0.3,1,19.266631
-0.12,1,19.270762
-0.2,1,19.274402
-0.25,1,19.278462
-0.16666666666666666,1,19.282224
-0.06666666666666667,1,19.286801
-0.2222222222222222,1,19.290567
-0.16666666666666666,1,19.294247
-0.2222222222222222,1,19.29764
-0.2,1,19.301797
-0.2,1,19.305418
-0.125,1,19.309656
-0.3333333333333333,1,19.313569
-0.7777777777777778,1,19.317515
-0.3333333333333333,1,19.321623
-0.125,1,19.325284
-0.3,1,19.328712
-0.125,1,19.333303
-0.3,1,19.337555
-0.2,1,19.341618
-0.2,1,19.345203
-0.5,1,19.349388
-0.4,1,19.35363
-0.2,1,19.358783
-0.3333333333333333,1,19.362417
-0.2,1,19.366789
-0.3333333333333333,1,19.370877
-0.5,1,19.374565
-0.6666666666666666,1,19.379417
-0.7777777777777778,1,19.383384
-0.6666666666666666,1,19.387363
-0.75,1,19.391425
-0.3333333333333333,1,19.395821
-0.7777777777777778,1,19.399634
-0.3333333333333333,1,19.404023
-0.2,1,19.407936
-0.4,1,19.412603
-0.5,1,19.416922
0.0,1,19.420819
-1.0,1,19.424204
-1.0,1,19.428732
-1.0,1,19.432492
-1.0,1,19.436628
-1.0,1,19.440504
-0.5555555555555556,1,19.445763
-0.3333333333333333,1,19.449588
-0.5,1,19.454073
-0.6666666666666666,1,19.464848
-0.5,1,19.471115
-0.6666666666666666,1,19.475611
-0.25,1,19.4803
-0.16666666666666666,1,19.485514
-0.3333333333333333,1,19.489731
-0.3333333333333333,1,19.493984
-0.3333333333333333,1,19.499059
-0.3333333333333333,1,19.50341
-0.5,1,19.507765
-0.3333333333333333,1,19.512796
-0.5,1,19.517522
-0.3333333333333333,1,19.52221
0.0,1,19.526761
-1.0,1,19.531712
-1.0,1,19.536028
-0.6666666666666666,1,19.540098
-0.25,1,19.544005
-0.3333333333333333,1,19.548115
-0.25,1,19.552284
-0.3333333333333333,1,19.555852
-0.3333333333333333,1,19.559414
-0.3333333333333333,1,19.563025
-0.5,1,19.567091
0.0,1,19.571382
-1.0,1,19.57633
-1.0,1,19.581571
-0.6666666666666666,1,19.585522
-0.3333333333333333,1,19.589419
-0.3333333333333333,1,19.593235
-0.25,1,19.59745
-0.2,1,19.601984
0.0,1,19.606048
-1.0,1,19.610111
-1.0,1,19.615225
-1.0,1,19.629286
-1.0,1,19.660671
-0.3333333333333333,1,19.68242
-0.3333333333333333,1,19.695861
-0.3333333333333333,1,19.702794
-0.5,1,19.712723
-0.4,1,19.718324
-0.2,1,19.723902
-0.16666666666666666,1,19.729636
-0.25,1,19.738341
-0.3,1,19.743137
-0.125,1,19.751749
-0.2,1,19.755855
-0.16666666666666666,1,19.760762
-0.1,1,19.765386
-0.16666666666666666,1,19.770188
-0.3,1,19.774356
-0.2,1,19.778596
-0.2,1,19.783083
-0.2,1,19.78714
-0.2,1,19.791054
-0.2,1,19.795058
-0.3333333333333333,1,19.799627
0.0,1,19.803645
-1.0,1,19.807795
-1.0,1,19.812038
-1.0,1,19.817261
-1.0,1,19.82138
-1.0,1,19.825354
-1.0,1,19.829961
-1.0,1,19.834035
-1.0,1,19.837769
-0.6666666666666666,1,19.841851
-0.3333333333333333,1,19.845563
-0.3333333333333333,1,19.861872
-0.25,1,19.876788
-0.3333333333333333,1,19.886309
-0.25,1,19.890629
-0.3333333333333333,1,19.901722
-0.25,1,19.906904
-0.3333333333333333,1,19.922307
-0.25,1,19.926605
-0.3333333333333333,1,19.931053
-0.3333333333333333,1,19.935034
0.0,1,19.939347
-1.0,1,19.946376
-1.0,1,19.952526
-1.0,1,19.968141
-0.5,1,19.972839
-1.0,1,19.982152
-1.0,1,19.990987
-1.0,1,19.995972
-1.0,1,20.002152
-1.0,1,20.008412
-1.0,1,20.016232
-0.6666666666666666,1,20.022278
-0.3333333333333333,1,20.0301
-0.3333333333333333,1,20.036578
-0.5,1,20.040501
-0.3333333333333333,1,20.046308
-0.3333333333333333,1,20.05273
-1.0,1,20.056512
-0.5555555555555556,1,20.060642
-0.3333333333333333,1,20.066167
-0.5555555555555556,1,20.070354
-0.3333333333333333,1,20.074043
-0.25,1,20.078543
-0.2,1,20.083088
-0.125,1,20.086923
-0.3333333333333333,1,20.090688
-0.3333333333333333,1,20.095188
-0.16666666666666666,1,20.099502
-0.25,1,20.103161
-0.3,1,20.106831
-0.125,1,20.111182
-0.3,1,20.115878
-0.06666666666666667,1,20.120001
-0.16666666666666666,1,20.124252
-0.25,1,20.128467
-0.3,1,20.132939
-0.125,1,20.137112
-0.3333333333333333,1,20.141428
-0.2,1,20.145719
-0.3333333333333333,1,20.150106
-0.7777777777777778,1,20.15407
-0.6666666666666666,1,20.158598
-0.75,1,20.163337
-0.3333333333333333,1,20.167757
-0.125,1,20.172587
-0.2,1,20.176768
-0.125,1,20.181117
-0.3,1,20.184997
-0.2,1,20.190854
-0.3333333333333333,1,20.206895
-0.2,1,20.21735
-0.3333333333333333,1,20.222232
-0.3333333333333333,1,20.226949
0.0,1,20.231976
-1.0,1,20.236145
-1.0,1,20.240135
-1.0,1,20.243973
-0.3333333333333333,1,20.249
-0.3333333333333333,1,20.253947
0.0,1,20.258333
-1.0,1,20.263278
-1.0,1,20.267556
-0.6666666666666666,1,20.271538
-0.3333333333333333,1,20.275518
0.0,1,20.279743
-1.0,1,20.284067
-1.0,1,20.28814
-1.0,1,20.29224
-1.0,1,20.296511
-1.0,1,20.300624
-1.0,1,20.304477
-0.3333333333333333,1,20.308358
-0.3333333333333333,1,20.312473
-0.16666666666666666,1,20.316712
-0.06666666666666667,1,20.321036
-0.4,1,20.325313
-0.5,1,20.329727
-0.3333333333333333,1,20.334196
-0.3333333333333333,1,20.33885
-1.0,1,20.344078
-0.75,1,20.348381
-0.6666666666666666,1,20.352429
-0.3333333333333333,1,20.355804
-0.6666666666666666,1,20.360679
-0.5,1,20.36779
-0.3333333333333333,1,20.373118
-0.25,1,20.380911
-0.2,1,20.384878
-0.2,1,20.388718
-0.4,1,20.396942
-0.2,1,20.407867
-0.2222222222222222,1,20.414763
-0.2,1,20.420493
-0.4,1,20.431743
-0.2,1,20.436964
-0.2,1,20.444136
-0.12,1,20.453822
-0.2,1,20.458117
-0.2,1,20.462226
-0.1,1,20.466589
-0.3333333333333333,1,20.47106
-0.4,1,20.475623
-0.5,1,20.4801
-0.4,1,20.484108
-0.2,1,20.487676
-0.2,1,20.491813
-0.2,1,20.49592
-0.3333333333333333,1,20.500298
0.0,1,20.50471
-1.0,1,20.509679
-1.0,1,20.513328
-1.0,1,20.517209
-0.25,1,20.520947
-0.2,1,20.524835
-0.5,1,20.52845
-0.4,1,20.532803
-0.5,1,20.537103
-1.0,1,20.541319
-1.0,1,20.547337
-1.0,1,20.55149
-0.5,1,20.555453
-0.2,1,20.559319
-0.3333333333333333,1,20.565157
-0.2,1,20.570501
-0.5,1,20.5782
-0.3333333333333333,1,20.584366
-0.25,1,20.592458
-0.2,1,20.597716
-0.16666666666666666,1,20.603528
-0.1,1,20.610914
-0.16666666666666666,1,20.615539
-0.06666666666666667,1,20.619197
-0.12,1,20.622643
-0.2,1,20.62718
-0.25,1,20.632081
-0.2,1,20.635909
-0.12,1,20.639282
-0.2,1,20.643068
-0.2,1,20.647711
-0.2,1,20.651221
-0.5,1,20.654438
-0.4,1,20.657587
-0.75,1,20.662765
-0.4,1,20.666817
-0.2,1,20.670346
-0.2222222222222222,1,20.674079
-0.16666666666666666,1,20.678839
-0.2,1,20.682817
-0.16666666666666666,1,20.686439
-0.2222222222222222,1,20.690426
-0.2,1,20.694492
0.0,1,20.698914
-1.0,1,20.703013
-0.5,1,20.706949
-0.6666666666666666,1,20.710685
-0.25,1,20.714921
-1.0,1,20.718613
-0.25,1,20.722865
-0.3333333333333333,1,20.727532
-0.3333333333333333,1,20.732176
-0.3333333333333333,1,20.736041
-0.3333333333333333,1,20.740091
-0.6666666666666666,1,20.743824
-0.5,1,20.748695
-1.0,1,20.752824
-1.0,1,20.756921
-1.0,1,20.760992
-1.0,1,20.765002
-1.0,1,20.777116
-0.5,1,20.784286
-0.2,1,20.788414
-0.5,1,20.793015
-0.4,1,20.797265
-0.16666666666666666,1,20.804522
-0.4,1,20.810409
-0.16666666666666666,1,20.815861
-0.2222222222222222,1,20.820162
-0.3333333333333333,1,20.83285
-0.1,1,20.840553
-0.3333333333333333,1,20.845417
-0.2,1,20.850117
-0.16666666666666666,1,20.854527
-0.2222222222222222,1,20.858909
-0.3333333333333333,1,20.863704
-0.3333333333333333,1,20.868297
-0.2,1,20.872394
-0.2,1,20.877029
-0.2,1,20.881598
-0.3333333333333333,1,20.885691
-0.25,1,20.889478
-0.3333333333333333,1,20.893941
-0.3333333333333333,1,20.898395
-0.16666666666666666,1,20.902708
-0.3333333333333333,1,20.907005
-0.3333333333333333,1,20.911884
-0.2,1,20.9167
0.0,1,20.920882
-1.0,1,20.92537
-1.0,1,20.929455
-1.0,1,20.933967
-0.5,1,20.938019
-0.3333333333333333,1,20.942096
-0.3333333333333333,1,20.946702
-0.3333333333333333,1,20.950972
-0.25,1,20.95504
-0.3333333333333333,1,20.959274
-0.5,1,20.963289
-0.4,1,20.967257
-0.06666666666666667,1,20.971016
-0.4,1,20.9747
-0.2,1,20.97885
-0.3333333333333333,1,20.982706
-0.3333333333333333,1,20.986711
-0.6666666666666666,1,20.990712
-0.3333333333333333,1,20.994673
-0.3333333333333333,1,20.999254
-0.2,1,21.003098
-0.2,1,21.007379
-0.2,1,21.01147
-0.2222222222222222,1,21.015701
-0.16666666666666666,1,21.019498
-0.2,1,21.023169
-0.2,1,21.027767
-0.2,1,21.032289
-0.2,1,21.036266
-0.2,1,21.04
-0.16666666666666666,1,21.044553
-0.06666666666666667,1,21.049155
-0.12,1,21.052765
-0.06666666666666667,1,21.056955
-0.16666666666666666,1,21.061307
-0.2,1,21.065597
-0.25,1,21.069641
-0.2,1,21.073437
-0.2,1,21.076978
-0.06666666666666667,1,21.081817
-0.2,1,21.086221
-0.2,1,21.090045
0.0,1,21.096691
-1.0,1,21.101607
-1.0,1,21.105152
-1.0,1,21.108929
-1.0,1,21.112965
-1.0,1,21.116765
-1.0,1,21.120488
-0.4,1,21.124625
-0.3333333333333333,1,21.128952
-0.2222222222222222,1,21.133243
-0.16666666666666666,1,21.137175
-0.2222222222222222,1,21.140965
-0.16666666666666666,1,21.144962
0.0,1,21.149992
-1.0,1,21.153874
-1.0,1,21.158832
-1.0,1,21.162826
-0.5,1,21.167083
-0.6666666666666666,1,21.171189
-1.0,1,21.175545
-0.3333333333333333,1,21.179234
-0.3333333333333333,1,21.183294
-1.0,1,21.188109
-1.0,1,21.192238
-1.0,1,21.196775
-0.25,1,21.201222
-0.3333333333333333,1,21.205013
-0.25,1,21.208786
-0.1,1,21.212657
-0.25,1,21.216347
-0.16666666666666666,1,21.219872
-0.25,1,21.223432
-0.16666666666666666,1,21.227438
-0.125,1,21.23162
-0.2,1,21.23557
-0.16666666666666666,1,21.238971
-0.1,1,21.243193
-0.125,1,21.247555
-0.16666666666666666,1,21.250923
-0.3333333333333333,1,21.254434
-0.16666666666666666,1,21.258833
-0.25,1,21.262592
-0.1,1,21.266437
-0.25,1,21.271229
-0.3333333333333333,1,21.275645
-0.3333333333333333,1,21.279724
-0.3333333333333333,1,21.283768
-0.3333333333333333,1,21.288961
-1.0,1,21.294486
-1.0,1,21.298361
-1.0,1,21.302512
-0.5,1,21.306745
-0.4,1,21.311107
-0.3333333333333333,1,21.314579
-0.2222222222222222,1,21.318529
-0.06666666666666667,1,21.322146
-0.4,1,21.327414
-0.06666666666666667,1,21.331633
-0.4,1,21.335697
-0.5,1,21.339584
-0.3333333333333333,1,21.343658
-0.3333333333333333,1,21.348047
-0.2,1,21.352415
0.0,1,21.356815
-1.0,1,21.360262
-1.0,1,21.364005
-0.6666666666666666,1,21.367757
-0.3333333333333333,1,21.384516
-0.16666666666666666,1,21.391674
-0.75,1,21.396656
-1.0,1,21.401476
-1.0,1,21.406632
-0.6666666666666666,1,21.41139
-0.3333333333333333,1,21.415931
-0.6666666666666666,1,21.420349
-0.5,1,21.424618
-0.6666666666666666,1,21.428708
-0.5,1,21.433281
-1.0,1,21.437606
-0.5,1,21.442233
-0.4,1,21.446515
-0.75,1,21.450576
-1.0,1,21.45487
-0.5,1,21.459459
-0.3333333333333333,1,21.464785
-0.25,1,21.469288
-0.2,1,21.473769
-0.16666666666666666,1,21.478701
-0.1,1,21.483016
-0.12,1,21.48742
-0.06666666666666667,1,21.491554
-0.2,1,21.49549
-0.06666666666666667,1,21.499321
-0.16666666666666666,1,21.503929
-0.06666666666666667,1,21.508012
-0.2,1,21.511822
-0.06666666666666667,1,21.515506
-0.16666666666666666,1,21.519743
-0.06666666666666667,1,21.524637
-0.16666666666666666,1,21.528987
-0.1,1,21.533934
-0.2,1,21.538367
-0.1,1,21.542567
-0.25,1,21.546396
-0.3333333333333333,1,21.549996
-0.125,1,21.553989
-0.3,1,21.557555
-0.16666666666666666,1,21.561069
-0.3,1,21.564901
-0.12,1,21.568491
-0.06666666666666667,1,21.572604
-0.12,1,21.576312
-0.2,1,21.580122
0.0,1,21.583913
-1.0,1,21.588194
-1.0,1,21.592188
-0.6666666666666666,1,21.595879
-0.3333333333333333,1,21.599311
-0.3333333333333333,1,21.605067
-0.125,1,21.609359
-0.16666666666666666,1,21.613177
-0.06666666666666667,1,21.617003
-0.3,1,21.621374
-0.12,1,21.625561
-0.2,1,21.629954
-0.16666666666666666,1,21.634333
-0.2222222222222222,1,21.638372
-0.3333333333333333,1,21.644824
0.0,1,21.651211
-1.0,1,21.655646
-1.0,1,21.659803
-1.0,1,21.663985
-1.0,1,21.667819
-1.0,1,21.671839
-1.0,1,21.675836
-1.0,1,21.679533
-1.0,1,21.683322
-1.0,1,21.687012
-1.0,1,21.69041
-1.0,1,21.693751
-1.0,1,21.697586
-1.0,1,21.701993
-1.0,1,21.706151
-1.0,1,21.710805
-1.0,1,21.714901
-1.0,1,21.718857
-0.16666666666666666,1,21.722414
-0.4,1,21.727013
-0.16666666666666666,1,21.73082
-1.0,1,21.73576
-1.0,1,21.73966
-1.0,1,21.743352
-1.0,1,21.747193
-1.0,1,21.751219
-0.5,1,21.75492
-0.4,1,21.759597
-0.3333333333333333,1,21.763767
-0.1,1,21.767264
-0.25,1,21.772189
-0.16666666666666666,1,21.778181
-0.75,1,21.784508
-1.0,1,21.788236
-1.0,1,21.79635
-0.4,1,21.811464
-0.06666666666666667,1,21.816079
-0.3333333333333333,1,21.819832
-0.3333333333333333,1,21.823552
-0.2,1,21.826998
-1.0,1,21.830642
-0.4,1,21.842136
-0.06666666666666667,1,21.86142
-0.2222222222222222,1,21.868485
-0.2,1,21.878706
-0.2222222222222222,1,21.889171
-0.2,1,21.900059
-0.4,1,21.903865
-0.5,1,21.907811
-0.3333333333333333,1,21.912547
-0.5,1,21.917514
-1.0,1,21.921745
-0.5,1,21.926419
-0.6666666666666666,1,21.931081
-0.3333333333333333,1,21.935498
-0.16666666666666666,1,21.939595
-0.75,1,21.94364
-0.3333333333333333,1,21.948581
-0.25,1,21.953071
-0.1,1,21.957397
-0.25,1,21.961649
-0.3,1,21.965938
-0.125,1,21.969801
-0.2,1,21.973354
-0.25,1,21.977485
-0.2,1,21.981893
-0.25,1,21.986053
-0.16666666666666666,1,21.995094
-0.5555555555555556,1,22.00308
-0.3333333333333333,1,22.007513
-0.25,1,22.011382
-0.2,1,22.016996
-0.25,1,22.021054
-0.3333333333333333,1,22.025345
0.0,1,22.029766
-1.0,1,22.034367
-0.5,1,22.038235
-0.6666666666666666,1,22.042703
-0.5,1,22.04799
-0.6666666666666666,1,22.05222
-0.3333333333333333,1,22.056135
-0.6666666666666666,1,22.061277
-1.0,1,22.066233
-0.6666666666666666,1,22.0704
-0.3333333333333333,1,22.074733
-0.3333333333333333,1,22.079622
-0.25,1,22.084
-0.3,1,22.088353
-0.25,1,22.09292
-0.16666666666666666,1,22.097765
-0.3333333333333333,1,22.102201
-0.3333333333333333,1,22.106351
-0.25,1,22.110558
-0.3333333333333333,1,22.114764
-0.5,1,22.118897
-0.3333333333333333,1,22.123404
-0.3333333333333333,1,22.127729
-0.16666666666666666,1,22.131866
-0.25,1,22.135611
-0.3333333333333333,1,22.139522
-0.5,1,22.145518
-0.3333333333333333,1,22.149434
-0.25,1,22.15305
-0.3333333333333333,1,22.156661
-0.5,1,22.160181
-0.3333333333333333,1,22.164548
-0.5555555555555556,1,22.168759
-0.16666666666666666,1,22.172928
-0.3333333333333333,1,22.177822
-0.3333333333333333,1,22.182664
-0.2,1,22.186667
-0.2,1,22.190707
-0.2,1,22.195034
-0.2,1,22.200119
-0.25,1,22.204189
-0.2,1,22.208365
-0.25,1,22.213228
-0.1,1,22.217509
-0.125,1,22.222145
-0.2,1,22.22617
-0.25,1,22.230992
-0.3333333333333333,1,22.235545
-0.06666666666666667,1,22.239554
-0.16666666666666666,1,22.243614
-0.25,1,22.248097
-0.3333333333333333,1,22.252469
0.0,1,22.256329
-1.0,1,22.260885
-1.0,1,22.264967
-0.6666666666666666,1,22.268852
-0.7777777777777778,1,22.273197
-0.3333333333333333,1,22.277
-0.2,1,22.2818
-0.1,1,22.285692
-0.16666666666666666,1,22.289474
-0.1,1,22.293728
-0.2,1,22.298431
-0.1,1,22.30233
-0.25,1,22.305994
-0.16666666666666666,1,22.309679
-0.3333333333333333,1,22.315082
-0.6666666666666666,1,22.319354
-0.3333333333333333,1,22.322768
-0.3333333333333333,1,22.327001
-0.5,1,22.33105
-1.0,1,22.334517
-1.0,1,22.337957
-0.6666666666666666,1,22.342013
-1.0,1,22.347001
-0.6666666666666666,1,22.350502
-0.5,1,22.354172
-0.6666666666666666,1,22.358008
-0.3333333333333333,1,22.361696
-0.6666666666666666,1,22.365232
-1.0,1,22.368464
-0.6666666666666666,1,22.372034
-0.75,1,22.376165
-0.16666666666666666,1,22.380779
-0.5555555555555556,1,22.384465
-0.6666666666666666,1,22.388397
-0.5,1,22.392928
-0.6666666666666666,1,22.397218
-0.5,1,22.400942
-0.16666666666666666,1,22.405052
-0.3333333333333333,1,22.409067
-0.6666666666666666,1,22.413723
-0.7777777777777778,1,22.417242
-0.6666666666666666,1,22.420603
-0.3333333333333333,1,22.424523
-0.6666666666666666,1,22.428404
-0.25,1,22.432405
-0.3333333333333333,1,22.43612
-0.3333333333333333,1,22.439531
-0.6666666666666666,1,22.443931
-0.25,1,22.447649
-0.4,1,22.451464
-0.06666666666666667,1,22.455123
-0.16666666666666666,1,22.458787
-0.5,1,22.462962
-0.16666666666666666,1,22.467015
-0.25,1,22.470667
-0.2,1,22.474148
-0.25,1,22.477872
-0.3333333333333333,1,22.481997
-0.3333333333333333,1,22.486855
-0.6666666666666666,1,22.491839
-0.3333333333333333,1,22.496611
-0.6666666666666666,1,22.500415
-0.3333333333333333,1,22.503642
-0.3333333333333333,1,22.507291
-0.3333333333333333,1,22.511026
-0.3333333333333333,1,22.514914
-0.2,1,22.518393
-0.4,1,22.521686
-0.16666666666666666,1,22.52533
-0.2222222222222222,1,22.543124
-0.16666666666666666,1,22.549804
-0.2222222222222222,1,22.553739
-0.2,1,22.558151
-0.3333333333333333,1,22.563001
-0.5,1,22.567448
-0.2,1,22.571408
-0.25,1,22.575734
-0.2,1,22.580827
-1.0,1,22.584955
-0.4,1,22.588905
-0.2,1,22.593117
-0.2222222222222222,1,22.598071
-0.2,1,22.602828
-0.2,1,22.607192
-0.12,1,22.611347
-0.2,1,22.615619
-0.16666666666666666,1,22.619342
-0.2,1,22.623609
-0.25,1,22.628054
-0.3333333333333333,1,22.632436
-0.5555555555555556,1,22.636505
-0.16666666666666666,1,22.640601
-0.25,1,22.644568
-0.3333333333333333,1,22.649021
-0.25,1,22.653783
-0.2,1,22.657786
-0.25,1,22.664454
-0.1,1,22.670072
-0.3333333333333333,1,22.673983
-0.1,1,22.679689
-0.3333333333333333,1,22.684532
-0.3333333333333333,1,22.690619
-0.25,1,22.694367
-0.1,1,22.698076
-0.16666666666666666,1,22.701723
-0.1,1,22.705356
-0.25,1,22.70947
-0.3333333333333333,1,22.713866
-0.25,1,22.717639
-0.16666666666666666,1,22.72168
-0.5555555555555556,1,22.726156
-0.3333333333333333,1,22.731098
-0.3333333333333333,1,22.735052
-0.3333333333333333,1,22.738401
-0.3333333333333333,1,22.74321
-1.0,1,22.748016
-1.0,1,22.751953
-0.6666666666666666,1,22.755728
-0.5,1,22.759251
-0.6666666666666666,1,22.764265
-0.7777777777777778,1,22.768262
-0.6666666666666666,1,22.771855
-0.5,1,22.777608
-1.0,1,22.781699
-0.3333333333333333,1,22.78521
-0.3333333333333333,1,22.788592
-0.25,1,22.792573
-0.16666666666666666,1,22.797283
-0.25,1,22.80077
-0.16666666666666666,1,22.804046
-0.75,1,22.807509
-0.16666666666666666,1,22.821242
-0.06666666666666667,1,22.826725
-0.16666666666666666,1,22.831341
-0.2,1,22.835297
-0.3333333333333333,1,22.839239
-0.06666666666666667,1,22.844012
-0.16666666666666666,1,22.849712
-0.25,1,22.854929
-0.2,1,22.859002
-0.25,1,22.862696
-0.2,1,22.86649
0.0,1,22.870151
-1.0,1,22.873724
-1.0,1,22.877484
-0.6666666666666666,1,22.881079
-0.5,1,22.885151
-0.6666666666666666,1,22.888727
-1.0,1,22.892696
-0.6666666666666666,1,22.896985
-0.5555555555555556,1,22.901096
-0.16666666666666666,1,22.904669
-0.5555555555555556,1,22.908901
-0.16666666666666666,1,22.913643
-0.5555555555555556,1,22.920081
-0.3333333333333333,1,22.926342
-0.5,1,22.932299
0.0,1,22.949167
-1.0,1,22.954273
-1.0,1,22.960941
-1.0,1,22.966347
-1.0,1,22.970468
-1.0,1,22.974352
-0.5,1,22.979052
-0.3333333333333333,1,22.98315
-0.5555555555555556,1,22.987081
-0.3333333333333333,1,22.991014
-0.3333333333333333,1,22.997052
-0.3333333333333333,1,23.001687
-0.25,1,23.006074
-0.3333333333333333,1,23.011539
-0.5,1,23.016537
-0.3333333333333333,1,23.021031
-0.5,1,23.025636
-0.3333333333333333,1,23.03084
-0.5,1,23.035651
-0.2,1,23.03996
-0.2,1,23.044529
-0.2,1,23.048348
-0.125,1,23.052564
-0.2,1,23.056312
-0.12,1,23.060585
-0.3,1,23.064885
-0.125,1,23.068627
-0.3,1,23.072268
-0.2,1,23.076513
-0.3333333333333333,1,23.080674
-0.3333333333333333,1,23.084686
-0.3333333333333333,1,23.088988
-0.2,1,23.09315
-0.2222222222222222,1,23.098476
-0.16666666666666666,1,23.102281
-0.2222222222222222,1,23.10555
-0.16666666666666666,1,23.109608
-0.4,1,23.113737
-1.0,1,23.11723
-0.4,1,23.120763
-0.25,1,23.134923
-0.3333333333333333,1,23.143576
-0.25,1,23.15464
-0.2,1,23.159418
-0.5,1,23.164341
-0.16666666666666666,1,23.168685
-0.5,1,23.173179
-0.16666666666666666,1,23.177606
-0.25,1,23.182775
-0.3333333333333333,1,23.187468
-0.3333333333333333,1,23.192055
-0.2222222222222222,1,23.197406
-0.16666666666666666,1,23.202367
-0.2222222222222222,1,23.206827
-0.16666666666666666,1,23.21205
-0.06666666666666667,1,23.217462
-0.16666666666666666,1,23.221738
-0.06666666666666667,1,23.226888
-0.16666666666666666,1,23.231262
-0.2,1,23.235508
-0.16666666666666666,1,23.23963
0.0,1,23.24442
-1.0,1,23.248723
-1.0,1,23.252862
-0.6666666666666666,1,23.256692
-0.3333333333333333,1,23.272048
-0.3333333333333333,1,23.278302
-0.3333333333333333,1,23.282512
-0.3333333333333333,1,23.286201
-0.3333333333333333,1,23.292976
0.0,1,23.297432
-1.0,1,23.301267
-1.0,1,23.305349
-0.6666666666666666,1,23.31024
-0.5,1,23.314948
-0.16666666666666666,1,23.320349
-0.06666666666666667,1,23.324556
-0.4,1,23.328701
-0.5,1,23.333638
-0.3333333333333333,1,23.340228
0.0,1,23.344413
-1.0,1,23.349034
-1.0,1,23.353115
-1.0,1,23.357237
-0.5,1,23.361431
-1.0,1,23.365796
-0.75,1,23.369357
-0.3333333333333333,1,23.372709
-0.125,1,23.376748
-0.16666666666666666,1,23.381283
-0.75,1,23.385424
-1.0,1,23.389051
-1.0,1,23.393657
-1.0,1,23.397575
-1.0,1,23.401182
-0.4,1,23.404803
-0.16666666666666666,1,23.410141
-0.2222222222222222,1,23.414758
-0.3333333333333333,1,23.419246
0.0,1,23.423585
-1.0,1,23.42827
-1.0,1,23.434433
-1.0,1,23.43866
-0.75,1,23.444311
-0.16666666666666666,1,23.449244
-0.25,1,23.453071
-0.2,1,23.457241
-0.2,1,23.467366
-0.3333333333333333,1,23.474326
-0.2,1,23.479843
-0.3333333333333333,1,23.48439
-0.2,1,23.488704
-0.2,1,23.493886
-0.16666666666666666,1,23.498203
-0.2222222222222222,1,23.502028
-0.16666666666666666,1,23.506099
-0.1,1,23.511063
-0.25,1,23.515879
-0.1,1,23.520256
-0.12,1,23.524948
-0.06666666666666667,1,23.529897
-0.2,1,23.534805
0.0,1,23.539789
-1.0,1,23.544552
-0.5,1,23.549708
-0.3333333333333333,1,23.554263
-0.5,1,23.558946
-0.6666666666666666,1,23.563959
-0.5555555555555556,1,23.568571
-0.3333333333333333,1,23.573259
-0.2,1,23.577359
-0.16666666666666666,1,23.581768
-0.125,1,23.589796
-0.16666666666666666,1,23.598353
-0.75,1,23.604224
-0.3333333333333333,1,23.609174
-0.2,1,23.613623
-0.4,1,23.623021
-1.0,1,23.627554
-0.4,1,23.63234
-0.75,1,23.636236
-0.3333333333333333,1,23.640162
-0.3333333333333333,1,23.645149
-1.0,1,23.649147
-1.0,1,23.652591
-0.6666666666666666,1,23.656123
-0.5,1,23.660094
-0.16666666666666666,1,23.691661
-0.3333333333333333,1,23.697915
-0.3333333333333333,1,23.70389
-0.75,1,23.712653
-0.16666666666666666,1,23.717652
-0.25,1,23.72251
-0.1,1,23.727391
-0.12,1,23.732655
-0.2,1,23.737189
-0.12,1,23.741743
-0.06666666666666667,1,23.745967
-0.16666666666666666,1,23.750211
-0.3,1,23.754156
-0.12,1,23.757821
-0.2,1,23.761812
-0.25,1,23.76567
-0.2,1,23.770048
-0.3333333333333333,1,23.774061
-0.2,1,23.778405
-0.2,1,23.782649
-0.2,1,23.787004
-0.2,1,23.802657
-0.06666666666666667,1,23.810768
-0.16666666666666666,1,23.817776
-0.2222222222222222,1,23.822536
-0.16666666666666666,1,23.828094
-0.2222222222222222,1,23.833417
-0.16666666666666666,1,23.8383
-0.3,1,23.842816
-0.16666666666666666,1,23.847205
-0.06666666666666667,1,23.851863
-0.16666666666666666,1,23.855917
-0.06666666666666667,1,23.859928
-0.12,1,23.864437
-0.06666666666666667,1,23.868723
-0.16666666666666666,1,23.872946
0.0,1,23.87685
-1.0,1,23.881021
-0.5,1,23.885134
-0.6666666666666666,1,23.888904
-0.5555555555555556,1,23.89289
-0.16666666666666666,1,23.896515
-0.5555555555555556,1,23.900623
-0.16666666666666666,1,23.9085
-0.5555555555555556,1,23.913813
-1.0,1,23.920362
-0.5555555555555556,1,23.934436
-1.0,1,23.9456
-0.5,1,23.954318
-0.2,1,23.962206
-0.16666666666666666,1,23.967275
-0.2,1,23.97246
-0.16666666666666666,1,23.97654
-0.4,1,23.980401
-0.5,1,23.984408
-0.2,1,23.990147
-1.0,1,23.997709
-1.0,1,24.008393
-0.5,1,24.015049
-0.16666666666666666,1,24.020663
-0.25,1,24.030233
-0.3,1,24.035989
-0.12,1,24.04223
-0.06666666666666667,1,24.04691
-0.12,1,24.051298
-0.3,1,24.056659
-0.25,1,24.060999
-0.3333333333333333,1,24.065826
-0.25,1,24.070077
-0.3,1,24.073824
-0.06666666666666667,1,24.077999
-0.3333333333333333,1,24.081924
-0.3333333333333333,1,24.085785
-0.6666666666666666,1,24.089723
-0.5,1,24.093666
-0.3333333333333333,1,24.09792
-0.3333333333333333,1,24.10212
-0.2,1,24.105677
-0.16666666666666666,1,24.110309
-0.2222222222222222,1,24.114477
-0.2,1,24.118852
-0.3,1,24.123344
-0.06666666666666667,1,24.127656
-0.3333333333333333,1,24.132274
-0.25,1,24.137133
-0.2,1,24.141621
-0.2,1,24.145492
-0.3333333333333333,1,24.149531
-0.25,1,24.15367
-0.3333333333333333,1,24.158013
-0.25,1,24.162054
-0.3,1,24.16612
-0.06666666666666667,1,24.170137
-0.3,1,24.173815
-0.25,1,24.177505
-0.16666666666666666,1,24.18123
-0.3333333333333333,1,24.185499
-0.6666666666666666,1,24.189974
-0.5,1,24.19359
-0.3333333333333333,1,24.197356
-0.25,1,24.201861
-0.3333333333333333,1,24.206297
-0.25,1,24.211739
-0.3333333333333333,1,24.215963
0.0,1,24.220023
-1.0,1,24.22386
-1.0,1,24.227386
-1.0,1,24.232867
-0.75,1,24.239493
-0.6666666666666666,1,24.244151
-0.3333333333333333,1,24.249153
-0.3333333333333333,1,24.253628
-0.25,1,24.259819
-0.3333333333333333,1,24.265046
-0.5555555555555556,1,24.269608
-0.16666666666666666,1,24.273299
-0.3333333333333333,1,24.277804
-0.2222222222222222,1,24.282308
-0.06666666666666667,1,24.286728
-0.4,1,24.290825
-0.2,1,24.295376
-0.3333333333333333,1,24.299293
-0.5,1,24.30295
-0.4,1,24.306488
-0.06666666666666667,1,24.310969
-0.4,1,24.314891
-0.5,1,24.318468
-0.3333333333333333,1,24.321936
-0.3333333333333333,1,24.326819
-0.3333333333333333,1,24.331111
-0.5555555555555556,1,24.335365
-0.16666666666666666,1,24.339516
-0.06666666666666667,1,24.343589
-0.16666666666666666,1,24.34706
-0.25,1,24.350576
-0.3333333333333333,1,24.354164
-0.5,1,24.35788
-0.3333333333333333,1,24.362113
-0.125,1,24.366119
-0.3,1,24.369882
-0.125,1,24.373859
-0.2,1,24.377192
-0.25,1,24.381356
-0.1,1,24.385142
-0.3333333333333333,1,24.389312
-0.2,1,24.393109
-0.16666666666666666,1,24.397387
-0.2,1,24.401345
0.0,1,24.40521
-1.0,1,24.413746
-1.0,1,24.421314
-1.0,1,24.425332
-1.0,1,24.430097
-1.0,1,24.434583
-0.3333333333333333,1,24.439621
-0.3333333333333333,1,24.444524
-0.25,1,24.449384
-0.3,1,24.453943
-0.12,1,24.458444
-0.06666666666666667,1,24.463176
-0.12,1,24.466953
-0.06666666666666667,1,24.470903
-0.16666666666666666,1,24.476133
-0.2,1,24.481127
-0.16666666666666666,1,24.485317
-0.2222222222222222,1,24.48948
-0.3333333333333333,1,24.494056
-0.2,1,24.498529
-0.3333333333333333,1,24.502723
-0.2,1,24.507409
-0.2,1,24.512238
-0.06666666666666667,1,24.515787
-0.2,1,24.519035
-0.06666666666666667,1,24.522498
-0.16666666666666666,1,24.525944
-0.2222222222222222,1,24.530203
-0.16666666666666666,1,24.533854
-0.2,1,24.537314
-0.25,1,24.54182
-0.3333333333333333,1,24.546257
-0.06666666666666667,1,24.550018
-0.16666666666666666,1,24.55367
-0.5,1,24.558272
-0.3333333333333333,1,24.562243
-0.125,1,24.566187
-0.3333333333333333,1,24.569981
-0.2,1,24.57559
-0.2,1,24.580037
-0.5,1,24.584081
-0.6666666666666666,1,24.587748
-0.5,1,24.591475
-0.2,1,24.595981
-0.5,1,24.599651
-0.3333333333333333,1,24.603408
-0.3333333333333333,1,24.60786
-0.3333333333333333,1,24.612132
-0.3333333333333333,1,24.61555
-0.16666666666666666,1,24.619795
-0.125,1,24.624521
-0.16666666666666666,1,24.62931
-0.2,1,24.633069
-0.2,1,24.636672
-0.12,1,24.641413
-0.3,1,24.645429
-0.125,1,24.649329
-0.3,1,24.65305
-0.16666666666666666,1,24.656948
-0.1,1,24.66077
-0.3333333333333333,1,24.665107
-0.3333333333333333,1,24.668998
-0.2,1,24.672829
-0.3333333333333333,1,24.67682
-0.3333333333333333,1,24.680893
-0.1,1,24.684615
-0.2,1,24.688285
-0.2,1,24.692417
-0.3333333333333333,1,24.697291
-0.4,1,24.701456
-0.06666666666666667,1,24.705038
-0.16666666666666666,1,24.709056
-0.06666666666666667,1,24.713729
-0.3,1,24.717481
-0.16666666666666666,1,24.721554
-0.2222222222222222,1,24.727457
-0.16666666666666666,1,24.731652
-0.2222222222222222,1,24.735115
-0.3333333333333333,1,24.738771
-0.3333333333333333,1,24.743864
-0.5,1,24.749814
-0.6666666666666666,1,24.754163
-0.5,1,24.758533
-0.3333333333333333,1,24.766382
-0.2,1,24.770353
-0.3,1,24.77455
-0.125,1,24.7789
-0.16666666666666666,1,24.782717
-0.125,1,24.78835
-0.3,1,24.793492
-0.06666666666666667,1,24.797915
-0.4,1,24.802994
-0.06666666666666667,1,24.809247
-0.2,1,24.813952
-0.25,1,24.818227
-0.2,1,24.823109
-0.2,1,24.829817
-0.3333333333333333,1,24.833933
-0.3333333333333333,1,24.837587
-0.3333333333333333,1,24.841724
-0.3333333333333333,1,24.845727
-0.6666666666666666,1,24.849625
-0.25,1,24.85283
-0.2,1,24.859205
-1.0,1,24.869226
-0.4,1,24.873639
-0.5,1,24.879479
-0.4,1,24.882899
-0.2,1,24.886517
0.0,1,24.89115
-1.0,1,24.896118
-1.0,1,24.900289
-1.0,1,24.903868
-1.0,1,24.907922
-0.6666666666666666,1,24.912977
-0.5,1,24.916853
0.0,1,24.920447
-1.0,1,24.925978
-1.0,1,24.93052
-0.6666666666666666,1,24.934327
-0.5,1,24.93809
-0.16666666666666666,1,24.944131
-0.06666666666666667,1,24.948092
-0.16666666666666666,1,24.951769
-0.75,1,24.955312
-0.3333333333333333,1,24.959563
-0.25,1,24.963743
-0.3333333333333333,1,24.967269
-0.3333333333333333,1,24.970925
-0.4,1,24.98086
-0.5,1,24.988932
-0.3333333333333333,1,24.993059
-0.5555555555555556,1,24.997609
-0.6666666666666666,1,25.002041
-0.3333333333333333,1,25.006297
-0.3333333333333333,1,25.01113
-0.5555555555555556,1,25.01631
-0.16666666666666666,1,25.020925
-0.06666666666666667,1,25.025648
-0.3,1,25.03008
-0.12,1,25.034223
-0.2,1,25.038169
-0.06666666666666667,1,25.042579
-0.3333333333333333,1,25.046848
-0.5555555555555556,1,25.050621
-0.16666666666666666,1,25.054393
-0.06666666666666667,1,25.059025
-0.2222222222222222,1,25.063589
-0.3333333333333333,1,25.067788
-0.2,1,25.072173
-0.25,1,25.079272
-0.3333333333333333,1,25.084349
-0.3333333333333333,1,25.092533
-0.2222222222222222,1,25.097744
-0.16666666666666666,1,25.113382
0.0,1,25.118623
-1.0,1,25.124771
-1.0,1,25.129249
-0.6666666666666666,1,25.136417
-1.0,1,25.146499
-0.6666666666666666,1,25.150215
-0.7777777777777778,1,25.153831
-0.6666666666666666,1,25.157781
-0.5,1,25.163443
-0.3333333333333333,1,25.167286
-0.5,1,25.170759
-0.3333333333333333,1,25.174758
-0.5,1,25.179562
-1.0,1,25.182857
-1.0,1,25.185925
-0.6666666666666666,1,25.18947
-0.3333333333333333,1,25.199818
0.0,1,25.205073
-1.0,1,25.209147
-1.0,1,25.213616
-1.0,1,25.217711
-1.0,1,25.221743
-1.0,1,25.226147
-0.5,1,25.233479
-0.6666666666666666,1,25.237779
-0.5,1,25.241766
-0.4,1,25.246329
-0.25,1,25.250155
-0.6666666666666666,1,25.254014
-0.75,1,25.258208
-0.16666666666666666,1,25.262715
-0.06666666666666667,1,25.267205
-0.2222222222222222,1,25.271419
-0.16666666666666666,1,25.27611
-0.06666666666666667,1,25.281003
-0.16666666666666666,1,25.286028
-0.06666666666666667,1,25.290518
-0.16666666666666666,1,25.295284
-0.2222222222222222,1,25.299612
-0.2,1,25.303534
-0.2,1,25.307164
-0.25,1,25.312177
-0.16666666666666666,1,25.316658
-0.25,1,25.320415
-0.3333333333333333,1,25.324674
-0.7777777777777778,1,25.329298
-0.3333333333333333,1,25.333823
-0.25,1,25.337893
-0.1,1,25.34238
-0.12,1,25.347035
-0.2,1,25.351158
-0.16666666666666666,1,25.354908
-0.2,1,25.358853
-0.12,1,25.363393
-0.2,1,25.367101
-0.25,1,25.370701
-0.3333333333333333,1,25.374663
-0.3333333333333333,1,25.378676
-0.3333333333333333,1,25.382871
-0.5,1,25.386707
-0.16666666666666666,1,25.390956
-0.3333333333333333,1,25.395374
-0.2222222222222222,1,25.398801
-0.16666666666666666,1,25.402344
-0.2,1,25.405981
-0.16666666666666666,1,25.41005
-0.06666666666666667,1,25.414318
-0.16666666666666666,1,25.41851
-0.06666666666666667,1,25.422419
-0.2,1,25.426667
-0.06666666666666667,1,25.430831
-0.16666666666666666,1,25.434595
-0.06666666666666667,1,25.442664
-0.12,1,25.447704
-0.06666666666666667,1,25.452177
-0.16666666666666666,1,25.456567
-0.06666666666666667,1,25.460639
-0.16666666666666666,1,25.46458
-0.3,1,25.468187
-0.12,1,25.471658
-0.06666666666666667,1,25.475947
-0.16666666666666666,1,25.480569
0.0,1,25.484776
-1.0,1,25.488174
-1.0,1,25.4919
-0.3333333333333333,1,25.496537
-0.5,1,25.500307
-1.0,1,25.503643
-1.0,1,25.508111
-1.0,1,25.512043
-0.75,1,25.515681
-0.16666666666666666,1,25.519307
-0.125,1,25.522865
-0.16666666666666666,1,25.526661
-0.2,1,25.53121
-0.2,1,25.534675
-0.12,1,25.537963
-0.3,1,25.5414
-0.2,1,25.545672
-0.3,1,25.549177
-0.12,1,25.553005
-0.2,1,25.556495
-0.25,1,25.566642
-0.3333333333333333,1,25.574185
-0.25,1,25.58097
-0.1,1,25.585242
-0.25,1,25.589531
-0.2,1,25.594035
-0.2,1,25.598406
-0.06666666666666667,1,25.602511
-0.16666666666666666,1,25.606971
-0.3,1,25.611169
-0.25,1,25.615734
-0.3333333333333333,1,25.619926
-0.3333333333333333,1,25.624244
-0.3333333333333333,1,25.629024
-0.25,1,25.633647
-0.3333333333333333,1,25.638267
-0.5,1,25.643343
-1.0,1,25.648062
-1.0,1,25.652579
-0.3333333333333333,1,25.657426
-0.25,1,25.662794
-0.4,1,25.666966
-1.0,1,25.671178
-0.4,1,25.675845
-0.5,1,25.680125
-0.3333333333333333,1,25.683666
0.0,1,25.687853
-1.0,1,25.693731
-1.0,1,25.698171
-0.6666666666666666,1,25.702075
-1.0,1,25.705819
-1.0,1,25.70937
-1.0,1,25.713262
-1.0,1,25.716924
-1.0,1,25.720353
-1.0,1,25.724679
-0.16666666666666666,1,25.728554
-0.4,1,25.732838
-0.06666666666666667,1,25.736042
-0.3,1,25.739471
-0.12,1,25.743297
-0.2,1,25.747188
-0.16666666666666666,1,25.751381
-0.2222222222222222,1,25.755393
-0.16666666666666666,1,25.758736
-0.2222222222222222,1,25.762604
-0.16666666666666666,1,25.76657
-0.2,1,25.769955
-0.06666666666666667,1,25.774189
-0.3,1,25.777936
-0.16666666666666666,1,25.781735
-0.06666666666666667,1,25.7852
-0.12,1,25.788685
-0.06666666666666667,1,25.792807
-0.16666666666666666,1,25.796997
-0.06666666666666667,1,25.801123
-0.16666666666666666,1,25.805843
-0.2,1,25.81081
-0.2,1,25.817342
-0.3333333333333333,1,25.821874
-0.25,1,25.828416
-0.3333333333333333,1,25.832499
-0.25,1,25.836292
-0.2,1,25.840501
-0.16666666666666666,1,25.8448
-0.2,1,25.849168
-0.25,1,25.852984
-0.2,1,25.857149
-0.2,1,25.860723
-0.2,1,25.864252
-0.3333333333333333,1,25.867649
-0.2,1,25.871418
-0.25,1,25.876604
-0.3333333333333333,1,25.890857
-0.5,1,25.895442
-0.3333333333333333,1,25.899101
-0.06666666666666667,1,25.903159
-0.2222222222222222,1,25.907401
-0.16666666666666666,1,25.912274
-0.4,1,25.916094
-0.2,1,25.919512
-0.2,1,25.923876
0.0,1,25.928072
-1.0,1,25.931988
-1.0,1,25.935762
-1.0,1,25.940703
-1.0,1,25.945188
-1.0,1,25.949103
-0.5,1,25.952741
-0.3333333333333333,1,25.958402
-0.3333333333333333,1,25.963234
-0.6666666666666666,1,25.967338
-1.0,1,25.971138
-0.6666666666666666,1,25.974867
-1.0,1,25.97927
-0.6666666666666666,1,25.983277
-0.3333333333333333,1,25.987232
-0.16666666666666666,1,25.990921
-0.25,1,25.995823
-0.3333333333333333,1,25.999765
-0.3333333333333333,1,26.003419
-0.3333333333333333,1,26.008523
-0.3333333333333333,1,26.012802
-0.3333333333333333,1,26.016224
-0.2,1,26.019612
0.0,1,26.024886
-1.0,1,26.029423
-1.0,1,26.033564
-0.6666666666666666,1,26.037274
-1.0,1,26.040966
-0.6666666666666666,1,26.045651
-0.75,1,26.049744
-0.3333333333333333,1,26.053833
-0.2,1,26.058123
-0.4,1,26.062013
-0.5,1,26.067139
-0.3333333333333333,1,26.070671
-0.3333333333333333,1,26.074733
-0.3333333333333333,1,26.078384
-0.2,1,26.082159
0.0,1,26.085668
-1.0,1,26.089453
-1.0,1,26.093118
-1.0,1,26.096713
-1.0,1,26.100188
-1.0,1,26.10874
-1.0,1,26.112521
-1.0,1,26.116208
-0.16666666666666666,1,26.129887
-0.2222222222222222,1,26.136044
-0.16666666666666666,1,26.151154
-0.3,1,26.157334
-0.2,1,26.161593
-0.1,1,26.166044
-0.12,1,26.170846
-0.06666666666666667,1,26.174831
-0.16666666666666666,1,26.179074
-0.2222222222222222,1,26.183467
-0.3333333333333333,1,26.187076
-0.1,1,26.191203
-0.16666666666666666,1,26.195057
-0.2222222222222222,1,26.19946
-0.06666666666666667,1,26.203691
-0.2,1,26.207672
-0.06666666666666667,1,26.212049
-0.3333333333333333,1,26.216909
-0.06666666666666667,1,26.220818
-0.3333333333333333,1,26.224971
-0.3333333333333333,1,26.229157
-0.3333333333333333,1,26.233552
-0.5,1,26.237713
-0.4,1,26.242435
-0.2,1,26.246197
-0.2,1,26.250506
-0.2,1,26.254306
-0.2,1,26.25849
-0.2,1,26.262683
-0.3333333333333333,1,26.266863
-0.25,1,26.270514
-0.3333333333333333,1,26.274179
-0.25,1,26.278063
-0.2,1,26.281524
-0.2,1,26.285344
-0.3333333333333333,1,26.289348
-0.75,1,26.293216
-0.4,1,26.297706
-0.16666666666666666,1,26.302384
-0.2222222222222222,1,26.306165
-0.2,1,26.310198
-0.16666666666666666,1,26.31423
-0.125,1,26.31837
-0.3,1,26.322453
-0.12,1,26.32586
-0.2,1,26.329515
-0.16666666666666666,1,26.333586
-0.2,1,26.337889
-0.2,1,26.341843
-0.3333333333333333,1,26.345679
-0.125,1,26.349965
-0.3333333333333333,1,26.353663
-0.125,1,26.35785
-0.2,1,26.361621
-0.2,1,26.365497
-0.06666666666666667,1,26.369394
-0.16666666666666666,1,26.373498
-0.06666666666666667,1,26.377005
-0.16666666666666666,1,26.38047
-0.06666666666666667,1,26.38467
-0.16666666666666666,1,26.388239
-0.06666666666666667,1,26.391983
-0.2,1,26.395383
-0.06666666666666667,1,26.39992
-0.16666666666666666,1,26.40438
-0.1,1,26.408433
-0.2,1,26.412064
-0.3,1,26.417144
-0.12,1,26.421154
-0.2,1,26.425953
-0.12,1,26.430146
-0.2,1,26.434451
0.0,1,26.438382
-1.0,1,26.442212
-1.0,1,26.446544
-1.0,1,26.450974
-1.0,1,26.454978
-1.0,1,26.458704
-0.3333333333333333,1,26.462592
-0.16666666666666666,1,26.46673
-0.25,1,26.470289
-0.3,1,26.474001
-0.16666666666666666,1,26.477743
-0.06666666666666667,1,26.481549
-0.16666666666666666,1,26.485475
-0.06666666666666667,1,26.489044
-0.12,1,26.492494
-0.06666666666666667,1,26.496465
-0.2,1,26.501423
-0.06666666666666667,1,26.505437
-0.2,1,26.509465
0.0,1,26.513631
-1.0,1,26.518214
-1.0,1,26.522281
-0.6666666666666666,1,26.525943
-0.25,1,26.529466
-0.2,1,26.534086
-0.5,1,26.539517
-0.3333333333333333,1,26.544665
-0.2,1,26.550658
-0.3333333333333333,1,26.557904
-0.25,1,26.575239
-0.3333333333333333,1,26.57978
-0.25,1,26.584168
-0.3333333333333333,1,26.588184
-0.25,1,26.592382
-0.2,1,26.596616
-0.125,1,26.600711
-0.3333333333333333,1,26.604842
-0.2,1,26.608642
-0.4,1,26.61258
-0.5,1,26.630165
0.0,1,26.635718
-1.0,1,26.641138
-1.0,1,26.645199
-0.6666666666666666,1,26.649381
-0.3333333333333333,1,26.65307
-0.3333333333333333,1,26.656596
-0.3333333333333333,1,26.663344
-0.3333333333333333,1,26.66814
-0.2,1,26.673816
-0.2,1,26.684513
-0.25,1,26.700342
-0.3333333333333333,1,26.719723
-0.3333333333333333,1,26.731369
-0.3333333333333333,1,26.748511
-0.3333333333333333,1,26.754164
-0.3333333333333333,1,26.758815
-0.2,1,26.772292
-0.4,1,26.777072
-0.06666666666666667,1,26.781407
-0.4,1,26.785973
-0.16666666666666666,1,26.791487
-0.2222222222222222,1,26.796756
-0.2,1,26.801203
-0.2222222222222222,1,26.805953
-0.2,1,26.810492
-0.3333333333333333,1,26.814873
-0.25,1,26.818905
-0.2,1,26.82292
-0.25,1,26.827541
0.0,1,26.831711
-1.0,1,26.8363
-0.5,1,26.840943
-0.6666666666666666,1,26.846043
-0.25,1,26.850273
-0.2,1,26.854388
-0.2,1,26.858441
-0.2222222222222222,1,26.863512
-0.3333333333333333,1,26.867587
-0.2,1,26.871275
-0.12,1,26.875784
-0.06666666666666667,1,26.880478
-0.16666666666666666,1,26.884036
-0.2,1,26.887303
-0.12,1,26.896164
-0.06666666666666667,1,26.912498
-0.16666666666666666,1,26.917852
-0.06666666666666667,1,26.922895
-0.16666666666666666,1,26.927737
-0.06666666666666667,1,26.931345
-0.12,1,26.93457
-0.3,1,26.937875
-0.2,1,26.941923
-0.3333333333333333,1,26.945943
-0.25,1,26.949685
-0.1,1,26.953
-0.25,1,26.956666
-0.3333333333333333,1,26.960239
-0.5,1,26.964297
-1.0,1,26.968643
-0.25,1,26.972515
-0.16666666666666666,1,26.977787
-0.2,1,26.990673
-0.4,1,27.023069
-0.16666666666666666,1,27.047023
0.0,1,27.05462
-1.0,1,27.06613
-1.0,1,27.072367
-0.3333333333333333,1,27.078697
-1.0,1,27.084092
-0.6666666666666666,1,27.088759
-0.5,1,27.093472
-0.3333333333333333,1,27.100037
-0.125,1,27.10451
-0.2,1,27.109233
-0.12,1,27.114826
-0.06666666666666667,1,27.119438
-0.2,1,27.124782
-0.2,1,27.130765
-0.2,1,27.135588
-0.3333333333333333,1,27.142139
-0.2,1,27.147728
-0.3,1,27.157529
-0.25,1,27.167461
-0.3,1,27.182059
-0.16666666666666666,1,27.187651
-0.2,1,27.194205
-0.2,1,27.199766
-0.3333333333333333,1,27.204554
-0.25,1,27.21063
-0.16666666666666666,1,27.215585
-0.75,1,27.220312
-1.0,1,27.227981
-0.5,1,27.237425
-0.3333333333333333,1,27.249297
-0.25,1,27.25775
-0.1,1,27.266311
-0.16666666666666666,1,27.275278
-0.2,1,27.282676
-0.2,1,27.290128
-0.3333333333333333,1,27.297336
-0.3333333333333333,1,27.302101
-0.1,1,27.307046
-0.25,1,27.312052
-0.1,1,27.316557
-0.2,1,27.320881
-0.2222222222222222,1,27.326051
-0.2,1,27.330912
-0.3333333333333333,1,27.335336
-0.3333333333333333,1,27.340092
-0.3333333333333333,1,27.345052
0.0,1,27.349521
-1.0,1,27.353762
-1.0,1,27.358219
-1.0,1,27.362574
-1.0,1,27.366833
-1.0,1,27.370995
-0.5,1,27.375023
-0.3333333333333333,1,27.379713
-0.3333333333333333,1,27.384
-0.16666666666666666,1,27.387604
-0.125,1,27.391211
-0.16666666666666666,1,27.395648
-0.3333333333333333,1,27.399491
0.0,1,27.403038
-1.0,1,27.406793
-1.0,1,27.413718
-1.0,1,27.417248
-1.0,1,27.421799
-0.6666666666666666,1,27.432419
-0.25,1,27.438895
-0.6666666666666666,1,27.443207
-0.75,1,27.447378
-0.3333333333333333,1,27.45158
-0.125,1,27.458117
-0.3333333333333333,1,27.464983
-0.75,1,27.469728
-1.0,1,27.474775
-0.75,1,27.478751
-0.4,1,27.482496
-0.75,1,27.485985
-0.4,1,27.490276
-0.16666666666666666,1,27.494286
-0.4,1,27.497713
-0.16666666666666666,1,27.500941
-1.0,1,27.511088
-1.0,1,27.518482
-0.2,1,27.522454
-1.0,1,27.526796
-1.0,1,27.531523
-0.5,1,27.535567
-0.16666666666666666,1,27.539685
-0.25,1,27.544299
-0.3333333333333333,1,27.548576
-0.25,1,27.552664
-0.3333333333333333,1,27.557027
-0.3333333333333333,1,27.561864
-0.6666666666666666,1,27.566586
-0.3333333333333333,1,27.570913
-0.3333333333333333,1,27.575665
-0.3333333333333333,1,27.580006
-0.3333333333333333,1,27.584356
-0.3333333333333333,1,27.588157
-0.3333333333333333,1,27.592593
-0.25,1,27.597335
-0.3333333333333333,1,27.601818
-0.5,1,27.60578
-0.6666666666666666,1,27.610198
-1.0,1,27.614811
-0.6666666666666666,1,27.618963
-0.7777777777777778,1,27.624063
-0.3333333333333333,1,27.640003
-0.3333333333333333,1,27.655688
-0.3333333333333333,1,27.662252
-0.125,1,27.670755
-0.1,1,27.677769
-0.3333333333333333,1,27.68525
-0.1,1,27.691545
-0.2,1,27.696346
-0.06666666666666667,1,27.701064
-0.12,1,27.708475
-0.06666666666666667,1,27.713055
-0.2,1,27.717805
-0.06666666666666667,1,27.725105
-0.2,1,27.729671
0.0,1,27.733881
-1.0,1,27.737979
-1.0,1,27.74224
-1.0,1,27.746574
-1.0,1,27.750382
-1.0,1,27.754155
-1.0,1,27.75838
-1.0,1,27.763355
-1.0,1,27.767473
-1.0,1,27.772095
-0.75,1,27.776096
-0.16666666666666666,1,27.780833
-0.5555555555555556,1,27.785658
-0.16666666666666666,1,27.791399
-0.06666666666666667,1,27.79585
-0.3,1,27.799145
-0.06666666666666667,1,27.802867
-0.3333333333333333,1,27.806988
-0.2,1,27.811666
-0.2,1,27.815238
-0.12,1,27.819165
-0.06666666666666667,1,27.824003
-0.12,1,27.828228
-0.3,1,27.832074
-0.12,1,27.835552
-0.06666666666666667,1,27.839381
-0.12,1,27.843729
-0.06666666666666667,1,27.847949
-0.12,1,27.852085
-0.06666666666666667,1,27.856028
-0.16666666666666666,1,27.859579
-0.06666666666666667,1,27.86401
-0.2,1,27.867953
-0.1,1,27.8719
-0.25,1,27.877933
-0.3333333333333333,1,27.885527
-0.2,1,27.891813
-0.2,1,27.897243
-0.5,1,27.903063
-0.4,1,27.908909
-0.5,1,27.915561
-0.4,1,27.920552
-0.5,1,27.925596
-0.3333333333333333,1,27.930127
-0.25,1,27.934074
-0.16666666666666666,1,27.937934
-0.06666666666666667,1,27.942887
-0.4,1,27.947036
-0.3333333333333333,1,27.952537
-0.3333333333333333,1,27.956822
-0.25,1,27.961212
-0.3,1,27.965723
-0.16666666666666666,1,27.96991
-0.2,1,27.974326
-0.2,1,27.978233
-0.2,1,27.982392
-0.125,1,27.986906
-0.3333333333333333,1,27.990538
-0.2,1,27.994301
-0.1,1,27.998288
-0.2,1,28.001406
-0.2,1,28.005513
-0.12,1,28.009057
-0.3,1,28.012795
-0.125,1,28.016394
-0.3,1,28.019964
-0.16666666666666666,1,28.02371
-0.1,1,28.028319
-0.25,1,28.033217
-0.3333333333333333,1,28.038094
-0.2,1,28.042608
-0.2,1,28.047557
-0.25,1,28.051555
-0.2,1,28.056113
-0.12,1,28.059857
-0.06666666666666667,1,28.063491
-0.12,1,28.067155
-0.2,1,28.07139
-0.12,1,28.077261
-0.1,1,28.08097
-0.2,1,28.084233
-0.2222222222222222,1,28.088638
-0.2,1,28.092983
-0.2222222222222222,1,28.096575
-0.16666666666666666,1,28.099872
-0.2222222222222222,1,28.103517
-0.16666666666666666,1,28.106989
-0.2222222222222222,1,28.111005
-0.16666666666666666,1,28.121052
-0.4,1,28.127299
-0.2,1,28.133406
-0.4,1,28.137081
-0.2,1,28.141587
-0.2,1,28.146525
-0.25,1,28.15028
-0.16666666666666666,1,28.154453
-0.06666666666666667,1,28.158667
-0.3,1,28.163025
-0.125,1,28.167249
-0.3333333333333333,1,28.17111
-0.2,1,28.175144
-0.1,1,28.179614
-0.2,1,28.183396
-0.3333333333333333,1,28.187711
-0.2,1,28.19169
-0.1,1,28.196636
-0.3333333333333333,1,28.200557
-0.2222222222222222,1,28.204901
-0.06666666666666667,1,28.209411
-0.4,1,28.213729
-0.2,1,28.217635
-0.1,1,28.222015
-0.2,1,28.226252
-0.4,1,28.229896
-0.25,1,28.233424
-0.3333333333333333,1,28.236855
-0.5,1,28.24101
-0.6666666666666666,1,28.245333
-0.5,1,28.24875
-0.3333333333333333,1,28.252074
-0.25,1,28.255368
-0.2,1,28.25989
-0.25,1,28.263462
-0.3333333333333333,1,28.266698
-0.25,1,28.270298
-0.3,1,28.273708
-0.12,1,28.278673
-0.06666666666666667,1,28.286326
-0.16666666666666666,1,28.290991
-0.2,1,28.295059
-0.16666666666666666,1,28.298638
-0.2,1,28.302974
-0.25,1,28.315825
-0.1,1,28.328633
-0.25,1,28.334192
-0.2,1,28.341543
-0.25,1,28.349405
-0.3333333333333333,1,28.355045
-0.25,1,28.360747
-0.3333333333333333,1,28.364911
-0.125,1,28.370938
-0.2,1,28.376124
-0.12,1,28.37995
-0.06666666666666667,1,28.38429
-0.12,1,28.388832
-0.06666666666666667,1,28.392475
-0.16666666666666666,1,28.395985
-0.06666666666666667,1,28.400044
-0.2,1,28.40419
-0.06666666666666667,1,28.410349
-0.2,1,28.416103
-0.1,1,28.41943
-0.25,1,28.423505
-0.3333333333333333,1,28.42746
-0.25,1,28.43119
-0.2,1,28.434552
-0.25,1,28.437915
-0.2,1,28.441215
-0.12,1,28.445605
-0.06666666666666667,1,28.449609
-0.16666666666666666,1,28.453287
-0.2222222222222222,1,28.457182
-0.3333333333333333,1,28.462124
-0.2,1,28.46601
-0.2,1,28.469745
-0.3333333333333333,1,28.473882
-0.25,1,28.477907
-0.16666666666666666,1,28.481604
-0.5555555555555556,1,28.485276
-0.3333333333333333,1,28.489051
-0.5555555555555556,1,28.492852
-0.16666666666666666,1,28.496753
-0.25,1,28.501571
-0.16666666666666666,1,28.505721
-0.75,1,28.509936
-0.6666666666666666,1,28.513782
-0.3333333333333333,1,28.517444
-0.6666666666666666,1,28.521123
-0.3333333333333333,1,28.527171
-0.3333333333333333,1,28.531192
-0.2,1,28.53545
-0.1,1,28.540014
-0.2,1,28.543878
-0.3,1,28.547523
-0.125,1,28.551727
-0.2,1,28.55779
-0.2,1,28.561989
-0.16666666666666666,1,28.56611
-0.25,1,28.570547
-0.3333333333333333,1,28.57472
-0.3333333333333333,1,28.578769
-0.2,1,28.583302
-0.2,1,28.5871
-0.3333333333333333,1,28.590725
-0.2,1,28.594123
-0.2222222222222222,1,28.59818
-0.16666666666666666,1,28.60282
-0.2,1,28.606982
0.0,1,28.611261
-1.0,1,28.615971
-1.0,1,28.620086
-0.3333333333333333,1,28.624018
-0.3333333333333333,1,28.627875
-0.6666666666666666,1,28.632562
-0.5,1,28.637296
-0.6666666666666666,1,28.64147
-0.5,1,28.646371
-1.0,1,28.651027
-0.5,1,28.654871
-0.3333333333333333,1,28.65843
-0.5,1,28.662671
-1.0,1,28.666888
-0.5,1,28.670805
-0.6666666666666666,1,28.674752
-1.0,1,28.679036
-1.0,1,28.683769
-1.0,1,28.696395
-0.6666666666666666,1,28.703582
-0.3333333333333333,1,28.70772
-0.3333333333333333,1,28.712241
-0.2,1,28.717536
-0.3333333333333333,1,28.721971
-0.2,1,28.726175
-0.3333333333333333,1,28.731077
-0.3333333333333333,1,28.735971
-0.3333333333333333,1,28.740237
-0.2,1,28.745234
-0.2,1,28.749871
-0.2,1,28.754671
-0.2,1,28.758898
-0.25,1,28.763132
-0.3333333333333333,1,28.767686
-0.5,1,28.772337
-0.3333333333333333,1,28.776535
-0.3333333333333333,1,28.780958
-0.2,1,28.78647
-0.12,1,28.790682
-0.2,1,28.794914
-0.25,1,28.799181
0.0,1,28.803375
-1.0,1,28.807652
-0.5,1,28.811982
-0.6666666666666666,1,28.816931
-0.7777777777777778,1,28.821075
-0.6666666666666666,1,28.825286
-0.3333333333333333,1,28.830071
-0.6666666666666666,1,28.834503
-0.3333333333333333,1,28.838555
-0.6666666666666666,1,28.842422
-0.25,1,28.846293
-0.3333333333333333,1,28.85119
-0.3333333333333333,1,28.8552
-0.2222222222222222,1,28.85977
-0.16666666666666666,1,28.863603
0.0,1,28.868061
-1.0,1,28.872057
-1.0,1,28.876353
-0.3333333333333333,1,28.880657
-0.25,1,28.884745
-0.3333333333333333,1,28.888723
-0.3333333333333333,1,28.895463
-0.4,1,28.899725
-0.3333333333333333,1,28.903749
-0.2,1,28.907423
-0.2,1,28.911316
-0.2,1,28.915774
-0.2,1,28.919881
-0.2,1,28.92468
-0.25,1,28.930195
-0.2,1,28.936769
-0.25,1,28.944832
-0.3,1,28.950588
-0.25,1,28.954934
-0.16666666666666666,1,28.960595
-0.5555555555555556,1,28.965758
-0.3333333333333333,1,28.970395
-0.2,1,28.974565
-0.16666666666666666,1,28.978514
-0.25,1,28.982988
-0.3333333333333333,1,28.987851
-0.3333333333333333,1,28.992233
-0.3333333333333333,1,28.996439
-0.3333333333333333,1,29.001125
-0.3333333333333333,1,29.00584
-0.25,1,29.010355
-0.6666666666666666,1,29.014513
-0.7777777777777778,1,29.019752
-0.3333333333333333,1,29.023761
-0.3333333333333333,1,29.027531
-0.6666666666666666,1,29.031792
-1.0,1,29.035647
-1.0,1,29.039345
-0.5,1,29.043027
-0.6666666666666666,1,29.047485
-0.5,1,29.052114
-0.3333333333333333,1,29.056302
-0.3333333333333333,1,29.060668
-0.3333333333333333,1,29.064959
-0.2,1,29.068811
-0.3333333333333333,1,29.072987
-0.25,1,29.077585
-0.2,1,29.081859
-0.2,1,29.085793
-0.1,1,29.089935
-0.3333333333333333,1,29.094463
-0.3333333333333333,1,29.09844
-0.25,1,29.101911
-0.2,1,29.105866
-0.3333333333333333,1,29.110733
-0.2,1,29.114083
-0.16666666666666666,1,29.117396
-0.06666666666666667,1,29.120852
-0.16666666666666666,1,29.125615
0.0,1,29.129932
-1.0,1,29.133604
-1.0,1,29.13736
-1.0,1,29.141871
-1.0,1,29.146122
-1.0,1,29.149914
-0.5555555555555556,1,29.153692
-0.16666666666666666,1,29.15778
-0.3333333333333333,1,29.162159
-0.3333333333333333,1,29.16636
-0.25,1,29.170676
-0.16666666666666666,1,29.174492
-0.25,1,29.178348
-0.1,1,29.181956
-0.2,1,29.185353
-0.2,1,29.190214
-0.12,1,29.194783
-0.06666666666666667,1,29.198498
-0.12,1,29.202649
-0.2,1,29.206567
-0.2,1,29.21127
-0.2,1,29.215749
-0.16666666666666666,1,29.2197
-0.06666666666666667,1,29.223703
-0.2,1,29.228467
-0.06666666666666667,1,29.232513
-0.16666666666666666,1,29.236501
-0.06666666666666667,1,29.240922
-0.2,1,29.245427
-0.2,1,29.249266
-0.25,1,29.25294
-0.2,1,29.267834
-0.25,1,29.277405
-0.2,1,29.282358
-0.12,1,29.286661
-0.2,1,29.291047
0.0,1,29.295333
-1.0,1,29.299345
-1.0,1,29.30368
-0.6666666666666666,1,29.307851
-0.5,1,29.312402
-0.3333333333333333,1,29.316814
-0.2,1,29.320976
-0.3333333333333333,1,29.32536
-0.2,1,29.329855
-0.3,1,29.333974
-0.25,1,29.338152
0.0,1,29.343055
-1.0,1,29.347388
-0.5,1,29.351405
-0.3333333333333333,1,29.35608
-0.3333333333333333,1,29.361302
-0.3333333333333333,1,29.364798
-0.25,1,29.368747
-0.3333333333333333,1,29.373142
-0.25,1,29.377355
-0.3333333333333333,1,29.381283
-0.3333333333333333,1,29.385055
-0.3333333333333333,1,29.389838
-0.3333333333333333,1,29.394515
-0.6666666666666666,1,29.412926
-0.75,1,29.41658
-1.0,1,29.420897
-0.5555555555555556,1,29.426587
-0.3333333333333333,1,29.431972
-0.2,1,29.435636
-0.2222222222222222,1,29.440605
-0.16666666666666666,1,29.445008
-0.2222222222222222,1,29.449001
-0.16666666666666666,1,29.452724
0.0,1,29.457226
-1.0,1,29.461219
-1.0,1,29.465875
-1.0,1,29.470603
-0.5,1,29.474764
-1.0,1,29.479429
-1.0,1,29.483582
-0.4,1,29.487714
-0.2,1,29.491656
-0.2222222222222222,1,29.496121
-0.2,1,29.49944
-0.4,1,29.503017
-0.16666666666666666,1,29.507648
-0.4,1,29.511584
-0.5,1,29.51513
-1.0,1,29.518565
-1.0,1,29.522539
-0.4,1,29.526999
-0.2,1,29.530905
-0.2,1,29.534752
-0.2,1,29.538771
-0.06666666666666667,1,29.542722
-0.16666666666666666,1,29.547075
-0.2,1,29.550993
-0.12,1,29.554956
-0.3,1,29.558965
-0.12,1,29.563224
-0.2,1,29.567278
-0.2,1,29.57125
-0.3333333333333333,1,29.575152
-0.75,1,29.57985
-1.0,1,29.583684
-0.5555555555555556,1,29.587596
-1.0,1,29.591779
-1.0,1,29.595783
-0.3333333333333333,1,29.599427
-1.0,1,29.603574
-1.0,1,29.610695
-0.5555555555555556,1,29.617842
-1.0,1,29.622178
-0.3333333333333333,1,29.625834
-0.3333333333333333,1,29.629672
-1.0,1,29.633458
-0.3333333333333333,1,29.637049
-0.5,1,29.641268
-0.3333333333333333,1,29.64475
-0.25,1,29.648326
-0.2,1,29.651809
-0.12,1,29.655456
-0.1,1,29.660226
-0.3333333333333333,1,29.664093
-0.2,1,29.668291
-0.3333333333333333,1,29.67169
-0.3333333333333333,1,29.67615
-0.5,1,29.67961
-1.0,1,29.683375
-0.3333333333333333,1,29.686899
-0.3333333333333333,1,29.691029
-0.2,1,29.69473
-0.3333333333333333,1,29.698385
-0.3333333333333333,1,29.702358
-0.6666666666666666,1,29.706228
-0.3333333333333333,1,29.710346
-0.3333333333333333,1,29.714138
-0.25,1,29.717982
-0.3,1,29.721832
-0.12,1,29.72608
-0.06666666666666667,1,29.730785
-0.16666666666666666,1,29.734102
-0.3,1,29.737503
-0.12,1,29.741898
-0.2,1,29.746634
-0.12,1,29.750523
-0.06666666666666667,1,29.753938
-0.2,1,29.757366
-0.2,1,29.761982
-0.16666666666666666,1,29.765795
-0.1,1,29.769269
-0.12,1,29.773469
-0.06666666666666667,1,29.778178
-0.12,1,29.782712
-0.2,1,29.786713
-0.25,1,29.790439
-0.2,1,29.794805
-0.2,1,29.798862
-0.1,1,29.802294
-0.16666666666666666,1,29.806244
-0.06666666666666667,1,29.810741
-0.16666666666666666,1,29.814482
-0.06666666666666667,1,29.826148
-0.2,1,29.836582
-0.06666666666666667,1,29.843011
-0.16666666666666666,1,29.848091
-0.06666666666666667,1,29.85197
-0.2,1,29.856509
-0.06666666666666667,1,29.861445
-0.2,1,29.865947
-0.06666666666666667,1,29.870158
-0.12,1,29.874289
-0.2,1,29.878712
-0.12,1,29.882905
-0.06666666666666667,1,29.886964
-0.16666666666666666,1,29.89111
-0.06666666666666667,1,29.89569
-0.2,1,29.899691
-0.2,1,29.904171
-0.25,1,29.908515
-0.3333333333333333,1,29.912961
-0.3333333333333333,1,29.917467
-0.3333333333333333,1,29.921977
-0.2,1,29.926875
-0.1,1,29.931099
-0.25,1,29.934641
-0.3333333333333333,1,29.939451
-0.2,1,29.946855
-0.3333333333333333,1,29.95237
-0.75,1,29.956937
-0.4,1,29.961834
-0.2,1,29.966588
-0.2222222222222222,1,29.972014
-0.06666666666666667,1,29.976793
-0.4,1,29.980623
-0.2,1,29.984924
-0.3333333333333333,1,29.990025
-0.5,1,29.994767
-0.3333333333333333,1,29.998657
-0.5,1,30.002858
-0.3333333333333333,1,30.006763
-0.3333333333333333,1,30.013548
-0.6666666666666666,1,30.017365
-0.5,1,30.021204
-1.0,1,30.025188
-1.0,1,30.029148
-1.0,1,30.03311
-0.5,1,30.036556
-1.0,1,30.040674
-0.5,1,30.044957
-0.3333333333333333,1,30.048939
-0.3333333333333333,1,30.05309
-0.3333333333333333,1,30.057017
-0.25,1,30.06088
-0.1,1,30.064454
-0.25,1,30.067796
-0.2,1,30.072026
-0.12,1,30.076907
-0.2,1,30.081221
0.0,1,30.08529
-1.0,1,30.089186
-1.0,1,30.093447
-1.0,1,30.097332
-0.5,1,30.101344
0.0,1,30.106279
-1.0,1,30.111129
-1.0,1,30.11453
-1.0,1,30.118349
-0.5,1,30.122459
-0.3333333333333333,1,30.126532
-0.5,1,30.130735
-1.0,1,30.134205
-1.0,1,30.137971
-0.6666666666666666,1,30.142093
-0.3333333333333333,1,30.145825
-0.3333333333333333,1,30.149458
-0.3333333333333333,1,30.15312
-0.3333333333333333,1,30.156479
-0.3333333333333333,1,30.160758
-0.2222222222222222,1,30.164594
-0.16666666666666666,1,30.168295
-0.2222222222222222,1,30.172861
-0.16666666666666666,1,30.177286
-0.2,1,30.18105
-0.25,1,30.184376
-0.16666666666666666,1,30.187882
-0.2,1,30.193892
-0.16666666666666666,1,30.198351
-0.25,1,30.202574
-0.3333333333333333,1,30.206896
0.0,1,30.211849
-1.0,1,30.21567
-1.0,1,30.218771
-0.6666666666666666,1,30.223046
-1.0,1,30.227638
-1.0,1,30.231467
-1.0,1,30.234944
-0.6666666666666666,1,30.23893
-0.3333333333333333,1,30.243347
-0.6666666666666666,1,30.247661
-0.7777777777777778,1,30.251735
-0.6666666666666666,1,30.256162
-1.0,1,30.260743
-0.6666666666666666,1,30.265208
-1.0,1,30.269191
-1.0,1,30.277038
-0.75,1,30.281037
-1.0,1,30.284914
-1.0,1,30.289582
-0.4,1,30.29379
-0.75,1,30.298047
-1.0,1,30.30248
-0.25,1,30.310219
-0.3333333333333333,1,30.31378
-0.3333333333333333,1,30.317119
-0.3333333333333333,1,30.321758
-1.0,1,30.325904
-1.0,1,30.329631
-1.0,1,30.333452
-1.0,1,30.337271
-1.0,1,30.342046
-1.0,1,30.346034
-1.0,1,30.349813
-1.0,1,30.358811
-1.0,1,30.363482
-0.6666666666666666,1,30.372855
-0.3333333333333333,1,30.377731
-0.16666666666666666,1,30.382059
-0.75,1,30.397556
-0.3333333333333333,1,30.407191
-0.25,1,30.423199
0.0,1,30.431839
-1.0,1,30.445268
-1.0,1,30.449243
-1.0,1,30.453092
-1.0,1,30.458588
-0.6666666666666666,1,30.46326
-1.0,1,30.467197
-0.6666666666666666,1,30.471687
-0.3333333333333333,1,30.476812
-0.3333333333333333,1,30.481267
-0.5,1,30.485348
0.0,1,30.489761
-1.0,1,30.494111
-1.0,1,30.49811
-1.0,1,30.50212
-1.0,1,30.507376
-1.0,1,30.511768
-1.0,1,30.515685
-0.6666666666666666,1,30.519727
-0.5,1,30.524456
-1.0,1,30.528761
-0.5,1,30.53281
-0.4,1,30.536631
-0.75,1,30.540886
-1.0,1,30.545889
-0.5,1,30.550542
-0.2,1,30.554795
-0.3333333333333333,1,30.559593
-0.2222222222222222,1,30.564132
-0.2,1,30.56876
-0.3333333333333333,1,30.573241
-0.3333333333333333,1,30.577828
-0.3333333333333333,1,30.582033
-0.25,1,30.585609
-0.2,1,30.590131
-0.3333333333333333,1,30.595336
-0.1,1,30.599705
-0.16666666666666666,1,30.604139
-0.2222222222222222,1,30.610017
-0.16666666666666666,1,30.614742
-0.4,1,30.619033
-0.2,1,30.62355
-0.2,1,30.629086
-0.12,1,30.672658
-0.06666666666666667,1,30.690407
-0.16666666666666666,1,30.697015
-0.2,1,30.705768
-0.12,1,30.721637
-0.2,1,30.727618
-0.16666666666666666,1,30.731636
-0.06666666666666667,1,30.735928
-0.2,1,30.740064
-0.1,1,30.744243
-0.25,1,30.748363
-0.1,1,30.752778
-0.2,1,30.760204
-0.2,1,30.784081
-0.12,1,30.791663
-0.1,1,30.796971
-0.12,1,30.801579
-0.2,1,30.809219
-0.2,1,30.817381
-0.2,1,30.823244
-0.25,1,30.828469
-0.2,1,30.833603
-0.25,1,30.837879
-0.3333333333333333,1,30.842268
-0.25,1,30.846276
-0.2,1,30.850019
-0.2,1,30.85372
-0.3333333333333333,1,30.85731
-0.5,1,30.866633
-0.16666666666666666,1,30.876017
-0.25,1,30.88947
-0.2,1,30.893652
-0.25,1,30.897612
-0.2,1,30.902149
-0.25,1,30.906629
-0.2,1,30.911946
-0.25,1,30.916373
-0.2,1,30.920434
-0.25,1,30.924753
-0.3333333333333333,1,30.928492
-0.06666666666666667,1,30.932946
-0.4,1,30.938477
-1.0,1,30.943511
-0.2,1,30.948958
-1.0,1,30.955203
-0.2,1,30.959192
-0.25,1,30.965408
-0.3333333333333333,1,30.969623
-0.25,1,30.975966
-0.3333333333333333,1,30.980058
-0.25,1,30.984486
-0.3333333333333333,1,30.98884
-0.3333333333333333,1,30.993048
-0.6666666666666666,1,30.997188
-0.5,1,31.002794
-0.3333333333333333,1,31.010851
-0.3333333333333333,1,31.016174
-0.3333333333333333,1,31.022991
-0.25,1,31.028626
-0.1,1,31.03321
-0.25,1,31.038411
0.0,1,31.043762
-1.0,1,31.051331
-1.0,1,31.063011
-0.6666666666666666,1,31.069223
-1.0,1,31.073638
-1.0,1,31.077883
-0.5,1,31.092084
0.0,1,31.096401
-1.0,1,31.100666
-1.0,1,31.105119
-0.6666666666666666,1,31.108994
-1.0,1,31.11427
-0.6666666666666666,1,31.118615
-0.5,1,31.122589
-0.2,1,31.12682
-0.16666666666666666,1,31.131318
0.0,1,31.135402
-1.0,1,31.141446
-1.0,1,31.145892
-1.0,1,31.150704
-0.75,1,31.155635
-0.4,1,31.159828
-0.25,1,31.16365
-0.3333333333333333,1,31.177191
-1.0,1,31.182029
-1.0,1,31.18828
-0.5,1,31.194092
-0.2,1,31.19826
-1.0,1,31.202731
-0.4,1,31.206754
-0.2,1,31.210766
0.0,1,31.215436
-1.0,1,31.219446
-1.0,1,31.223252
-0.6666666666666666,1,31.227475
-0.3333333333333333,1,31.231891
-0.16666666666666666,1,31.235815
-0.125,1,31.24029
-0.3333333333333333,1,31.244506
-0.125,1,31.249295
-0.2,1,31.253522
-0.2,1,31.257732
-0.06666666666666667,1,31.261829
-0.16666666666666666,1,31.266121
-0.06666666666666667,1,31.270216
-0.16666666666666666,1,31.274546
-0.06666666666666667,1,31.278896
-0.16666666666666666,1,31.283371
-0.06666666666666667,1,31.287075
-0.16666666666666666,1,31.291045
-0.06666666666666667,1,31.294651
-0.16666666666666666,1,31.298546
-0.2222222222222222,1,31.302737
-0.16666666666666666,1,31.307044
-1.0,1,31.311394
-1.0,1,31.317059
-1.0,1,31.321329
-1.0,1,31.325527
0.0,1,31.32893
-1.0,1,31.332898
-1.0,1,31.336627
-0.6666666666666666,1,31.340438
-0.3333333333333333,1,31.344066
-0.3333333333333333,1,31.348219
-0.25,1,31.352124
-0.1,1,31.356501
-0.2,1,31.360987
-0.4,1,31.365345
-0.16666666666666666,1,31.369284
-0.4,1,31.37369
-0.06666666666666667,1,31.37792
-0.2,1,31.382729
-0.2,1,31.386629
-0.4,1,31.390586
-0.2,1,31.394483
-0.2,1,31.398782
-0.2,1,31.403289
-0.2,1,31.40716
-0.2,1,31.411194
-0.2,1,31.415504
-0.12,1,31.419928
-0.2,1,31.426128
-0.16666666666666666,1,31.43062
-0.2,1,31.434207
0.0,1,31.438174
-1.0,1,31.441972
-1.0,1,31.44662
-1.0,1,31.45063
-1.0,1,31.454607
-1.0,1,31.4595
-0.5,1,31.46348
-0.3333333333333333,1,31.467308
-0.5,1,31.471214
-0.3333333333333333,1,31.475672
0.0,1,31.479684
-1.0,1,31.483464
-1.0,1,31.487157
-0.6666666666666666,1,31.49085
-0.3333333333333333,1,31.494846
-0.6666666666666666,1,31.498664
-1.0,1,31.502633
-0.6666666666666666,1,31.506339
-1.0,1,31.51055
-0.6666666666666666,1,31.514921
-0.3333333333333333,1,31.518682
-1.0,1,31.523005
-0.75,1,31.527188
-0.4,1,31.531471
-0.2,1,31.535704
0.0,1,31.539192
-1.0,1,31.543149
-1.0,1,31.547463
-1.0,1,31.551357
-1.0,1,31.557589
-1.0,1,31.571985
-0.5,1,31.577601
-0.6666666666666666,1,31.582029
-0.5555555555555556,1,31.591052
-0.6666666666666666,1,31.595858
-0.5,1,31.600111
-0.16666666666666666,1,31.604616
-0.125,1,31.609116
-0.3,1,31.613422
-0.25,1,31.61779
-0.2,1,31.622856
-0.25,1,31.627653
-0.3,1,31.63238
-0.12,1,31.636823
-0.2,1,31.641268
-0.2,1,31.646115
-0.2,1,31.650406
-0.2,1,31.654845
-0.3333333333333333,1,31.65972
-0.25,1,31.664182
-0.3333333333333333,1,31.668245
-0.25,1,31.672553
-0.3333333333333333,1,31.676492
-0.25,1,31.680297
-0.3333333333333333,1,31.684417
-0.3333333333333333,1,31.688512
0.0,1,31.692839
-1.0,1,31.696842
-0.5,1,31.700838
-0.3333333333333333,1,31.705589
-0.3333333333333333,1,31.710036
-0.3333333333333333,1,31.714297
-0.25,1,31.718217
-0.1,1,31.723181
-0.25,1,31.727473
-0.1,1,31.731432
-0.12,1,31.735192
-0.2,1,31.74921
-0.125,1,31.756536
-0.2,1,31.762702
-0.12,1,31.767284
-0.06666666666666667,1,31.772133
-0.16666666666666666,1,31.777252
-0.06666666666666667,1,31.782254
-0.12,1,31.787009
-0.06666666666666667,1,31.791756
-0.16666666666666666,1,31.796185
0.0,1,31.800321
-1.0,1,31.804819
-1.0,1,31.80982
-0.6666666666666666,1,31.813992
-0.7777777777777778,1,31.817949
-0.3333333333333333,1,31.822552
-0.2,1,31.827128
-0.3,1,31.831278
-0.12,1,31.835701
-0.06666666666666667,1,31.840494
-0.2,1,31.845262
0.0,1,31.849357
-1.0,1,31.853526
-1.0,1,31.857598
-0.6666666666666666,1,31.86195
-0.3333333333333333,1,31.865665
0.0,1,31.86932
-1.0,1,31.873545
-1.0,1,31.877805
-1.0,1,31.881847
-1.0,1,31.885868
-0.6666666666666666,1,31.890082
-0.3333333333333333,1,31.894422
-0.3333333333333333,1,31.898636
-0.25,1,31.902136
-1.0,1,31.906332
-0.25,1,31.910618
-0.3333333333333333,1,31.914637
-0.25,1,31.918703
-0.1,1,31.922744
-0.16666666666666666,1,31.927016
-0.2222222222222222,1,31.93139
-0.2,1,31.937413
-0.3333333333333333,1,31.942719
-0.25,1,31.946513
-0.2,1,31.949718
-0.2,1,31.953605
-0.2,1,31.95762
-0.2,1,31.96204
-0.06666666666666667,1,31.96553
-0.2,1,31.968958
-0.06666666666666667,1,31.973704
-0.16666666666666666,1,31.978765
-0.06666666666666667,1,31.982888
-0.16666666666666666,1,31.986736
-0.06666666666666667,1,31.990601
-0.16666666666666666,1,31.99526
-0.06666666666666667,1,31.999727
-0.16666666666666666,1,32.003478
-0.2222222222222222,1,32.008164
-0.16666666666666666,1,32.017642
-0.2222222222222222,1,32.023057
-0.16666666666666666,1,32.028074
-0.3,1,32.032743
-0.2,1,32.037105
-0.2222222222222222,1,32.041537
-0.2,1,32.045463
-0.2,1,32.049486
-0.16666666666666666,1,32.053201
-0.2,1,32.061763
-0.2,1,32.065994
-0.16666666666666666,1,32.071951
-0.5555555555555556,1,32.077458
-0.16666666666666666,1,32.081591
-0.125,1,32.08722
-0.3333333333333333,1,32.09389
-0.3333333333333333,1,32.098206
0.0,1,32.102908
-1.0,1,32.107578
-1.0,1,32.112815
-1.0,1,32.11785
-0.5,1,32.122824
-0.3333333333333333,1,32.127619
0.0,1,32.132259
-1.0,1,32.136543
-0.5,1,32.142071
-0.3333333333333333,1,32.14683
-0.3333333333333333,1,32.151063
-0.3333333333333333,1,32.155726
-0.5555555555555556,1,32.160459
-0.16666666666666666,1,32.164806
-0.25,1,32.168875
-0.16666666666666666,1,32.173117
-0.25,1,32.177928
-0.3,1,32.182373
-0.16666666666666666,1,32.18643
-0.06666666666666667,1,32.190422
-0.16666666666666666,1,32.194353
-0.06666666666666667,1,32.19783
-0.16666666666666666,1,32.201357
-0.2222222222222222,1,32.205926
-0.16666666666666666,1,32.210807
-0.2222222222222222,1,32.214878
-0.16666666666666666,1,32.21925
-0.2222222222222222,1,32.228318
-0.2,1,32.240593
0.0,1,32.245119
-1.0,1,32.249349
-1.0,1,32.253805
-1.0,1,32.258534
-1.0,1,32.263339
-0.6666666666666666,1,32.267789
-0.3333333333333333,1,32.276455
-1.0,1,32.296225
-0.5555555555555556,1,32.30775
-0.16666666666666666,1,32.31273
-0.3333333333333333,1,32.318487
-0.16666666666666666,1,32.331503
-0.3333333333333333,1,32.339071
-0.16666666666666666,1,32.343998
-0.06666666666666667,1,32.349024
-0.16666666666666666,1,32.353555
-0.125,1,32.357842
-0.1,1,32.362584
-0.2,1,32.366975
-0.06666666666666667,1,32.371372
-0.16666666666666666,1,32.375769
-0.3,1,32.379348
-0.125,1,32.386671
-0.1,1,32.394079
-0.16666666666666666,1,32.398291
-0.1,1,32.40248
-0.2,1,32.406948
-0.2,1,32.41124
-0.12,1,32.415112
-0.2,1,32.418869
-0.25,1,32.422998
-0.2,1,32.42764
-0.16666666666666666,1,32.431923
-0.2222222222222222,1,32.435868
-0.16666666666666666,1,32.440173
-0.2222222222222222,1,32.444663
-0.06666666666666667,1,32.448527
-0.2,1,32.452346
-0.3333333333333333,1,32.456726
-0.3333333333333333,1,32.461362
0.0,1,32.465419
-1.0,1,32.46951
-0.5,1,32.473616
-0.6666666666666666,1,32.477722
-1.0,1,32.481617
-0.6666666666666666,1,32.485286
-0.3333333333333333,1,32.489934
-0.16666666666666666,1,32.49508
-0.25,1,32.49945
-0.2,1,32.505085
-0.25,1,32.512148
-0.3333333333333333,1,32.528736
-0.2,1,32.536587
-0.3333333333333333,1,32.559142
-0.25,1,32.565255
-0.3333333333333333,1,32.570702
-0.3333333333333333,1,32.575713
-0.3333333333333333,1,32.580461
-0.2,1,32.584928
-0.4,1,32.592826
-0.2,1,32.596895
-0.2,1,32.602436
-0.16666666666666666,1,32.607318
-0.2,1,32.61261
-0.2,1,32.616971
-0.2222222222222222,1,32.630468
-0.3333333333333333,1,32.63591
-0.2222222222222222,1,32.643267
-0.16666666666666666,1,32.653897
-0.2222222222222222,1,32.661421
-0.3333333333333333,1,32.666857
-0.2222222222222222,1,32.672822
-0.3333333333333333,1,32.677647
-0.1,1,32.683588
-0.25,1,32.688274
-0.2,1,32.693118
-0.16666666666666666,1,32.697197
-0.2,1,32.701374
-0.12,1,32.709597
-0.2,1,32.713884
-0.16666666666666666,1,32.718167
-0.3,1,32.726329
-0.16666666666666666,1,32.730664
-0.3,1,32.739571
-0.06666666666666667,1,32.744201
-0.4,1,32.74813
-0.2,1,32.759571
0.0,1,32.763725
-1.0,1,32.76773
-1.0,1,32.771321
-1.0,1,32.775822
-1.0,1,32.779568
-0.6666666666666666,1,32.78332
-0.5555555555555556,1,32.787918
-0.3333333333333333,1,32.792315
-0.2,1,32.796006
-0.3333333333333333,1,32.800221
-0.25,1,32.805471
-0.3333333333333333,1,32.811534
-0.125,1,32.821625
-0.2,1,32.82585
-0.12,1,32.829606
-0.2,1,32.834961
-0.12,1,32.839426
-0.06666666666666667,1,32.843788
-0.16666666666666666,1,32.848558
-0.2,1,32.852397
-0.2,1,32.857106
-0.3333333333333333,1,32.861543
-0.3333333333333333,1,32.865512
-0.3333333333333333,1,32.870062
-0.25,1,32.875235
-0.3333333333333333,1,32.879256
-0.7777777777777778,1,32.883657
-0.3333333333333333,1,32.887698
-0.125,1,32.892621
-0.2,1,32.896707
-0.2,1,32.900659
-0.3,1,32.904759
-0.16666666666666666,1,32.909131
-0.2222222222222222,1,32.912773
-0.3333333333333333,1,32.916657
0.0,1,32.920243
-1.0,1,32.924676
-1.0,1,32.929875
-1.0,1,32.935044
-0.75,1,32.940516
-0.4,1,32.944534
-0.5,1,32.948653
-0.3333333333333333,1,32.952838
0.0,1,32.956713
-1.0,1,32.960888
-1.0,1,32.965004
-1.0,1,32.969012
-1.0,1,32.973124
-1.0,1,32.977411
-1.0,1,32.981506
-1.0,1,32.985746
-1.0,1,32.991486
-1.0,1,32.996045
-1.0,1,33.000111
-1.0,1,33.004732
-0.3333333333333333,1,33.009227
-1.0,1,33.013469
-1.0,1,33.017631
-0.6666666666666666,1,33.021576
-0.7777777777777778,1,33.026075
-0.3333333333333333,1,33.030194
-0.3333333333333333,1,33.033728
-0.16666666666666666,1,33.039314
-0.5,1,33.04822
-0.6666666666666666,1,33.056063
-0.5,1,33.06088
-0.6666666666666666,1,33.065131
-0.75,1,33.069371
-1.0,1,33.074165
-0.25,1,33.080006
-0.3333333333333333,1,33.084048
-0.3333333333333333,1,33.088265
0.0,1,33.093501
-1.0,1,33.098289
-0.5,1,33.103148
-0.6666666666666666,1,33.108368
-1.0,1,33.113044
-0.6666666666666666,1,33.116975
-0.3333333333333333,1,33.121188
-0.3333333333333333,1,33.126312
-0.25,1,33.131252
-0.3333333333333333,1,33.135557
-0.2,1,33.140424
-0.3333333333333333,1,33.144855
-0.25,1,33.148872
-0.3333333333333333,1,33.153232
-0.5555555555555556,1,33.157692
-0.3333333333333333,1,33.162343
-0.5,1,33.166408
-0.4,1,33.17074
-0.16666666666666666,1,33.175846
-0.2222222222222222,1,33.180201
-0.06666666666666667,1,33.184329
-0.2222222222222222,1,33.188087
-0.3333333333333333,1,33.192607
-0.3333333333333333,1,33.196422
-0.25,1,33.200033
-0.3333333333333333,1,33.204644
-0.25,1,33.209082
-0.3333333333333333,1,33.212734
-0.125,1,33.216081
-0.3,1,33.219857
-0.16666666666666666,1,33.223842
-0.2222222222222222,1,33.228175
-0.16666666666666666,1,33.232476
0.0,1,33.236072
-1.0,1,33.239805
-0.5,1,33.243608
-0.3333333333333333,1,33.2474
-0.5,1,33.250916
-0.3333333333333333,1,33.254942
-0.06666666666666667,1,33.258636
-0.2,1,33.262404
-0.12,1,33.266715
-0.3,1,33.270454
-0.25,1,33.274089
-0.1,1,33.278275
-0.2,1,33.282415
-0.1,1,33.286548
-0.2,1,33.2902
-0.1,1,33.293975
-0.25,1,33.30095
-0.1,1,33.304941
-0.2,1,33.30883
-0.06666666666666667,1,33.312188
-0.16666666666666666,1,33.316106
-0.06666666666666667,1,33.320852
-0.12,1,33.324988
-0.3,1,33.328671
-0.2,1,33.332307
0.0,1,33.336127
-1.0,1,33.340423
-0.5,1,33.344122
-0.3333333333333333,1,33.348435
-0.5,1,33.352358
-0.3333333333333333,1,33.356344
-1.0,1,33.360025
-1.0,1,33.363842
-0.5,1,33.367622
-1.0,1,33.371071
-0.5,1,33.374575
-0.4,1,33.378198
-0.5,1,33.382754
-0.3333333333333333,1,33.387232
-0.25,1,33.390971
-0.2,1,33.394654
-0.25,1,33.398478
-0.2,1,33.4022
-0.25,1,33.405985
-0.2,1,33.409631
-0.06666666666666667,1,33.413375
-0.16666666666666666,1,33.418023
-0.25,1,33.422075
-0.3333333333333333,1,33.427169
-0.5,1,33.431442
-0.3333333333333333,1,33.435266
-0.2,1,33.439085
-0.3333333333333333,1,33.445471
-0.2,1,33.449425
-0.3333333333333333,1,33.45341
-0.7777777777777778,1,33.457095
-0.6666666666666666,1,33.461957
-0.3333333333333333,1,33.467515
-0.6666666666666666,1,33.472528
-0.3333333333333333,1,33.477493
0.0,1,33.481503
-1.0,1,33.485093
-0.5,1,33.488748
-0.6666666666666666,1,33.493413
-1.0,1,33.497491
-1.0,1,33.501773
-0.5,1,33.505537
-0.6666666666666666,1,33.510071
-0.5,1,33.514209
-0.4,1,33.518063
-0.3333333333333333,1,33.521914
-0.16666666666666666,1,33.526219
-0.06666666666666667,1,33.530302
-0.3333333333333333,1,33.533715
-0.3333333333333333,1,33.537896
-0.3333333333333333,1,33.544115
-0.3333333333333333,1,33.551567
-0.6666666666666666,1,33.556701
-1.0,1,33.560472
-1.0,1,33.564305
-1.0,1,33.568185
-1.0,1,33.572343
-0.5555555555555556,1,33.575956
-0.16666666666666666,1,33.580009
-0.25,1,33.58407
-0.3333333333333333,1,33.588473
-0.3333333333333333,1,33.60015
-0.3333333333333333,1,33.605646
-0.25,1,33.612203
-0.2,1,33.616677
-0.16666666666666666,1,33.621774
-0.06666666666666667,1,33.625995
-0.16666666666666666,1,33.629939
-0.06666666666666667,1,33.634525
-0.16666666666666666,1,33.638735
-0.06666666666666667,1,33.642856
-0.2,1,33.646803
-0.06666666666666667,1,33.651117
-0.16666666666666666,1,33.65542
-0.2222222222222222,1,33.659339
-0.16666666666666666,1,33.664212
-0.2222222222222222,1,33.66817
-0.16666666666666666,1,33.672119
-0.06666666666666667,1,33.676675
-0.16666666666666666,1,33.681484
-0.3,1,33.68548
-0.25,1,33.689591
-0.2,1,33.694363
-0.16666666666666666,1,33.699088
-0.06666666666666667,1,33.703353
-0.16666666666666666,1,33.707533
0.0,1,33.716309
-1.0,1,33.726812
-1.0,1,33.734937
-1.0,1,33.73911
-1.0,1,33.749665
-0.6666666666666666,1,33.754713
-0.75,1,33.758703
-0.16666666666666666,1,33.762468
-0.75,1,33.76654
-1.0,1,33.770932
-0.25,1,33.775288
-1.0,1,33.779633
-0.5,1,33.783679
-0.3333333333333333,1,33.787662
-0.75,1,33.792264
-0.3333333333333333,1,33.796297
-0.125,1,33.799878
-0.3333333333333333,1,33.804273
-0.25,1,33.808102
-0.3333333333333333,1,33.812618
-0.5,1,33.816432
-0.6666666666666666,1,33.820867
-0.5,1,33.824701
-1.0,1,33.828659
-1.0,1,33.832654
-1.0,1,33.836395
-0.5,1,33.840706
-0.4,1,33.845274
-0.16666666666666666,1,33.84959
-0.4,1,33.853681
-0.2,1,33.858057
-0.2222222222222222,1,33.862479
-0.16666666666666666,1,33.867271
0.0,1,33.871558
-1.0,1,33.875777
-1.0,1,33.880041
-0.6666666666666666,1,33.883833
-0.5,1,33.887801
-0.6666666666666666,1,33.892083
-0.3333333333333333,1,33.895573
-0.16666666666666666,1,33.899185
-0.3333333333333333,1,33.903404
-0.1,1,33.908078
-0.16666666666666666,1,33.911988
-0.06666666666666667,1,33.916709
-0.2,1,33.921166
-0.1,1,33.925295
-0.125,1,33.928954
-0.16666666666666666,1,33.935755
-0.5555555555555556,1,33.947995
-0.3333333333333333,1,33.961651
-0.25,1,33.976642
-0.2,1,34.009143
-0.16666666666666666,1,34.014715
-0.2222222222222222,1,34.020399
-0.16666666666666666,1,34.024921
-0.2222222222222222,1,34.029831
-0.16666666666666666,1,34.034366
-0.2222222222222222,1,34.039984
-0.16666666666666666,1,34.044753
-0.2222222222222222,1,34.048975
-0.16666666666666666,1,34.053601
-0.2222222222222222,1,34.058029
-0.16666666666666666,1,34.0616
-0.2222222222222222,1,34.065322
-0.2,1,34.069753
-0.2,1,34.074116
-0.2,1,34.078701
-0.3,1,34.082377
-0.06666666666666667,1,34.086187
-0.16666666666666666,1,34.090286
-0.125,1,34.094239
-0.3333333333333333,1,34.097905
-0.25,1,34.121673
-0.3333333333333333,1,34.128479
-0.125,1,34.132628
-0.3333333333333333,1,34.136597
-0.2,1,34.140964
-0.2222222222222222,1,34.146125
-0.16666666666666666,1,34.152112
-0.06666666666666667,1,34.158029
-0.12,1,34.164389
-0.2,1,34.169439
-0.12,1,34.174864
-0.1,1,34.181773
-0.25,1,34.195861
-0.2,1,34.214474
-0.25,1,34.225337
-0.16666666666666666,1,34.230064
-0.5,1,34.234244
-0.4,1,34.238908
-0.06666666666666667,1,34.243982
-0.3,1,34.24834
-0.2,1,34.252713
-0.3,1,34.257573
-0.06666666666666667,1,34.262663
-0.2222222222222222,1,34.266771
-0.16666666666666666,1,34.270952
-0.2222222222222222,1,34.275398
-0.16666666666666666,1,34.282687
-0.06666666666666667,1,34.287983
-0.16666666666666666,1,34.293701
-0.06666666666666667,1,34.297913
-0.16666666666666666,1,34.32524
-0.06666666666666667,1,34.331617
-0.12,1,34.33965
-0.2,1,34.344419
-0.2,1,34.348648
-0.3,1,34.354009
-0.125,1,34.3587
-0.3333333333333333,1,34.363164
-0.3333333333333333,1,34.3674
-0.16666666666666666,1,34.372134
-0.06666666666666667,1,34.376926
-0.4,1,34.380954
-1.0,1,34.385307
-1.0,1,34.389896
-1.0,1,34.394572
-1.0,1,34.39871
-1.0,1,34.403045
-1.0,1,34.408797
-1.0,1,34.41322
-0.4,1,34.417544
-0.25,1,34.421922
-0.4,1,34.426176
-0.16666666666666666,1,34.434986
-0.2,1,34.439499
-0.3333333333333333,1,34.443488
-0.2222222222222222,1,34.447581
-0.16666666666666666,1,34.457252
-0.2,1,34.462475
-0.06666666666666667,1,34.46646
-0.2,1,34.472769
-0.12,1,34.4774
-0.3,1,34.482044
-0.12,1,34.485539
-0.06666666666666667,1,34.489909
-0.16666666666666666,1,34.494221
-0.06666666666666667,1,34.498211
-0.16666666666666666,1,34.502471
-0.2,1,34.506825
-0.2,1,34.511647
-0.2,1,34.516352
-0.12,1,34.527282
-0.2,1,34.531782
-0.16666666666666666,1,34.535777
0.0,1,34.54157
-1.0,1,34.546174
-1.0,1,34.550593
-1.0,1,34.555045
-0.3333333333333333,1,34.55934
-0.16666666666666666,1,34.563267
-0.3333333333333333,1,34.566933
-0.6666666666666666,1,34.57083
-0.25,1,34.575075
-0.16666666666666666,1,34.579151
-0.2,1,34.582997
-0.2222222222222222,1,34.588077
-0.16666666666666666,1,34.592327
-1.0,1,34.604233
-0.16666666666666666,1,34.620793
-0.2,1,34.636629
-0.16666666666666666,1,34.652133
-0.2222222222222222,1,34.658481
-0.3333333333333333,1,34.665447
0.0,1,34.670229
-1.0,1,34.674515
-1.0,1,34.678806
-0.6666666666666666,1,34.682894
-0.5,1,34.686997
-0.6666666666666666,1,34.691478
-0.5,1,34.695431
-0.3333333333333333,1,34.699708
-1.0,1,34.704218
-1.0,1,34.709095
-0.5555555555555556,1,34.713109
-0.6666666666666666,1,34.717208
-0.5,1,34.721689
-0.6666666666666666,1,34.726408
-0.7777777777777778,1,34.731498
-0.3333333333333333,1,34.735836
-0.125,1,34.740252
-0.3333333333333333,1,34.744698
-0.7777777777777778,1,34.749285
-0.3333333333333333,1,34.753956
-0.3333333333333333,1,34.758812
-0.3333333333333333,1,34.762927
-0.2,1,34.777929
-0.2222222222222222,1,34.784932
-0.16666666666666666,1,34.790133
-0.06666666666666667,1,34.795006
-0.12,1,34.800596
-0.2,1,34.805218
-0.2,1,34.809367
-0.2222222222222222,1,34.813317
-0.16666666666666666,1,34.817138
0.0,1,34.821083
-1.0,1,34.827081
-1.0,1,34.831088
-0.6666666666666666,1,34.837325
-0.3333333333333333,1,34.842793
-0.3333333333333333,1,34.847095
-0.5,1,34.85094
-0.3333333333333333,1,34.855057
-0.06666666666666667,1,34.859515
-0.3333333333333333,1,34.863608
-0.25,1,34.867514
-0.3333333333333333,1,34.872215
0.0,1,34.876856
-1.0,1,34.88755
-1.0,1,34.893962
-1.0,1,34.897357
-0.75,1,34.901817
-0.4,1,34.906306
-0.75,1,34.910234
-0.6666666666666666,1,34.913911
-0.5,1,34.917479
0.0,1,34.921106
-1.0,1,34.924975
-0.5,1,34.92902
-1.0,1,34.932638
-1.0,1,34.936391
-0.6666666666666666,1,34.940075
-0.25,1,34.944139
-0.16666666666666666,1,34.948029
-0.06666666666666667,1,34.954238
-0.3333333333333333,1,34.960674
-0.5555555555555556,1,34.96423
-0.3333333333333333,1,34.967578
-1.0,1,34.971813
-1.0,1,34.975524
-1.0,1,34.992546
-1.0,1,35.000895
-0.5,1,35.005699
-0.4,1,35.010315
-0.3333333333333333,1,35.014279
-0.2,1,35.018405
-0.2,1,35.022592
-0.3333333333333333,1,35.028093
-0.3333333333333333,1,35.0322
-0.2222222222222222,1,35.036098
-0.2,1,35.040143
-0.4,1,35.04441
-0.75,1,35.048333
-0.4,1,35.05241
-0.06666666666666667,1,35.057176
-0.3,1,35.061818
-0.06666666666666667,1,35.066076
-0.4,1,35.070173
-0.2,1,35.074744
-0.2,1,35.078855
-0.2,1,35.082778
-0.2,1,35.087735
-0.5,1,35.092522
-1.0,1,35.096288
-0.75,1,35.100476
-0.4,1,35.104559
-0.16666666666666666,1,35.108844
-0.2222222222222222,1,35.112683
-0.2,1,35.117349
-0.16666666666666666,1,35.120964
-0.125,1,35.12516
-0.3333333333333333,1,35.128846
-0.3333333333333333,1,35.132439
0.0,1,35.136418
-1.0,1,35.140392
-1.0,1,35.144085
-0.6666666666666666,1,35.147561
-0.7777777777777778,1,35.151617
-0.3333333333333333,1,35.155734
-0.2,1,35.159533
-0.2222222222222222,1,35.164711
-0.16666666666666666,1,35.168495
-0.2222222222222222,1,35.17226
-0.3333333333333333,1,35.176483
-0.2222222222222222,1,35.180501
-0.3333333333333333,1,35.183886
-0.1,1,35.187706
-0.16666666666666666,1,35.192023
-0.2,1,35.196321
-0.2,1,35.200383
-0.2,1,35.205744
-0.125,1,35.211751
-0.3333333333333333,1,35.217705
-0.25,1,35.22348
-0.16666666666666666,1,35.231591
-0.25,1,35.235338
-0.3333333333333333,1,35.240143
-0.3333333333333333,1,35.244406
-0.1,1,35.248215
-0.16666666666666666,1,35.251803
-0.2222222222222222,1,35.256169
-0.16666666666666666,1,35.260743
-0.2222222222222222,1,35.264537
-0.16666666666666666,1,35.268065
-0.2222222222222222,1,35.27206
-0.16666666666666666,1,35.276504
-0.4,1,35.280481
-0.2,1,35.284211
-0.1,1,35.288248
-0.2,1,35.292774
-0.06666666666666667,1,35.296861
-0.16666666666666666,1,35.300894
-0.06666666666666667,1,35.304549
-0.2,1,35.308751
-0.2,1,35.312681
-0.25,1,35.316281
0.0,1,35.320611
-1.0,1,35.325852
-1.0,1,35.329499
-1.0,1,35.333775
-1.0,1,35.337859
-1.0,1,35.342189
-1.0,1,35.346195
-0.3333333333333333,1,35.350009
-0.5,1,35.353678
-0.3333333333333333,1,35.357697
-0.5,1,35.361673
-0.3333333333333333,1,35.366126
0.0,1,35.370106
-1.0,1,35.374345
-1.0,1,35.378422
-0.6666666666666666,1,35.382294
-0.3333333333333333,1,35.387263
-0.6666666666666666,1,35.391576
-0.5,1,35.395357
-1.0,1,35.398672
-0.25,1,35.40249
-0.16666666666666666,1,35.406788
-0.2,1,35.411549
-0.2,1,35.415462
-0.2,1,35.41934
-0.1,1,35.42322
-0.2,1,35.427599
-0.4,1,35.431322
-0.25,1,35.435044
-0.3333333333333333,1,35.438899
-0.2,1,35.443683
-0.3333333333333333,1,35.448107
-0.25,1,35.451864
-0.3333333333333333,1,35.455948
-0.3333333333333333,1,35.460476
-0.3333333333333333,1,35.464267
-1.0,1,35.467633
-1.0,1,35.471414
-0.5,1,35.476378
-1.0,1,35.479968
-0.5555555555555556,1,35.483192
-0.16666666666666666,1,35.487708
-0.2,1,35.492171
-0.2,1,35.495745
-0.25,1,35.499152
-0.3333333333333333,1,35.504183
-0.2,1,35.509024
-0.1,1,35.512639
-0.2,1,35.516388
-0.2,1,35.519989
-0.12,1,35.523635
-0.06666666666666667,1,35.527457
-0.16666666666666666,1,35.535512
-0.2222222222222222,1,35.543414
-0.06666666666666667,1,35.548129
-0.16666666666666666,1,35.552518
-0.75,1,35.556881
-0.6666666666666666,1,35.561127
-0.5,1,35.56498
-0.3333333333333333,1,35.569246
-0.3333333333333333,1,35.574059
-0.6666666666666666,1,35.578674
-0.3333333333333333,1,35.582926
-0.16666666666666666,1,35.587261
-0.125,1,35.591842
-0.2,1,35.596282
-0.16666666666666666,1,35.600614
-0.06666666666666667,1,35.604885
-0.16666666666666666,1,35.609496
-0.06666666666666667,1,35.613963
-0.16666666666666666,1,35.618006
-0.06666666666666667,1,35.622398
-0.2,1,35.627062
-0.06666666666666667,1,35.631792
-0.16666666666666666,1,35.637866
0.0,1,35.64249
-1.0,1,35.646222
-1.0,1,35.650249
-0.6666666666666666,1,35.654062
-0.3333333333333333,1,35.65832
-1.0,1,35.662045
-0.5,1,35.665895
-0.4,1,35.669948
-0.2,1,35.673779
-0.3,1,35.677841
-0.12,1,35.682185
-0.2,1,35.686253
-0.25,1,35.689814
-0.2,1,35.693882
-0.16666666666666666,1,35.698213
-0.2,1,35.702313
-0.16666666666666666,1,35.70604
-0.2,1,35.709804
-0.2,1,35.714109
-0.2,1,35.717754
-0.12,1,35.721982
-0.3,1,35.726066
-0.2,1,35.73073
-0.2,1,35.735267
-0.16666666666666666,1,35.739157
-0.3,1,35.743376
-0.25,1,35.74811
-0.3333333333333333,1,35.753521
-0.3333333333333333,1,35.757635
-0.3333333333333333,1,35.762104
-0.5555555555555556,1,35.766675
-0.6666666666666666,1,35.770929
-0.3333333333333333,1,35.774605
-0.3333333333333333,1,35.779595
-0.2,1,35.784114
-0.16666666666666666,1,35.787808
-0.3333333333333333,1,35.791704
-0.6666666666666666,1,35.796957
-0.5555555555555556,1,35.801444
-0.16666666666666666,1,35.804916
-0.2,1,35.808281
-0.16666666666666666,1,35.812501
-0.25,1,35.81651
-0.2,1,35.821162
-0.12,1,35.824779
-0.2,1,35.828808
-0.3333333333333333,1,35.83267
-0.2,1,35.837295
-1.0,1,35.841013
-1.0,1,35.847228
-0.5,1,35.865815
-0.3333333333333333,1,35.871968
-0.3333333333333333,1,35.879599
-0.16666666666666666,1,35.884172
-0.125,1,35.889307
-0.3,1,35.893497
-0.16666666666666666,1,35.90167
-0.2222222222222222,1,35.905871
-0.2,1,35.909768
-0.3333333333333333,1,35.914029
-0.7777777777777778,1,35.91776
-0.6666666666666666,1,35.921823
-0.3333333333333333,1,35.926322
-0.3333333333333333,1,35.930934
0.0,1,35.935102
-1.0,1,35.939325
-1.0,1,35.943679
-1.0,1,35.948345
-0.5,1,35.95256
-1.0,1,35.956727
-1.0,1,35.96122
-0.6666666666666666,1,35.965906
-0.5555555555555556,1,35.970514
-1.0,1,35.975071
-0.3333333333333333,1,35.979732
-0.16666666666666666,1,35.984553
-0.25,1,35.988884
-0.3333333333333333,1,35.992563
0.0,1,35.996646
-1.0,1,36.000786
-1.0,1,36.005006
-1.0,1,36.008781
-1.0,1,36.013345
-0.6666666666666666,1,36.017249
-0.25,1,36.021841
-0.3333333333333333,1,36.026123
-0.25,1,36.031301
-0.3333333333333333,1,36.036298
-0.25,1,36.040205
-0.2,1,36.043845
-0.16666666666666666,1,36.047862
-0.2,1,36.05188
-0.06666666666666667,1,36.055731
-0.2222222222222222,1,36.05922
-0.16666666666666666,1,36.063553
-0.2222222222222222,1,36.06751
-0.06666666666666667,1,36.071331
-0.16666666666666666,1,36.075177
-0.06666666666666667,1,36.079746
-0.2,1,36.083226
-0.25,1,36.086921
-0.16666666666666666,1,36.090547
-0.3333333333333333,1,36.094536
-0.3333333333333333,1,36.098301
-0.5,1,36.102296
-0.3333333333333333,1,36.115995
-0.3333333333333333,1,36.123098
-0.3333333333333333,1,36.127073
-0.125,1,36.131243
-0.3,1,36.135416
-0.125,1,36.139297
-0.3,1,36.143541
-0.16666666666666666,1,36.148322
0.0,1,36.152711
-1.0,1,36.157061
-1.0,1,36.161354
-1.0,1,36.165853
-0.5,1,36.170318
-0.2,1,36.174879
-0.25,1,36.179556
-0.3333333333333333,1,36.183985
-0.5,1,36.187954
-0.6666666666666666,1,36.192155
-0.3333333333333333,1,36.196841
-0.6666666666666666,1,36.201166
-0.5,1,36.205855
-0.6666666666666666,1,36.210248
-0.75,1,36.214664
-0.6666666666666666,1,36.219066
-0.7777777777777778,1,36.223232
-0.3333333333333333,1,36.227784
-0.125,1,36.232098
-0.3333333333333333,1,36.237334
-0.25,1,36.242657
-0.3333333333333333,1,36.249411
-0.25,1,36.253874
0.0,1,36.263193
-1.0,1,36.26721
-1.0,1,36.272471
-0.6666666666666666,1,36.277535
-0.5,1,36.281832
-0.6666666666666666,1,36.286155
-0.3333333333333333,1,36.290578
-0.3333333333333333,1,36.295283
-0.3333333333333333,1,36.299559
-0.6666666666666666,1,36.303731
-0.5,1,36.308171
-0.6666666666666666,1,36.312233
-1.0,1,36.316077
-0.6666666666666666,1,36.320729
-0.25,1,36.325176
-0.6666666666666666,1,36.330194
-0.3333333333333333,1,36.334166
-0.3333333333333333,1,36.33806
-0.3333333333333333,1,36.342903
-0.3333333333333333,1,36.346845
-0.3333333333333333,1,36.351192
-0.6666666666666666,1,36.354978
-0.7777777777777778,1,36.358746
-0.6666666666666666,1,36.36235
-0.5,1,36.366228
-0.6666666666666666,1,36.369928
-0.5,1,36.374229
-0.4,1,36.377842
-0.2,1,36.381235
-0.3333333333333333,1,36.384546
-0.2,1,36.388207
-0.3333333333333333,1,36.392199
-0.25,1,36.395754
-0.6666666666666666,1,36.399076
-1.0,1,36.402626
-0.6666666666666666,1,36.406945
-0.25,1,36.410532
-0.16666666666666666,1,36.414011
-0.25,1,36.417458
-0.2,1,36.421676
-0.16666666666666666,1,36.426021
-0.06666666666666667,1,36.430309
-0.12,1,36.433896
-0.06666666666666667,1,36.437557
-0.2,1,36.441782
-0.2,1,36.445675
-0.12,1,36.449784
-0.3,1,36.45379
-0.06666666666666667,1,36.458028
-0.3333333333333333,1,36.46198
-0.5,1,36.465925
-0.3333333333333333,1,36.474027
-0.3333333333333333,1,36.480911
-0.16666666666666666,1,36.484427
-0.5,1,36.488607
-0.4,1,36.49249
-0.3333333333333333,1,36.496064
-0.2,1,36.499612
-0.2,1,36.503472
-0.2222222222222222,1,36.507387
-0.16666666666666666,1,36.510833
-0.1,1,36.51458
-0.3333333333333333,1,36.518703
-0.1,1,36.522506
-0.3333333333333333,1,36.526464
-0.1,1,36.530092
-0.2,1,36.533744
-0.1,1,36.537343
-0.2,1,36.541177
-0.1,1,36.54485
-0.3333333333333333,1,36.548493
-0.16666666666666666,1,36.552334
-0.5555555555555556,1,36.557065
-0.16666666666666666,1,36.560984
-0.125,1,36.564727
-0.2,1,36.568567
-0.12,1,36.572619
-0.3,1,36.577452
-0.12,1,36.581166
-0.2,1,36.584541
-0.12,1,36.588314
-0.1,1,36.593169
-0.25,1,36.596787
-0.16666666666666666,1,36.600029
-0.125,1,36.60354
-0.3,1,36.607436
-0.25,1,36.611131
-0.16666666666666666,1,36.614837
-0.5,1,36.619021
-0.16666666666666666,1,36.624015
-0.125,1,36.628019
-0.3333333333333333,1,36.631536
-0.2,1,36.634948
-0.3333333333333333,1,36.639272
-0.2,1,36.643269
-0.1,1,36.646789
-0.2,1,36.650145
-0.3,1,36.659764
-0.12,1,36.669951
-0.2,1,36.674967
-0.25,1,36.679846
-0.3333333333333333,1,36.684032
-0.06666666666666667,1,36.688257
-0.3333333333333333,1,36.692822
-0.3333333333333333,1,36.697286
-0.4,1,36.703421
-0.75,1,36.707965
-0.6666666666666666,1,36.712059
-0.3333333333333333,1,36.715991
-0.3333333333333333,1,36.720314
-0.2,1,36.724888
-0.3333333333333333,1,36.729138
-0.2,1,36.733275
-0.3333333333333333,1,36.738089
-0.7777777777777778,1,36.742339
-0.6666666666666666,1,36.746254
-0.25,1,36.750445
-0.2,1,36.754338
-0.25,1,36.758809
-0.3333333333333333,1,36.762744
-0.25,1,36.767047
-0.3333333333333333,1,36.771531
-0.3333333333333333,1,36.776127
-0.3333333333333333,1,36.780573
-0.3333333333333333,1,36.784158
-0.3333333333333333,1,36.788411
-0.25,1,36.792466
-0.3333333333333333,1,36.79625
-0.3333333333333333,1,36.799806
-0.3333333333333333,1,36.804122
-0.2,1,36.808723
-0.3333333333333333,1,36.812272
-0.2,1,36.815722
0.0,1,36.819782
-1.0,1,36.824455
-1.0,1,36.828256
-1.0,1,36.832065
-0.5,1,36.836382
-0.2,1,36.843393
-0.16666666666666666,1,36.849359
-0.4,1,36.857216
-0.06666666666666667,1,36.86197
-0.2,1,36.865747
-0.25,1,36.869919
-0.2,1,36.874389
-0.12,1,36.878353
-0.2,1,36.882416
-0.25,1,36.887385
-0.3333333333333333,1,36.891493
-0.3333333333333333,1,36.895123
-0.16666666666666666,1,36.898599
-0.125,1,36.902489
-0.3,1,36.90631
-0.06666666666666667,1,36.909942
-0.3,1,36.913616
-0.06666666666666667,1,36.917207
-0.2,1,36.921316
-0.3333333333333333,1,36.925662
-0.16666666666666666,1,36.929869
-0.25,1,36.942842
-0.16666666666666666,1,36.949072
-0.75,1,36.955487
-1.0,1,36.960944
-0.75,1,36.96846
-0.6666666666666666,1,36.976981
-0.3333333333333333,1,36.981486
-0.6666666666666666,1,36.986462
-0.25,1,36.992108
-0.3333333333333333,1,36.996471
-0.3333333333333333,1,37.003947
-0.6666666666666666,1,37.008715
-0.3333333333333333,1,37.012761
-0.3333333333333333,1,37.016767
-0.25,1,37.02133
0.0,1,37.025866
-1.0,1,37.030007
-1.0,1,37.034099
-1.0,1,37.045007
-1.0,1,37.049111
-0.6666666666666666,1,37.057007
-0.25,1,37.061459
-0.2,1,37.065719
-0.2,1,37.070882
-0.2222222222222222,1,37.075424
-0.16666666666666666,1,37.079868
0.0,1,37.084131
-1.0,1,37.088416
-1.0,1,37.092714
-0.3333333333333333,1,37.096437
-0.5,1,37.103292
0.0,1,37.13319
-1.0,1,37.143923
-1.0,1,37.157068
-0.6666666666666666,1,37.16744
-0.7777777777777778,1,37.17538
-0.3333333333333333,1,37.182685
-0.2,1,37.193733
-0.2222222222222222,1,37.20101
-0.2,1,37.206594
-0.2,1,37.215288
-0.2,1,37.224607
-0.2,1,37.232085
-0.12,1,37.239441
-0.2,1,37.247677
0.0,1,37.255872
-1.0,1,37.270572
-1.0,1,37.282783
-1.0,1,37.29136
-1.0,1,37.29734
-0.6666666666666666,1,37.302261
-0.5,1,37.307058
-0.3333333333333333,1,37.311839
-1.0,1,37.316333
-1.0,1,37.32216
-1.0,1,37.326717
-1.0,1,37.331146
-1.0,1,37.335208
-1.0,1,37.339682
-1.0,1,37.344195
-1.0,1,37.348703
-0.5555555555555556,1,37.353845
-0.3333333333333333,1,37.358856
-0.5555555555555556,1,37.363608
-0.16666666666666666,1,37.36818
-0.5,1,37.373324
-0.16666666666666666,1,37.386215
-0.5555555555555556,1,37.392443
-1.0,1,37.396978
-1.0,1,37.401806
-0.6666666666666666,1,37.406579
-0.3333333333333333,1,37.41117
-0.3333333333333333,1,37.415017
-0.3333333333333333,1,37.419028
-0.6666666666666666,1,37.423862
-0.5,1,37.427655
-0.4,1,37.431215
-0.2,1,37.435252
-0.2222222222222222,1,37.440277
-0.16666666666666666,1,37.444716
-0.2222222222222222,1,37.448452
-0.2,1,37.453227
-0.3333333333333333,1,37.457748
-0.25,1,37.462075
-0.3333333333333333,1,37.465894
-0.125,1,37.470063
-0.3333333333333333,1,37.474638
-0.5,1,37.478478
-0.6666666666666666,1,37.482599
-0.3333333333333333,1,37.487232
-0.6666666666666666,1,37.50825
-0.3333333333333333,1,37.518118
-0.6666666666666666,1,37.524641
-0.3333333333333333,1,37.528729
-0.16666666666666666,1,37.532723
-0.125,1,37.537096
-0.3333333333333333,1,37.541922
-0.3333333333333333,1,37.545805
-0.3333333333333333,1,37.56372
-0.5555555555555556,1,37.56877
-0.3333333333333333,1,37.574099
-0.5555555555555556,1,37.579263
-0.16666666666666666,1,37.613639
-0.75,1,37.643264
-0.3333333333333333,1,37.67293
-0.7777777777777778,1,37.692241
-0.6666666666666666,1,37.698161
-0.75,1,37.703443
-1.0,1,37.723961
-1.0,1,37.728106
-0.6666666666666666,1,37.732259
-0.7777777777777778,1,37.737913
-0.6666666666666666,1,37.750408
-0.3333333333333333,1,37.75512
0.0,1,37.759851
-1.0,1,37.764391
-1.0,1,37.784425
-1.0,1,37.79681
-1.0,1,37.816926
-0.2,1,37.824243
-0.25,1,37.844139
-1.0,1,37.875505
-0.5,1,37.88986
-0.2,1,37.905596
-0.2,1,37.925058
-0.3,1,37.935024
-0.125,1,37.943878
-0.3,1,37.948154
-0.16666666666666666,1,37.953944
0.0,1,37.958936
-1.0,1,37.963069
-1.0,1,37.982403
-0.3333333333333333,1,37.994778
-0.3333333333333333,1,38.001584
-0.3333333333333333,1,38.01015
-0.2,1,38.020481
-0.2,1,38.027811
-0.16666666666666666,1,38.035722
-0.2,1,38.040198
-0.12,1,38.045049
-0.06666666666666667,1,38.052493
-0.12,1,38.062525
-0.2,1,38.070016
-0.12,1,38.074912
-0.2,1,38.079667
-0.25,1,38.084768
0.0,1,38.088838
-1.0,1,38.093296
-1.0,1,38.09851
-1.0,1,38.103376
-1.0,1,38.107792
-1.0,1,38.112824
-0.5555555555555556,1,38.117323
-0.16666666666666666,1,38.122659
-0.5,1,38.127541
-0.6666666666666666,1,38.132207
-0.5,1,38.136343
0.0,1,38.140846
-1.0,1,38.145845
-0.5,1,38.150651
-0.3333333333333333,1,38.154881
-0.5,1,38.15916
-0.3333333333333333,1,38.164235
-0.25,1,38.168875
-0.6666666666666666,1,38.173291
-1.0,1,38.177625
-0.6666666666666666,1,38.18207
-1.0,1,38.190023
-1.0,1,38.194206
-0.5,1,38.200034
-1.0,1,38.213485
-1.0,1,38.218787
-1.0,1,38.222644
-1.0,1,38.234447
-1.0,1,38.247364
-0.5,1,38.264167
-0.2,1,38.273433
-0.25,1,38.277647
-0.2,1,38.28241
-0.16666666666666666,1,38.293542
-0.4,1,38.309122
-1.0,1,38.31403
-0.2,1,38.318041
-0.2,1,38.322603
0.0,1,38.327004
-1.0,1,38.33292
-1.0,1,38.339319
-0.6666666666666666,1,38.343801
-1.0,1,38.348827
-0.6666666666666666,1,38.354985
-0.3333333333333333,1,38.359145
-0.3333333333333333,1,38.363739
-0.3333333333333333,1,38.368141
-0.3333333333333333,1,38.372307
-0.25,1,38.384207
-0.2,1,38.392773
-0.2,1,38.397873
-0.3333333333333333,1,38.403393
-0.3333333333333333,1,38.407803
-0.3333333333333333,1,38.412236
-0.3333333333333333,1,38.416253
-0.3333333333333333,1,38.420972
0.0,1,38.425195
-1.0,1,38.429584
-1.0,1,38.433785
-0.6666666666666666,1,38.438272
-0.3333333333333333,1,38.442555
-0.3333333333333333,1,38.447065
-0.2,1,38.452856
-0.3333333333333333,1,38.457088
-0.25,1,38.461233
-0.3333333333333333,1,38.464908
-0.3333333333333333,1,38.469335
-0.2222222222222222,1,38.473212
-0.2,1,38.47749
-0.2222222222222222,1,38.481663
-0.16666666666666666,1,38.485423
-0.3,1,38.489695
-0.125,1,38.495036
-0.3333333333333333,1,38.499739
-0.125,1,38.503949
-0.3333333333333333,1,38.508013
-0.125,1,38.512303
-0.2,1,38.516407
-0.25,1,38.520191
-0.3,1,38.524349
-0.125,1,38.528427
-0.3,1,38.532428
-0.06666666666666667,1,38.536176
-0.2,1,38.540022
-0.16666666666666666,1,38.544216
-0.2222222222222222,1,38.548115
-0.16666666666666666,1,38.552187
-0.06666666666666667,1,38.556026
-0.16666666666666666,1,38.561286
-0.2222222222222222,1,38.564993
-0.16666666666666666,1,38.5689
-0.06666666666666667,1,38.572859
-0.2,1,38.576804
-0.2,1,38.580949
-0.16666666666666666,1,38.584849
-0.2222222222222222,1,38.588731
-0.2,1,38.592813
-0.2,1,38.597063
-0.12,1,38.600835
-0.2,1,38.604611
-0.2,1,38.608315
-0.4,1,38.612644
-0.16666666666666666,1,38.616595
-0.2,1,38.62084
-0.2,1,38.625149
-0.2,1,38.629535
-0.16666666666666666,1,38.633219
-0.2222222222222222,1,38.637739
-0.16666666666666666,1,38.641826
-0.4,1,38.645725
-0.16666666666666666,1,38.649332
-0.2222222222222222,1,38.653037
-0.16666666666666666,1,38.656811
-0.2222222222222222,1,38.660259
-0.3333333333333333,1,38.663556
-0.2222222222222222,1,38.668235
-0.16666666666666666,1,38.671838
0.0,1,38.675501
-1.0,1,38.678708
-1.0,1,38.683266
-1.0,1,38.687778
-1.0,1,38.692377
-1.0,1,38.696629
-1.0,1,38.702416
-0.6666666666666666,1,38.707058
-0.3333333333333333,1,38.711014
-0.6666666666666666,1,38.71489
-0.25,1,38.720408
-0.16666666666666666,1,38.724911
-0.25,1,38.729457
-0.3333333333333333,1,38.733641
-0.25,1,38.737637
-0.3333333333333333,1,38.742368
-0.25,1,38.74651
-0.3,1,38.750626
-0.12,1,38.754259
-0.06666666666666667,1,38.758722
-0.12,1,38.763248
-0.3,1,38.769294
-0.12,1,38.774245
-0.06666666666666667,1,38.778446
-0.12,1,38.781974
-0.06666666666666667,1,38.785813
-0.16666666666666666,1,38.789533
-0.2222222222222222,1,38.793294
-0.2,1,38.796594
-0.3333333333333333,1,38.802325
-0.7777777777777778,1,38.806541
-0.6666666666666666,1,38.810817
-0.7777777777777778,1,38.81691
-0.6666666666666666,1,38.821335
-0.7777777777777778,1,38.824975
-0.3333333333333333,1,38.828391
-0.75,1,38.831659
-0.4,1,38.835379
-0.06666666666666667,1,38.839689
-0.16666666666666666,1,38.84338
-0.25,1,38.846888
-0.2,1,38.85051
-0.16666666666666666,1,38.854774
-0.06666666666666667,1,38.858291
-0.16666666666666666,1,38.861776
-0.2222222222222222,1,38.865255
-0.16666666666666666,1,38.869148
0.0,1,38.873983
-1.0,1,38.877515
-1.0,1,38.880845
-0.3333333333333333,1,38.88499
-0.5,1,38.889403
-0.3333333333333333,1,38.893396
-0.25,1,38.896811
-0.2,1,38.900959
-0.16666666666666666,1,38.905623
-0.06666666666666667,1,38.909492
-0.16666666666666666,1,38.913318
-0.3,1,38.917462
-0.06666666666666667,1,38.932987
-0.2222222222222222,1,38.940663
-0.3333333333333333,1,38.94498
-0.2,1,38.949256
-0.16666666666666666,1,38.954018
-0.2,1,38.958753
-0.3333333333333333,1,38.963495
-0.2222222222222222,1,38.967684
-0.16666666666666666,1,38.972199
-0.2222222222222222,1,38.976687
-0.16666666666666666,1,38.980683
0.0,1,38.984604
-1.0,1,38.989456
-0.5,1,38.993936
-1.0,1,38.998027
-1.0,1,39.003207
-0.6666666666666666,1,39.007784
-0.5555555555555556,1,39.012367
-0.3333333333333333,1,39.016429
-0.3333333333333333,1,39.021212
-0.6666666666666666,1,39.02627
-0.5,1,39.030652
-0.3333333333333333,1,39.034889
-0.2,1,39.039325
-0.16666666666666666,1,39.043817
-0.125,1,39.047681
-0.16666666666666666,1,39.052536
-0.06666666666666667,1,39.057334
-0.2,1,39.060971
-0.06666666666666667,1,39.065143
-0.3,1,39.070357
-0.16666666666666666,1,39.080674
-0.06666666666666667,1,39.098242
-0.16666666666666666,1,39.105087
-0.1,1,39.11619
-0.25,1,39.123064
-0.3333333333333333,1,39.137486
-0.2,1,39.147127
-0.3333333333333333,1,39.15321
-0.3333333333333333,1,39.157519
-0.3333333333333333,1,39.163336
-0.3333333333333333,1,39.167884
-0.3333333333333333,1,39.173678
-0.5,1,39.17829
-0.3333333333333333,1,39.182685
-0.25,1,39.186891
-1.0,1,39.191299
-0.5,1,39.19574
-0.6666666666666666,1,39.200134
-0.5,1,39.204615
-0.3333333333333333,1,39.212738
-0.25,1,39.217125
-0.3333333333333333,1,39.221726
-0.25,1,39.226672
-0.2,1,39.231102
-0.16666666666666666,1,39.236044
-0.2222222222222222,1,39.241085
-0.2,1,39.245477
-0.2,1,39.249209
-0.16666666666666666,1,39.253471
-0.2,1,39.258085
-0.2,1,39.263029
-0.3333333333333333,1,39.266956
-0.75,1,39.271854
-0.16666666666666666,1,39.276069
-0.06666666666666667,1,39.280142
-0.3,1,39.283681
-0.125,1,39.288421
-0.3333333333333333,1,39.293014
-0.25,1,39.298555
0.0,1,39.303587
-1.0,1,39.309856
-1.0,1,39.313262
-1.0,1,39.316588
-0.5555555555555556,1,39.320297
-0.3333333333333333,1,39.324391
-0.06666666666666667,1,39.329109
-0.4,1,39.333211
-0.25,1,39.338801
-0.4,1,39.346789
-0.16666666666666666,1,39.352874
-0.4,1,39.358982
-0.5,1,39.366059
-0.3333333333333333,1,39.371309
-0.5555555555555556,1,39.376591
-0.16666666666666666,1,39.383464
-0.75,1,39.388383
-0.6666666666666666,1,39.394133
-0.3333333333333333,1,39.399414
-0.3333333333333333,1,39.403998
-0.25,1,39.408208
-0.3333333333333333,1,39.412575
-0.3333333333333333,1,39.416538
-0.6666666666666666,1,39.420795
-0.25,1,39.424386
-0.6666666666666666,1,39.428003
-0.3333333333333333,1,39.431611
-0.6666666666666666,1,39.435213
-0.3333333333333333,1,39.439168
-0.6666666666666666,1,39.443141
-0.5,1,39.446221
-0.3333333333333333,1,39.449486
-0.25,1,39.45413
-0.2,1,39.458684
-0.16666666666666666,1,39.462405
-0.2222222222222222,1,39.466261
-0.16666666666666666,1,39.470567
-0.2222222222222222,1,39.474713
-0.16666666666666666,1,39.478578
-0.3,1,39.482283
-0.125,1,39.485996
-0.3,1,39.490937
-0.125,1,39.494664
-0.16666666666666666,1,39.498362
-0.5555555555555556,1,39.503113
-0.16666666666666666,1,39.507423
-0.5,1,39.51569
-0.2,1,39.520059
-0.16666666666666666,1,39.52431
-0.2222222222222222,1,39.528238
-0.16666666666666666,1,39.532051
-0.2222222222222222,1,39.537807
-0.2,1,39.542089
-0.3,1,39.546147
-0.12,1,39.550343
-0.2,1,39.554381
-0.125,1,39.559009
-0.3,1,39.563229
-0.125,1,39.577368
-0.16666666666666666,1,39.584686
-0.25,1,39.591954
-0.2,1,39.597089
-0.2,1,39.601545
-0.06666666666666667,1,39.606064
-0.16666666666666666,1,39.610558
-0.3,1,39.614791
-0.16666666666666666,1,39.619289
-0.2,1,39.624171
-0.2,1,39.628434
-0.2,1,39.632477
-0.12,1,39.637013
-0.2,1,39.642036
-0.16666666666666666,1,39.646122
-0.06666666666666667,1,39.650589
-0.16666666666666666,1,39.655551
-0.2222222222222222,1,39.65979
-0.16666666666666666,1,39.663608
-0.06666666666666667,1,39.667558
-0.16666666666666666,1,39.671831
-0.06666666666666667,1,39.676399
-0.12,1,39.680539
-0.06666666666666667,1,39.683931
-0.16666666666666666,1,39.688343
-0.1,1,39.692497
-0.16666666666666666,1,39.696343
-0.1,1,39.700218
-0.3333333333333333,1,39.703844
-0.3333333333333333,1,39.708413
-0.2,1,39.712613
-0.2222222222222222,1,39.71644
-0.16666666666666666,1,39.720438
-0.2222222222222222,1,39.724967
-0.3333333333333333,1,39.729183
0.0,1,39.733209
-1.0,1,39.736967
-1.0,1,39.740974
-0.6666666666666666,1,39.744376
-0.25,1,39.747782
-0.3333333333333333,1,39.75223
-0.25,1,39.756626
-0.1,1,39.760677
-0.25,1,39.764331
-0.3333333333333333,1,39.768171
-0.3333333333333333,1,39.771857
-0.3333333333333333,1,39.775458
-0.25,1,39.778881
-1.0,1,39.78336
-0.75,1,39.791107
-0.3333333333333333,1,39.794954
-0.2,1,39.799179
-0.2222222222222222,1,39.80354
-0.2,1,39.808177
-0.2222222222222222,1,39.812278
-0.2,1,39.816747
-0.2,1,39.820645
-0.25,1,39.824844
-0.1,1,39.82887
-0.2,1,39.833414
-0.1,1,39.837409
-0.25,1,39.841628
-0.1,1,39.845256
-0.2,1,39.849256
-0.2,1,39.853241
-0.06666666666666667,1,39.857981
-0.3,1,39.861352
-0.125,1,39.86483
-0.16666666666666666,1,39.868467
-0.3333333333333333,1,39.873125
-0.6666666666666666,1,39.876709
-0.3333333333333333,1,39.880678
-0.3333333333333333,1,39.88437
-0.75,1,39.888616
-1.0,1,39.893028
-1.0,1,39.89645
-1.0,1,39.899827
-0.5,1,39.904233
-0.6666666666666666,1,39.908495
-0.5,1,39.912433
-0.3333333333333333,1,39.916271
-0.3333333333333333,1,39.920187
-0.3333333333333333,1,39.924807
-0.125,1,39.928451
-0.16666666666666666,1,39.932198
-0.06666666666666667,1,39.936965
-0.4,1,39.941107
-0.3333333333333333,1,39.944732
-0.3333333333333333,1,39.94794
-0.5,1,39.952336
-0.4,1,39.956494
-0.16666666666666666,1,39.96013
-0.2222222222222222,1,39.963641
-0.2,1,39.967547
-0.4,1,39.971647
-0.2,1,39.975723
-0.16666666666666666,1,39.979601
-0.75,1,39.984033
-1.0,1,39.987728
-0.5555555555555556,1,39.991929
-0.16666666666666666,1,39.99638
-0.25,1,40.000667
-0.16666666666666666,1,40.0043
-0.2,1,40.008574
-0.2,1,40.013219
-0.2,1,40.017062
-0.1,1,40.020901
-0.16666666666666666,1,40.024962
-0.2222222222222222,1,40.029057
-0.2,1,40.032871
-0.4,1,40.036784
-0.06666666666666667,1,40.041304
-0.2222222222222222,1,40.045419
-0.2,1,40.049311
-0.2,1,40.053558
-0.2,1,40.058068
-0.2,1,40.062033
-0.25,1,40.065978
-0.1,1,40.070188
-0.16666666666666666,1,40.074254
-0.06666666666666667,1,40.077807
-0.16666666666666666,1,40.081195
-0.2,1,40.087002
-0.16666666666666666,1,40.096573
-0.3,1,40.100304
-0.125,1,40.104137
-0.16666666666666666,1,40.108871
-0.5555555555555556,1,40.112807
-0.3333333333333333,1,40.127099
-0.5555555555555556,1,40.131392
-1.0,1,40.136044
-0.5,1,40.140863
-0.2,1,40.145358
-0.16666666666666666,1,40.149837
-0.2222222222222222,1,40.154925
-0.2,1,40.159817
-0.3333333333333333,1,40.163763
-0.2,1,40.168306
-0.3,1,40.177769
-0.06666666666666667,1,40.186313
-0.2222222222222222,1,40.192088
-0.16666666666666666,1,40.197021
-0.2222222222222222,1,40.204056
-0.16666666666666666,1,40.209767
-0.2222222222222222,1,40.215376
-0.3333333333333333,1,40.219936
0.0,1,40.224651
-1.0,1,40.229371
-1.0,1,40.233937
-1.0,1,40.238146
-1.0,1,40.242955
-0.6666666666666666,1,40.246908
-0.5,1,40.251155
-1.0,1,40.255384
-0.5,1,40.25996
-0.16666666666666666,1,40.263783
-0.06666666666666667,1,40.26781
-0.2222222222222222,1,40.272216
-0.16666666666666666,1,40.276963
-0.2222222222222222,1,40.281142
-0.2,1,40.284872
-0.4,1,40.289221
-0.2,1,40.293967
-0.3,1,40.298197
-0.12,1,40.302193
-0.06666666666666667,1,40.30654
-0.16666666666666666,1,40.310737
-0.2222222222222222,1,40.314664
-0.2,1,40.319425
-0.2,1,40.324841
-0.25,1,40.328509
-0.1,1,40.332181
-0.3333333333333333,1,40.336325
-0.2222222222222222,1,40.340272
-0.16666666666666666,1,40.344424
-0.2,1,40.348312
-0.3333333333333333,1,40.352349
-0.1,1,40.356735
-0.3333333333333333,1,40.360671
-0.3333333333333333,1,40.364888
-0.3333333333333333,1,40.368493
-0.3333333333333333,1,40.372005
-0.5,1,40.376092
-0.3333333333333333,1,40.379858
0.0,1,40.384458
-1.0,1,40.388427
-1.0,1,40.392828
-0.6666666666666666,1,40.396519
-0.5,1,40.401328
-0.4,1,40.406549
-0.5,1,40.410784
-0.3333333333333333,1,40.41688
-0.3333333333333333,1,40.422294
-0.3333333333333333,1,40.428401
-0.3333333333333333,1,40.434365
-0.3333333333333333,1,40.438905
-0.2,1,40.444392
-0.4,1,40.450767
-0.16666666666666666,1,40.454474
-0.2,1,40.457779
-0.3333333333333333,1,40.461463
-0.3333333333333333,1,40.465137
-0.3333333333333333,1,40.468984
-0.2222222222222222,1,40.472472
-0.3333333333333333,1,40.476384
-0.2,1,40.480629
-0.16666666666666666,1,40.484773
-0.2,1,40.489012
-0.2,1,40.492952
-0.3333333333333333,1,40.4969
-0.25,1,40.500605
-0.1,1,40.504436
-0.12,1,40.508464
-0.2,1,40.512226
-0.12,1,40.51602
-0.2,1,40.520684
-0.12,1,40.526272
-0.06666666666666667,1,40.531109
-0.2,1,40.534682
-0.06666666666666667,1,40.538848
-0.16666666666666666,1,40.542953
0.0,1,40.547037
-1.0,1,40.551075
-1.0,1,40.554968
-0.3333333333333333,1,40.559023
-0.3333333333333333,1,40.564198
-0.3333333333333333,1,40.568083
-1.0,1,40.571704
-1.0,1,40.575679
-0.75,1,40.580773
-0.3333333333333333,1,40.585157
-0.125,1,40.588864
-0.16666666666666666,1,40.592893
-0.25,1,40.597657
0.0,1,40.602415
-1.0,1,40.606305
-1.0,1,40.610224
-0.6666666666666666,1,40.614956
-0.7777777777777778,1,40.619699
-0.3333333333333333,1,40.624068
-0.5,1,40.628078
-0.3333333333333333,1,40.633383
-0.3333333333333333,1,40.637491
-1.0,1,40.641056
-0.5,1,40.644917
-0.6666666666666666,1,40.650075
-0.5,1,40.654006
-0.3333333333333333,1,40.65792
-0.7777777777777778,1,40.662051
-0.3333333333333333,1,40.666073
-0.125,1,40.670532
-0.16666666666666666,1,40.674102
-0.25,1,40.677716
-0.3333333333333333,1,40.681273
-0.2,1,40.68463
-0.4,1,40.688116
-0.2,1,40.698734
-0.2,1,40.704151
-0.2,1,40.711272
-0.2,1,40.715897
-0.2,1,40.720042
-0.1,1,40.725388
-0.16666666666666666,1,40.73022
-0.06666666666666667,1,40.734715
-0.16666666666666666,1,40.738931
-0.06666666666666667,1,40.74351
-0.16666666666666666,1,40.748303
-0.06666666666666667,1,40.753055
-0.2,1,40.757506
-0.1,1,40.762447
-0.2,1,40.766821
-0.2,1,40.771547
-0.125,1,40.775638
-0.3333333333333333,1,40.780066
-0.25,1,40.784054
-0.3333333333333333,1,40.788377
-0.3333333333333333,1,40.792861
-0.2222222222222222,1,40.797447
-0.16666666666666666,1,40.801808
-0.2,1,40.806063
-0.12,1,40.810166
-0.2,1,40.814799
-0.25,1,40.819393
-0.1,1,40.824178
-0.2,1,40.827622
-0.1,1,40.831313
-0.16666666666666666,1,40.835088
-0.2,1,40.839057
-0.12,1,40.842793
-0.2,1,40.847057
-0.2,1,40.850995
-0.2,1,40.854794
-0.06666666666666667,1,40.858207
-0.3,1,40.864424
-0.125,1,40.867958
-0.16666666666666666,1,40.871463
-0.125,1,40.876058
-0.3,1,40.882028
-0.25,1,40.886879
-0.3333333333333333,1,40.890675
0.0,1,40.894853
-1.0,1,40.899685
-1.0,1,40.904025
-0.6666666666666666,1,40.907948
-0.3333333333333333,1,40.911794
-0.3333333333333333,1,40.915756
-0.25,1,40.919965
-0.2,1,40.924287
-0.25,1,40.928763
-0.3333333333333333,1,40.932728
-0.2,1,40.937168
-0.3,1,40.940608
-0.125,1,40.945232
-0.1,1,40.949011
-0.16666666666666666,1,40.953279
0.0,1,40.957313
-1.0,1,40.961813
-1.0,1,40.965926
-1.0,1,40.970737
-0.75,1,40.974873
-0.3333333333333333,1,40.97851
-0.2,1,40.982881
-0.4,1,40.987502
-0.16666666666666666,1,40.992001
-0.4,1,40.996332
-0.16666666666666666,1,41.00093
-0.2222222222222222,1,41.005343
-0.16666666666666666,1,41.009348
-0.06666666666666667,1,41.014188
-0.2,1,41.018021
-0.06666666666666667,1,41.021501
-0.16666666666666666,1,41.025468
-0.3,1,41.030334
-0.12,1,41.035185
-0.06666666666666667,1,41.03948
-0.2,1,41.043421
-0.2,1,41.048117
-0.12,1,41.052413
-0.2,1,41.056344
-0.06666666666666667,1,41.060617
-0.3333333333333333,1,41.064828
-0.5555555555555556,1,41.06864
-1.0,1,41.072473
-0.5555555555555556,1,41.076753
-0.16666666666666666,1,41.080846
-0.25,1,41.084371
-0.16666666666666666,1,41.088061
-0.125,1,41.092427
-0.3,1,41.096104
-0.16666666666666666,1,41.099603
-0.1,1,41.1035
-0.2,1,41.108191
-0.2,1,41.111865
-0.16666666666666666,1,41.115539
-0.06666666666666667,1,41.123269
-0.12,1,41.128825
-0.2,1,41.133522
-0.12,1,41.138727
-0.3,1,41.142862
-0.12,1,41.146516
-0.2,1,41.149964
-0.3333333333333333,1,41.155044
-0.3333333333333333,1,41.169586
-0.2,1,41.179065
-0.2,1,41.184263
-0.2,1,41.191938
-0.2,1,41.196478
-0.16666666666666666,1,41.200973
-0.2,1,41.217064
-0.12,1,41.244899
-0.1,1,41.250471
-0.25,1,41.261823
-0.1,1,41.266438
-0.2,1,41.270906
-0.1,1,41.27604
-0.3333333333333333,1,41.28026
-0.3333333333333333,1,41.283956
-0.5555555555555556,1,41.28866
-0.16666666666666666,1,41.292955
-0.25,1,41.297145
-0.3,1,41.301258
-0.16666666666666666,1,41.305693
-0.06666666666666667,1,41.310303
-0.16666666666666666,1,41.314312
-0.06666666666666667,1,41.325418
-0.12,1,41.330277
-0.3,1,41.334192
-0.125,1,41.340818
-0.3333333333333333,1,41.345811
-0.25,1,41.350019
-0.3333333333333333,1,41.355457
-0.3333333333333333,1,41.360351
-0.3333333333333333,1,41.364734
-0.25,1,41.369318
-0.16666666666666666,1,41.374208
-0.5,1,41.37916
-0.2,1,41.38372
-0.2,1,41.389123
-0.3333333333333333,1,41.393768
-0.5,1,41.397943
-0.3333333333333333,1,41.402419
-0.125,1,41.407582
-0.16666666666666666,1,41.41198
-0.25,1,41.416571
-0.3333333333333333,1,41.421493
-0.3333333333333333,1,41.425778
-0.3333333333333333,1,41.430697
-0.2,1,41.434812
-0.3,1,41.461425
-0.06666666666666667,1,41.467592
-0.2,1,41.476447
-0.25,1,41.481045
-0.1,1,41.486076
-0.25,1,41.491865
-0.3333333333333333,1,41.495882
-0.3333333333333333,1,41.499505
-0.6666666666666666,1,41.503783
-1.0,1,41.508189
-0.6666666666666666,1,41.511938
-0.3333333333333333,1,41.515451
-0.3333333333333333,1,41.519386
-0.2,1,41.524405
-0.1,1,41.528678
-0.25,1,41.535657
-0.3333333333333333,1,41.540711
-0.25,1,41.570022
-0.1,1,41.574917
-0.25,1,41.579379
-0.3,1,41.584441
-0.25,1,41.601279
-0.3333333333333333,1,41.615173
-0.3333333333333333,1,41.623001
-0.6666666666666666,1,41.629617
-0.3333333333333333,1,41.634535
0.0,1,41.645166
-1.0,1,41.653657
-1.0,1,41.667408
-0.6666666666666666,1,41.671864
-0.3333333333333333,1,41.676288
-0.6666666666666666,1,41.680254
-0.5555555555555556,1,41.683996
-0.3333333333333333,1,41.687955
-0.3333333333333333,1,41.692339
-0.3333333333333333,1,41.696388
-0.3333333333333333,1,41.700424
-0.3333333333333333,1,41.704324
-0.5,1,41.709233
-0.3333333333333333,1,41.719951
-0.3333333333333333,1,41.725673
-0.3333333333333333,1,41.730237
-0.06666666666666667,1,41.734711
-0.2,1,41.742894
-0.16666666666666666,1,41.747226
-0.2222222222222222,1,41.751282
-0.2,1,41.756065
0.0,1,41.760122
-1.0,1,41.764103
-0.5,1,41.76772
-0.3333333333333333,1,41.772448
-0.25,1,41.776672
-0.2,1,41.780516
-0.2,1,41.784693
-0.2,1,41.789357
-0.2,1,41.793523
-0.2222222222222222,1,41.797444
-0.16666666666666666,1,41.801513
0.0,1,41.805484
-1.0,1,41.809893
-1.0,1,41.814226
-1.0,1,41.818204
-0.5,1,41.822698
-1.0,1,41.827215
-1.0,1,41.831673
-1.0,1,41.83565
-1.0,1,41.840077
-0.6666666666666666,1,41.844859
-0.3333333333333333,1,41.848777
-0.3333333333333333,1,41.852881
-0.25,1,41.866011
-0.3333333333333333,1,41.870959
-0.3333333333333333,1,41.876603
-0.1,1,41.880675
-0.25,1,41.884462
-0.2,1,41.888145
-0.25,1,41.892204
-0.3333333333333333,1,41.896646
-0.3333333333333333,1,41.900491
-0.1,1,41.904375
-0.2,1,41.908648
-0.2,1,41.912507
-0.2,1,41.916335
-0.4,1,41.920832
-0.25,1,41.925335
-0.4,1,41.92875
-0.06666666666666667,1,41.932137
-0.16666666666666666,1,41.935561
-0.5555555555555556,1,41.939246
-0.6666666666666666,1,41.944046
-0.3333333333333333,1,41.947584
0.0,1,41.950862
-1.0,1,41.955061
-1.0,1,41.959036
-1.0,1,41.963033
-1.0,1,41.96672
-1.0,1,41.971585
-0.3333333333333333,1,41.975989
-0.3333333333333333,1,41.979939
-0.2,1,41.98401
-0.3333333333333333,1,41.990427
-0.5555555555555556,1,41.996294
-0.16666666666666666,1,42.002696
-0.2,1,42.014909
-0.2,1,42.036099
-0.25,1,42.045343
-0.3333333333333333,1,42.050647
-0.25,1,42.054809
-0.1,1,42.059332
-0.125,1,42.063442
-0.3,1,42.067398
-0.16666666666666666,1,42.071659
-0.1,1,42.075997
-0.25,1,42.080156
-0.1,1,42.084457
-0.25,1,42.089368
-0.16666666666666666,1,42.093749
-0.06666666666666667,1,42.097927
-0.3333333333333333,1,42.10233
-0.5,1,42.106799
-0.3333333333333333,1,42.112715
-0.25,1,42.117419
0.0,1,42.122119
-1.0,1,42.126474
-1.0,1,42.130524
-1.0,1,42.134631
-0.75,1,42.138899
-1.0,1,42.14336
-0.75,1,42.146783
-0.3333333333333333,1,42.150033
-0.2,1,42.154547
0.0,1,42.160035
-1.0,1,42.167112
-1.0,1,42.171512
-0.3333333333333333,1,42.175794
-0.3333333333333333,1,42.17989
-0.3333333333333333,1,42.183993
-0.5555555555555556,1,42.187679
-0.3333333333333333,1,42.191613
-1.0,1,42.195153
-1.0,1,42.198827
-1.0,1,42.202745
-1.0,1,42.206688
-0.3333333333333333,1,42.210597
-0.16666666666666666,1,42.214598
-0.125,1,42.218678
-0.3333333333333333,1,42.222761
-0.7777777777777778,1,42.226916
-0.3333333333333333,1,42.230678
-0.3333333333333333,1,42.234513
-1.0,1,42.238646
-1.0,1,42.242999
-0.6666666666666666,1,42.247217
-0.3333333333333333,1,42.25183
-0.6666666666666666,1,42.255756
-0.3333333333333333,1,42.259995
-0.6666666666666666,1,42.263708
-0.5,1,42.267357
-0.16666666666666666,1,42.271623
-0.125,1,42.275615
-0.16666666666666666,1,42.279768
-0.25,1,42.283697
-0.2,1,42.287426
-0.16666666666666666,1,42.291993
0.0,1,42.296303
-1.0,1,42.299767
-0.5,1,42.303623
-0.6666666666666666,1,42.307188
-0.5,1,42.324558
-0.4,1,42.329975
-0.06666666666666667,1,42.339991
-0.2222222222222222,1,42.350234
-0.16666666666666666,1,42.361552
-0.4,1,42.365909
-0.2,1,42.372528
-0.3333333333333333,1,42.376905
-0.5,1,42.381108
0.0,1,42.385496
-1.0,1,42.390489
-1.0,1,42.395292
-1.0,1,42.399534
-0.75,1,42.403698
-0.16666666666666666,1,42.408523
-0.125,1,42.413333
-0.3,1,42.4176
-0.06666666666666667,1,42.42231
-0.16666666666666666,1,42.426911
-0.125,1,42.430982
-0.3,1,42.435113
-0.125,1,42.440016
-0.3,1,42.444671
-0.16666666666666666,1,42.448797
-0.2,1,42.452926
-0.125,1,42.457206
-0.3,1,42.461656
-0.16666666666666666,1,42.465456
-0.3,1,42.469341
-0.12,1,42.47312
-0.06666666666666667,1,42.47681
-0.2,1,42.480596
-0.06666666666666667,1,42.484447
-0.12,1,42.488929
-0.2,1,42.492965
-0.25,1,42.497249
-0.1,1,42.501432
-0.3333333333333333,1,42.50597
-0.2,1,42.5107
-0.3333333333333333,1,42.515574
-0.16666666666666666,1,42.51983
-0.5,1,42.52697
-0.4,1,42.532075
-0.06666666666666667,1,42.535804
-0.2222222222222222,1,42.539905
-0.3333333333333333,1,42.544656
-0.2,1,42.548366
-0.16666666666666666,1,42.552247
-0.06666666666666667,1,42.555908
-0.16666666666666666,1,42.560434
-0.06666666666666667,1,42.563905
-0.12,1,42.567422
-0.06666666666666667,1,42.571284
-0.12,1,42.575766
-0.06666666666666667,1,42.580212
-0.16666666666666666,1,42.584203
-0.3,1,42.588201
-0.2,1,42.592881
-0.3,1,42.597177
-0.125,1,42.601343
-0.16666666666666666,1,42.606073
-0.125,1,42.61109
-0.16666666666666666,1,42.616358
-0.3333333333333333,1,42.62115
0.0,1,42.637789
-1.0,1,42.645143
-1.0,1,42.652707
-0.6666666666666666,1,42.657302
-0.5,1,42.662548
-0.6666666666666666,1,42.666912
-1.0,1,42.670871
-1.0,1,42.67523
-1.0,1,42.67999
-0.6666666666666666,1,42.684284
-0.3333333333333333,1,42.688109
-0.6666666666666666,1,42.69295
-0.3333333333333333,1,42.697372
-0.3333333333333333,1,42.701452
-0.25,1,42.70575
-0.3333333333333333,1,42.710977
-0.3333333333333333,1,42.715729
-0.16666666666666666,1,42.720315
-0.5,1,42.725109
-0.3333333333333333,1,42.729705
-0.125,1,42.733959
-0.16666666666666666,1,42.738637
-0.06666666666666667,1,42.743384
-0.3,1,42.747303
-0.2,1,42.751053
-0.2,1,42.75491
-0.125,1,42.758872
-0.16666666666666666,1,42.76276
-0.2,1,42.766522
-0.2222222222222222,1,42.771172
-0.2,1,42.775119
-0.2,1,42.778927
-1.0,1,42.782479
-0.4,1,42.786044
-0.2,1,42.789805
-0.2,1,42.794012
-0.25,1,42.797879
-0.2,1,42.801968
-0.16666666666666666,1,42.805762
-0.2222222222222222,1,42.809712
-0.16666666666666666,1,42.81318
-0.4,1,42.816875
-0.2,1,42.820701
-0.2,1,42.825495
-0.25,1,42.829687
-0.2,1,42.833379
-0.2,1,42.83703
-0.4,1,42.840967
-0.25,1,42.845558
-0.6666666666666666,1,42.849414
-0.25,1,42.853611
-0.3333333333333333,1,42.857494
-0.3333333333333333,1,42.861393
-0.3333333333333333,1,42.866187
-0.25,1,42.869805
-0.2,1,42.87365
-0.3333333333333333,1,42.876959
-0.2,1,42.881006
-0.25,1,42.885017
-0.3,1,42.888719
-0.125,1,42.892785
-0.3333333333333333,1,42.897262
-0.25,1,42.900922
-0.1,1,42.905031
-0.16666666666666666,1,42.908585
-0.06666666666666667,1,42.912426
-0.2,1,42.917004
-0.2,1,42.922104
-0.3333333333333333,1,42.926003
-0.2,1,42.930279
-0.25,1,42.934
-0.3333333333333333,1,42.938259
-0.5,1,42.942294
-0.3333333333333333,1,42.945903
-0.125,1,42.950116
-0.2,1,42.954501
-0.25,1,42.958538
-0.2,1,42.962509
-0.12,1,42.967306
-0.2,1,42.97227
-0.2,1,42.977192
-0.2222222222222222,1,42.981973
-0.3333333333333333,1,42.985928
-0.2,1,42.990021
-0.3333333333333333,1,42.993484
-0.3333333333333333,1,42.998654
-0.25,1,43.002416
-1.0,1,43.006357
-0.5,1,43.009619
-0.16666666666666666,1,43.013696
-0.06666666666666667,1,43.017374
-0.16666666666666666,1,43.020885
-0.5,1,43.024412
-1.0,1,43.02788
-0.75,1,43.031344
-0.3333333333333333,1,43.035176
-0.75,1,43.038516
-1.0,1,43.042242
-0.75,1,43.047129
-0.16666666666666666,1,43.050898
-0.06666666666666667,1,43.055238
-0.3333333333333333,1,43.058817
-0.06666666666666667,1,43.063532
-0.16666666666666666,1,43.067964
-0.125,1,43.072329
-0.2,1,43.076298
-0.2,1,43.07999
-0.2222222222222222,1,43.084352
-0.2,1,43.088816
-0.2,1,43.093212
-0.12,1,43.09744
-0.2,1,43.101639
-0.2,1,43.107392
-0.4,1,43.111894
-0.75,1,43.115644
-1.0,1,43.119537
-1.0,1,43.123411
-1.0,1,43.128877
-0.5555555555555556,1,43.133633
-0.3333333333333333,1,43.13756
-0.06666666666666667,1,43.141106
-0.4,1,43.145554
-0.06666666666666667,1,43.14942
-0.2,1,43.153034
-0.25,1,43.156767
-0.3,1,43.16088
-0.12,1,43.164892
-0.2,1,43.168912
-0.16666666666666666,1,43.180698
-0.2,1,43.189123
-0.12,1,43.19404
-0.06666666666666667,1,43.199004
-0.12,1,43.20383
-0.2,1,43.207984
-0.2,1,43.212208
-0.2,1,43.216587
-0.25,1,43.221308
-0.3333333333333333,1,43.22549
-0.3333333333333333,1,43.229882
0.0,1,43.234322
-1.0,1,43.238675
-1.0,1,43.243095
-1.0,1,43.247442
-0.3333333333333333,1,43.251829
-0.3333333333333333,1,43.25633
-0.7777777777777778,1,43.260701
-0.6666666666666666,1,43.265389
-1.0,1,43.269442
-0.6666666666666666,1,43.27372
-0.3333333333333333,1,43.277937
-0.16666666666666666,1,43.282641
-0.2,1,43.286521
-0.3333333333333333,1,43.289804
-0.3333333333333333,1,43.293813
-0.6666666666666666,1,43.298149
-1.0,1,43.302057
-0.6666666666666666,1,43.306285
-0.3333333333333333,1,43.310306
-0.6666666666666666,1,43.315154
-0.75,1,43.319132
-0.6666666666666666,1,43.323098
-1.0,1,43.327447
-0.6666666666666666,1,43.331874
-1.0,1,43.335734
-0.6666666666666666,1,43.340077
-1.0,1,43.34505
-0.3333333333333333,1,43.349744
-0.25,1,43.354767
-0.4,1,43.358547
-0.2,1,43.361939
-0.2222222222222222,1,43.365911
-0.16666666666666666,1,43.369693
-0.06666666666666667,1,43.373972
-0.12,1,43.378825
-0.06666666666666667,1,43.382703
-0.12,1,43.386544
-0.06666666666666667,1,43.42088
-0.16666666666666666,1,43.426735
-0.2222222222222222,1,43.446338
-0.16666666666666666,1,43.450869
-0.2,1,43.461694
-0.2,1,43.467968
-0.2,1,43.473885
0.0,1,43.478823
-1.0,1,43.483141
-1.0,1,43.487059
-0.6666666666666666,1,43.491367
-0.7777777777777778,1,43.495616
-0.3333333333333333,1,43.500621
-0.25,1,43.504325
-0.16666666666666666,1,43.508149
-0.2,1,43.512498
-0.3333333333333333,1,43.516077
0.0,1,43.519783
-1.0,1,43.524016
-1.0,1,43.528345
-1.0,1,43.532528
-1.0,1,43.536242
-1.0,1,43.540183
-1.0,1,43.545064
-0.6666666666666666,1,43.549378
-0.25,1,43.554151
-0.16666666666666666,1,43.55896
-0.5555555555555556,1,43.563524
-0.3333333333333333,1,43.568069
-0.3333333333333333,1,43.572819
-0.2,1,43.578641
-0.3333333333333333,1,43.582509
-0.16666666666666666,1,43.586083
-0.75,1,43.590458
-1.0,1,43.59438
-0.5555555555555556,1,43.598313
-0.3333333333333333,1,43.602141
-0.3333333333333333,1,43.606807
-0.2222222222222222,1,43.610665
-0.16666666666666666,1,43.614272
0.0,1,43.617706
-1.0,1,43.622707
-1.0,1,43.626856
-1.0,1,43.630251
-1.0,1,43.633533
-0.6666666666666666,1,43.639129
-0.5,1,43.643632
-0.16666666666666666,1,43.647346
-0.5,1,43.651093
-1.0,1,43.655598
-0.25,1,43.660005
-0.3333333333333333,1,43.663975
-0.25,1,43.667771
-0.2,1,43.67169
-0.12,1,43.675665
-0.06666666666666667,1,43.679022
-0.16666666666666666,1,43.682776
-0.2,1,43.686187
-0.06666666666666667,1,43.690097
-0.4,1,43.694084
-0.5,1,43.698179
0.0,1,43.702003
-1.0,1,43.705999
-0.5,1,43.710501
-0.6666666666666666,1,43.714598
-1.0,1,43.718507
-0.6666666666666666,1,43.722531
-0.5,1,43.726808
-0.6666666666666666,1,43.731129
-0.3333333333333333,1,43.734787
-0.16666666666666666,1,43.739075
-0.5555555555555556,1,43.743466
-0.3333333333333333,1,43.74806
-0.5,1,43.751827
-0.3333333333333333,1,43.755878
-1.0,1,43.759882
-0.3333333333333333,1,43.763545
-0.5,1,43.76717
-0.3333333333333333,1,43.771586
-0.25,1,43.775621
-0.2,1,43.790256
-0.2,1,43.797636
-0.2,1,43.802008
-0.25,1,43.807053
-0.3333333333333333,1,43.811829
-0.3333333333333333,1,43.816401
-0.16666666666666666,1,43.820818
-0.5555555555555556,1,43.82673
-0.16666666666666666,1,43.831074
-0.25,1,43.835393
0.0,1,43.840091
-1.0,1,43.844591
-1.0,1,43.848788
-1.0,1,43.853232
-0.5,1,43.857862
-1.0,1,43.862573
-0.5,1,43.866876
-0.3333333333333333,1,43.871798
-0.06666666666666667,1,43.876226
-0.3,1,43.880595
-0.06666666666666667,1,43.884762
-0.2222222222222222,1,43.889065
-0.16666666666666666,1,43.893719
-0.2222222222222222,1,43.897721
-0.16666666666666666,1,43.902256
-0.2,1,43.90646
-0.2,1,43.910696
-0.4,1,43.913946
-0.75,1,43.917247
-1.0,1,43.921153
-1.0,1,43.925531
-0.6666666666666666,1,43.928895
-1.0,1,43.932732
-1.0,1,43.93687
-0.5,1,43.94079
-0.4,1,43.944618
-0.3333333333333333,1,43.947979
-0.3333333333333333,1,43.951577
-0.25,1,43.956007
-0.3333333333333333,1,43.959965
-0.25,1,43.963954
-0.2,1,43.967371
-0.12,1,43.971078
-0.06666666666666667,1,43.975116
-0.16666666666666666,1,43.979268
-0.2,1,43.982744
-0.25,1,43.986312
-0.3333333333333333,1,43.990509
-0.25,1,43.994773
-0.16666666666666666,1,43.998472
-0.25,1,44.001818
-0.16666666666666666,1,44.005545
-0.5,1,44.009892
-0.3333333333333333,1,44.013476
-0.25,1,44.017614
-0.1,1,44.02155
-0.16666666666666666,1,44.026592
-0.1,1,44.030552
-0.16666666666666666,1,44.034544
-0.06666666666666667,1,44.037791
-0.12,1,44.042729
-0.2,1,44.046396
-0.2,1,44.049914
-0.2,1,44.053542
0.0,1,44.057201
-1.0,1,44.062504
-0.5,1,44.067855
-0.6666666666666666,1,44.072054
-0.25,1,44.0764
-1.0,1,44.079705
-1.0,1,44.083098
-0.6666666666666666,1,44.087245
-0.3333333333333333,1,44.091049
-0.6666666666666666,1,44.09576
-0.5,1,44.099411
-0.4,1,44.104749
-0.16666666666666666,1,44.10842
-0.2222222222222222,1,44.112788
-0.3333333333333333,1,44.117042
0.0,1,44.121587
-1.0,1,44.125998
-1.0,1,44.129687
-0.6666666666666666,1,44.133697
-0.7777777777777778,1,44.137791
-0.6666666666666666,1,44.142952
-0.3333333333333333,1,44.146986
-0.6666666666666666,1,44.150368
-0.5,1,44.15435
-0.3333333333333333,1,44.159068
-0.3333333333333333,1,44.163273
0.0,1,44.166746
-1.0,1,44.170695
-1.0,1,44.17435
-0.6666666666666666,1,44.179816
-0.5,1,44.184943
-0.3333333333333333,1,44.189919
-0.2,1,44.19397
0.0,1,44.197368
-1.0,1,44.200928
-1.0,1,44.206194
-0.6666666666666666,1,44.213981
-0.5555555555555556,1,44.219447
-0.16666666666666666,1,44.223341
-0.125,1,44.227854
-0.3333333333333333,1,44.232076
-0.25,1,44.236275
-0.3333333333333333,1,44.240733
-0.25,1,44.245083
-0.3333333333333333,1,44.24969
-0.3333333333333333,1,44.254028
-0.3333333333333333,1,44.257742
-0.3333333333333333,1,44.261866
-0.3333333333333333,1,44.265565
-0.3333333333333333,1,44.269261
-0.3333333333333333,1,44.273555
-0.2,1,44.277867
-0.2,1,44.281655
-0.25,1,44.285569
0.0,1,44.289831
-1.0,1,44.293761
-1.0,1,44.297065
-1.0,1,44.30058
-1.0,1,44.308205
-1.0,1,44.313713
-1.0,1,44.317147
-1.0,1,44.320902
-1.0,1,44.325196
-1.0,1,44.329325
-1.0,1,44.342209
-0.4,1,44.348115
-0.3333333333333333,1,44.354219
-0.3333333333333333,1,44.358931
-0.06666666666666667,1,44.363447
-0.2222222222222222,1,44.367998
-0.2,1,44.372794
-0.2,1,44.377478
-0.2,1,44.381763
-0.4,1,44.385965
-0.06666666666666667,1,44.39052
-0.16666666666666666,1,44.39523
-0.06666666666666667,1,44.399418
-0.2,1,44.403749
-0.06666666666666667,1,44.408096
-0.2222222222222222,1,44.412384
-0.3333333333333333,1,44.416124
-0.2222222222222222,1,44.420028
-0.16666666666666666,1,44.424708
-0.06666666666666667,1,44.429653
-0.16666666666666666,1,44.433672
-0.06666666666666667,1,44.43787
-0.12,1,44.442444
-0.3,1,44.446583
-0.12,1,44.450238
-0.2,1,44.453994
0.0,1,44.457919
-1.0,1,44.461965
-1.0,1,44.465922
-1.0,1,44.469355
-1.0,1,44.473305
-0.2,1,44.49183
-0.25,1,44.497066
-0.3333333333333333,1,44.505128
-0.7777777777777778,1,44.512603
-0.6666666666666666,1,44.517226
-0.25,1,44.521201
-0.2,1,44.525735
-0.5,1,44.530156
-1.0,1,44.534244
-0.75,1,44.538621
-0.6666666666666666,1,44.543372
-0.5,1,44.547572
-0.6666666666666666,1,44.551997
-0.3333333333333333,1,44.556808
-0.3333333333333333,1,44.561621
-0.25,1,44.565948
-0.2,1,44.570878
-0.12,1,44.575779
-0.2,1,44.580627
-0.25,1,44.585195
-0.2,1,44.589641
-0.25,1,44.594281
-0.3333333333333333,1,44.598946
-0.75,1,44.603199
-0.4,1,44.61122
-0.2,1,44.61627
-0.3333333333333333,1,44.621847
-0.3333333333333333,1,44.626323
0.0,1,44.629989
-1.0,1,44.633729
-1.0,1,44.637569
-0.6666666666666666,1,44.641432
-1.0,1,44.645633
-0.6666666666666666,1,44.648841
-0.25,1,44.652215
-0.2,1,44.655772
-0.25,1,44.659984
-0.3333333333333333,1,44.66398
-0.25,1,44.667654
-0.2,1,44.672271
-0.125,1,44.676914
-0.3333333333333333,1,44.683348
-0.2,1,44.687429
-0.3333333333333333,1,44.692082
-0.5,1,44.695576
-0.16666666666666666,1,44.699088
-0.5,1,44.702423
-0.2,1,44.705919
-0.5,1,44.712315
-0.3333333333333333,1,44.719204
-0.25,1,44.724133
-0.3333333333333333,1,44.728286
-0.7777777777777778,1,44.732194
-0.3333333333333333,1,44.735853
-0.25,1,44.74031
-0.2,1,44.755246
-0.16666666666666666,1,44.765977
-0.06666666666666667,1,44.774062
-0.16666666666666666,1,44.779026
-0.06666666666666667,1,44.800359
-0.12,1,44.811201
-0.06666666666666667,1,44.815834
-0.12,1,44.820837
-0.2,1,44.825503
-0.25,1,44.829803
-0.2,1,44.834617
-0.2,1,44.839511
-0.2222222222222222,1,44.844957
-0.16666666666666666,1,44.849356
-0.2222222222222222,1,44.853901
-0.06666666666666667,1,44.858568
-0.16666666666666666,1,44.863898
-0.3333333333333333,1,44.873257
-0.2222222222222222,1,44.877686
-0.3333333333333333,1,44.898209
-0.2,1,44.915783
-0.3333333333333333,1,44.930868
-0.2,1,44.936431
-0.12,1,44.944115
-0.06666666666666667,1,44.948704
-0.12,1,44.956035
-0.3,1,44.961065
-0.06666666666666667,1,44.965807
-0.3333333333333333,1,44.970415
-0.2,1,44.97521
-0.2222222222222222,1,44.979981
-0.16666666666666666,1,44.984108
-0.2222222222222222,1,44.988435
-0.16666666666666666,1,44.99271
-0.2222222222222222,1,44.996763
-0.16666666666666666,1,45.001166
0.0,1,45.009451
-1.0,1,45.013815
-1.0,1,45.018559
-1.0,1,45.034992
-1.0,1,45.058046
-1.0,1,45.064295
-1.0,1,45.082793
-1.0,1,45.087021
-1.0,1,45.091319
-0.6666666666666666,1,45.095868
-0.3333333333333333,1,45.100284
-0.6666666666666666,1,45.10449
-0.25,1,45.109425
-0.6666666666666666,1,45.114418
-0.3333333333333333,1,45.118596
-0.3333333333333333,1,45.122977
-0.3333333333333333,1,45.127335
-0.3333333333333333,1,45.131728
-0.3333333333333333,1,45.136328
0.0,1,45.141786
-1.0,1,45.146322
-1.0,1,45.150558
-1.0,1,45.155433
-1.0,1,45.160894
-0.6666666666666666,1,45.165223
-1.0,1,45.169198
-0.6666666666666666,1,45.173867
-0.3333333333333333,1,45.178556
-0.6666666666666666,1,45.182469
-0.75,1,45.186977
-1.0,1,45.192128
-0.5555555555555556,1,45.19681
-0.3333333333333333,1,45.200857
-0.3333333333333333,1,45.20522
-0.1,1,45.210147
-0.25,1,45.214209
-0.3333333333333333,1,45.218512
-0.5,1,45.231197
-0.3333333333333333,1,45.235618
-0.3333333333333333,1,45.240044
-0.6666666666666666,1,45.244228
-0.3333333333333333,1,45.248322
-0.6666666666666666,1,45.252772
-0.3333333333333333,1,45.256817
-0.6666666666666666,1,45.260908
-0.3333333333333333,1,45.265219
-1.0,1,45.269533
-0.3333333333333333,1,45.273762
-0.3333333333333333,1,45.277783
-0.5555555555555556,1,45.282274
-1.0,1,45.286105
-1.0,1,45.289814
-1.0,1,45.293804
-0.75,1,45.298514
-0.3333333333333333,1,45.302818
-0.125,1,45.30709
-0.3,1,45.311538
-0.06666666666666667,1,45.316105
-0.3,1,45.320422
-0.16666666666666666,1,45.324657
-0.2,1,45.330151
-0.12,1,45.334689
-0.2,1,45.338825
-0.16666666666666666,1,45.343102
-0.06666666666666667,1,45.347904
-0.16666666666666666,1,45.352608
-0.2222222222222222,1,45.3574
-0.3333333333333333,1,45.362717
-0.2222222222222222,1,45.367125
-0.16666666666666666,1,45.371474
-0.4,1,45.375681
-0.25,1,45.380396
-0.3333333333333333,1,45.384973
-0.3333333333333333,1,45.388939
-0.16666666666666666,1,45.393294
-0.2,1,45.397784
-0.4,1,45.402104
-0.16666666666666666,1,45.406364
-0.2222222222222222,1,45.416002
-0.16666666666666666,1,45.426689
-0.06666666666666667,1,45.433084
-0.16666666666666666,1,45.439712
-0.06666666666666667,1,45.444256
-0.16666666666666666,1,45.448424
-0.2,1,45.452558
-0.125,1,45.456481
-0.16666666666666666,1,45.461084
-0.3333333333333333,1,45.465464
-0.2222222222222222,1,45.472036
-0.2,1,45.480506
-0.2,1,45.485533
-0.25,1,45.489391
-0.3333333333333333,1,45.493496
-0.5,1,45.497774
0.0,1,45.502272
-1.0,1,45.506211
-1.0,1,45.510389
-1.0,1,45.515047
-1.0,1,45.518872
-0.6666666666666666,1,45.522471
-0.25,1,45.525902
-0.3333333333333333,1,45.530552
-0.3333333333333333,1,45.534611
-0.16666666666666666,1,45.538848
-0.5,1,45.542866
-0.6666666666666666,1,45.54801
-0.5,1,45.552577
-1.0,1,45.556553
-1.0,1,45.560502
-0.6666666666666666,1,45.572711
-0.25,1,45.580997
-0.3333333333333333,1,45.592514
-0.3333333333333333,1,45.598207
-0.1,1,45.605168
-0.25,1,45.609868
-0.1,1,45.614666
-0.25,1,45.618921
-0.3333333333333333,1,45.623468
-0.25,1,45.628937
-0.6666666666666666,1,45.633517
-0.3333333333333333,1,45.637519
-0.16666666666666666,1,45.642009
-0.5555555555555556,1,45.646542
-1.0,1,45.650599
-0.3333333333333333,1,45.654507
-1.0,1,45.658427
-0.3333333333333333,1,45.662461
-0.3333333333333333,1,45.666534
-0.3333333333333333,1,45.671022
-0.3333333333333333,1,45.677754
-0.25,1,45.682569
-0.3333333333333333,1,45.688735
-0.2,1,45.692831
-0.3333333333333333,1,45.697437
-0.25,1,45.712572
-0.3333333333333333,1,45.716882
-0.25,1,45.722144
-0.3333333333333333,1,45.726349
-0.25,1,45.730537
-0.3333333333333333,1,45.734538
-0.25,1,45.738738
-0.1,1,45.743151
-0.3333333333333333,1,45.747728
-0.3333333333333333,1,45.75204
-0.25,1,45.75606
-0.3,1,45.7601
-0.12,1,45.764723
-0.2,1,45.769214
-0.25,1,45.77351
-0.3333333333333333,1,45.777881
-0.25,1,45.78266
-0.3333333333333333,1,45.787251
-1.0,1,45.79131
-1.0,1,45.79629
-1.0,1,45.800814
-1.0,1,45.805075
-1.0,1,45.809028
-1.0,1,45.812924
-1.0,1,45.817069
-0.6666666666666666,1,45.821199
-0.7777777777777778,1,45.825486
-0.6666666666666666,1,45.830032
-1.0,1,45.834067
-1.0,1,45.838341
-0.5,1,45.842187
-0.4,1,45.846264
-0.5,1,45.85076
-0.3333333333333333,1,45.8551
0.0,1,45.85966
-1.0,1,45.863478
-1.0,1,45.867479
-0.3333333333333333,1,45.871562
-0.3333333333333333,1,45.875835
-0.3333333333333333,1,45.879732
-0.3333333333333333,1,45.883091
-0.3333333333333333,1,45.88664
-0.2,1,45.890883
-0.2,1,45.894412
0.0,1,45.897505
-1.0,1,45.900601
-1.0,1,45.90429
-0.6666666666666666,1,45.908439
-0.3333333333333333,1,45.911832
-0.3333333333333333,1,45.915102
-0.25,1,45.918589
-0.2,1,45.924525
-0.16666666666666666,1,45.928607
-0.2222222222222222,1,45.932253
-0.2,1,45.936162
-0.4,1,45.940288
-0.16666666666666666,1,45.945086
-0.4,1,45.949166
-0.2,1,45.954071
-0.1,1,45.958378
-0.2,1,45.962569
-0.1,1,45.966129
-0.125,1,45.969776
-0.3,1,45.973284
-0.2,1,45.977425
-0.2,1,45.981225
-0.25,1,45.985149
-0.1,1,45.988771
-0.16666666666666666,1,45.992952
0.0,1,45.996728
-1.0,1,46.00031
-0.5,1,46.004482
-0.6666666666666666,1,46.008784
-0.3333333333333333,1,46.012846
-0.16666666666666666,1,46.01679
-0.25,1,46.021033
-0.3333333333333333,1,46.025223
-0.5,1,46.029132
-0.16666666666666666,1,46.033201
-0.06666666666666667,1,46.037933
-0.3333333333333333,1,46.042243
-0.2,1,46.046583
-0.2,1,46.05022
-0.16666666666666666,1,46.054891
-0.2,1,46.059166
-0.12,1,46.063849
-0.2,1,46.067694
-0.3333333333333333,1,46.071834
-0.2,1,46.076123
-0.5,1,46.079695
-0.3333333333333333,1,46.083424
-0.25,1,46.086977
0.0,1,46.090689
-1.0,1,46.09475
-1.0,1,46.098007
-1.0,1,46.101698
-1.0,1,46.106643
-1.0,1,46.111452
-1.0,1,46.115379
-1.0,1,46.119727
-0.5,1,46.126079
-1.0,1,46.130619
-1.0,1,46.134508
-0.3333333333333333,1,46.138832
-0.3333333333333333,1,46.143119
-0.3333333333333333,1,46.147426
-0.3333333333333333,1,46.152355
-0.6666666666666666,1,46.157966
-0.5,1,46.164034
-0.6666666666666666,1,46.171988
-0.5,1,46.183023
-0.6666666666666666,1,46.195808
-0.5,1,46.209186
-0.2,1,46.221027
-0.2,1,46.230308
-0.1,1,46.238048
-0.25,1,46.245742
-0.16666666666666666,1,46.25725
-0.06666666666666667,1,46.267151
-0.16666666666666666,1,46.27644
-0.75,1,46.284638
-0.16666666666666666,1,46.288972
-0.3333333333333333,1,46.292855
-0.6666666666666666,1,46.296483
-0.3333333333333333,1,46.299867
0.0,1,46.30474
-1.0,1,46.309728
-0.5,1,46.313265
-0.6666666666666666,1,46.325894
-1.0,1,46.332467
-1.0,1,46.337816
-0.5555555555555556,1,46.342786
-0.3333333333333333,1,46.34743
-0.25,1,46.352134
-0.3333333333333333,1,46.35708
-0.3333333333333333,1,46.362028
-0.2,1,46.366013
-0.2,1,46.370304
-0.2,1,46.374674
-0.06666666666666667,1,46.379505
-0.3333333333333333,1,46.383871
-0.25,1,46.388508
-0.2,1,46.393036
-0.06666666666666667,1,46.397094
-0.2222222222222222,1,46.401213
-0.16666666666666666,1,46.405482
-1.0,1,46.409721
-1.0,1,46.414003
-1.0,1,46.418122
-1.0,1,46.422574
-1.0,1,46.42683
-1.0,1,46.430941
-1.0,1,46.434582
-1.0,1,46.438267
-1.0,1,46.442714
-1.0,1,46.446644
-1.0,1,46.450932
-1.0,1,46.454317
-1.0,1,46.458427
-1.0,1,46.462732
-1.0,1,46.466041
-1.0,1,46.469563
-1.0,1,46.473881
-0.5,1,46.478612
-0.16666666666666666,1,46.482684
-0.3333333333333333,1,46.486917
-0.16666666666666666,1,46.491988
-0.3333333333333333,1,46.496127
-0.16666666666666666,1,46.500331
-0.5555555555555556,1,46.5048
-0.3333333333333333,1,46.509626
-0.3333333333333333,1,46.513837
-0.2222222222222222,1,46.517762
-0.3333333333333333,1,46.52226
-0.2222222222222222,1,46.52771
-0.16666666666666666,1,46.538801
-0.3,1,46.543046
-0.25,1,46.54714
-0.3333333333333333,1,46.550932
-0.2,1,46.555404
-0.2,1,46.559987
-0.2,1,46.563877
-0.3333333333333333,1,46.567664
-0.2,1,46.572083
-0.4,1,46.576088
-0.2,1,46.580332
-0.4,1,46.584331
-0.16666666666666666,1,46.588245
-0.4,1,46.59287
-0.2,1,46.597166
-0.3333333333333333,1,46.601032
-0.5,1,46.604848
0.0,1,46.609135
-1.0,1,46.613403
-1.0,1,46.617925
-1.0,1,46.621514
-1.0,1,46.625034
-1.0,1,46.62862
-0.5,1,46.632787
-0.4,1,46.639027
-0.16666666666666666,1,46.646164
-0.2222222222222222,1,46.651819
-0.16666666666666666,1,46.657393
-0.06666666666666667,1,46.662435
-0.2,1,46.667956
-0.2,1,46.674299
-0.3333333333333333,1,46.680281
-0.2222222222222222,1,46.685387
-0.2,1,46.692596
-0.2,1,46.697281
-0.16666666666666666,1,46.701283
-1.0,1,46.705384
-0.16666666666666666,1,46.709927
-0.4,1,46.714059
-0.2,1,46.718384
-0.1,1,46.722811
-0.2,1,46.728005
-0.3333333333333333,1,46.732634
-0.7777777777777778,1,46.737126
-0.3333333333333333,1,46.742172
-0.2,1,46.746411
-0.2,1,46.750773
-0.3333333333333333,1,46.75502
-0.1,1,46.760027
-0.25,1,46.764383
-0.2,1,46.768553
-0.12,1,46.772804
-0.06666666666666667,1,46.777423
-0.12,1,46.781347
-0.06666666666666667,1,46.78587
-0.16666666666666666,1,46.791354
-0.06666666666666667,1,46.795225
-0.16666666666666666,1,46.798506
-0.06666666666666667,1,46.802224
-0.12,1,46.806129
-0.06666666666666667,1,46.810202
-0.16666666666666666,1,46.81354
0.0,1,46.81725
-1.0,1,46.8212
-1.0,1,46.826154
-1.0,1,46.830177
-0.5,1,46.833715
-1.0,1,46.838168
-0.25,1,46.842346
-1.0,1,46.845923
-0.25,1,46.849852
-0.2,1,46.854107
-1.0,1,46.858392
-0.4,1,46.862851
-0.5,1,46.866529
-0.3333333333333333,1,46.870615
-0.25,1,46.875209
-0.1,1,46.879278
-0.2,1,46.884282
0.0,1,46.888479
-1.0,1,46.894034
-1.0,1,46.911736
-1.0,1,46.916397
-1.0,1,46.922006
-1.0,1,46.9273
-1.0,1,46.931961
-1.0,1,46.936401
-1.0,1,46.941211
-1.0,1,46.945901
-1.0,1,46.94999
-0.6666666666666666,1,46.95467
-1.0,1,46.95953
-0.6666666666666666,1,46.963698
-1.0,1,46.967561
-1.0,1,46.97192
-0.25,1,46.977054
-0.6666666666666666,1,46.981346
-0.3333333333333333,1,46.985651
-0.3333333333333333,1,46.990189
-0.25,1,46.994964
-0.3333333333333333,1,46.998939
-0.2,1,47.003186
-0.2222222222222222,1,47.007978
-0.16666666666666666,1,47.012619
-0.2222222222222222,1,47.016586
-0.3333333333333333,1,47.021402
-0.2222222222222222,1,47.026387
-0.3333333333333333,1,47.031033
-0.4,1,47.034913
-0.5,1,47.03867
-1.0,1,47.04294
-1.0,1,47.046902
-1.0,1,47.050683
-0.5,1,47.055225
-0.6666666666666666,1,47.059559
-1.0,1,47.063967
-1.0,1,47.06825
-1.0,1,47.072081
-1.0,1,47.076827
-0.5,1,47.0809
-0.16666666666666666,1,47.084735
-0.5555555555555556,1,47.088492
-1.0,1,47.092671
-0.3333333333333333,1,47.096486
-0.3333333333333333,1,47.099913
-0.3333333333333333,1,47.103325
-0.3333333333333333,1,47.107096
-0.2,1,47.11096
-0.4,1,47.114761
-0.5,1,47.119175
-0.4,1,47.123303
-0.5,1,47.127988
-0.6666666666666666,1,47.13258
-0.5555555555555556,1,47.137708
-1.0,1,47.142187
-1.0,1,47.146686
-1.0,1,47.15102
-1.0,1,47.154638
-0.6666666666666666,1,47.158706
-1.0,1,47.163157
-0.3333333333333333,1,47.167039
-1.0,1,47.171338
-1.0,1,47.17505
-1.0,1,47.179058
-0.6666666666666666,1,47.183049
-0.25,1,47.187027
-1.0,1,47.190585
-0.5,1,47.195335
-0.6666666666666666,1,47.198985
-0.3333333333333333,1,47.203225
-0.3333333333333333,1,47.208159
-0.2,1,47.212219
-0.3333333333333333,1,47.215909
-0.25,1,47.219403
-0.3333333333333333,1,47.223759
-0.3333333333333333,1,47.227578
-0.3333333333333333,1,47.231101
-0.3333333333333333,1,47.234489
-0.2,1,47.238708
-0.06666666666666667,1,47.244049
-0.3,1,47.248175
-0.125,1,47.252331
-0.3,1,47.266966
-0.06666666666666667,1,47.271423
-0.2,1,47.275839
-0.06666666666666667,1,47.280241
-0.2222222222222222,1,47.283967
-0.16666666666666666,1,47.287988
-0.06666666666666667,1,47.291833
-0.2,1,47.296393
-0.2,1,47.300127
-0.25,1,47.303912
-0.3333333333333333,1,47.307773
-0.3333333333333333,1,47.312139
-0.2222222222222222,1,47.315677
-0.2,1,47.319387
-0.2,1,47.32311
-0.125,1,47.327335
-0.3,1,47.331593
-0.12,1,47.335469
-0.2,1,47.339201
-0.16666666666666666,1,47.343816
-0.3,1,47.347686
-0.16666666666666666,1,47.351148
-0.06666666666666667,1,47.356047
-0.2,1,47.359995
-0.06666666666666667,1,47.364293
-0.2,1,47.367921
0.0,1,47.373066
-1.0,1,47.377182
-0.5,1,47.381415
-0.3333333333333333,1,47.385427
-1.0,1,47.390596
-0.6666666666666666,1,47.39458
-0.3333333333333333,1,47.398269
-0.6666666666666666,1,47.40212
-1.0,1,47.4064
-0.6666666666666666,1,47.410778
-0.3333333333333333,1,47.414421
0.0,1,47.417903
-1.0,1,47.42155
-1.0,1,47.425789
-0.3333333333333333,1,47.429574
-0.3333333333333333,1,47.433238
-0.6666666666666666,1,47.436715
-0.5,1,47.441337
-1.0,1,47.445786
-1.0,1,47.449645
-1.0,1,47.453942
-1.0,1,47.471419
-1.0,1,47.480224
-1.0,1,47.484927
-0.2,1,47.49031
-1.0,1,47.49532
-1.0,1,47.499668
-1.0,1,47.503847
-0.6666666666666666,1,47.508037
-0.3333333333333333,1,47.512601
-0.3333333333333333,1,47.516784
-0.25,1,47.520774
-0.3333333333333333,1,47.524984
-0.25,1,47.529429
-0.3333333333333333,1,47.533699
-0.3333333333333333,1,47.537661
-0.6666666666666666,1,47.542079
-1.0,1,47.546233
-1.0,1,47.550013
-1.0,1,47.553941
-1.0,1,47.558264
-1.0,1,47.562956
-0.6666666666666666,1,47.566844
-0.5,1,47.571294
-0.6666666666666666,1,47.575413
-0.3333333333333333,1,47.579601
-0.3333333333333333,1,47.583848
-0.5,1,47.588017
-0.4,1,47.592226
-0.3333333333333333,1,47.597326
-0.1,1,47.601603
-0.2,1,47.605715
-0.4,1,47.61044
-1.0,1,47.61464
-0.4,1,47.618558
-0.25,1,47.622342
-1.0,1,47.62656
-0.5,1,47.630639
-0.16666666666666666,1,47.634502
-0.125,1,47.638407
-0.3,1,47.642216
-0.125,1,47.646323
-0.3333333333333333,1,47.649904
-0.25,1,47.653253
-0.3333333333333333,1,47.656801
-0.75,1,47.661262
-0.3333333333333333,1,47.665248
-0.75,1,47.668679
-0.16666666666666666,1,47.672473
-0.25,1,47.676277
-0.2,1,47.679993
-0.16666666666666666,1,47.684092
-0.2,1,47.688178
-0.16666666666666666,1,47.692754
-0.2,1,47.69646
-0.25,1,47.700161
-0.2,1,47.703986
-0.16666666666666666,1,47.708589
-0.2,1,47.713122
0.0,1,47.718354
-1.0,1,47.724912
-1.0,1,47.729105
-1.0,1,47.734797
-1.0,1,47.739259
-0.4,1,47.743346
-0.2,1,47.748944
-0.2,1,47.753951
-0.2,1,47.757909
-0.2,1,47.761918
-0.12,1,47.766479
-0.06666666666666667,1,47.770309
-0.16666666666666666,1,47.774538
-0.06666666666666667,1,47.779061
-0.16666666666666666,1,47.784064
-0.1,1,47.788372
-0.3333333333333333,1,47.792529
-0.1,1,47.797255
-0.2,1,47.802044
-0.2,1,47.806233
-0.2,1,47.810446
-0.2,1,47.815207
-0.2,1,47.820095
-0.1,1,47.824864
-0.25,1,47.829589
-0.2,1,47.834387
-0.25,1,47.838654
-0.3,1,47.843483
-0.12,1,47.847924
-0.06666666666666667,1,47.852202
-0.12,1,47.856175
-0.2,1,47.860162
-0.12,1,47.864164
-0.06666666666666667,1,47.868864
-0.2,1,47.87275
-0.1,1,47.876326
-0.2,1,47.88
-0.1,1,47.883916
-0.25,1,47.887798
-0.1,1,47.891555
-0.2,1,47.896375
-0.2,1,47.900553
-0.25,1,47.906277
-0.2,1,47.910163
-0.12,1,47.913743
-0.06666666666666667,1,47.917475
-0.2,1,47.921114
-0.2,1,47.9248
-0.25,1,47.928357
-0.3333333333333333,1,47.932379
-0.25,1,47.936408
-0.3333333333333333,1,47.940444
-0.25,1,47.944295
-1.0,1,47.948774
-1.0,1,47.952962
-1.0,1,47.957308
-0.16666666666666666,1,47.961098
-0.2222222222222222,1,47.965319
-0.16666666666666666,1,47.970136
-0.2,1,47.974496
0.0,1,47.978787
-1.0,1,47.983373
-1.0,1,47.987568
-1.0,1,47.991482
-1.0,1,47.995323
-1.0,1,47.999356
-1.0,1,48.00314
-0.6666666666666666,1,48.007545
-0.3333333333333333,1,48.010772
-0.6666666666666666,1,48.014142
-0.3333333333333333,1,48.028151
0.0,1,48.035552
-1.0,1,48.040582
-1.0,1,48.044556
-1.0,1,48.049538
-1.0,1,48.053779
-0.2,1,48.058383
-0.16666666666666666,1,48.063257
0.0,1,48.067415
-1.0,1,48.07183
-1.0,1,48.076445
-1.0,1,48.080796
-1.0,1,48.085015
-0.3333333333333333,1,48.089334
-1.0,1,48.094305
-1.0,1,48.098723
-0.5555555555555556,1,48.102873
-0.16666666666666666,1,48.106911
-0.125,1,48.11093
-0.2,1,48.115146
-0.12,1,48.119343
-0.2,1,48.123671
-0.25,1,48.127697
-0.3333333333333333,1,48.131594
-0.7777777777777778,1,48.135847
-0.3333333333333333,1,48.14013
-0.75,1,48.144432
-0.3333333333333333,1,48.1489
-0.125,1,48.152694
-0.2,1,48.156633
-0.25,1,48.160355
0.0,1,48.163765
-1.0,1,48.167443
-1.0,1,48.172138
-0.6666666666666666,1,48.175507
-0.5,1,48.179095
-0.4,1,48.183012
-0.06666666666666667,1,48.186884
-0.16666666666666666,1,48.190874
-0.5,1,48.194684
-0.16666666666666666,1,48.199117
-0.06666666666666667,1,48.203565
-0.2,1,48.207817
-0.25,1,48.214057
-0.2,1,48.218516
-0.25,1,48.222323
-0.2,1,48.225787
-0.06666666666666667,1,48.229703
-0.2,1,48.233543
-0.3333333333333333,1,48.237108
-0.2,1,48.24082
-0.25,1,48.244352
-0.2,1,48.248748
-0.16666666666666666,1,48.253065
-0.2,1,48.257326
-0.3333333333333333,1,48.263105
-0.2,1,48.266733
-0.16666666666666666,1,48.27031
-0.2,1,48.27473
0.0,1,48.279368
-1.0,1,48.283329
-1.0,1,48.286781
-0.6666666666666666,1,48.292418
-1.0,1,48.297144
-1.0,1,48.301233
-0.75,1,48.304852
-0.4,1,48.308702
-0.5,1,48.312812
-0.3333333333333333,1,48.316669
-0.06666666666666667,1,48.320561
-0.3333333333333333,1,48.325516
-0.5555555555555556,1,48.33044
-0.6666666666666666,1,48.334314
-1.0,1,48.338237
-1.0,1,48.342181
-0.5,1,48.346701
-0.6666666666666666,1,48.350368
-0.5,1,48.354741
-0.3333333333333333,1,48.369052
-0.5555555555555556,1,48.393108
-0.6666666666666666,1,48.399456
-0.3333333333333333,1,48.41412
-0.16666666666666666,1,48.44799
-0.125,1,48.453094
-0.3,1,48.464854
-0.16666666666666666,1,48.493351
-0.2,1,48.522881
-0.125,1,48.527743
-0.3,1,48.537911
-0.12,1,48.542307
-0.2,1,48.546816
-0.16666666666666666,1,48.550982
-0.06666666666666667,1,48.555469
-0.16666666666666666,1,48.560596
-0.06666666666666667,1,48.565833
-0.16666666666666666,1,48.57023
0.0,1,48.575187
-1.0,1,48.579702
-1.0,1,48.583993
-0.6666666666666666,1,48.588522
-0.3333333333333333,1,48.59325
-0.6666666666666666,1,48.598104
-0.5555555555555556,1,48.602543
-0.16666666666666666,1,48.607101
-0.25,1,48.612309
-0.3333333333333333,1,48.617835
-0.25,1,48.622149
-0.3333333333333333,1,48.627194
-0.25,1,48.631324
-0.2,1,48.635453
-0.25,1,48.639601
-0.16666666666666666,1,48.643349
-0.25,1,48.648061
-0.3333333333333333,1,48.652121
-0.3333333333333333,1,48.655957
-0.3333333333333333,1,48.660177
-0.3333333333333333,1,48.664701
-0.6666666666666666,1,48.668262
-0.3333333333333333,1,48.672187
-0.16666666666666666,1,48.677088
-0.5,1,48.68128
-0.3333333333333333,1,48.685499
-0.3333333333333333,1,48.689353
-0.16666666666666666,1,48.693399
-0.125,1,48.69814
-0.16666666666666666,1,48.703159
-0.125,1,48.709531
-0.3,1,48.713828
-0.06666666666666667,1,48.729295
-0.16666666666666666,1,48.736856
-0.5555555555555556,1,48.745131
-0.16666666666666666,1,48.750419
-0.2,1,48.754863
-0.2,1,48.759678
-0.125,1,48.764483
-0.16666666666666666,1,48.769327
-0.5555555555555556,1,48.774455
-0.16666666666666666,1,48.780019
-0.3333333333333333,1,48.785043
-0.16666666666666666,1,48.789841
-0.5555555555555556,1,48.794983
-0.16666666666666666,1,48.800092
-0.06666666666666667,1,48.804998
-0.2,1,48.812722
-0.2,1,48.819897
-0.3333333333333333,1,48.825847
-0.3333333333333333,1,48.833918
-0.6666666666666666,1,48.840809
-0.5,1,48.84987
-0.16666666666666666,1,48.853782
-0.3333333333333333,1,48.858888
-0.3333333333333333,1,48.864769
-0.25,1,48.868918
-0.16666666666666666,1,48.872807
-0.5555555555555556,1,48.877
-1.0,1,48.881575
-0.3333333333333333,1,48.885602
0.0,1,48.889338
-1.0,1,48.893612
-1.0,1,48.897547
-1.0,1,48.901489
-1.0,1,48.905223
-0.4,1,48.909374
-0.16666666666666666,1,48.913922
-0.2222222222222222,1,48.917909
-0.3333333333333333,1,48.921942
-0.2,1,48.932301
-0.3333333333333333,1,48.936567
-0.3333333333333333,1,48.942646
-0.3333333333333333,1,48.952102
-0.16666666666666666,1,48.957673
-0.25,1,48.961761
-0.2,1,48.966115
-0.2,1,48.969967
-0.2222222222222222,1,48.974262
-0.3333333333333333,1,48.978628
-0.1,1,48.983451
-0.25,1,48.987258
-0.3333333333333333,1,48.990921
-0.5,1,48.995046
-0.4,1,48.998964
-0.3333333333333333,1,49.002749
-0.3333333333333333,1,49.006286
-0.25,1,49.01056
-0.16666666666666666,1,49.015364
-0.3333333333333333,1,49.019521
-0.3333333333333333,1,49.023102
-0.25,1,49.027983
-0.2,1,49.032454
-0.2,1,49.036578
-0.1,1,49.040519
-0.16666666666666666,1,49.049417
-0.2,1,49.060968
-0.25,1,49.071066
-0.1,1,49.07961
-0.25,1,49.084205
-0.3333333333333333,1,49.087581
-0.125,1,49.091154
-0.16666666666666666,1,49.09528
-0.25,1,49.099509
-0.2,1,49.103015
-0.16666666666666666,1,49.10672
-0.06666666666666667,1,49.111819
-0.2,1,49.115518
-0.06666666666666667,1,49.119027
-0.16666666666666666,1,49.12259
0.0,1,49.127197
-1.0,1,49.131328
-1.0,1,49.134749
-1.0,1,49.137923
-1.0,1,49.141433
-0.6666666666666666,1,49.145177
-1.0,1,49.148728
-1.0,1,49.152148
-1.0,1,49.155356
-1.0,1,49.159783
-0.5,1,49.163608
-0.3333333333333333,1,49.167184
-0.5,1,49.170433
-0.2,1,49.174173
-0.2,1,49.182028
-0.2,1,49.195266
-0.25,1,49.200361
-0.3,1,49.204776
-0.125,1,49.21044
-0.3,1,49.223083
-0.12,1,49.231945
-0.06666666666666667,1,49.239979
-0.16666666666666666,1,49.251362
-0.06666666666666667,1,49.262639
-0.2,1,49.269591
0.0,1,49.273968
-1.0,1,49.287689
-1.0,1,49.29834
-1.0,1,49.304373
-1.0,1,49.30925
-0.6666666666666666,1,49.313292
-0.5,1,49.320501
-0.2,1,49.331758
-0.2,1,49.336772
-0.2,1,49.344818
-0.25,1,49.349523
-0.2,1,49.353688
-0.12,1,49.358918
-0.2,1,49.363285
-0.12,1,49.367386
-0.06666666666666667,1,49.371711
-0.12,1,49.375818
-0.06666666666666667,1,49.380172
-0.12,1,49.384199
-0.2,1,49.388197
-0.16666666666666666,1,49.392934
-0.2,1,49.397084
-0.12,1,49.401458
-0.2,1,49.405572
0.0,1,49.410399
-1.0,1,49.426172
-1.0,1,49.432587
-1.0,1,49.436866
-1.0,1,49.442869
-0.6666666666666666,1,49.447525
-0.3333333333333333,1,49.451798
-0.16666666666666666,1,49.455947
-0.5555555555555556,1,49.46033
-0.3333333333333333,1,49.465359
-0.06666666666666667,1,49.469548
-0.16666666666666666,1,49.472831
-0.25,1,49.47689
-0.3,1,49.481152
-0.16666666666666666,1,49.485075
-0.06666666666666667,1,49.489169
-0.2,1,49.494254
-0.1,1,49.498455
-0.2,1,49.50245
-0.2,1,49.506112
-0.125,1,49.510094
-0.3333333333333333,1,49.514386
-0.7777777777777778,1,49.518157
-0.6666666666666666,1,49.522044
-0.3333333333333333,1,49.526089
-0.16666666666666666,1,49.530144
-0.2,1,49.533796
-0.2,1,49.537489
-0.2,1,49.541132
-0.2222222222222222,1,49.544775
-0.06666666666666667,1,49.548978
-0.2,1,49.552375
-0.3333333333333333,1,49.555826
-0.2,1,49.55974
-0.25,1,49.565876
-0.3333333333333333,1,49.571058
-0.3333333333333333,1,49.575488
-0.3333333333333333,1,49.580216
-0.2,1,49.584735
-0.2,1,49.588545
-0.16666666666666666,1,49.592774
-0.2,1,49.597324
-0.25,1,49.601786
-0.2,1,49.606484
-0.2,1,49.611101
-0.16666666666666666,1,49.61589
-0.25,1,49.620178
-0.2,1,49.627513
-0.125,1,49.632231
-0.3333333333333333,1,49.636298
-0.3333333333333333,1,49.640358
-0.3333333333333333,1,49.644906
-0.3333333333333333,1,49.648838
-0.3333333333333333,1,49.652764
-0.3333333333333333,1,49.656605
-0.2,1,49.660662
-0.16666666666666666,1,49.665565
-0.06666666666666667,1,49.669702
-0.16666666666666666,1,49.673609
-0.06666666666666667,1,49.677478
-0.12,1,49.681586
-0.1,1,49.686229
-0.16666666666666666,1,49.690359
-0.1,1,49.696634
-0.12,1,49.701236
-0.1,1,49.705248
-0.2,1,49.709213
-0.06666666666666667,1,49.713953
-0.2,1,49.717885
-0.2,1,49.721892
0.0,1,49.725983
-1.0,1,49.730037
-1.0,1,49.734394
-1.0,1,49.738194
-1.0,1,49.742135
-0.6666666666666666,1,49.746798
-0.5,1,49.750871
-0.6666666666666666,1,49.754399
-0.3333333333333333,1,49.758657
-0.6666666666666666,1,49.76352
-0.3333333333333333,1,49.767133
-0.6666666666666666,1,49.770739
-0.5,1,49.774109
-0.3333333333333333,1,49.778808
-0.5,1,49.782927
-0.6666666666666666,1,49.786889
-0.5,1,49.790279
-0.4,1,49.79452
-0.16666666666666666,1,49.798555
-0.2,1,49.802231
-0.3333333333333333,1,49.805691
-0.2222222222222222,1,49.809714
-0.2,1,49.81613
-0.4,1,49.820993
-0.2,1,49.825783
-0.3333333333333333,1,49.83178
-0.25,1,49.838173
-0.3333333333333333,1,49.846097
-0.75,1,49.853672
-0.4,1,49.859963
-1.0,1,49.867484
-1.0,1,49.871654
-0.75,1,49.876272
-0.4,1,49.880825
-0.75,1,49.885145
-0.3333333333333333,1,49.889558
-0.75,1,49.901794
-0.6666666666666666,1,49.908298
-0.7777777777777778,1,49.918263
-0.6666666666666666,1,49.929344
-0.3333333333333333,1,49.934939
-0.3333333333333333,1,49.941043
-0.2,1,49.946084
-0.2,1,49.951037
-0.25,1,49.955086
-0.3333333333333333,1,49.959212
-0.2,1,49.964927
-0.16666666666666666,1,49.968861
-0.2,1,49.972842
-0.3333333333333333,1,49.977299
-0.3333333333333333,1,49.982059
-0.6666666666666666,1,49.986288
-0.5,1,49.990384
-0.4,1,49.995891
-0.5,1,50.000531
-0.4,1,50.004631
-0.75,1,50.009046
-0.3333333333333333,1,50.014438
-0.75,1,50.01797
-0.16666666666666666,1,50.036801
-0.125,1,50.041328
-0.3,1,50.046054
-0.125,1,50.050752
-0.3,1,50.05472
-0.125,1,50.058995
-0.3,1,50.063095
-0.16666666666666666,1,50.067071
-0.2,1,50.071929
-0.2,1,50.076833
-0.3333333333333333,1,50.081276
-0.3333333333333333,1,50.085746
-0.6666666666666666,1,50.089876
-0.5,1,50.094295
-0.3333333333333333,1,50.098814
-0.3333333333333333,1,50.103307
-0.1,1,50.108467
-0.2,1,50.113611
-0.1,1,50.11839
-0.25,1,50.122965
-0.1,1,50.12735
-0.16666666666666666,1,50.131562
-0.1,1,50.136095
-0.25,1,50.140895
-0.3333333333333333,1,50.145374
-0.25,1,50.149399
-0.3333333333333333,1,50.153781
-0.25,1,50.157856
-0.16666666666666666,1,50.161797
-0.125,1,50.165337
-0.3333333333333333,1,50.169794
-0.3333333333333333,1,50.173522
-0.6666666666666666,1,50.17734
-0.3333333333333333,1,50.181473
0.0,1,50.186351
-1.0,1,50.190302
-1.0,1,50.194386
-0.6666666666666666,1,50.199329
-0.3333333333333333,1,50.203807
-0.6666666666666666,1,50.208146
-0.3333333333333333,1,50.212498
-0.3333333333333333,1,50.217195
0.0,1,50.221948
-1.0,1,50.226318
-1.0,1,50.231173
-1.0,1,50.23591
-1.0,1,50.240194
-1.0,1,50.244554
-1.0,1,50.24837
-0.6666666666666666,1,50.252294
-1.0,1,50.256065
-0.6666666666666666,1,50.259751
-0.3333333333333333,1,50.263837
-0.3333333333333333,1,50.268101
-0.25,1,50.27216
-0.3333333333333333,1,50.276793
-0.5,1,50.280599
0.0,1,50.284375
-1.0,1,50.288894
-0.5,1,50.29369
-0.6666666666666666,1,50.298014
-0.5,1,50.30206
-0.6666666666666666,1,50.306331
-0.3333333333333333,1,50.311914
-0.6666666666666666,1,50.319113
-0.3333333333333333,1,50.323202
-0.3333333333333333,1,50.326889
-0.2,1,50.330482
-0.1,1,50.334848
-0.16666666666666666,1,50.338683
0.0,1,50.342688
-1.0,1,50.346442
-1.0,1,50.350917
-0.6666666666666666,1,50.355152
-0.5,1,50.361581
-0.3333333333333333,1,50.372937
-0.25,1,50.37713
-0.3333333333333333,1,50.381058
-0.2,1,50.385956
-0.2222222222222222,1,50.390072
-0.2,1,50.393783
-0.2222222222222222,1,50.397423
-0.16666666666666666,1,50.401671
-0.2222222222222222,1,50.405732
-0.16666666666666666,1,50.409945
0.0,1,50.414138
-1.0,1,50.418389
-0.5,1,50.422419
-0.3333333333333333,1,50.427265
-0.5,1,50.431338
-1.0,1,50.436809
-0.5,1,50.441045
-0.4,1,50.445984
-0.3333333333333333,1,50.452122
-0.1,1,50.45566
-0.2,1,50.459249
-0.3333333333333333,1,50.463781
-0.25,1,50.467643
-0.3333333333333333,1,50.471361
-0.25,1,50.474995
-0.3,1,50.479286
-0.12,1,50.483156
-0.2,1,50.487471
-0.25,1,50.491184
-0.1,1,50.494863
-0.2,1,50.498601
-0.2222222222222222,1,50.503178
-0.16666666666666666,1,50.507057
-1.0,1,50.51035
-1.0,1,50.514075
-1.0,1,50.518525
-1.0,1,50.522588
-0.6666666666666666,1,50.526378
-0.3333333333333333,1,50.530768
-0.16666666666666666,1,50.534853
-0.06666666666666667,1,50.539377
-0.4,1,50.543281
-0.2,1,50.547252
-0.2222222222222222,1,50.550653
-0.3333333333333333,1,50.554298
-0.2222222222222222,1,50.562067
-0.2,1,50.568093
-0.4,1,50.572949
-0.75,1,50.576557
-0.4,1,50.580239
-0.16666666666666666,1,50.583698
-0.2222222222222222,1,50.587524
-0.16666666666666666,1,50.591803
-0.2,1,50.602517
-0.5,1,50.608309
-0.3333333333333333,1,50.612658
-0.3333333333333333,1,50.616712
-0.16666666666666666,1,50.621107
-0.25,1,50.625452
-0.16666666666666666,1,50.629458
-0.125,1,50.634056
-0.3,1,50.63853
-0.12,1,50.643141
-0.3,1,50.64757
-0.12,1,50.652361
-0.1,1,50.656735
-0.25,1,50.661202
0.0,1,50.666239
-1.0,1,50.670994
-1.0,1,50.675545
-0.6666666666666666,1,50.680496
-0.75,1,50.684734
-0.3333333333333333,1,50.688539
-0.125,1,50.692775
-0.2,1,50.697674
-0.2,1,50.701791
-0.2,1,50.705819
-0.125,1,50.710595
-0.2,1,50.715021
-0.2,1,50.719496
-0.2,1,50.723721
-0.2,1,50.729166
-0.3333333333333333,1,50.733104
-0.2,1,50.737063
-0.3333333333333333,1,50.741698
-0.125,1,50.745964
-0.2,1,50.750653
-0.12,1,50.754761
-0.06666666666666667,1,50.759415
-0.16666666666666666,1,50.763166
-0.3,1,50.767611
-0.12,1,50.771095
-0.1,1,50.775538
-0.12,1,50.779467
-0.2,1,50.783617
-0.16666666666666666,1,50.787725
-0.2222222222222222,1,50.791933
-0.2,1,50.795717
-0.2,1,50.79975
-0.16666666666666666,1,50.803643
-0.2222222222222222,1,50.808831
-0.06666666666666667,1,50.814392
-0.2,1,50.818175
-0.16666666666666666,1,50.822174
-0.2,1,50.827183
-0.25,1,50.831883
-0.2,1,50.835903
-0.2,1,50.8393
-0.2222222222222222,1,50.843574
-0.16666666666666666,1,50.847983
0.0,1,50.852154
-1.0,1,50.856227
-0.5,1,50.860292
-0.3333333333333333,1,50.864668
-1.0,1,50.868741
-1.0,1,50.872497
-1.0,1,50.875957
-0.6666666666666666,1,50.8809
-0.5,1,50.884936
-0.3333333333333333,1,50.888979
-0.7777777777777778,1,50.897089
-0.3333333333333333,1,50.904063
-0.125,1,50.91026
-0.3333333333333333,1,50.91537
-0.25,1,50.919078
-0.3,1,50.922688
-0.16666666666666666,1,50.927495
-0.3,1,50.931659
-0.16666666666666666,1,50.93559
-0.3,1,50.939107
-0.12,1,50.945112
-0.3,1,50.949551
-0.06666666666666667,1,50.953448
-0.2222222222222222,1,50.973896
-0.2,1,50.9938
-0.4,1,51.004729
-0.25,1,51.009972
-0.16666666666666666,1,51.016571
-0.5555555555555556,1,51.024627
-0.16666666666666666,1,51.029124
-0.06666666666666667,1,51.038648
-0.2,1,51.043224
-0.25,1,51.047645
-0.2,1,51.051654
-0.06666666666666667,1,51.055697
-0.4,1,51.060125
-0.5,1,51.064925
-0.16666666666666666,1,51.069227
-0.3333333333333333,1,51.07337
-0.3333333333333333,1,51.077675
-0.2,1,51.082789
-0.2222222222222222,1,51.086854
-0.2,1,51.090898
-0.4,1,51.09507
-0.75,1,51.099207
-0.6666666666666666,1,51.103396
-0.3333333333333333,1,51.107257
-0.3333333333333333,1,51.110841
-0.7777777777777778,1,51.115005
-0.3333333333333333,1,51.118515
-0.7777777777777778,1,51.122021
-0.6666666666666666,1,51.125618
-0.5,1,51.12965
-0.6666666666666666,1,51.133226
-0.5,1,51.137015
-0.6666666666666666,1,51.140623
-1.0,1,51.144728
-0.6666666666666666,1,51.148523
-0.5,1,51.151977
-0.3333333333333333,1,51.155661
-0.5555555555555556,1,51.160058
-0.3333333333333333,1,51.16424
-0.3333333333333333,1,51.168448
-0.3333333333333333,1,51.172422
-0.3333333333333333,1,51.17908
-0.3333333333333333,1,51.185384
-0.2,1,51.189459
-0.4,1,51.19356
-0.2,1,51.197766
-0.3333333333333333,1,51.201846
-0.3333333333333333,1,51.207343
-0.3333333333333333,1,51.234847
-0.5555555555555556,1,51.24188
-0.16666666666666666,1,51.250533
-0.2,1,51.255368
-0.4,1,51.259878
-0.2,1,51.265502
-0.4,1,51.269803
-0.3333333333333333,1,51.274206
-0.3333333333333333,1,51.279125
-0.3333333333333333,1,51.2837
-0.6666666666666666,1,51.288258
-0.5555555555555556,1,51.29346
-0.16666666666666666,1,51.29862
-0.3333333333333333,1,51.303429
-0.16666666666666666,1,51.308187
-0.25,1,51.313608
-0.3333333333333333,1,51.318266
-0.25,1,51.322883
-0.2,1,51.327224
0.0,1,51.331588
-1.0,1,51.335637
-1.0,1,51.339869
-1.0,1,51.345056
-1.0,1,51.35011
-1.0,1,51.354811
-1.0,1,51.359013
-0.4,1,51.371477
-1.0,1,51.380576
-0.4,1,51.393775
-0.06666666666666667,1,51.399782
-0.2222222222222222,1,51.410068
-0.06666666666666667,1,51.414984
-0.3,1,51.419347
-0.06666666666666667,1,51.423696
-0.3,1,51.429173
-0.16666666666666666,1,51.433571
-0.3,1,51.437595
-0.125,1,51.445778
-0.16666666666666666,1,51.450508
-0.5555555555555556,1,51.455538
-0.3333333333333333,1,51.463554
-0.25,1,51.468115
-0.2,1,51.472435
-0.25,1,51.479708
-0.2,1,51.483475
-0.2,1,51.487444
-0.1,1,51.49174
-0.2,1,51.496656
-0.1,1,51.50088
-0.2,1,51.504871
-0.3,1,51.509601
-0.125,1,51.514545
-0.3,1,51.51861
-0.12,1,51.522442
-0.3,1,51.526425
-0.16666666666666666,1,51.530875
-0.06666666666666667,1,51.534594
-0.12,1,51.538112
-0.06666666666666667,1,51.542296
-0.16666666666666666,1,51.550907
-0.06666666666666667,1,51.557445
-0.16666666666666666,1,51.562704
-0.1,1,51.568015
-0.2,1,51.571662
-0.2,1,51.579572
-0.25,1,51.583942
-0.2,1,51.58742
-0.16666666666666666,1,51.591032
-1.0,1,51.595177
-0.16666666666666666,1,51.598932
-0.4,1,51.60227
-0.2,1,51.606067
-0.4,1,51.610168
-0.5,1,51.614217
-0.4,1,51.61764
-0.2,1,51.620876
-0.2,1,51.626374
-0.2,1,51.630754
-0.3333333333333333,1,51.634387
-0.2,1,51.638214
-0.2222222222222222,1,51.642369
-0.16666666666666666,1,51.648086
-0.2222222222222222,1,51.652142
-0.2,1,51.656317
-0.2,1,51.660008
-0.2,1,51.664073
-0.3,1,51.667498
-0.2,1,51.670769
-0.3333333333333333,1,51.676053
-0.25,1,51.680916
-0.2,1,51.684805
-0.16666666666666666,1,51.6882
-0.2,1,51.692263
-0.16666666666666666,1,51.696577
-0.06666666666666667,1,51.70018
-0.2,1,51.7037
-0.2,1,51.707948
-0.16666666666666666,1,51.711832
-0.2222222222222222,1,51.716305
-0.16666666666666666,1,51.720323
-0.06666666666666667,1,51.724473
-0.2,1,51.728469
-0.06666666666666667,1,51.732771
-0.12,1,51.736595
-0.2,1,51.740419
-0.2,1,51.743992
-0.3333333333333333,1,51.748047
-0.2,1,51.75205
-0.2,1,51.756213
-0.2,1,51.759491
-0.2222222222222222,1,51.764029
-0.2,1,51.767536
-0.2222222222222222,1,51.771076
-0.2,1,51.775358
-0.2222222222222222,1,51.780353
-0.16666666666666666,1,51.784731
-0.2222222222222222,1,51.788789
-0.16666666666666666,1,51.792872
-0.2222222222222222,1,51.797204
-0.16666666666666666,1,51.801108
-0.2,1,51.805373
-0.25,1,51.80987
-0.2,1,51.814058
-0.125,1,51.817678
-0.2,1,51.82182
-0.125,1,51.82705
-0.3,1,51.832171
-0.12,1,51.836702
-0.06666666666666667,1,51.848732
-0.2,1,51.855994
-0.1,1,51.863489
-0.16666666666666666,1,51.867473
-0.06666666666666667,1,51.871362
-0.12,1,51.875519
-0.2,1,51.88049
-0.16666666666666666,1,51.884686
-0.2,1,51.889153
-0.16666666666666666,1,51.893233
-0.3,1,51.898277
-0.12,1,51.902727
-0.3,1,51.906783
-0.2,1,51.910728
-0.2222222222222222,1,51.915345
-0.16666666666666666,1,51.919568
-0.3,1,51.923967
-0.06666666666666667,1,51.92925
-0.4,1,51.933696
-0.16666666666666666,1,51.937732
0.0,1,51.941761
-1.0,1,51.945937
-1.0,1,51.950537
-0.6666666666666666,1,51.954637
-1.0,1,51.959561
-1.0,1,51.96391
-1.0,1,51.967606
-1.0,1,51.971185
-1.0,1,51.975902
-1.0,1,51.980677
-0.5,1,51.984606
-0.6666666666666666,1,51.988895
-0.3333333333333333,1,51.992936
-0.6666666666666666,1,52.006869
-0.5,1,52.014116
-0.3333333333333333,1,52.036675
-0.2,1,52.042322
-0.3333333333333333,1,52.061285
-0.2,1,52.068908
-0.3333333333333333,1,52.081109
-0.25,1,52.08796
-0.3333333333333333,1,52.096005
-0.5,1,52.100998
-0.4,1,52.105493
-0.5,1,52.112104
-0.3333333333333333,1,52.117304
-0.3333333333333333,1,52.122193
-0.2222222222222222,1,52.127162
-0.06666666666666667,1,52.132073
-0.3,1,52.136711
-0.06666666666666667,1,52.140904
-0.16666666666666666,1,52.145778
-0.25,1,52.150657
-0.16666666666666666,1,52.155115
-0.125,1,52.159551
-0.16666666666666666,1,52.164261
-0.06666666666666667,1,52.168653
-0.4,1,52.17349
-0.5,1,52.177745
-0.3333333333333333,1,52.181975
-0.25,1,52.185941
-0.2,1,52.192011
-0.16666666666666666,1,52.196728
-0.2,1,52.200999
-0.2,1,52.20489
-0.06666666666666667,1,52.209461
-0.2,1,52.214177
-0.2,1,52.218363
-0.125,1,52.22218
-0.3333333333333333,1,52.226467
-0.125,1,52.230711
-0.16666666666666666,1,52.234701
-0.3333333333333333,1,52.238947
-0.3333333333333333,1,52.243014
-0.2,1,52.247126
-0.2222222222222222,1,52.253909
-0.3333333333333333,1,52.258816
0.0,1,52.262986
-1.0,1,52.267149
-0.5,1,52.271133
-0.3333333333333333,1,52.275995
-0.5,1,52.280674
-0.4,1,52.285507
-0.2,1,52.28974
-0.4,1,52.293978
-0.2,1,52.298299
-0.2222222222222222,1,52.302445
-0.16666666666666666,1,52.306813
-0.06666666666666667,1,52.311263
-0.2,1,52.316191
-0.06666666666666667,1,52.320369
-0.16666666666666666,1,52.325156
-0.2,1,52.329893
-0.12,1,52.333696
-0.2,1,52.337527
-0.3333333333333333,1,52.341476
-0.2222222222222222,1,52.34613
-0.16666666666666666,1,52.351182
-0.2222222222222222,1,52.355446
-0.3333333333333333,1,52.359342
-0.3333333333333333,1,52.363818
-0.3333333333333333,1,52.368542
-0.1,1,52.38473
-0.2,1,52.415239
-0.2,1,52.421015
-0.25,1,52.430367
-0.2,1,52.434622
-0.25,1,52.438351
-0.16666666666666666,1,52.445505
-0.5,1,52.449783
-0.16666666666666666,1,52.453798
-0.06666666666666667,1,52.458324
-0.2222222222222222,1,52.463226
-0.16666666666666666,1,52.467333
-0.2222222222222222,1,52.471346
-0.06666666666666667,1,52.475761
-0.4,1,52.479916
-0.5,1,52.484255
-0.4,1,52.488557
-0.16666666666666666,1,52.494137
-0.2222222222222222,1,52.498444
-0.2,1,52.503173
-0.3333333333333333,1,52.50708
-0.2,1,52.511098
-0.2222222222222222,1,52.515376
-0.2,1,52.519898
-0.3333333333333333,1,52.523905
-0.2,1,52.528077
-0.2222222222222222,1,52.541177
-0.2,1,52.548812
-0.3333333333333333,1,52.55417
-0.2,1,52.55861
-0.4,1,52.563076
-0.06666666666666667,1,52.567408
-0.2222222222222222,1,52.571941
-0.2,1,52.576132
-0.2,1,52.5804
-0.12,1,52.584784
-0.3,1,52.589256
-0.16666666666666666,1,52.593087
-0.2,1,52.597325
-0.2,1,52.601847
-0.06666666666666667,1,52.605707
-0.16666666666666666,1,52.609768
0.0,1,52.614127
-1.0,1,52.618801
-1.0,1,52.622773
-0.6666666666666666,1,52.626968
-1.0,1,52.631391
-1.0,1,52.636063
-0.5,1,52.640116
-0.3333333333333333,1,52.644085
-0.3333333333333333,1,52.648872
-0.3333333333333333,1,52.653072
-0.25,1,52.657498
-0.3,1,52.661472
-0.16666666666666666,1,52.665451
-0.06666666666666667,1,52.669836
-0.2,1,52.673636
-0.2,1,52.67818
-0.16666666666666666,1,52.681895
-0.2,1,52.686092
-0.25,1,52.689905
-0.3,1,52.693646
-0.12,1,52.697149
-0.3,1,52.700963
-0.12,1,52.704737
-0.2,1,52.708999
-0.16666666666666666,1,52.712973
-0.2,1,52.717015
-0.06666666666666667,1,52.72115
-0.3,1,52.725801
-0.25,1,52.729685
-0.3333333333333333,1,52.734102
-0.3333333333333333,1,52.737915
-0.2,1,52.742718
-0.3333333333333333,1,52.756337
-0.3333333333333333,1,52.769474
-0.3333333333333333,1,52.774774
-0.2,1,52.780665
-0.25,1,52.785443
-0.2,1,52.789788
-0.2,1,52.798912
-0.3333333333333333,1,52.807018
-0.2,1,52.814519
-0.2,1,52.824664
-0.3333333333333333,1,52.83865
-0.2,1,52.847071
-0.16666666666666666,1,52.857814
-0.2222222222222222,1,52.871181
-0.16666666666666666,1,52.875469
-0.2,1,52.879746
-0.2,1,52.883439
-0.2222222222222222,1,52.887269
-0.3333333333333333,1,52.891367
0.0,1,52.895162
-1.0,1,52.89933
-1.0,1,52.903306
-1.0,1,52.907603
-0.5555555555555556,1,52.911526
-0.3333333333333333,1,52.915154
-0.5555555555555556,1,52.919087
-1.0,1,52.923471
-1.0,1,52.927051
-1.0,1,52.930784
-1.0,1,52.935121
-1.0,1,52.940761
-0.5,1,52.945528
-0.4,1,52.950067
-0.2,1,52.954772
-0.3,1,52.959792
-0.12,1,52.964004
-0.2,1,52.968656
-0.2,1,52.972725
-0.4,1,52.976503
-0.2,1,52.980085
-0.3333333333333333,1,52.984954
-0.25,1,52.989126
-0.2,1,52.992761
-0.2,1,52.996547
-0.3333333333333333,1,53.000744
-0.5,1,53.004664
-0.16666666666666666,1,53.009358
-0.75,1,53.012988
-1.0,1,53.016687
-0.5,1,53.021014
0.0,1,53.025615
-1.0,1,53.029598
-1.0,1,53.033938
-1.0,1,53.037665
-1.0,1,53.041672
-1.0,1,53.045686
-0.5,1,53.050984
0.0,1,53.054756
-1.0,1,53.058577
-1.0,1,53.063584
-0.6666666666666666,1,53.067071
-0.3333333333333333,1,53.070429
-0.16666666666666666,1,53.073945
-0.06666666666666667,1,53.077456
-0.3,1,53.081451
-0.12,1,53.08481
-0.3,1,53.088054
-0.2,1,53.092231
-0.2222222222222222,1,53.096571
-0.16666666666666666,1,53.100822
-0.1,1,53.104897
-0.16666666666666666,1,53.109727
-0.06666666666666667,1,53.113791
-0.2,1,53.117609
-0.2,1,53.121159
-0.12,1,53.13069
-0.2,1,53.136992
-0.25,1,53.148416
0.0,1,53.155449
-1.0,1,53.160308
-1.0,1,53.169863
-0.6666666666666666,1,53.179723
-0.25,1,53.18469
-0.4,1,53.189079
-0.2,1,53.193335
-0.2,1,53.197644
-0.16666666666666666,1,53.201837
-0.06666666666666667,1,53.205807
-0.12,1,53.210143
-0.2,1,53.215056
-0.2,1,53.219907
-0.3333333333333333,1,53.22403
-0.2,1,53.228475
0.0,1,53.233042
-1.0,1,53.236926
-1.0,1,53.24095
-1.0,1,53.245693
-0.75,1,53.250337
-0.16666666666666666,1,53.254379
-0.5555555555555556,1,53.258502
-1.0,1,53.263096
-1.0,1,53.267402
-1.0,1,53.271702
-1.0,1,53.275578
-1.0,1,53.280177
-1.0,1,53.284124
-0.6666666666666666,1,53.287724
-0.3333333333333333,1,53.292125
-0.3333333333333333,1,53.297348
-0.2,1,53.300893
-0.2,1,53.304652
-0.5,1,53.30827
-0.3333333333333333,1,53.312389
-0.2,1,53.31644
-0.1,1,53.320515
-0.12,1,53.324816
-0.3,1,53.329893
-0.16666666666666666,1,53.333788
-0.06666666666666667,1,53.33758
-0.2,1,53.34183
-0.2,1,53.346864
-0.12,1,53.351028
-0.06666666666666667,1,53.355076
-0.12,1,53.359988
-0.06666666666666667,1,53.364509
-0.12,1,53.36888
-0.06666666666666667,1,53.373219
-0.2,1,53.377523
-0.06666666666666667,1,53.381811
-0.16666666666666666,1,53.385709
-0.06666666666666667,1,53.389693
-0.12,1,53.394192
-0.3,1,53.398952
-0.16666666666666666,1,53.403028
-0.3,1,53.406767
-0.12,1,53.41116
-0.2,1,53.41574
-0.25,1,53.419564
-0.2,1,53.425051
-0.2,1,53.430066
-0.1,1,53.434222
-0.2,1,53.438226
0.0,1,53.442781
-1.0,1,53.447536
-1.0,1,53.451901
-1.0,1,53.457288
-0.5,1,53.46177
-1.0,1,53.468358
-1.0,1,53.472699
-1.0,1,53.476734
-0.5,1,53.48104
-1.0,1,53.485284
-1.0,1,53.489289
-0.6666666666666666,1,53.49441
-1.0,1,53.499897
-1.0,1,53.50748
-0.5555555555555556,1,53.512244
-0.3333333333333333,1,53.516482
0.0,1,53.520339
-1.0,1,53.524022
-1.0,1,53.527846
-1.0,1,53.531918
-1.0,1,53.535421
-1.0,1,53.539095
-0.5555555555555556,1,53.543755
-0.3333333333333333,1,53.548082
-0.25,1,53.552592
-0.2,1,53.557415
-0.16666666666666666,1,53.561276
-0.06666666666666667,1,53.565786
-0.16666666666666666,1,53.569957
-0.06666666666666667,1,53.574057
-0.16666666666666666,1,53.577866
-0.06666666666666667,1,53.581827
-0.16666666666666666,1,53.58535
-0.1,1,53.589056
-0.125,1,53.59321
-0.2,1,53.59783
-0.2,1,53.601923
-0.2,1,53.605838
-0.2,1,53.610147
-0.1,1,53.614481
-0.16666666666666666,1,53.618969
-0.3,1,53.623122
-0.16666666666666666,1,53.627707
-0.2222222222222222,1,53.631531
-0.16666666666666666,1,53.635044
-0.3,1,53.638633
-0.2,1,53.642363
-0.1,1,53.646734
-0.25,1,53.650605
-0.2,1,53.654371
-0.12,1,53.658651
-0.2,1,53.663339
-0.16666666666666666,1,53.668375
-0.06666666666666667,1,53.671848
-0.12,1,53.675743
-0.1,1,53.679878
-0.2,1,53.683679
-0.1,1,53.687256
-0.125,1,53.69134
-0.1,1,53.69535
-0.2,1,53.699607
-0.2,1,53.703109
-0.2,1,53.707134
-0.2,1,53.710727
-0.16666666666666666,1,53.715245
0.0,1,53.719083
-1.0,1,53.72991
-1.0,1,53.736919
-1.0,1,53.742054
-1.0,1,53.747563
-1.0,1,53.751423
-0.5,1,53.755756
-0.4,1,53.76064
-0.2,1,53.765982
-0.2222222222222222,1,53.77106
-0.16666666666666666,1,53.775829
-0.2222222222222222,1,53.78075
-0.3333333333333333,1,53.78517
-0.3333333333333333,1,53.789963
0.0,1,53.794289
-1.0,1,53.799
-1.0,1,53.803627
-1.0,1,53.808004
-0.5,1,53.812745
0.0,1,53.817101
-1.0,1,53.821479
-1.0,1,53.826233
-0.6666666666666666,1,53.830641
-0.3333333333333333,1,53.834697
-0.6666666666666666,1,53.838785
-0.3333333333333333,1,53.843408
-0.3333333333333333,1,53.847224
-0.25,1,53.850961
-0.3,1,53.854888
-0.16666666666666666,1,53.859032
-0.2,1,53.863312
-0.16666666666666666,1,53.868391
-0.2222222222222222,1,53.872494
-0.16666666666666666,1,53.876734
-0.2,1,53.883971
-0.3333333333333333,1,53.888156
-0.2,1,53.895051
-0.25,1,53.899925
-0.3333333333333333,1,53.904274
-0.3333333333333333,1,53.908123
-0.6666666666666666,1,53.912903
-0.5,1,53.917395
-0.3333333333333333,1,53.921582
-0.2,1,53.929453
-0.2222222222222222,1,53.933767
-0.16666666666666666,1,53.937818
-0.2222222222222222,1,53.942062
-0.06666666666666667,1,53.946373
-0.4,1,53.950879
-0.16666666666666666,1,53.955148
-0.4,1,53.959067
-0.5,1,53.963852
-0.3333333333333333,1,53.968485
0.0,1,53.97294
-1.0,1,53.976786
-1.0,1,53.981051
-1.0,1,53.984866
-1.0,1,53.990083
-0.6666666666666666,1,53.996739
-1.0,1,54.004312
-1.0,1,54.011169
-1.0,1,54.016892
-0.4,1,54.023088
-0.75,1,54.030642
-1.0,1,54.034457
-0.5,1,54.039237
-0.3333333333333333,1,54.043035
-0.5,1,54.047279
-0.3333333333333333,1,54.051369
-0.3333333333333333,1,54.055149
-0.3333333333333333,1,54.058897
-0.25,1,54.063013
0.0,1,54.067039
-1.0,1,54.070566
-1.0,1,54.075132
-0.6666666666666666,1,54.078957
-0.5,1,54.083234
-0.6666666666666666,1,54.086487
-0.5,1,54.09035
-0.6666666666666666,1,54.094123
-0.7777777777777778,1,54.098964
-0.6666666666666666,1,54.102647
-0.5,1,54.106148
-0.16666666666666666,1,54.109701
-0.125,1,54.114133
-0.16666666666666666,1,54.117977
-0.25,1,54.121546
-0.16666666666666666,1,54.12555
-0.2,1,54.130137
-0.2,1,54.134383
0.0,1,54.138284
-1.0,1,54.143066
-1.0,1,54.147903
-1.0,1,54.152004
-0.5,1,54.155853
-0.16666666666666666,1,54.159963
-0.3333333333333333,1,54.164395
-0.16666666666666666,1,54.168235
-0.06666666666666667,1,54.171857
-0.2222222222222222,1,54.177157
-0.16666666666666666,1,54.181597
-0.2222222222222222,1,54.185754
-0.16666666666666666,1,54.189763
-0.2222222222222222,1,54.193525
-0.2,1,54.197355
-0.3,1,54.201171
-0.125,1,54.206908
-0.2,1,54.221402
-0.2,1,54.23774
-0.1,1,54.244778
-0.2,1,54.256679
-0.2,1,54.266063
-0.125,1,54.271827
-0.3,1,54.276954
-0.16666666666666666,1,54.281752
-0.3,1,54.28568
-0.16666666666666666,1,54.290225
-0.06666666666666667,1,54.295078
-0.12,1,54.299134
-0.2,1,54.302919
-0.12,1,54.306607
-0.06666666666666667,1,54.311022
-0.2,1,54.315193
-0.06666666666666667,1,54.319193
-0.12,1,54.325676
-0.06666666666666667,1,54.33048
-0.16666666666666666,1,54.334371
-0.2222222222222222,1,54.338293
-0.2,1,54.342319
-0.3333333333333333,1,54.358062
-0.2,1,54.365897
-0.2,1,54.370626
-0.25,1,54.37547
-0.2,1,54.380257
-0.16666666666666666,1,54.384872
-0.2,1,54.389118
-0.25,1,54.393723
0.0,1,54.398054
-1.0,1,54.402233
-1.0,1,54.406319
-1.0,1,54.410448
-0.5555555555555556,1,54.415307
-0.3333333333333333,1,54.419573
-0.25,1,54.423761
-0.1,1,54.428187
-0.2,1,54.432477
0.0,1,54.4365
-1.0,1,54.440816
-0.5,1,54.445714
-0.3333333333333333,1,54.450137
-0.3333333333333333,1,54.454123
-0.3333333333333333,1,54.458432
-0.3333333333333333,1,54.462944
-0.3333333333333333,1,54.468054
-0.3333333333333333,1,54.472612
-0.3333333333333333,1,54.477811
-0.25,1,54.482642
-0.1,1,54.488108
-0.3333333333333333,1,54.493451
-0.2,1,54.499237
-0.12,1,54.503235
-0.06666666666666667,1,54.507679
-0.16666666666666666,1,54.513365
0.0,1,54.517483
-1.0,1,54.521695
-1.0,1,54.525561
-0.6666666666666666,1,54.530454
-1.0,1,54.5339
-1.0,1,54.537363
-0.5,1,54.54186
0.0,1,54.546106
-1.0,1,54.549711
-1.0,1,54.553124
-1.0,1,54.557109
-0.5,1,54.560618
-0.6666666666666666,1,54.564297
-0.3333333333333333,1,54.567692
-0.3333333333333333,1,54.571657
-0.25,1,54.576198
-0.3333333333333333,1,54.580837
-0.2,1,54.584499
-0.2,1,54.588358
-0.12,1,54.591775
-0.06666666666666667,1,54.595944
-0.2,1,54.599495
-0.06666666666666667,1,54.603105
-0.2,1,54.607257
0.0,1,54.61338
-1.0,1,54.617318
-0.5,1,54.62093
-0.6666666666666666,1,54.624919
-0.3333333333333333,1,54.629426
-0.3333333333333333,1,54.633761
-0.2,1,54.63739
-0.1,1,54.641237
-0.2,1,54.645055
-0.3333333333333333,1,54.649615
-0.3333333333333333,1,54.653736
-0.16666666666666666,1,54.658637
-0.5,1,54.663783
-0.16666666666666666,1,54.667859
-0.5555555555555556,1,54.671802
-0.6666666666666666,1,54.675846
-1.0,1,54.68103
-0.6666666666666666,1,54.684742
-0.5,1,54.688109
0.0,1,54.69186
-1.0,1,54.696217
-0.5,1,54.700069
-1.0,1,54.703459
-1.0,1,54.707042
-0.6666666666666666,1,54.710559
-0.75,1,54.714291
-0.4,1,54.717716
-0.5,1,54.721322
-0.6666666666666666,1,54.725606
-1.0,1,54.730577
-1.0,1,54.734381
-0.5,1,54.738119
-1.0,1,54.742972
-1.0,1,54.747263
-1.0,1,54.751034
-0.75,1,54.754972
-1.0,1,54.759289
-0.75,1,54.763744
-0.4,1,54.767851
-0.16666666666666666,1,54.771657
-0.2222222222222222,1,54.776431
-0.16666666666666666,1,54.781215
-0.3,1,54.785073
-0.12,1,54.788449
-0.1,1,54.79205
-0.12,1,54.796289
-0.1,1,54.799828
-0.25,1,54.803683
-0.3,1,54.807362
-0.2,1,54.810819
-0.3333333333333333,1,54.81484
-0.2,1,54.818737
-0.3333333333333333,1,54.82329
-0.125,1,54.826857
-0.3333333333333333,1,54.83116
-0.75,1,54.835871
-0.3333333333333333,1,54.842073
-0.25,1,54.847528
-0.3333333333333333,1,54.851033
-0.2,1,54.854607
-0.1,1,54.858261
-0.25,1,54.862542
-0.3333333333333333,1,54.867068
-0.125,1,54.871572
-0.2,1,54.875224
-0.125,1,54.879812
-0.16666666666666666,1,54.883823
-0.125,1,54.887327
-0.3,1,54.891219
-0.12,1,54.895362
-0.2,1,54.914579
-0.12,1,54.918623
-0.2,1,54.925935
-0.2,1,54.930819
-0.3333333333333333,1,54.935457
-0.125,1,54.940088
-0.1,1,54.945111
-0.2,1,54.949455
-0.3333333333333333,1,54.954317
-0.25,1,54.959301
-0.3333333333333333,1,54.963374
-0.25,1,54.967663
-0.3333333333333333,1,54.97186
-0.5,1,54.97618
-0.3333333333333333,1,54.98006
-0.3333333333333333,1,54.984268
-0.2,1,54.98833
-0.2,1,54.992651
-0.3333333333333333,1,54.996429
-0.25,1,55.001204
-0.2,1,55.005414
-0.12,1,55.009493
-0.3,1,55.013753
-0.06666666666666667,1,55.017933
-0.3,1,55.021905
-0.12,1,55.025528
-0.2,1,55.029413
-0.16666666666666666,1,55.033886
-0.2222222222222222,1,55.041643
-0.16666666666666666,1,55.048995
-0.2222222222222222,1,55.055733
-0.3333333333333333,1,55.060795
0.0,1,55.066542
-1.0,1,55.072943
-1.0,1,55.076966
-1.0,1,55.082044
-1.0,1,55.086881
-1.0,1,55.092091
-1.0,1,55.095955
-1.0,1,55.0999
-1.0,1,55.103955
-0.6666666666666666,1,55.108274
-0.5,1,55.112399
-0.3333333333333333,1,55.116087
-0.5555555555555556,1,55.119693
-0.3333333333333333,1,55.123519
-0.2,1,55.127428
-0.2,1,55.131161
-0.12,1,55.13566
-0.06666666666666667,1,55.139633
-0.16666666666666666,1,55.143323
-0.2,1,55.146788
-0.12,1,55.150272
-0.1,1,55.154025
-0.25,1,55.158324
0.0,1,55.162199
-1.0,1,55.166527
-1.0,1,55.170896
-0.6666666666666666,1,55.175801
-1.0,1,55.179564
-0.3333333333333333,1,55.183281
-0.25,1,55.187287
-0.4,1,55.191741
-0.2,1,55.195761
-0.2,1,55.199367
-0.25,1,55.203159
-0.2,1,55.210991
-0.2,1,55.217416
-0.2,1,55.221249
-0.2,1,55.22514
-0.4,1,55.229214
-0.3333333333333333,1,55.233391
-0.3333333333333333,1,55.238534
-0.2,1,55.24249
-0.2,1,55.246573
-0.12,1,55.250792
-0.2,1,55.255002
-0.3333333333333333,1,55.259855
-0.2,1,55.264076
-0.16666666666666666,1,55.268891
-0.2,1,55.27315
-0.3333333333333333,1,55.276716
-0.3333333333333333,1,55.281513
-0.25,1,55.300586
-0.3333333333333333,1,55.313545
-0.125,1,55.323379
-0.3333333333333333,1,55.332867
-0.125,1,55.338061
-0.3333333333333333,1,55.344247
-0.25,1,55.348572
-0.3333333333333333,1,55.352965
-0.7777777777777778,1,55.359402
-0.6666666666666666,1,55.363564
-0.7777777777777778,1,55.368138
-0.6666666666666666,1,55.373105
-0.75,1,55.378184
-1.0,1,55.387507
-0.3333333333333333,1,55.392126
-1.0,1,55.397017
-0.5555555555555556,1,55.401019
-0.3333333333333333,1,55.405884
-0.25,1,55.410244
-0.2,1,55.414464
-0.12,1,55.419182
-0.3,1,55.423644
-0.12,1,55.427518
-0.06666666666666667,1,55.431943
-0.16666666666666666,1,55.436404
-0.06666666666666667,1,55.440233
-0.16666666666666666,1,55.443846
-0.06666666666666667,1,55.448113
-0.16666666666666666,1,55.452483
-0.3,1,55.459424
-0.12,1,55.465559
-0.2,1,55.470684
-0.25,1,55.47511
-0.3333333333333333,1,55.47895
-0.2,1,55.483408
-0.4,1,55.487301
-0.3333333333333333,1,55.490945
-0.4,1,55.495015
-0.2,1,55.499609
-0.4,1,55.504059
-0.3333333333333333,1,55.508256
-0.3333333333333333,1,55.512726
-0.3333333333333333,1,55.517224
0.0,1,55.520925
-1.0,1,55.525057
-1.0,1,55.53509
-0.6666666666666666,1,55.543946
-1.0,1,55.548601
-0.6666666666666666,1,55.553396
-1.0,1,55.557654
-1.0,1,55.561473
-1.0,1,55.566242
-0.3333333333333333,1,55.57075
-1.0,1,55.574954
-0.6666666666666666,1,55.581741
-0.5555555555555556,1,55.586283
-0.3333333333333333,1,55.591193
-0.25,1,55.595775
-0.16666666666666666,1,55.600994
-0.2,1,55.605253
-0.3333333333333333,1,55.609994
-0.3333333333333333,1,55.614896
-0.3333333333333333,1,55.619603
-0.7777777777777778,1,55.624056
-0.3333333333333333,1,55.628592
-0.25,1,55.634096
-0.2,1,55.639001
-0.12,1,55.643254
-0.3,1,55.648314
-0.25,1,55.652535
-0.16666666666666666,1,55.66709
-0.125,1,55.696732
-0.16666666666666666,1,55.703179
-0.2,1,55.708881
-0.2,1,55.71573
-0.25,1,55.720385
-0.3333333333333333,1,55.723957
-0.5,1,55.728561
-0.4,1,55.733789
-0.5,1,55.738907
-0.3333333333333333,1,55.744687
-0.2,1,55.749158
-0.4,1,55.753348
-0.2,1,55.757018
-0.3333333333333333,1,55.761396
-0.3333333333333333,1,55.766097
-0.3333333333333333,1,55.770269
-0.5,1,55.774503
-0.2,1,55.779063
-0.25,1,55.783634
-0.3333333333333333,1,55.787688
-0.125,1,55.79151
-0.3,1,55.795812
-0.125,1,55.799969
-0.3,1,55.80376
-0.2,1,55.807394
-0.3333333333333333,1,55.811941
-0.3333333333333333,1,55.816331
-0.3333333333333333,1,55.820304
-0.25,1,55.823982
-1.0,1,55.828375
-0.75,1,55.835141
-1.0,1,55.857005
-0.5555555555555556,1,55.861212
-0.3333333333333333,1,55.865535
-0.06666666666666667,1,55.869546
-0.2,1,55.873759
-0.25,1,55.878219
-0.3333333333333333,1,55.882853
-0.5555555555555556,1,55.88739
-0.6666666666666666,1,55.891191
-1.0,1,55.895509
-1.0,1,55.899776
-0.5,1,55.903952
-0.3333333333333333,1,55.908151
-0.5555555555555556,1,55.913004
-0.16666666666666666,1,55.917516
-0.06666666666666667,1,55.921998
-0.4,1,55.926217
-0.75,1,55.930702
-0.3333333333333333,1,55.935587
-0.25,1,55.93986
-0.3333333333333333,1,55.944139
-0.3333333333333333,1,55.951434
0.0,1,55.957317
-1.0,1,55.963111
-0.5,1,55.998392
-1.0,1,56.0181
-1.0,1,56.022586
-0.3333333333333333,1,56.036844
-0.25,1,56.040727
-0.2,1,56.045177
-0.16666666666666666,1,56.064227
-0.4,1,56.068521
-0.2,1,56.072652
-0.2,1,56.078559
-0.2,1,56.083608
-0.06666666666666667,1,56.091529
-0.16666666666666666,1,56.095696
-0.06666666666666667,1,56.101012
-0.2,1,56.104925
-0.06666666666666667,1,56.110808
-0.16666666666666666,1,56.11754
-0.06666666666666667,1,56.121548
-0.16666666666666666,1,56.132229
-0.06666666666666667,1,56.137453
-0.16666666666666666,1,56.146367
-0.2,1,56.159845
-0.16666666666666666,1,56.16835
-0.06666666666666667,1,56.179217
-0.12,1,56.191327
-0.2,1,56.200162
-0.2,1,56.20819
-0.2222222222222222,1,56.214145
-0.3333333333333333,1,56.219551
0.0,1,56.224138
-1.0,1,56.229843
-1.0,1,56.23476
-0.3333333333333333,1,56.239424
-0.3333333333333333,1,56.244731
-0.6666666666666666,1,56.249696
-1.0,1,56.253963
-0.6666666666666666,1,56.258378
-0.5,1,56.26348
-0.3333333333333333,1,56.268269
-0.25,1,56.272567
-0.3333333333333333,1,56.276551
-0.3333333333333333,1,56.280683
-0.3333333333333333,1,56.28527
-0.3333333333333333,1,56.289498
-0.16666666666666666,1,56.294555
-0.125,1,56.29905
-0.3333333333333333,1,56.303144
-0.125,1,56.322353
-0.3,1,56.328106
-0.125,1,56.334298
-0.16666666666666666,1,56.339183
-0.25,1,56.344234
-0.3333333333333333,1,56.349259
-0.25,1,56.353727
0.0,1,56.358084
-1.0,1,56.362418
-1.0,1,56.367287
-0.6666666666666666,1,56.37266
-0.5555555555555556,1,56.376832
-1.0,1,56.381182
-0.5,1,56.385341
-0.6666666666666666,1,56.389293
-0.3333333333333333,1,56.393279
-0.3333333333333333,1,56.397824
-0.3333333333333333,1,56.402642
-0.2222222222222222,1,56.406406
-0.2,1,56.410469
-0.2,1,56.414819
-0.2,1,56.418887
-0.3333333333333333,1,56.422695
-0.2,1,56.426726
-0.3333333333333333,1,56.430624
-0.5,1,56.435589
-0.6666666666666666,1,56.439209
-0.3333333333333333,1,56.444858
-0.16666666666666666,1,56.450107
-0.5,1,56.454365
-1.0,1,56.458166
-0.5,1,56.462775
-0.3333333333333333,1,56.467011
-0.25,1,56.47095
-0.4,1,56.475791
-0.2,1,56.480659
-0.3333333333333333,1,56.485547
-0.3333333333333333,1,56.489994
-0.3333333333333333,1,56.495055
-0.25,1,56.49951
-0.3333333333333333,1,56.5035
-0.25,1,56.507528
-0.3333333333333333,1,56.512232
-0.25,1,56.517276
-0.2,1,56.521062
-0.2,1,56.525329
-0.3333333333333333,1,56.529709
-0.3333333333333333,1,56.533918
-0.16666666666666666,1,56.538118
-0.5555555555555556,1,56.542342
-0.16666666666666666,1,56.545892
-0.5555555555555556,1,56.550032
-1.0,1,56.554083
-0.5555555555555556,1,56.55776
-1.0,1,56.561849
-0.5555555555555556,1,56.56543
-0.6666666666666666,1,56.569185
-0.5,1,56.573549
-0.3333333333333333,1,56.578086
-0.5,1,56.583408
-0.6666666666666666,1,56.587639
-0.3333333333333333,1,56.591519
-0.3333333333333333,1,56.59537
-0.3333333333333333,1,56.599487
-0.3333333333333333,1,56.603359
-0.5,1,56.606896
-0.3333333333333333,1,56.6106
-0.25,1,56.614343
-0.2,1,56.618345
-0.3333333333333333,1,56.6218
-0.2,1,56.625257
-0.25,1,56.628623
-0.3333333333333333,1,56.633916
-0.25,1,56.637658
-0.3333333333333333,1,56.641431
-0.3333333333333333,1,56.645125
-0.3333333333333333,1,56.648924
-0.3333333333333333,1,56.652766
-0.3333333333333333,1,56.65653
-0.25,1,56.660819
-0.3333333333333333,1,56.665007
-0.5555555555555556,1,56.669149
-1.0,1,56.673149
-0.75,1,56.677493
-0.6666666666666666,1,56.682263
-0.7777777777777778,1,56.686439
-0.3333333333333333,1,56.690006
-0.25,1,56.69399
-0.2,1,56.698954
-0.16666666666666666,1,56.702524
-0.2,1,56.706529
-0.12,1,56.710061
-0.06666666666666667,1,56.715024
-0.16666666666666666,1,56.718261
-0.2,1,56.721664
-0.25,1,56.725227
-0.3333333333333333,1,56.730279
-0.75,1,56.734353
-0.16666666666666666,1,56.738158
-0.75,1,56.742114
-0.6666666666666666,1,56.74568
-0.3333333333333333,1,56.749246
-0.3333333333333333,1,56.752611
-0.3333333333333333,1,56.756065
-0.16666666666666666,1,56.760746
-0.125,1,56.765267
-0.3,1,56.76941
-0.125,1,56.773227
-0.16666666666666666,1,56.77742
-0.06666666666666667,1,56.781347
-0.16666666666666666,1,56.78514
-0.06666666666666667,1,56.788853
-0.3,1,56.792369
-0.2,1,56.796309
-0.1,1,56.799873
-0.25,1,56.803958
-0.3333333333333333,1,56.808202
-0.3333333333333333,1,56.812013
-0.3333333333333333,1,56.816151
-0.3333333333333333,1,56.820009
-0.6666666666666666,1,56.824745
-0.5,1,56.829
-1.0,1,56.833166
-0.75,1,56.836854
-0.3333333333333333,1,56.840399
-0.25,1,56.849829
-0.1,1,56.854747
-0.2,1,56.861654
-0.3333333333333333,1,56.878307
-0.3333333333333333,1,56.88499
0.0,1,56.890652
-1.0,1,56.895565
-1.0,1,56.900593
-0.6666666666666666,1,56.905269
-0.7777777777777778,1,56.909803
-0.3333333333333333,1,56.914484
-0.2,1,56.91858
-0.2222222222222222,1,56.92264
-0.16666666666666666,1,56.926724
-0.06666666666666667,1,56.931448
-0.16666666666666666,1,56.935757
-0.06666666666666667,1,56.939579
-0.12,1,56.943835
-0.2,1,56.948402
-0.16666666666666666,1,56.952675
-0.06666666666666667,1,56.956746
-0.16666666666666666,1,56.96099
-0.06666666666666667,1,56.96563
-0.12,1,56.969701
-0.2,1,56.973636
-0.125,1,56.978154
-0.3,1,56.982969
-0.2,1,56.987206
-0.2222222222222222,1,56.991275
-0.2,1,56.995215
-0.2222222222222222,1,56.999825
-0.16666666666666666,1,57.003458
-1.0,1,57.006941
-0.16666666666666666,1,57.011415
-0.4,1,57.015711
-0.5,1,57.019052
0.0,1,57.022437
-1.0,1,57.025836
-1.0,1,57.029295
-1.0,1,57.033169
-0.5,1,57.038325
-1.0,1,57.041868
-1.0,1,57.045403
-1.0,1,57.04921
-0.5555555555555556,1,57.053256
-1.0,1,57.057069
-0.5555555555555556,1,57.060879
-0.3333333333333333,1,57.064934
-0.3333333333333333,1,57.069313
-0.3333333333333333,1,57.074599
-0.3333333333333333,1,57.079321
-0.3333333333333333,1,57.083449
-0.75,1,57.087086
-0.16666666666666666,1,57.091006
-0.25,1,57.094909
-0.2,1,57.098865
-0.12,1,57.102692
-0.2,1,57.106736
-0.2,1,57.111629
-0.3333333333333333,1,57.115565
-0.7777777777777778,1,57.118905
-0.3333333333333333,1,57.122007
-0.2,1,57.125871
-0.2222222222222222,1,57.12975
-0.16666666666666666,1,57.133858
-0.06666666666666667,1,57.137518
-0.12,1,57.141778
-0.06666666666666667,1,57.149691
-0.16666666666666666,1,57.157923
-0.06666666666666667,1,57.163996
-0.16666666666666666,1,57.16882
-0.06666666666666667,1,57.17235
-0.2,1,57.177377
-0.06666666666666667,1,57.181263
-0.12,1,57.185053
-0.1,1,57.188685
-0.16666666666666666,1,57.193827
-0.06666666666666667,1,57.199839
-0.12,1,57.203913
-0.2,1,57.208093
-0.25,1,57.212374
-0.3333333333333333,1,57.216387
-0.3333333333333333,1,57.22037
-0.6666666666666666,1,57.224346
-0.5,1,57.228045
-1.0,1,57.232665
-0.5555555555555556,1,57.236696
-0.16666666666666666,1,57.240759
-0.06666666666666667,1,57.244416
-0.3333333333333333,1,57.249036
0.0,1,57.253106
-1.0,1,57.257008
-1.0,1,57.260849
-1.0,1,57.264983
-0.5555555555555556,1,57.270565
-0.3333333333333333,1,57.274439
0.0,1,57.278333
-1.0,1,57.282107
-1.0,1,57.286074
-0.3333333333333333,1,57.290057
-0.25,1,57.294619
-0.3333333333333333,1,57.29865
-0.2,1,57.303176
-0.2222222222222222,1,57.306839
-0.2,1,57.313641
-0.1,1,57.321172
-0.2,1,57.32919
-0.1,1,57.333332
-0.25,1,57.337475
-0.1,1,57.34126
-0.25,1,57.345197
-0.3333333333333333,1,57.349181
-0.3333333333333333,1,57.353034
-0.3333333333333333,1,57.357145
-0.2,1,57.36185
-0.3333333333333333,1,57.365775
-0.3333333333333333,1,57.369854
-0.6666666666666666,1,57.373775
-0.3333333333333333,1,57.377682
-0.16666666666666666,1,57.38124
-0.2,1,57.385271
-0.2,1,57.388901
-0.3333333333333333,1,57.392716
-0.3333333333333333,1,57.396726
-0.3333333333333333,1,57.400711
-0.3333333333333333,1,57.404697
-0.25,1,57.408822
-0.3333333333333333,1,57.412741
-0.3333333333333333,1,57.416609
-0.6666666666666666,1,57.420775
-0.5,1,57.424475
-1.0,1,57.438987
-1.0,1,57.445625
-1.0,1,57.453628
-0.3333333333333333,1,57.458311
-0.3333333333333333,1,57.462267
-0.3333333333333333,1,57.466092
-0.6666666666666666,1,57.470622
-1.0,1,57.474328
-1.0,1,57.478018
-0.75,1,57.482017
-1.0,1,57.486817
-1.0,1,57.490786
-1.0,1,57.494753
-0.5,1,57.498624
-0.6666666666666666,1,57.503538
-0.5555555555555556,1,57.507762
-1.0,1,57.512607
-0.75,1,57.517566
-0.3333333333333333,1,57.52208
-0.125,1,57.526647
-0.16666666666666666,1,57.530883
-0.25,1,57.535141
-0.2,1,57.539572
-0.2,1,57.543951
-0.2,1,57.548081
-0.5,1,57.552633
-0.16666666666666666,1,57.557507
-0.06666666666666667,1,57.56209
-0.3,1,57.566529
-0.16666666666666666,1,57.571944
-0.06666666666666667,1,57.576238
-0.12,1,57.579984
-0.3,1,57.584395
-0.12,1,57.588857
-0.06666666666666667,1,57.593285
-0.12,1,57.597461
-0.06666666666666667,1,57.601958
-0.2,1,57.606779
-0.06666666666666667,1,57.612152
-0.12,1,57.61681
-0.2,1,57.621594
-0.2,1,57.626139
-0.2222222222222222,1,57.630172
-0.16666666666666666,1,57.633502
-0.1,1,57.637085
-0.25,1,57.64081
-0.3333333333333333,1,57.644549
-0.25,1,57.648222
-0.3333333333333333,1,57.652142
-0.75,1,57.656101
-0.3333333333333333,1,57.660202
-0.2,1,57.663899
-0.2,1,57.667715
-0.16666666666666666,1,57.672125
-0.2,1,57.677192
-0.25,1,57.681044
-0.2,1,57.685504
-0.25,1,57.689871
-0.3333333333333333,1,57.695251
-0.2,1,57.699406
-0.2,1,57.704077
-0.3333333333333333,1,57.708365
-0.2,1,57.712121
-0.2,1,57.715708
-0.3333333333333333,1,57.72078
-0.5,1,57.724537
-0.6666666666666666,1,57.728065
-0.5,1,57.732859
0.0,1,57.737393
-1.0,1,57.741233
-1.0,1,57.745019
-1.0,1,57.749465
-0.5555555555555556,1,57.753916
-1.0,1,57.757864
-0.5555555555555556,1,57.761699
-0.16666666666666666,1,57.765405
-0.06666666666666667,1,57.769212
-0.4,1,57.773374
-0.2,1,57.778393
-0.3333333333333333,1,57.781895
-0.2,1,57.786412
-0.4,1,57.79
-0.3333333333333333,1,57.794392
-0.16666666666666666,1,57.798125
-0.5555555555555556,1,57.801919
-0.16666666666666666,1,57.805605
-0.25,1,57.809573
-0.2,1,57.820576
-0.25,1,57.825462
-0.2,1,57.829195
-0.2,1,57.832893
-0.1,1,57.837014
-0.2,1,57.841121
-0.2,1,57.844922
-0.12,1,57.849062
-0.2,1,57.853681
-0.2,1,57.857481
-0.3333333333333333,1,57.861904
-0.2,1,57.866226
-0.16666666666666666,1,57.870115
-0.2,1,57.873955
-0.2,1,57.87827
-0.125,1,57.882795
-0.16666666666666666,1,57.886544
-0.3333333333333333,1,57.890881
-0.3333333333333333,1,57.895601
-0.2,1,57.899752
-0.2222222222222222,1,57.903963
-0.06666666666666667,1,57.90772
-0.2,1,57.912265
-0.2,1,57.916185
-0.3333333333333333,1,57.920103
-0.3333333333333333,1,57.923411
-0.3333333333333333,1,57.927022
-0.5555555555555556,1,57.931306
-0.6666666666666666,1,57.935851
-0.5,1,57.940582
-0.6666666666666666,1,57.945427
-1.0,1,57.949161
-0.3333333333333333,1,57.953318
-0.5555555555555556,1,57.957286
-0.3333333333333333,1,57.961781
-1.0,1,57.965778
-0.6666666666666666,1,57.969824
-0.25,1,57.973861
-0.3333333333333333,1,57.977899
-0.25,1,57.982571
-0.1,1,57.98648
-0.16666666666666666,1,57.999521
-0.2,1,58.006859
-0.16666666666666666,1,58.013205
-0.06666666666666667,1,58.017938
-0.12,1,58.021802
-0.06666666666666667,1,58.026131
-0.12,1,58.030531
-0.06666666666666667,1,58.035455
-0.12,1,58.039654
-0.3,1,58.044136
-0.06666666666666667,1,58.04906
-0.3,1,58.053499
-0.125,1,58.057488
-0.3333333333333333,1,58.062566
-0.2,1,58.067145
-0.4,1,58.071364
-1.0,1,58.075655
-0.2,1,58.079731
-0.3333333333333333,1,58.08468
-0.2,1,58.088626
-0.16666666666666666,1,58.09283
-0.06666666666666667,1,58.09761
-0.16666666666666666,1,58.102265
-0.06666666666666667,1,58.10641
-0.16666666666666666,1,58.111073
-0.2,1,58.115304
-0.16666666666666666,1,58.119367
-0.3,1,58.12298
-0.2,1,58.127713
-0.2222222222222222,1,58.132037
-0.2,1,58.136058
-0.2,1,58.139613
-0.16666666666666666,1,58.143456
-0.06666666666666667,1,58.147156
-0.2,1,58.151821
-0.2,1,58.155697
-0.2,1,58.159782
-0.2,1,58.16439
-0.25,1,58.168868
-0.3,1,58.172221
-0.12,1,58.176778
-0.2,1,58.181804
-0.25,1,58.186845
-0.1,1,58.191305
-0.125,1,58.197274
-0.3,1,58.204262
-0.2,1,58.211214
-0.2,1,58.216169
-0.12,1,58.221
-0.2,1,58.228486
-0.25,1,58.23303
0.0,1,58.237032
-1.0,1,58.240964
-1.0,1,58.244973
-0.6666666666666666,1,58.249485
-0.5,1,58.253955
-0.3333333333333333,1,58.258556
-1.0,1,58.262506
-0.6666666666666666,1,58.266788
-0.25,1,58.270782
-0.3333333333333333,1,58.2746
-0.125,1,58.278518
-0.16666666666666666,1,58.283044
-0.2,1,58.286948
-0.3333333333333333,1,58.290732
-0.5,1,58.294291
-0.3333333333333333,1,58.298723
-0.25,1,58.302996
-0.6666666666666666,1,58.306739
-0.25,1,58.311838
-0.4,1,58.316245
-0.25,1,58.320519
-0.16666666666666666,1,58.32456
-0.2,1,58.328563
-0.4,1,58.333294
-0.75,1,58.337323
-0.3333333333333333,1,58.341862
-0.75,1,58.34602
-1.0,1,58.350232
-0.75,1,58.353752
-0.16666666666666666,1,58.357582
-0.5555555555555556,1,58.361622
-1.0,1,58.366604
-0.75,1,58.370476
-1.0,1,58.374453
-0.3333333333333333,1,58.378071
0.0,1,58.382362
-1.0,1,58.386297
-1.0,1,58.390167
-0.6666666666666666,1,58.394086
-0.3333333333333333,1,58.399209
-0.3333333333333333,1,58.403209
-0.2,1,58.406713
-0.2,1,58.410599
-0.2,1,58.415466
-0.2222222222222222,1,58.419355
-0.2,1,58.422772
-0.2,1,58.428422
-0.25,1,58.433148
-0.2,1,58.43699
-0.2,1,58.440631
-0.1,1,58.445024
-0.25,1,58.449446
-0.3333333333333333,1,58.45347
-0.25,1,58.457309
-0.3333333333333333,1,58.461602
-0.3333333333333333,1,58.466683
-0.6666666666666666,1,58.471353
-1.0,1,58.476265
-1.0,1,58.480956
-0.75,1,58.485297
-0.3333333333333333,1,58.489399
-0.3333333333333333,1,58.504152
-0.3333333333333333,1,58.524392
-0.125,1,58.528971
-0.1,1,58.533829
-0.25,1,58.537332
-0.16666666666666666,1,58.540922
-0.125,1,58.54689
-0.3333333333333333,1,58.553011
-0.25,1,58.556863
-0.3,1,58.561212
-0.16666666666666666,1,58.565699
-0.2222222222222222,1,58.570018
-0.2,1,58.573724
-0.3,1,58.578047
-0.12,1,58.583042
-0.06666666666666667,1,58.587518
-0.16666666666666666,1,58.597633
0.0,1,58.602566
-1.0,1,58.606601
-1.0,1,58.611515
-0.6666666666666666,1,58.616344
-0.5,1,58.620643
-0.3333333333333333,1,58.625226
-0.2,1,58.629844
-0.2,1,58.634306
-0.2,1,58.638355
-0.2,1,58.642555
-0.2,1,58.647744
-0.1,1,58.652044
-0.2,1,58.656333
-0.2,1,58.66082
-0.25,1,58.665266
-0.3333333333333333,1,58.669255
-0.25,1,58.673286
-0.2,1,58.678011
-0.2,1,58.682784
-0.2,1,58.686725
-1.0,1,58.690994
-0.4,1,58.695303
-0.75,1,58.699837
-0.4,1,58.704286
-0.2,1,58.70842
-0.2,1,58.712571
-0.12,1,58.716746
-0.2,1,58.721153
-0.2,1,58.725395
-0.3333333333333333,1,58.731359
-0.25,1,58.735948
-0.3333333333333333,1,58.740211
-0.5,1,58.744686
-0.6666666666666666,1,58.749123
-0.3333333333333333,1,58.753231
-0.16666666666666666,1,58.757532
-0.5555555555555556,1,58.761068
-1.0,1,58.765214
-1.0,1,58.768711
-0.6666666666666666,1,58.772644
-0.3333333333333333,1,58.776035
-0.3333333333333333,1,58.780175
-0.5555555555555556,1,58.784211
-1.0,1,58.787647
-0.5,1,58.79125
0.0,1,58.794643
-1.0,1,58.79952
-1.0,1,58.80324
-1.0,1,58.806435
-1.0,1,58.810543
-0.3333333333333333,1,58.814507
-0.5,1,58.817891
-0.6666666666666666,1,58.821576
-0.3333333333333333,1,58.82788
-0.3333333333333333,1,58.832379
-0.125,1,58.836077
-0.2,1,58.839665
-0.2,1,58.844324
-0.1,1,58.848381
-0.25,1,58.852347
-0.1,1,58.856282
-0.25,1,58.860552
-0.1,1,58.864069
-0.3333333333333333,1,58.868797
-0.2222222222222222,1,58.872841
-0.3333333333333333,1,58.877414
-0.2222222222222222,1,58.88172
-0.2,1,58.885974
-0.2,1,58.889662
-0.5,1,58.893887
-0.6666666666666666,1,58.898595
-1.0,1,58.90274
-1.0,1,58.906715
-0.3333333333333333,1,58.911128
-0.16666666666666666,1,58.916467
-0.75,1,58.920639
-0.16666666666666666,1,58.924415
-0.06666666666666667,1,58.928286
-0.2222222222222222,1,58.932224
-0.3333333333333333,1,58.935934
-0.2222222222222222,1,58.939256
-0.16666666666666666,1,58.942732
-0.2222222222222222,1,58.947063
-0.16666666666666666,1,58.950641
-0.2222222222222222,1,58.954128
-0.16666666666666666,1,58.957403
-0.2,1,58.960805
-0.2,1,58.964929
-0.2,1,58.968708
-0.25,1,58.972481
-0.1,1,58.976498
-0.25,1,58.980534
-0.1,1,58.984894
-0.25,1,58.988762
-0.16666666666666666,1,58.993299
-0.5555555555555556,1,58.998015
-1.0,1,59.001952
-1.0,1,59.006142
-1.0,1,59.010666
-1.0,1,59.015121
-1.0,1,59.019264
-0.5555555555555556,1,59.023318
-1.0,1,59.027539
-1.0,1,59.031894
-0.6666666666666666,1,59.038519
-0.3333333333333333,1,59.04311
-0.16666666666666666,1,59.047383
-0.75,1,59.051714
-0.16666666666666666,1,59.055474
-0.125,1,59.059692
-0.16666666666666666,1,59.06411
-0.75,1,59.06807
-0.4,1,59.071759
-0.16666666666666666,1,59.076029
-0.2222222222222222,1,59.080563
-0.3333333333333333,1,59.084537
0.0,1,59.08823
-1.0,1,59.091709
-1.0,1,59.096199
-1.0,1,59.099996
-0.5555555555555556,1,59.104437
-0.3333333333333333,1,59.10833
-0.5555555555555556,1,59.112853
-0.16666666666666666,1,59.116647
-0.2,1,59.120989
-0.2,1,59.125406
-0.16666666666666666,1,59.129463
-0.2,1,59.147684
-0.25,1,59.157004
-0.3333333333333333,1,59.16204
0.0,1,59.167154
-1.0,1,59.172021
-1.0,1,59.176653
-0.6666666666666666,1,59.18189
-1.0,1,59.1861
-1.0,1,59.190555
-0.5,1,59.195421
-0.4,1,59.20018
-0.5,1,59.204595
-0.3333333333333333,1,59.208811
-0.25,1,59.213797
-0.2,1,59.218497
-0.25,1,59.223151
-0.1,1,59.228364
-0.16666666666666666,1,59.233542
-0.2222222222222222,1,59.238132
-0.16666666666666666,1,59.24237
-0.06666666666666667,1,59.24801
-0.16666666666666666,1,59.252789
-0.2,1,59.256885
-0.2,1,59.261744
-0.3333333333333333,1,59.267733
-0.25,1,59.271544
-0.3333333333333333,1,59.276627
-0.2,1,59.28169
-0.2,1,59.285854
-0.16666666666666666,1,59.290125
-0.2222222222222222,1,59.296489
-0.16666666666666666,1,59.301061
-1.0,1,59.305214
-0.16666666666666666,1,59.309806
-0.2222222222222222,1,59.314837
-0.3333333333333333,1,59.318954
-0.2222222222222222,1,59.323284
-0.16666666666666666,1,59.328371
-0.4,1,59.332922
-0.06666666666666667,1,59.339975
-0.2,1,59.348429
-0.3333333333333333,1,59.35864
-0.2,1,59.401861
-1.0,1,59.42088
-0.2,1,59.425113
-0.16666666666666666,1,59.429144
-0.2222222222222222,1,59.434042
-0.06666666666666667,1,59.449883
-0.4,1,59.453797
-1.0,1,59.457577
-1.0,1,59.461062
-1.0,1,59.468461
-1.0,1,59.472907
-1.0,1,59.477291
-0.4,1,59.481724
-0.2,1,59.485865
-0.4,1,59.490052
-0.2,1,59.494827
-0.2222222222222222,1,59.504892
-0.16666666666666666,1,59.510803
-0.06666666666666667,1,59.516652
-0.12,1,59.523902
-0.06666666666666667,1,59.530707
-0.12,1,59.535754
-0.1,1,59.54128
-0.16666666666666666,1,59.546493
-0.2222222222222222,1,59.551592
-0.3333333333333333,1,59.556496
-0.2222222222222222,1,59.563894
-0.16666666666666666,1,59.568462
-1.0,1,59.572959
-1.0,1,59.589897
-0.4,1,59.605527
-0.5,1,59.610767
-0.6666666666666666,1,59.616102
-0.5,1,59.623453
-0.16666666666666666,1,59.630824
-0.125,1,59.636594
-0.16666666666666666,1,59.643414
-0.3333333333333333,1,59.650116
-0.3333333333333333,1,59.655087
-0.5555555555555556,1,59.659377
-1.0,1,59.665691
-0.3333333333333333,1,59.669721
-0.16666666666666666,1,59.673348
-0.06666666666666667,1,59.677354
-0.2222222222222222,1,59.681402
-0.16666666666666666,1,59.685918
-0.4,1,59.690067
-1.0,1,59.694238
-1.0,1,59.698627
-0.75,1,59.702938
-0.4,1,59.706745
-0.06666666666666667,1,59.710577
-0.16666666666666666,1,59.715007
-0.125,1,59.719737
-0.16666666666666666,1,59.724404
-0.125,1,59.729537
-0.16666666666666666,1,59.738982
-0.06666666666666667,1,59.743689
-0.16666666666666666,1,59.747865
-0.3333333333333333,1,59.752667
-0.3333333333333333,1,59.757249
-0.5,1,59.771052
-1.0,1,59.775392
-1.0,1,59.780941
-0.6666666666666666,1,59.785174
-0.5,1,59.789717
-0.6666666666666666,1,59.803199
-0.3333333333333333,1,59.807812
-0.3333333333333333,1,59.812177
-0.3333333333333333,1,59.819394
-0.3333333333333333,1,59.828123
-0.3333333333333333,1,59.839808
-0.3333333333333333,1,59.844978
-0.3333333333333333,1,59.848562
-0.3333333333333333,1,59.85385
-0.5,1,59.857473
-0.6666666666666666,1,59.862841
-1.0,1,59.866494
-1.0,1,59.86998
-1.0,1,59.873226
-1.0,1,59.876806
-0.5,1,59.880431
-0.4,1,59.884233
-0.5,1,59.887885
-0.3333333333333333,1,59.89167
-0.06666666666666667,1,59.89549
-0.2222222222222222,1,59.906363
-0.2,1,59.914294
-0.16666666666666666,1,59.919671
-0.75,1,59.924104
-0.4,1,59.928363
-0.06666666666666667,1,59.932669
-0.4,1,59.93734
-0.06666666666666667,1,59.94205
-0.16666666666666666,1,59.946252
-0.3333333333333333,1,59.950777
0.0,1,59.954976
-1.0,1,59.960203
-1.0,1,59.964126
-1.0,1,59.968609
-1.0,1,59.972644
-0.6666666666666666,1,59.97704
-0.5,1,59.980804
-0.4,1,59.984793
-1.0,1,59.98868
-0.4,1,59.99303
-0.5,1,59.997238
-0.3333333333333333,1,60.001569
-0.5555555555555556,1,60.005577
-0.6666666666666666,1,60.009676
-0.5,1,60.013569
-0.2,1,60.017669
-0.16666666666666666,1,60.022137
-0.2222222222222222,1,60.027352
-0.2,1,60.031437
-0.2,1,60.037129
-0.16666666666666666,1,60.04564
-0.2222222222222222,1,60.05575
-0.16666666666666666,1,60.060697
-0.2222222222222222,1,60.064715
-0.16666666666666666,1,60.069034
-0.2,1,60.072922
-0.12,1,60.077098
-0.2,1,60.081021
-0.16666666666666666,1,60.085138
0.0,1,60.089239
-1.0,1,60.093123
-1.0,1,60.097434
-1.0,1,60.102866
-1.0,1,60.10672
-1.0,1,60.110863
-1.0,1,60.114608
-1.0,1,60.118817
-1.0,1,60.122589
-1.0,1,60.126495
-0.5555555555555556,1,60.130023
-0.3333333333333333,1,60.133386
-0.3333333333333333,1,60.137087
-0.3333333333333333,1,60.143744
-0.3333333333333333,1,60.147698
-0.3333333333333333,1,60.153655
-0.06666666666666667,1,60.157794
-0.3333333333333333,1,60.162349
-0.5555555555555556,1,60.165957
-0.3333333333333333,1,60.169824
-0.2,1,60.17756
-0.2222222222222222,1,60.182063
-0.3333333333333333,1,60.186367
-0.2,1,60.191063
-0.25,1,60.195445
-0.3333333333333333,1,60.199648
-0.3333333333333333,1,60.204175
-0.6666666666666666,1,60.208264
-1.0,1,60.212421
-1.0,1,60.216487
-0.5,1,60.220597
-0.6666666666666666,1,60.224284
-0.3333333333333333,1,60.228383
-0.3333333333333333,1,60.232644
-0.75,1,60.236991
-1.0,1,60.241
-0.5555555555555556,1,60.245064
-0.3333333333333333,1,60.249252
0.0,1,60.253413
-1.0,1,60.256761
-1.0,1,60.26102
-0.6666666666666666,1,60.265363
-0.5,1,60.269719
-0.6666666666666666,1,60.27409
-0.7777777777777778,1,60.278541
-0.3333333333333333,1,60.283686
-0.3333333333333333,1,60.288064
-0.16666666666666666,1,60.292268
-0.2,1,60.299813
-0.2,1,60.304606
-0.16666666666666666,1,60.308331
-0.2222222222222222,1,60.312457
-0.16666666666666666,1,60.31696
-0.06666666666666667,1,60.320924
-0.16666666666666666,1,60.324651
-0.2,1,60.32953
-0.3333333333333333,1,60.334351
-0.3333333333333333,1,60.338237
-0.3333333333333333,1,60.342746
-0.3333333333333333,1,60.346777
-0.06666666666666667,1,60.351365
-0.3,1,60.354966
-0.25,1,60.359734
-0.1,1,60.364401
-0.16666666666666666,1,60.368086
-0.1,1,60.371315
-0.25,1,60.375275
-0.2,1,60.380124
-0.2,1,60.384064
-0.06666666666666667,1,60.387894
-0.12,1,60.392145
-0.06666666666666667,1,60.396045
-0.16666666666666666,1,60.399959
-0.06666666666666667,1,60.403705
-0.16666666666666666,1,60.407202
0.0,1,60.411369
-1.0,1,60.416023
-1.0,1,60.419919
-1.0,1,60.423967
-1.0,1,60.42777
-1.0,1,60.432193
-0.75,1,60.436101
-0.3333333333333333,1,60.43993
-0.125,1,60.443906
-0.2,1,60.44815
-0.2,1,60.45202
-0.3333333333333333,1,60.455765
-0.3333333333333333,1,60.460208
-0.6666666666666666,1,60.464338
-0.3333333333333333,1,60.475489
0.0,1,60.482701
-1.0,1,60.487082
-0.5,1,60.491379
-0.6666666666666666,1,60.503214
-0.5,1,60.511682
-0.6666666666666666,1,60.520156
-0.5,1,60.525695
-0.4,1,60.531802
-0.06666666666666667,1,60.539618
-0.16666666666666666,1,60.545478
-0.06666666666666667,1,60.552328
-0.2222222222222222,1,60.559568
-0.2,1,60.566484
-0.2,1,60.572087
-0.5,1,60.578315
-1.0,1,60.586659
-0.3333333333333333,1,60.594866
-0.6666666666666666,1,60.602973
-0.5,1,60.612774
-0.3333333333333333,1,60.620443
-0.2,1,60.624866
-0.2222222222222222,1,60.63046
-0.16666666666666666,1,60.635151
-0.2,1,60.639392
-0.2,1,60.646227
-0.2,1,60.653136
-0.16666666666666666,1,60.659333
-0.06666666666666667,1,60.666381
-0.2,1,60.674096
-0.2,1,60.678998
-0.12,1,60.683638
-0.2,1,60.687457
-0.25,1,60.69198
-0.2,1,60.69574
-0.2,1,60.699814
-0.2,1,60.703695
-0.12,1,60.707297
-0.06666666666666667,1,60.711009
-0.16666666666666666,1,60.715125
-0.06666666666666667,1,60.718821
-0.12,1,60.72262
-0.06666666666666667,1,60.726988
-0.12,1,60.731616
-0.2,1,60.736172
-0.2,1,60.740091
-0.1,1,60.744904
-0.16666666666666666,1,60.749645
-0.1,1,60.753555
-0.125,1,60.757406
-0.1,1,60.762065
-0.25,1,60.76704
-0.1,1,60.771132
-0.2,1,60.77501
-0.06666666666666667,1,60.779145
-0.16666666666666666,1,60.78383
-0.3,1,60.787576
-0.125,1,60.791373
-0.3333333333333333,1,60.794605
-0.25,1,60.798988
-0.3333333333333333,1,60.802918
-0.3333333333333333,1,60.806859
-0.3333333333333333,1,60.810561
-0.3333333333333333,1,60.814741
-0.2,1,60.81877
-0.3333333333333333,1,60.822662
-0.16666666666666666,1,60.8266
-0.125,1,60.831102
-0.16666666666666666,1,60.835242
-0.75,1,60.838931
-0.4,1,60.842672
-0.16666666666666666,1,60.848642
-0.4,1,60.852448
-0.06666666666666667,1,60.855714
-0.3333333333333333,1,60.860322
-0.06666666666666667,1,60.864812
-0.2222222222222222,1,60.86901
-0.06666666666666667,1,60.872856
-0.3,1,60.877766
-0.125,1,60.882882
-0.16666666666666666,1,60.88674
-0.25,1,60.890946
-0.1,1,60.895346
-0.25,1,60.899457
-0.2,1,60.903687
-0.125,1,60.908238
-0.3333333333333333,1,60.912189
-0.25,1,60.91644
-0.1,1,60.920046
-0.25,1,60.923974
-0.3333333333333333,1,60.927786
-0.3333333333333333,1,60.932335
-0.3333333333333333,1,60.936228
-0.2,1,60.941554
-0.4,1,60.945047
-0.5,1,60.948905
-0.4,1,60.952828
-0.75,1,60.956341
-1.0,1,60.959798
-1.0,1,60.963832
-0.6666666666666666,1,60.967609
-0.3333333333333333,1,60.971158
-0.3333333333333333,1,60.975471
-0.5,1,60.978854
-1.0,1,60.982856
-0.5555555555555556,1,60.986834
-0.3333333333333333,1,60.990046
-0.2,1,60.993484
-0.2,1,60.997379
-0.12,1,61.00108
-0.06666666666666667,1,61.004544
-0.2,1,61.0084
0.0,1,61.012385
-1.0,1,61.016222
-1.0,1,61.019934
-0.6666666666666666,1,61.023189
-0.3333333333333333,1,61.026444
-0.6666666666666666,1,61.031388
-0.7777777777777778,1,61.035151
-0.6666666666666666,1,61.038807
-0.3333333333333333,1,61.042389
-0.3333333333333333,1,61.046703
-0.3333333333333333,1,61.050476
-1.0,1,61.054491
-0.5,1,61.058751
-0.3333333333333333,1,61.062376
-0.2,1,61.066253
-0.3333333333333333,1,61.069998
-0.125,1,61.084058
-0.2,1,61.091466
-0.2,1,61.098339
-0.2,1,61.102425
-0.12,1,61.106866
-0.06666666666666667,1,61.111688
-0.16666666666666666,1,61.116318
-0.06666666666666667,1,61.122132
-0.12,1,61.126461
-0.06666666666666667,1,61.130885
-0.2,1,61.135485
-0.2,1,61.139376
-0.25,1,61.143545
-0.2,1,61.148073
-0.12,1,61.152308
-0.3,1,61.156185
-0.12,1,61.160542
-0.2,1,61.165689
-0.12,1,61.170311
-0.2,1,61.174718
-0.2,1,61.179181
-0.2,1,61.184017
-0.16666666666666666,1,61.188795
0.0,1,61.193004
-1.0,1,61.197782
-0.5,1,61.201622
-1.0,1,61.205427
-1.0,1,61.210329
-0.6666666666666666,1,61.214891
-0.3333333333333333,1,61.218843
0.0,1,61.222457
-1.0,1,61.226234
-1.0,1,61.230715
-1.0,1,61.234566
-0.5,1,61.23837
-0.6666666666666666,1,61.24199
-0.75,1,61.24703
-0.3333333333333333,1,61.251124
-0.5,1,61.255489
-0.6666666666666666,1,61.259068
-0.5555555555555556,1,61.263573
-0.16666666666666666,1,61.267029
-0.25,1,61.270313
-0.2,1,61.273689
-0.25,1,61.277576
-0.3333333333333333,1,61.281342
-0.25,1,61.285049
-0.2,1,61.28857
-0.125,1,61.29297
-0.16666666666666666,1,61.296951
-0.5,1,61.300848
-0.4,1,61.304591
-0.75,1,61.30929
-0.3333333333333333,1,61.315769
-0.25,1,61.32173
-0.2,1,61.329662
-0.12,1,61.335335
-0.1,1,61.340982
-0.25,1,61.347271
-0.3333333333333333,1,61.351087
-0.125,1,61.355637
-0.3,1,61.359847
-0.16666666666666666,1,61.36418
-0.2222222222222222,1,61.367971
-0.16666666666666666,1,61.372037
-0.2222222222222222,1,61.376987
-0.16666666666666666,1,61.380991
-0.2,1,61.384532
-0.16666666666666666,1,61.387842
-1.0,1,61.39154
-1.0,1,61.39553
-0.4,1,61.400203
-0.06666666666666667,1,61.404101
-0.3333333333333333,1,61.408114
-0.25,1,61.412233
-0.1,1,61.417305
-0.2,1,61.421316
-0.2,1,61.425318
-0.2,1,61.42969
-0.3333333333333333,1,61.434177
-0.25,1,61.438127
-0.16666666666666666,1,61.4422
-0.3333333333333333,1,61.446114
-0.2,1,61.45082
-0.2,1,61.4547
-0.3333333333333333,1,61.458281
-0.25,1,61.462994
-0.3333333333333333,1,61.466976
-0.25,1,61.471173
-0.16666666666666666,1,61.474993
-0.125,1,61.478511
-0.3,1,61.482337
-0.2,1,61.48605
-0.2,1,61.489831
-0.16666666666666666,1,61.495969
-0.2222222222222222,1,61.503201
-0.16666666666666666,1,61.507518
-0.1,1,61.511474
-0.16666666666666666,1,61.515475
0.0,1,61.519571
-1.0,1,61.523878
-1.0,1,61.527658
-1.0,1,61.532289
-1.0,1,61.536115
-1.0,1,61.540281
-1.0,1,61.544083
-0.6666666666666666,1,61.547888
-0.75,1,61.552117
-1.0,1,61.556397
-1.0,1,61.56044
-1.0,1,61.564883
-0.16666666666666666,1,61.569269
-0.2222222222222222,1,61.573264
-0.3333333333333333,1,61.576881
-0.2222222222222222,1,61.581091
-0.16666666666666666,1,61.58567
-0.2222222222222222,1,61.590014
-0.16666666666666666,1,61.593695
0.0,1,61.597562
-1.0,1,61.601295
-1.0,1,61.605087
-0.6666666666666666,1,61.609233
-1.0,1,61.61471
-1.0,1,61.61921
-0.5555555555555556,1,61.623185
-0.16666666666666666,1,61.627602
-0.125,1,61.632484
-0.2,1,61.636716
-0.12,1,61.647911
-0.06666666666666667,1,61.65533
-0.12,1,61.660542
-0.06666666666666667,1,61.665051
-0.2,1,61.669336
-0.2,1,61.67327
-0.16666666666666666,1,61.677799
-0.2222222222222222,1,61.68245
-0.3333333333333333,1,61.686385
0.0,1,61.69063
-1.0,1,61.695398
-1.0,1,61.700565
-1.0,1,61.704852
-0.5,1,61.708852
-0.6666666666666666,1,61.713176
-0.75,1,61.717453
-0.16666666666666666,1,61.721602
-0.25,1,61.726628
-0.3,1,61.732373
-0.12,1,61.736692
-0.06666666666666667,1,61.741693
-0.12,1,61.746759
-0.06666666666666667,1,61.751295
-0.12,1,61.755512
-0.06666666666666667,1,61.760358
-0.16666666666666666,1,61.765662
-0.1,1,61.771552
-0.2,1,61.776582
-0.1,1,61.785412
-0.3333333333333333,1,61.793992
-0.2,1,61.80446
-0.06666666666666667,1,61.81306
-0.16666666666666666,1,61.818197
-0.5,1,61.822524
-0.16666666666666666,1,61.82672
-0.25,1,61.83104
-0.2,1,61.835538
0.0,1,61.839568
-1.0,1,61.843915
-1.0,1,61.849067
-1.0,1,61.853389
-0.5,1,61.859415
-0.3333333333333333,1,61.881296
-0.2,1,61.893629
-0.3,1,61.913865
-0.2,1,61.942807
-0.2,1,61.975756
-0.2,1,61.986138
-0.2,1,62.004915
-0.25,1,62.02319
-0.3333333333333333,1,62.02748
-0.3333333333333333,1,62.032042
-0.3333333333333333,1,62.036184
-0.3333333333333333,1,62.040791
-0.6666666666666666,1,62.044968
-0.3333333333333333,1,62.049118
-0.6666666666666666,1,62.054096
-0.7777777777777778,1,62.064386
-0.3333333333333333,1,62.068393
-0.25,1,62.072886
-0.2,1,62.076783
-0.2,1,62.080691
-0.2,1,62.085042
-0.12,1,62.089164
-0.2,1,62.093547
-0.125,1,62.097592
-0.3,1,62.102092
-0.12,1,62.106568
-0.06666666666666667,1,62.111045
-0.2,1,62.115078
-0.06666666666666667,1,62.120068
-0.12,1,62.124408
-0.2,1,62.127924
-0.12,1,62.132087
-0.1,1,62.137181
-0.2,1,62.141222
-0.2,1,62.14483
-0.5,1,62.169733
-0.2,1,62.209847
-0.5,1,62.226587
-0.4,1,62.233573
-0.2,1,62.257624
-0.2,1,62.288399
-0.06666666666666667,1,62.317822
-0.2,1,62.334608
0.0,1,62.354386
-1.0,1,62.359399
-1.0,1,62.36651
-1.0,1,62.371716
-1.0,1,62.377448
-1.0,1,62.38303
-0.16666666666666666,1,62.395547
-0.4,1,62.426702
-0.16666666666666666,1,62.444978
-0.4,1,62.45952
-0.2,1,62.478561
-0.16666666666666666,1,62.486251
-0.3333333333333333,1,62.529536
-0.16666666666666666,1,62.541509
-0.125,1,62.56056
-0.3,1,62.566755
-0.12,1,62.57299
-0.06666666666666667,1,62.582145
-0.16666666666666666,1,62.603378
-0.06666666666666667,1,62.608079
-0.16666666666666666,1,62.613003
-0.2222222222222222,1,62.617098
-0.2,1,62.621179
0.0,1,62.625322
-1.0,1,62.62961
-1.0,1,62.633721
-1.0,1,62.638144
-0.5,1,62.643796
-0.3333333333333333,1,62.654356
-0.3333333333333333,1,62.659127
-0.6666666666666666,1,62.684967
-0.5,1,62.689418
-1.0,1,62.69367
-0.5,1,62.723055
-0.4,1,62.731874
-0.06666666666666667,1,62.738322
-0.4,1,62.754689
-0.75,1,62.759151
-1.0,1,62.764289
-1.0,1,62.769453
-1.0,1,62.774643
-0.5,1,62.780764
-0.3333333333333333,1,62.786134
-0.3333333333333333,1,62.798384
-0.2,1,62.803363
-0.16666666666666666,1,62.809593
-0.2222222222222222,1,62.814936
-0.2,1,62.819445
-0.3333333333333333,1,62.82435
-0.2,1,62.82924
-0.2,1,62.834737
-0.2,1,62.83922
-0.2222222222222222,1,62.846563
-0.2,1,62.854058
-0.2,1,62.861539
-0.16666666666666666,1,62.868266
-0.2,1,62.872965
-0.2,1,62.880782
-0.2,1,62.88645
-0.5,1,62.892656
-0.4,1,62.899472
-0.16666666666666666,1,62.903705
-0.2222222222222222,1,62.90776
-0.16666666666666666,1,62.912992
-0.3,1,62.917217
-0.125,1,62.921041
-0.3,1,62.925442
-0.125,1,62.930324
-0.1,1,62.934861
-0.25,1,62.938818
-0.16666666666666666,1,62.942987
-0.3333333333333333,1,62.947951
-0.3333333333333333,1,62.951898
-0.25,1,62.956028
-0.1,1,62.960543
-0.12,1,62.964921
-0.2,1,62.968731
-0.2,1,62.972912
-0.2,1,62.977817
-0.25,1,62.98261
-0.2,1,62.986676
-0.25,1,62.990863
-0.3333333333333333,1,63.017766
-0.125,1,63.021827
-0.3,1,63.025988
-0.16666666666666666,1,63.030598
-0.2222222222222222,1,63.03446
-0.3333333333333333,1,63.037989
0.0,1,63.043795
-1.0,1,63.048595
-1.0,1,63.052579
-1.0,1,63.056338
-0.75,1,63.060298
-0.4,1,63.064552
-1.0,1,63.078795
-1.0,1,63.097897
-1.0,1,63.104059
-1.0,1,63.110645
-0.75,1,63.143041
-0.4,1,63.163517
-0.2,1,63.168694
-0.2222222222222222,1,63.173545
-0.3333333333333333,1,63.17935
0.0,1,63.187471
-1.0,1,63.192959
-1.0,1,63.198362
-1.0,1,63.202613
-0.5,1,63.218482
-0.2,1,63.230056
-0.5,1,63.236101
-0.6666666666666666,1,63.247108
-0.3333333333333333,1,63.252113
-0.3333333333333333,1,63.256298
-0.3333333333333333,1,63.260669
-0.2,1,63.265817
-0.06666666666666667,1,63.270169
-0.16666666666666666,1,63.274322
-0.5555555555555556,1,63.279131
-1.0,1,63.28393
-1.0,1,63.287977
-1.0,1,63.292815
-0.75,1,63.298395
-0.3333333333333333,1,63.303239
-0.3333333333333333,1,63.307599
-0.6666666666666666,1,63.312001
-0.3333333333333333,1,63.316191
-0.3333333333333333,1,63.320266
-0.3333333333333333,1,63.32422
-0.3333333333333333,1,63.342373
-0.3333333333333333,1,63.351087
-0.2222222222222222,1,63.372776
-0.16666666666666666,1,63.38172
-0.2222222222222222,1,63.387402
-0.3333333333333333,1,63.392211
0.0,1,63.399141
-1.0,1,63.404218
-1.0,1,63.410269
-0.3333333333333333,1,63.416293
-0.25,1,63.420799
-0.3333333333333333,1,63.424895
-0.25,1,63.429225
-0.1,1,63.434201
-0.25,1,63.439107
-0.2,1,63.443595
-0.3333333333333333,1,63.448512
-0.2,1,63.452754
-0.25,1,63.456686
-0.2,1,63.461385
-0.2,1,63.465407
-0.3333333333333333,1,63.469939
-0.3333333333333333,1,63.47391
-0.3333333333333333,1,63.477772
-0.25,1,63.482223
-0.3333333333333333,1,63.485917
-0.25,1,63.489341
-0.3,1,63.493507
-0.12,1,63.497455
-0.3,1,63.501616
-0.12,1,63.505679
-0.06666666666666667,1,63.509391
-0.12,1,63.513223
-0.06666666666666667,1,63.517597
-0.16666666666666666,1,63.521757
-0.2222222222222222,1,63.528473
-0.06666666666666667,1,63.541941
-0.2,1,63.546262
-0.06666666666666667,1,63.559739
-0.3,1,63.572222
-0.25,1,63.582335
-0.2,1,63.59605
-0.16666666666666666,1,63.600213
-0.2222222222222222,1,63.614205
-0.16666666666666666,1,63.62618
-0.2222222222222222,1,63.632879
-0.16666666666666666,1,63.638184
-0.06666666666666667,1,63.643129
-0.16666666666666666,1,63.648947
-0.06666666666666667,1,63.653858
-0.16666666666666666,1,63.658216
0.0,1,63.662523
-1.0,1,63.667035
-0.5,1,63.671106
-0.3333333333333333,1,63.675546
-0.5,1,63.680151
-0.4,1,63.684641
-0.2,1,63.688824
-0.4,1,63.692986
-0.2,1,63.697196
-0.2222222222222222,1,63.701793
-0.16666666666666666,1,63.706089
0.0,1,63.710291
-1.0,1,63.714883
-1.0,1,63.721082
-1.0,1,63.727073
-1.0,1,63.731938
-0.6666666666666666,1,63.736371
-0.3333333333333333,1,63.740288
0.0,1,63.744362
-1.0,1,63.748703
-1.0,1,63.753436
-1.0,1,63.757083
-1.0,1,63.761338
-0.6666666666666666,1,63.765545
-0.7777777777777778,1,63.769603
-0.3333333333333333,1,63.77315
-0.25,1,63.777265
-0.6666666666666666,1,63.781441
-1.0,1,63.785837
-0.3333333333333333,1,63.789796
-0.3333333333333333,1,63.794106
-1.0,1,63.798362
-0.5,1,63.803044
-0.3333333333333333,1,63.807545
-0.2,1,63.811468
-0.3333333333333333,1,63.816052
-0.25,1,63.819908
-0.16666666666666666,1,63.824336
-0.2,1,63.829031
-0.3333333333333333,1,63.833936
-0.25,1,63.838021
0.0,1,63.842282
-1.0,1,63.847076
-1.0,1,63.850932
-0.6666666666666666,1,63.854864
-0.3333333333333333,1,63.859047
-0.16666666666666666,1,63.862841
-0.2,1,63.867395
-0.2,1,63.871851
-0.5,1,63.875919
-0.3333333333333333,1,63.879525
-0.125,1,63.884773
-0.16666666666666666,1,63.888541
-0.3333333333333333,1,63.892641
-0.16666666666666666,1,63.896777
-0.25,1,63.901202
-0.3333333333333333,1,63.905486
-0.5,1,63.909333
0.0,1,63.913241
-1.0,1,63.930089
-1.0,1,63.935338
-1.0,1,63.942479
-0.5,1,63.958306
-0.6666666666666666,1,63.965905
-0.5,1,63.97294
-0.3333333333333333,1,63.977585
-0.25,1,63.982138
-0.3333333333333333,1,63.98687
-0.3333333333333333,1,63.990993
0.0,1,63.995361
-1.0,1,64.000314
-1.0,1,64.005038
-0.6666666666666666,1,64.009757
-0.5,1,64.014484
-0.6666666666666666,1,64.019578
-0.3333333333333333,1,64.024108
-0.16666666666666666,1,64.02838
-0.3333333333333333,1,64.033205
-1.0,1,64.037438
-0.5,1,64.041671
-0.6666666666666666,1,64.045727
-0.5,1,64.050576
-0.6666666666666666,1,64.055023
-0.3333333333333333,1,64.058397
-0.16666666666666666,1,64.062328
-0.3333333333333333,1,64.067018
-0.16666666666666666,1,64.070873
-0.2,1,64.074704
-0.2222222222222222,1,64.078222
-0.16666666666666666,1,64.083041
-0.06666666666666667,1,64.086567
-0.12,1,64.090117
-0.3,1,64.094352
-0.16666666666666666,1,64.09931
-0.2222222222222222,1,64.103557
-0.2,1,64.107225
-0.3333333333333333,1,64.111453
-0.2,1,64.115865
-0.2222222222222222,1,64.11973
-0.16666666666666666,1,64.123389
-0.06666666666666667,1,64.12695
-0.12,1,64.130713
-0.3,1,64.135026
-0.2,1,64.138783
-0.4,1,64.142437
-0.16666666666666666,1,64.146878
-1.0,1,64.150893
-0.16666666666666666,1,64.154552
-0.4,1,64.158408
-0.16666666666666666,1,64.163516
-0.2222222222222222,1,64.167484
-0.06666666666666667,1,64.171206
-0.2222222222222222,1,64.174977
-0.16666666666666666,1,64.178816
0.0,1,64.183281
-1.0,1,64.186968
-1.0,1,64.190409
-1.0,1,64.195505
-1.0,1,64.201631
-1.0,1,64.206344
-1.0,1,64.21852
-1.0,1,64.223582
-1.0,1,64.229561
-0.2,1,64.234305
-0.3333333333333333,1,64.238768
-0.2222222222222222,1,64.243022
-0.16666666666666666,1,64.247593
-0.2222222222222222,1,64.252264
-0.3333333333333333,1,64.256678
-0.3333333333333333,1,64.260691
-0.25,1,64.265162
-0.2,1,64.270235
-0.125,1,64.274391
-0.3333333333333333,1,64.278666
-0.2,1,64.283506
-0.3333333333333333,1,64.288013
-0.125,1,64.292621
-0.2,1,64.2968
-0.2,1,64.301841
-0.2,1,64.306279
-0.12,1,64.310771
-0.06666666666666667,1,64.315197
-0.12,1,64.320484
-0.3,1,64.324103
-0.25,1,64.327917
-0.3,1,64.332222
-0.06666666666666667,1,64.336403
-0.4,1,64.340117
-0.5,1,64.343779
-0.3333333333333333,1,64.348649
-0.25,1,64.352864
-0.3,1,64.357101
-0.06666666666666667,1,64.362349
-0.16666666666666666,1,64.367461
-0.75,1,64.3713
-0.4,1,64.375184
-1.0,1,64.379901
-1.0,1,64.383972
-0.25,1,64.387821
-0.4,1,64.391259
-1.0,1,64.396144
-0.4,1,64.401097
-0.16666666666666666,1,64.404569
-0.4,1,64.408004
-0.16666666666666666,1,64.411916
-0.2222222222222222,1,64.415867
-0.16666666666666666,1,64.419526
-0.2,1,64.423471
-0.16666666666666666,1,64.426999
-0.2,1,64.430491
-0.2,1,64.43472
-0.2,1,64.438495
-0.16666666666666666,1,64.444299
-0.06666666666666667,1,64.449569
-0.12,1,64.45489
-0.06666666666666667,1,64.460089
-0.2,1,64.466972
-0.06666666666666667,1,64.471609
-0.2,1,64.47615
-0.06666666666666667,1,64.480263
-0.2,1,64.484814
-0.06666666666666667,1,64.48941
-0.16666666666666666,1,64.494041
-0.06666666666666667,1,64.498397
-0.12,1,64.502786
-0.3,1,64.507032
-0.16666666666666666,1,64.511094
-0.1,1,64.515521
-0.3333333333333333,1,64.520768
-0.1,1,64.525007
-0.16666666666666666,1,64.529377
-0.2222222222222222,1,64.533796
-0.16666666666666666,1,64.537905
-0.06666666666666667,1,64.54249
-0.2,1,64.546987
-0.2,1,64.550957
-0.2,1,64.55577
-0.06666666666666667,1,64.560728
-0.12,1,64.566249
-0.06666666666666667,1,64.570683
-0.16666666666666666,1,64.576864
-0.06666666666666667,1,64.582214
-0.2,1,64.587179
-0.06666666666666667,1,64.591281
-0.16666666666666666,1,64.601453
-0.06666666666666667,1,64.614204
-0.16666666666666666,1,64.624488
-0.2222222222222222,1,64.628832
-0.16666666666666666,1,64.633205
0.0,1,64.637366
-1.0,1,64.641948
-1.0,1,64.646273
-1.0,1,64.650708
-1.0,1,64.655343
-1.0,1,64.659701
-1.0,1,64.663776
-0.6666666666666666,1,64.667896
-0.5,1,64.672606
-0.3333333333333333,1,64.676841
-0.06666666666666667,1,64.680202
-0.3333333333333333,1,64.683713
-0.3333333333333333,1,64.68808
-0.6666666666666666,1,64.693685
-1.0,1,64.701049
-1.0,1,64.706318
-1.0,1,64.710575
-1.0,1,64.714625
-0.25,1,64.719203
-0.6666666666666666,1,64.723555
-0.7777777777777778,1,64.731919
-0.3333333333333333,1,64.736526
-0.25,1,64.74099
-0.2,1,64.745287
-0.125,1,64.749813
-0.2,1,64.754022
-0.2,1,64.758432
-0.16666666666666666,1,64.762684
-0.3333333333333333,1,64.766986
-0.16666666666666666,1,64.770951
-0.06666666666666667,1,64.77575
-0.3,1,64.780275
-0.06666666666666667,1,64.78439
-0.16666666666666666,1,64.788527
-0.5555555555555556,1,64.79322
-0.3333333333333333,1,64.797397
-0.25,1,64.800894
-0.3333333333333333,1,64.805273
-0.3333333333333333,1,64.808988
-0.3333333333333333,1,64.824178
-0.2,1,64.831136
-0.3333333333333333,1,64.835898
-0.2,1,64.840826
-0.2222222222222222,1,64.844772
-0.2,1,64.848716
0.0,1,64.853449
-1.0,1,64.857826
-1.0,1,64.86198
-0.6666666666666666,1,64.865986
-0.5,1,64.870174
-0.6666666666666666,1,64.874688
-0.3333333333333333,1,64.87894
-0.16666666666666666,1,64.883142
-0.125,1,64.887963
-0.1,1,64.892262
-0.16666666666666666,1,64.896538
-0.2222222222222222,1,64.900652
-0.2,1,64.905516
-0.3333333333333333,1,64.909899
-0.25,1,64.914118
-0.3333333333333333,1,64.919012
-0.25,1,64.923151
-1.0,1,64.927303
-0.25,1,64.931042
-0.2,1,64.9358
-0.2,1,64.941605
-0.2222222222222222,1,64.946379
-0.2,1,64.95119
0.0,1,64.956001
-1.0,1,64.961035
-1.0,1,64.966511
-0.6666666666666666,1,64.970833
-1.0,1,64.975345
-1.0,1,64.980114
-1.0,1,64.999233
-0.4,1,65.005813
-0.16666666666666666,1,65.010922
-0.2222222222222222,1,65.015084
-0.2,1,65.019255
-0.2222222222222222,1,65.023199
-0.2,1,65.026745
-0.4,1,65.030886
-0.16666666666666666,1,65.03442
0.0,1,65.038774
-1.0,1,65.042763
-1.0,1,65.047301
-1.0,1,65.052
-0.75,1,65.056111
-0.16666666666666666,1,65.060549
-0.125,1,65.064827
-0.1,1,65.069118
-0.2,1,65.073389
-0.3333333333333333,1,65.077837
-0.7777777777777778,1,65.082358
-0.6666666666666666,1,65.086732
-0.3333333333333333,1,65.090692
-0.3333333333333333,1,65.094879
-0.2,1,65.099335
-0.3333333333333333,1,65.103398
-0.25,1,65.107541
-0.3333333333333333,1,65.111538
-0.2,1,65.114951
-0.3333333333333333,1,65.118582
-0.7777777777777778,1,65.122094
-0.3333333333333333,1,65.125673
-0.2,1,65.129481
-0.3333333333333333,1,65.13375
-0.3333333333333333,1,65.137793
-0.16666666666666666,1,65.141202
-0.2,1,65.145203
-0.4,1,65.149815
-0.16666666666666666,1,65.153982
-0.2222222222222222,1,65.157865
-0.16666666666666666,1,65.162576
-0.3,1,65.167468
-0.2,1,65.171702
-0.3,1,65.175749
-0.2,1,65.179544
-0.3333333333333333,1,65.183813
-0.2,1,65.187712
-0.4,1,65.191943
-0.06666666666666667,1,65.196102
-0.2,1,65.20087
-0.06666666666666667,1,65.204586
-0.2,1,65.208156
-0.25,1,65.212601
-0.3333333333333333,1,65.21696
-0.5,1,65.220877
-0.2,1,65.224801
-0.2,1,65.229475
-0.2,1,65.233649
-0.12,1,65.237834
-0.2,1,65.241503
-0.2,1,65.246552
-0.2,1,65.25039
-0.25,1,65.253936
0.0,1,65.25733
-1.0,1,65.261929
-1.0,1,65.265821
-1.0,1,65.269799
-0.5,1,65.273322
-0.3333333333333333,1,65.2769
-0.3333333333333333,1,65.280576
-0.16666666666666666,1,65.284775
-0.75,1,65.288443
-0.4,1,65.292247
-0.2,1,65.295301
-0.3333333333333333,1,65.299656
-0.25,1,65.303567
-0.2,1,65.3088
0.0,1,65.315598
-1.0,1,65.320163
-1.0,1,65.323688
-1.0,1,65.327043
-1.0,1,65.34026
-1.0,1,65.347776
-0.25,1,65.35159
-0.6666666666666666,1,65.355203
-0.5,1,65.358948
-0.3333333333333333,1,65.362302
-0.06666666666666667,1,65.366271
-0.2,1,65.369977
-0.25,1,65.373184
-0.3333333333333333,1,65.376539
-0.3333333333333333,1,65.380147
-1.0,1,65.384367
-0.75,1,65.388192
-0.3333333333333333,1,65.400003
-0.125,1,65.404313
-0.3,1,65.408358
-0.16666666666666666,1,65.412617
-0.2222222222222222,1,65.417588
-0.2,1,65.422523
0.0,1,65.427191
-1.0,1,65.432091
-1.0,1,65.436742
-1.0,1,65.440906
-1.0,1,65.445948
-0.6666666666666666,1,65.450856
-0.5,1,65.454999
-0.3333333333333333,1,65.459183
-0.5555555555555556,1,65.463529
-0.3333333333333333,1,65.468199
-0.2,1,65.472326
-0.4,1,65.476397
-1.0,1,65.480503
-1.0,1,65.4852
-1.0,1,65.489393
-0.2,1,65.493871
-0.2,1,65.498416
-0.2222222222222222,1,65.503167
-0.16666666666666666,1,65.507445
-1.0,1,65.511568
-1.0,1,65.516118
-1.0,1,65.520856
-0.5,1,65.524544
-0.6666666666666666,1,65.528927
-0.75,1,65.533111
-0.6666666666666666,1,65.53732
-0.3333333333333333,1,65.540887
-0.3333333333333333,1,65.544824
0.0,1,65.548941
-1.0,1,65.553273
-1.0,1,65.559923
-1.0,1,65.565935
-0.5,1,65.570469
-0.3333333333333333,1,65.57416
-0.3333333333333333,1,65.578656
-1.0,1,65.584098
-0.3333333333333333,1,65.588338
-0.6666666666666666,1,65.592409
-1.0,1,65.596762
-1.0,1,65.601161
-0.75,1,65.605319
-0.16666666666666666,1,65.609042
-0.125,1,65.613911
-0.3,1,65.61923
-0.12,1,65.623067
-0.06666666666666667,1,65.626282
-0.16666666666666666,1,65.630972
-0.06666666666666667,1,65.635723
-0.2,1,65.639528
-0.2,1,65.644197
-0.125,1,65.648275
-0.3,1,65.652945
-0.2,1,65.656926
-0.3333333333333333,1,65.661083
-0.25,1,65.66608
-0.3333333333333333,1,65.670769
-0.25,1,65.674798
-0.16666666666666666,1,65.67921
-0.3333333333333333,1,65.683529
-0.16666666666666666,1,65.687404
-0.06666666666666667,1,65.691871
-0.3,1,65.695807
-0.25,1,65.700244
-0.3333333333333333,1,65.704454
-0.5,1,65.708256
-0.3333333333333333,1,65.712759
-0.25,1,65.71702
-0.2,1,65.720712
0.0,1,65.724861
-1.0,1,65.7296
-0.5,1,65.734578
-0.6666666666666666,1,65.739007
-0.5555555555555556,1,65.742722
-0.16666666666666666,1,65.746146
-0.25,1,65.749998
0.0,1,65.753392
-1.0,1,65.7569
-1.0,1,65.760429
-1.0,1,65.764453
-1.0,1,65.768895
-1.0,1,65.773057
-0.5555555555555556,1,65.77724
-1.0,1,65.78142
-0.5,1,65.785727
-0.3333333333333333,1,65.790191
-0.5,1,65.794152
-0.3333333333333333,1,65.799468
-1.0,1,65.803704
-1.0,1,65.807217
-0.5,1,65.81101
-0.4,1,65.814734
-0.75,1,65.818762
-0.4,1,65.822174
-0.75,1,65.825778
-0.6666666666666666,1,65.830004
-1.0,1,65.834089
-0.6666666666666666,1,65.837713
-0.3333333333333333,1,65.84122
-0.3333333333333333,1,65.845151
-0.75,1,65.849583
-1.0,1,65.853407
-0.5,1,65.857007
-1.0,1,65.860952
-0.5,1,65.86472
-0.4,1,65.869152
-0.2,1,65.873085
-0.3333333333333333,1,65.877433
-0.25,1,65.881149
-0.1,1,65.885068
-0.16666666666666666,1,65.888931
-0.2,1,65.893605
-0.2,1,65.897665
-0.3333333333333333,1,65.901375
-0.3333333333333333,1,65.90463
-0.3333333333333333,1,65.908791
-0.125,1,65.912683
-0.3,1,65.917051
-0.16666666666666666,1,65.920714
-0.3,1,65.924762
-0.06666666666666667,1,65.929562
-0.2222222222222222,1,65.934512
-0.16666666666666666,1,65.938725
0.0,1,65.954806
-1.0,1,65.960089
-1.0,1,65.964045
-1.0,1,65.968642
-0.5555555555555556,1,65.97324
-0.16666666666666666,1,65.97771
-0.25,1,65.982627
-0.2,1,65.987109
-0.2,1,65.991375
-0.2,1,65.995652
-0.12,1,66.000671
-0.06666666666666667,1,66.005173
-0.16666666666666666,1,66.009284
-0.06666666666666667,1,66.013892
-0.16666666666666666,1,66.018218
0.0,1,66.023036
-1.0,1,66.027364
-1.0,1,66.033218
-1.0,1,66.037821
-1.0,1,66.042221
-0.3333333333333333,1,66.046991
-0.25,1,66.051668
-0.3333333333333333,1,66.055736
-0.25,1,66.060393
-0.3333333333333333,1,66.083506
-0.5,1,66.097507
-0.3333333333333333,1,66.106956
-0.25,1,66.113232
-0.2,1,66.124456
-0.2,1,66.129438
-0.2,1,66.134384
-0.2,1,66.139319
-0.06666666666666667,1,66.146961
-0.16666666666666666,1,66.151593
-0.06666666666666667,1,66.155689
-0.12,1,66.159554
-0.2,1,66.163596
-0.12,1,66.168931
-0.1,1,66.173645
-0.25,1,66.177619
-0.16666666666666666,1,66.182843
-0.125,1,66.186982
-0.16666666666666666,1,66.191177
-0.3333333333333333,1,66.197315
-0.16666666666666666,1,66.202295
-0.5,1,66.206422
-1.0,1,66.210865
-0.25,1,66.215073
-0.2,1,66.219376
-0.25,1,66.22342
-0.2,1,66.227288
-0.3333333333333333,1,66.231578
-0.1,1,66.235732
-0.3333333333333333,1,66.239727
-0.2,1,66.243519
-0.2,1,66.247616
0.0,1,66.251588
-1.0,1,66.255395
-1.0,1,66.258995
-0.6666666666666666,1,66.263923
-0.3333333333333333,1,66.268387
-0.3333333333333333,1,66.272957
-0.3333333333333333,1,66.277087
0.0,1,66.28079
-1.0,1,66.285145
-1.0,1,66.288888
-1.0,1,66.293125
-1.0,1,66.29764
-0.6666666666666666,1,66.302531
-0.25,1,66.306224
-0.6666666666666666,1,66.30982
-0.5,1,66.314499
-0.3333333333333333,1,66.31832
-0.3333333333333333,1,66.322571
-0.3333333333333333,1,66.326247
-0.2,1,66.330516
-0.3333333333333333,1,66.335291
-0.5555555555555556,1,66.339164
-0.16666666666666666,1,66.34272
-0.125,1,66.347005
-0.3333333333333333,1,66.351408
-0.125,1,66.359901
-0.16666666666666666,1,66.38332
-0.5,1,66.415327
-0.16666666666666666,1,66.421302
-0.3333333333333333,1,66.42792
-0.3333333333333333,1,66.435094
-0.5,1,66.440711
-0.3333333333333333,1,66.44755
-0.25,1,66.455416
-0.2,1,66.460877
-0.3333333333333333,1,66.466875
-0.3333333333333333,1,66.471504
-0.3333333333333333,1,66.475301
-0.3333333333333333,1,66.481844
-0.3333333333333333,1,66.487525
0.0,1,66.491575
-1.0,1,66.496289
-0.5,1,66.500972
-0.3333333333333333,1,66.505729
-0.3333333333333333,1,66.510194
0.0,1,66.515058
-1.0,1,66.519589
-1.0,1,66.523936
-0.3333333333333333,1,66.529188
-0.5,1,66.534774
-0.6666666666666666,1,66.539807
-0.5,1,66.546059
-0.3333333333333333,1,66.550956
-0.5,1,66.555253
-0.4,1,66.55919
-0.5,1,66.563251
-0.4,1,66.567386
-0.2,1,66.571288
-0.3333333333333333,1,66.574638
-0.25,1,66.587837
-0.16666666666666666,1,66.591976
-0.3333333333333333,1,66.595949
-0.3333333333333333,1,66.600365
-0.25,1,66.610693
-0.3333333333333333,1,66.61525
-0.5,1,66.619922
-0.6666666666666666,1,66.625927
-0.3333333333333333,1,66.630007
-0.6666666666666666,1,66.634707
-0.3333333333333333,1,66.638877
-0.6666666666666666,1,66.643301
-0.3333333333333333,1,66.648425
-0.6666666666666666,1,66.658339
-0.3333333333333333,1,66.669442
-0.6666666666666666,1,66.673657
-0.5,1,66.678107
-0.3333333333333333,1,66.682807
-0.3333333333333333,1,66.687188
-0.3333333333333333,1,66.691099
-0.2,1,66.696157
-0.4,1,66.701062
-0.16666666666666666,1,66.705303
-0.2222222222222222,1,66.70953
-0.2,1,66.714047
-0.3333333333333333,1,66.719029
-0.3333333333333333,1,66.723165
0.0,1,66.72822
-1.0,1,66.733453
-1.0,1,66.73845
-1.0,1,66.743107
-0.5,1,66.749221
-0.3333333333333333,1,66.754367
-0.25,1,66.759435
-0.3333333333333333,1,66.764281
-0.25,1,66.768951
0.0,1,66.773732
-1.0,1,66.784196
-0.5,1,66.793391
-0.3333333333333333,1,66.801597
-0.3333333333333333,1,66.807199
-0.3333333333333333,1,66.811888
-0.5555555555555556,1,66.816449
-0.3333333333333333,1,66.820497
-0.06666666666666667,1,66.828015
-0.3333333333333333,1,66.832582
-0.3333333333333333,1,66.837175
-1.0,1,66.840882
-1.0,1,66.844822
-0.6666666666666666,1,66.848448
-0.3333333333333333,1,66.853823
-0.3333333333333333,1,66.857989
-0.25,1,66.86222
-0.6666666666666666,1,66.866388
-0.75,1,66.870317
-0.4,1,66.874416
-0.5,1,66.886569
-0.6666666666666666,1,66.894619
-0.5555555555555556,1,66.905364
-0.6666666666666666,1,66.912363
-0.5555555555555556,1,66.91977
-0.16666666666666666,1,66.925118
-0.3333333333333333,1,66.931071
-0.2,1,66.935117
0.0,1,66.9398
-1.0,1,66.945062
-1.0,1,66.949407
-0.6666666666666666,1,66.953647
-0.5,1,66.958431
-0.3333333333333333,1,66.963084
-0.25,1,66.967097
-0.3333333333333333,1,66.970912
-0.2,1,66.975197
-0.1,1,66.979183
-0.16666666666666666,1,66.983149
-0.06666666666666667,1,66.987708
-0.12,1,66.99213
-0.2,1,66.996262
-0.12,1,67.000324
-0.1,1,67.005125
-0.2,1,67.009333
-0.2,1,67.014885
-0.25,1,67.019112
-0.3333333333333333,1,67.023816
-0.3333333333333333,1,67.027815
-0.16666666666666666,1,67.031533
-0.125,1,67.036281
-0.3333333333333333,1,67.041167
-0.2,1,67.047161
-0.2,1,67.050956
-0.25,1,67.054845
-0.2,1,67.059034
-0.12,1,67.063014
-0.1,1,67.068262
-0.2,1,67.072475
-0.06666666666666667,1,67.076528
-0.16666666666666666,1,67.080299
-0.2,1,67.0849
0.0,1,67.089304
-1.0,1,67.093496
-1.0,1,67.09806
-0.6666666666666666,1,67.102034
-0.7777777777777778,1,67.106475
-0.6666666666666666,1,67.110917
-0.3333333333333333,1,67.116027
-0.3333333333333333,1,67.1205
-0.2,1,67.124376
-0.2,1,67.129544
-0.2,1,67.158408
-0.2,1,67.166079
-0.25,1,67.175806
-0.3333333333333333,1,67.180338
-0.3333333333333333,1,67.184522
-0.2,1,67.189114
-0.2,1,67.193376
-0.2,1,67.19774
-0.2,1,67.201467
-0.1,1,67.205938
-0.2,1,67.20988
-0.1,1,67.213583
-0.2,1,67.217495
0.0,1,67.222015
-1.0,1,67.226505
-0.5,1,67.230612
-0.3333333333333333,1,67.235447
-0.5,1,67.240044
0.0,1,67.244327
-1.0,1,67.249118
-1.0,1,67.253688
-1.0,1,67.263222
-1.0,1,67.274771
-0.6666666666666666,1,67.282009
-0.3333333333333333,1,67.289057
-0.6666666666666666,1,67.293408
-0.7777777777777778,1,67.298105
-0.3333333333333333,1,67.302493
-0.75,1,67.307153
-1.0,1,67.312373
-1.0,1,67.316638
-1.0,1,67.320596
-1.0,1,67.324969
-0.3333333333333333,1,67.337493
-0.3333333333333333,1,67.344514
-0.3333333333333333,1,67.349265
-0.06666666666666667,1,67.35454
-0.2,1,67.359086
-0.12,1,67.363495
-0.06666666666666667,1,67.367689
-0.16666666666666666,1,67.372328
-0.06666666666666667,1,67.376852
-0.12,1,67.381422
-0.2,1,67.385745
-0.12,1,67.390697
-0.06666666666666667,1,67.395349
-0.16666666666666666,1,67.399718
-0.06666666666666667,1,67.404531
-0.16666666666666666,1,67.408861
-0.06666666666666667,1,67.41275
-0.12,1,67.416689
-0.2,1,67.42094
-0.16666666666666666,1,67.42522
-0.2,1,67.429583
-0.16666666666666666,1,67.433743
-0.2222222222222222,1,67.438288
-0.2,1,67.441786
-0.2,1,67.445996
0.0,1,67.449558
-1.0,1,67.454709
-1.0,1,67.458291
-0.6666666666666666,1,67.462583
-0.3333333333333333,1,67.466708
-0.6666666666666666,1,67.470768
-0.5,1,67.474539
-0.4,1,67.479248
-0.2,1,67.483949
0.0,1,67.488148
-1.0,1,67.492342
-1.0,1,67.497042
-0.6666666666666666,1,67.501667
-0.3333333333333333,1,67.505958
-0.3333333333333333,1,67.510451
-0.25,1,67.514961
-0.1,1,67.51955
-0.25,1,67.523956
-0.3333333333333333,1,67.528684
-0.125,1,67.536405
-0.3,1,67.54035
-0.16666666666666666,1,67.545426
-0.06666666666666667,1,67.550473
-0.16666666666666666,1,67.555145
-0.06666666666666667,1,67.559413
-0.12,1,67.563935
-0.2,1,67.568439
-0.25,1,67.573151
0.0,1,67.578014
-1.0,1,67.584532
-1.0,1,67.588953
-1.0,1,67.595132
-1.0,1,67.599813
-1.0,1,67.603988
-1.0,1,67.607576
-0.6666666666666666,1,67.61129
-0.7777777777777778,1,67.616259
-0.3333333333333333,1,67.620139
-0.5,1,67.623627
-0.4,1,67.627325
-0.06666666666666667,1,67.631694
-0.2,1,67.638014
-0.06666666666666667,1,67.641988
-0.2,1,67.64666
-0.25,1,67.651058
0.0,1,67.6554
-1.0,1,67.658987
-1.0,1,67.663676
-0.6666666666666666,1,67.667923
-1.0,1,67.672009
-1.0,1,67.675341
-1.0,1,67.679305
-1.0,1,67.683468
-0.5,1,67.687224
-0.3333333333333333,1,67.690828
-0.3333333333333333,1,67.695433
-0.16666666666666666,1,67.69951
-0.25,1,67.703615
-0.16666666666666666,1,67.707376
-0.3333333333333333,1,67.711049
-1.0,1,67.715554
-0.3333333333333333,1,67.719602
-0.3333333333333333,1,67.723177
-0.3333333333333333,1,67.72684
-0.3333333333333333,1,67.73139
-1.0,1,67.735615
-0.3333333333333333,1,67.739776
-1.0,1,67.743754
-1.0,1,67.747781
-1.0,1,67.752109
-0.2,1,67.755723
-0.25,1,67.758952
-0.2,1,67.763458
-0.16666666666666666,1,67.767746
-0.4,1,67.771386
-0.16666666666666666,1,67.774999
-0.2222222222222222,1,67.779735
-0.2,1,67.787293
-0.3333333333333333,1,67.79121
-0.5,1,67.795368
-0.6666666666666666,1,67.799408
-0.3333333333333333,1,67.803313
-0.16666666666666666,1,67.806845
-0.5,1,67.810697
-0.16666666666666666,1,67.814805
-0.25,1,67.818737
-0.16666666666666666,1,67.822615
-0.06666666666666667,1,67.826796
-0.16666666666666666,1,67.832519
-0.3333333333333333,1,67.837299
-0.6666666666666666,1,67.840948
-0.3333333333333333,1,67.844953
-0.16666666666666666,1,67.849055
-0.06666666666666667,1,67.852639
-0.16666666666666666,1,67.856374
-0.25,1,67.860471
-0.2,1,67.864049
-0.25,1,67.86827
-0.1,1,67.872909
-0.2,1,67.876876
-0.2,1,67.880814
-0.12,1,67.884889
-0.2,1,67.889708
-0.25,1,67.904242
0.0,1,67.913521
-1.0,1,67.919014
-1.0,1,67.923971
-1.0,1,67.928443
-0.5,1,67.932906
-0.16666666666666666,1,67.937216
-0.25,1,67.941318
-0.1,1,67.945368
-0.125,1,67.951706
-0.3,1,67.956116
-0.12,1,67.960416
-0.2,1,67.964646
-0.2,1,67.968993
-0.2,1,67.97331
-0.2,1,67.977726
0.0,1,67.984194
-1.0,1,67.988468
-1.0,1,67.992541
-0.6666666666666666,1,67.997535
-1.0,1,68.002077
-1.0,1,68.006615
-1.0,1,68.010343
-1.0,1,68.014784
-0.75,1,68.018839
-1.0,1,68.022356
-0.5,1,68.026075
-0.3333333333333333,1,68.030744
-0.3333333333333333,1,68.037812
-0.3333333333333333,1,68.042083
-0.25,1,68.046242
-0.2,1,68.050506
-0.2,1,68.054323
-0.4,1,68.058379
-0.06666666666666667,1,68.062433
-0.3,1,68.066533
-0.125,1,68.071164
-0.1,1,68.075625
-0.25,1,68.07952
-0.3333333333333333,1,68.083901
-0.25,1,68.087696
-0.3333333333333333,1,68.091805
-0.25,1,68.095619
-0.1,1,68.100005
-0.2,1,68.103729
-0.06666666666666667,1,68.107687
-0.12,1,68.111845
-0.2,1,68.116332
-0.2,1,68.120299
-0.16666666666666666,1,68.124077
-0.125,1,68.127704
-0.3333333333333333,1,68.131092
-0.25,1,68.134848
-0.2,1,68.138498
-0.12,1,68.142817
-0.3,1,68.146654
-0.125,1,68.151231
-0.2,1,68.156561
-0.2,1,68.161669
-0.1,1,68.166709
-0.25,1,68.170297
-0.3333333333333333,1,68.173453
-0.3333333333333333,1,68.177279
-0.2222222222222222,1,68.181669
-0.2,1,68.185329
-0.2,1,68.188981
-0.12,1,68.192443
-0.06666666666666667,1,68.196217
-0.12,1,68.200629
-0.3,1,68.204118
-0.125,1,68.207742
-0.3333333333333333,1,68.211681
-0.2,1,68.217157
-0.3333333333333333,1,68.245781
-0.5,1,68.251638
-0.6666666666666666,1,68.259556
-0.3333333333333333,1,68.276256
-0.3333333333333333,1,68.282027
-0.25,1,68.287235
0.0,1,68.291921
-1.0,1,68.296096
-1.0,1,68.300825
-1.0,1,68.305063
-1.0,1,68.308874
-1.0,1,68.312989
-0.25,1,68.317381
-0.2,1,68.321239
-0.3333333333333333,1,68.331327
-0.2,1,68.336131
-0.16666666666666666,1,68.340831
-0.2222222222222222,1,68.346146
-0.2,1,68.351036
-0.2,1,68.355395
-0.12,1,68.359676
-0.3,1,68.364174
-0.12,1,68.36873
-0.06666666666666667,1,68.372527
-0.2,1,68.376394
-0.1,1,68.380764
-0.2,1,68.385319
-0.2,1,68.389134
-0.2,1,68.393024
-0.2222222222222222,1,68.396914
-0.2,1,68.40194
-0.16666666666666666,1,68.407267
-0.5555555555555556,1,68.412554
-0.16666666666666666,1,68.416551
-0.125,1,68.420062
-0.16666666666666666,1,68.423288
-0.2,1,68.427164
-0.3333333333333333,1,68.431005
-0.25,1,68.435161
-0.1,1,68.438886
-0.2,1,68.442624
-0.2222222222222222,1,68.446788
-0.16666666666666666,1,68.450548
-0.4,1,68.453928
-0.06666666666666667,1,68.457142
-0.16666666666666666,1,68.460405
-0.75,1,68.465273
-0.6666666666666666,1,68.4692
-0.3333333333333333,1,68.472788
-0.3333333333333333,1,68.476563
-0.25,1,68.480769
-0.3333333333333333,1,68.484674
-0.5,1,68.487931
-0.6666666666666666,1,68.491069
-0.75,1,68.494775
-0.16666666666666666,1,68.511205
-0.06666666666666667,1,68.518659
-0.2,1,68.523487
-0.16666666666666666,1,68.528213
-0.2222222222222222,1,68.533191
-0.3333333333333333,1,68.537251
-0.3333333333333333,1,68.541577
-0.25,1,68.546224
-0.3333333333333333,1,68.551077
-0.3333333333333333,1,68.555082
-0.3333333333333333,1,68.558989
-0.5555555555555556,1,68.563267
-0.6666666666666666,1,68.567791
-0.5,1,68.572377
-0.6666666666666666,1,68.576633
-0.7777777777777778,1,68.58082
-0.6666666666666666,1,68.585334
-0.75,1,68.589345
-0.4,1,68.593389
-0.5,1,68.598217
-0.2,1,68.603602
-0.16666666666666666,1,68.607994
-0.2222222222222222,1,68.612243
-0.16666666666666666,1,68.617061
-0.1,1,68.621827
-0.3333333333333333,1,68.62578
-0.2222222222222222,1,68.629438
-0.16666666666666666,1,68.633919
-0.3,1,68.638485
-0.12,1,68.642536
-0.3,1,68.647018
-0.125,1,68.652482
-0.16666666666666666,1,68.65768
-0.5,1,68.663796
-0.6666666666666666,1,68.668061
-1.0,1,68.672081
-0.6666666666666666,1,68.675947
-0.5,1,68.679678
-0.6666666666666666,1,68.68408
-0.5,1,68.688487
-0.6666666666666666,1,68.692475
-0.3333333333333333,1,68.696798
-0.3333333333333333,1,68.701332
-0.25,1,68.705295
-0.3333333333333333,1,68.709819
-0.5,1,68.713879
-0.3333333333333333,1,68.718112
-0.5,1,68.722423
-0.4,1,68.728809
-0.5,1,68.733627
-0.3333333333333333,1,68.737906
-0.3333333333333333,1,68.741782
-0.3333333333333333,1,68.746779
-0.3333333333333333,1,68.751144
-0.3333333333333333,1,68.754927
-0.5555555555555556,1,68.75976
-0.6666666666666666,1,68.763627
-1.0,1,68.767318
-0.6666666666666666,1,68.770788
-0.3333333333333333,1,68.775694
-0.6666666666666666,1,68.78642
-0.3333333333333333,1,68.790779
-0.3333333333333333,1,68.795138
-0.3333333333333333,1,68.799261
-0.3333333333333333,1,68.802839
-0.5,1,68.80657
-0.3333333333333333,1,68.810392
-0.2,1,68.814317
-0.4,1,68.81851
-0.2,1,68.822204
-0.2222222222222222,1,68.826119
-0.16666666666666666,1,68.829816
-0.2,1,68.834694
-0.25,1,68.838489
-0.3333333333333333,1,68.842342
0.0,1,68.846857
-1.0,1,68.851198
-1.0,1,68.854955
-1.0,1,68.858676
-1.0,1,68.862524
-0.4,1,68.866569
-0.5,1,68.870419
-0.3333333333333333,1,68.873963
-0.3333333333333333,1,68.877486
-0.2,1,68.88125
-0.25,1,68.884688
0.0,1,68.888057
-1.0,1,68.891584
-1.0,1,68.895325
-1.0,1,68.901216
-0.5555555555555556,1,68.904797
-0.3333333333333333,1,68.908509
-0.2,1,68.913204
-0.4,1,68.91723
-0.06666666666666667,1,68.921147
-0.3333333333333333,1,68.924537
-0.06666666666666667,1,68.929177
-0.3333333333333333,1,68.933659
-0.2,1,68.93744
-0.2,1,68.940846
-0.25,1,68.944975
-0.3333333333333333,1,68.949433
-0.25,1,68.953236
-0.2,1,68.956701
-0.16666666666666666,1,68.960631
-0.2,1,68.966485
-0.2,1,68.970619
-0.16666666666666666,1,68.974788
-0.5555555555555556,1,68.979498
-0.16666666666666666,1,68.984112
-0.25,1,68.988361
-0.3333333333333333,1,68.992243
-0.25,1,68.996533
-0.2,1,69.001954
-0.2,1,69.005984
-0.2222222222222222,1,69.013109
-0.16666666666666666,1,69.017812
-0.2,1,69.022213
-0.12,1,69.026487
-0.06666666666666667,1,69.032712
-0.16666666666666666,1,69.037133
-0.2222222222222222,1,69.04103
-0.16666666666666666,1,69.045606
-0.2222222222222222,1,69.053138
-0.06666666666666667,1,69.057294
-0.3,1,69.061321
-0.125,1,69.065674
-0.16666666666666666,1,69.069931
-0.25,1,69.089382
-0.3333333333333333,1,69.097521
-0.2,1,69.102536
-0.3333333333333333,1,69.107335
-0.25,1,69.111899
-0.2,1,69.116881
0.0,1,69.121604
-1.0,1,69.126153
-1.0,1,69.130361
-1.0,1,69.1353
-1.0,1,69.139359
-0.6666666666666666,1,69.143631
-0.5,1,69.14852
-0.3333333333333333,1,69.152825
-0.2,1,69.157189
-0.4,1,69.161166
-0.5,1,69.165577
-0.6666666666666666,1,69.169774
-0.5555555555555556,1,69.174013
-0.6666666666666666,1,69.177998
-0.5,1,69.182201
-0.6666666666666666,1,69.186499
-0.5,1,69.19066
-0.3333333333333333,1,69.194536
-0.5555555555555556,1,69.198202
-0.16666666666666666,1,69.201999
-0.5555555555555556,1,69.205764
-0.16666666666666666,1,69.209816
-0.125,1,69.213655
-0.2,1,69.218475
-0.25,1,69.222636
-0.1,1,69.226512
-0.25,1,69.230224
-0.3333333333333333,1,69.234857
-0.25,1,69.238814
-0.3333333333333333,1,69.242905
-0.5555555555555556,1,69.246688
-0.3333333333333333,1,69.250697
-0.5,1,69.25445
-0.3333333333333333,1,69.258622
-0.5,1,69.263083
-0.3333333333333333,1,69.266819
-0.5,1,69.27258
-0.3333333333333333,1,69.279368
-0.25,1,69.282943
-0.2,1,69.286708
-0.3333333333333333,1,69.290617
-0.2,1,69.294293
-0.25,1,69.298217
-0.3333333333333333,1,69.329314
-0.25,1,69.335519
-0.3,1,69.355672
-0.12,1,69.361336
-0.3,1,69.365789
-0.16666666666666666,1,69.369927
-0.06666666666666667,1,69.374214
-0.2,1,69.378334
0.0,1,69.382779
-1.0,1,69.387276
-1.0,1,69.392257
-1.0,1,69.39658
-1.0,1,69.40057
-1.0,1,69.405269
-0.75,1,69.409699
-0.4,1,69.413872
-0.2,1,69.418319
-0.2,1,69.423287
-0.25,1,69.427643
-0.16666666666666666,1,69.431887
-0.5555555555555556,1,69.435936
-0.3333333333333333,1,69.440575
-0.2,1,69.445304
-0.2,1,69.449622
-0.2,1,69.453501
-0.16666666666666666,1,69.457671
-0.25,1,69.462102
-1.0,1,69.465634
-1.0,1,69.471072
-0.4,1,69.475666
-0.2,1,69.479872
-0.3333333333333333,1,69.484226
-0.2,1,69.488454
-0.2222222222222222,1,69.492048
-0.2,1,69.495991
-0.3333333333333333,1,69.499952
-0.125,1,69.504087
-0.16666666666666666,1,69.507903
-0.3333333333333333,1,69.512498
-0.3333333333333333,1,69.517007
-0.3333333333333333,1,69.521308
-0.3333333333333333,1,69.525421
-0.5,1,69.529286
-0.6666666666666666,1,69.533799
-0.3333333333333333,1,69.538465
-0.3333333333333333,1,69.542415
-0.25,1,69.546622
-0.1,1,69.551057
-0.25,1,69.555166
0.0,1,69.559232
-1.0,1,69.563146
-0.5,1,69.567372
-0.3333333333333333,1,69.57158
-0.5555555555555556,1,69.576065
-0.3333333333333333,1,69.580489
-0.5,1,69.584569
-0.3333333333333333,1,69.589005
-0.3333333333333333,1,69.593433
-0.2,1,69.597387
-0.25,1,69.601662
-0.2,1,69.606984
-0.25,1,69.612922
-0.3333333333333333,1,69.618197
-0.25,1,69.624261
-0.1,1,69.629654
-0.3333333333333333,1,69.633614
-0.4,1,69.638354
-0.16666666666666666,1,69.6432
-0.2,1,69.647553
-0.5,1,69.656886
0.0,1,69.663441
-1.0,1,69.667115
-1.0,1,69.671089
-0.3333333333333333,1,69.674926
-0.5,1,69.678723
-0.2,1,69.682769
-0.2,1,69.686647
-0.4,1,69.690141
-0.16666666666666666,1,69.6937
-0.2222222222222222,1,69.707496
-0.16666666666666666,1,69.715216
-1.0,1,69.720332
-0.16666666666666666,1,69.724814
-0.2222222222222222,1,69.729423
-0.16666666666666666,1,69.733862
-0.2222222222222222,1,69.738476
-0.16666666666666666,1,69.742747
-0.2222222222222222,1,69.746903
-0.16666666666666666,1,69.751037
-0.4,1,69.755744
-0.06666666666666667,1,69.760054
-0.2222222222222222,1,69.765317
-0.16666666666666666,1,69.769572
-0.06666666666666667,1,69.773972
-0.12,1,69.778857
-0.06666666666666667,1,69.783208
-0.16666666666666666,1,69.787821
-0.06666666666666667,1,69.792287
-0.12,1,69.797452
-0.3,1,69.801722
-0.125,1,69.806427
-0.2,1,69.810718
-0.12,1,69.815089
-0.1,1,69.81915
-0.25,1,69.82364
-0.2,1,69.827397
-0.2,1,69.831395
-0.2,1,69.835176
-0.25,1,69.839942
-0.3333333333333333,1,69.844402
-0.5555555555555556,1,69.848314
-0.3333333333333333,1,69.853219
-0.3333333333333333,1,69.856854
-0.3333333333333333,1,69.860983
-0.7777777777777778,1,69.865294
-0.3333333333333333,1,69.869787
-0.25,1,69.874034
-0.3333333333333333,1,69.878086
-0.25,1,69.882229
-0.2,1,69.889469
-0.12,1,69.894784
-0.06666666666666667,1,69.898804
-0.16666666666666666,1,69.902947
-0.06666666666666667,1,69.906607
-0.16666666666666666,1,69.910056
-0.06666666666666667,1,69.914155
-0.16666666666666666,1,69.918322
-0.06666666666666667,1,69.921782
-0.12,1,69.924971
-0.3,1,69.92896
-0.16666666666666666,1,69.933768
-0.2,1,69.93788
-0.12,1,69.942216
-0.3,1,69.946392
-0.125,1,69.95093
-0.3,1,69.955085
-0.2,1,69.960744
-0.2,1,69.991901
-0.25,1,70.014933
-0.1,1,70.022749
-0.16666666666666666,1,70.027217
-0.1,1,70.032129
-0.2,1,70.037777
-0.06666666666666667,1,70.042288
-0.12,1,70.056854
-0.06666666666666667,1,70.061088
-0.16666666666666666,1,70.070114
-0.2222222222222222,1,70.075158
-0.06666666666666667,1,70.079749
-0.16666666666666666,1,70.095535
-0.06666666666666667,1,70.116941
-0.2222222222222222,1,70.132504
-0.16666666666666666,1,70.13743
-0.2,1,70.142218
0.0,1,70.148038
-1.0,1,70.152482
-1.0,1,70.156915
-0.6666666666666666,1,70.162371
-1.0,1,70.167388
-0.6666666666666666,1,70.171588
-0.5,1,70.176347
-0.3333333333333333,1,70.181386
-0.2,1,70.186134
-0.3,1,70.190548
-0.2,1,70.194665
-0.3333333333333333,1,70.199889
-0.2,1,70.204235
-0.2222222222222222,1,70.208684
-0.3333333333333333,1,70.213643
-0.2222222222222222,1,70.218497
-0.16666666666666666,1,70.222552
-0.2222222222222222,1,70.227005
-0.16666666666666666,1,70.230876
-0.2,1,70.23497
-0.25,1,70.238904
-0.3333333333333333,1,70.242654
0.0,1,70.246528
-1.0,1,70.250864
-0.5,1,70.254946
-0.3333333333333333,1,70.258933
-0.5555555555555556,1,70.264147
-0.16666666666666666,1,70.268407
-0.2,1,70.27208
-0.2,1,70.275573
-0.06666666666666667,1,70.279798
-0.4,1,70.284606
-0.06666666666666667,1,70.288194
-0.16666666666666666,1,70.291364
-0.125,1,70.294915
-0.3,1,70.299008
-0.125,1,70.304108
-0.3333333333333333,1,70.318232
-0.2,1,70.331277
-0.1,1,70.346015
-0.2,1,70.358857
-0.06666666666666667,1,70.369912
-0.16666666666666666,1,70.381708
0.0,1,70.388941
-1.0,1,70.398456
-0.5,1,70.406281
-0.6666666666666666,1,70.412161
-1.0,1,70.422615
-0.6666666666666666,1,70.429919
-0.75,1,70.439176
-0.4,1,70.445881
-0.2,1,70.454366
-0.2,1,70.458126
-0.16666666666666666,1,70.469362
-0.2222222222222222,1,70.478127
-0.16666666666666666,1,70.483388
-0.3,1,70.487825
-0.16666666666666666,1,70.492174
-0.1,1,70.496615
-0.3333333333333333,1,70.501905
-0.3333333333333333,1,70.505619
-0.25,1,70.509315
-0.16666666666666666,1,70.513495
-0.25,1,70.517952
-0.3333333333333333,1,70.522063
-0.5,1,70.525664
-0.4,1,70.529903
-0.06666666666666667,1,70.534162
-0.2222222222222222,1,70.538133
-0.16666666666666666,1,70.542238
-0.3,1,70.546334
-0.125,1,70.550458
-0.3,1,70.554587
-0.06666666666666667,1,70.557978
-0.3333333333333333,1,70.561893
-0.3333333333333333,1,70.566639
-0.6666666666666666,1,70.570526
-0.5,1,70.574419
-0.6666666666666666,1,70.578353
-0.5,1,70.582946
-0.4,1,70.591752
-0.2,1,70.596949
-0.4,1,70.601428
-0.06666666666666667,1,70.604889
-0.2222222222222222,1,70.609876
-0.3333333333333333,1,70.614309
-0.2,1,70.618208
-0.25,1,70.622297
-0.2,1,70.628245
-0.25,1,70.63433
-0.2,1,70.638446
-0.12,1,70.64237
-0.3,1,70.646667
-0.25,1,70.650743
-0.2,1,70.654422
-0.25,1,70.658642
-0.3333333333333333,1,70.662763
-0.125,1,70.666645
-0.2,1,70.672813
-0.16666666666666666,1,70.677595
-0.1,1,70.681805
-0.2,1,70.686523
-0.06666666666666667,1,70.69055
-0.16666666666666666,1,70.695034
-0.06666666666666667,1,70.699642
-0.16666666666666666,1,70.70351
-0.06666666666666667,1,70.707217
-0.12,1,70.711568
-0.2,1,70.715859
-0.2,1,70.719817
-0.2,1,70.723498
-0.12,1,70.727347
-0.06666666666666667,1,70.731598
-0.16666666666666666,1,70.7367
0.0,1,70.740203
-1.0,1,70.743421
-1.0,1,70.747007
-1.0,1,70.751715
-1.0,1,70.760689
-0.6666666666666666,1,70.7674
-0.5,1,70.771724
-1.0,1,70.779411
-1.0,1,70.784159
-0.4,1,70.788275
-0.06666666666666667,1,70.792135
-0.3333333333333333,1,70.814434
0.0,1,70.828862
-1.0,1,70.834032
-1.0,1,70.839006
-1.0,1,70.844065
-1.0,1,70.848708
-1.0,1,70.852805
-1.0,1,70.856704
-0.6666666666666666,1,70.861162
-0.5,1,70.8656
0.0,1,70.869871
-1.0,1,70.873864
-1.0,1,70.878643
-1.0,1,70.883086
-0.75,1,70.88717
-0.6666666666666666,1,70.891442
-0.3333333333333333,1,70.895154
-0.3333333333333333,1,70.899141
-0.25,1,70.903169
-0.2,1,70.906608
-0.12,1,70.910076
-0.06666666666666667,1,70.914057
-0.12,1,70.918001
-0.06666666666666667,1,70.921729
-0.16666666666666666,1,70.925074
-0.2,1,70.92969
-0.16666666666666666,1,70.933738
0.0,1,70.937182
-1.0,1,70.940702
-0.5,1,70.943976
-0.6666666666666666,1,70.947909
-0.75,1,70.953706
-0.16666666666666666,1,70.959624
-0.3333333333333333,1,70.965395
-0.3333333333333333,1,70.971274
-0.25,1,70.975248
-0.1,1,70.982585
-0.3333333333333333,1,70.987651
-0.3333333333333333,1,70.99812
-0.25,1,71.007821
-0.6666666666666666,1,71.013989
-0.5,1,71.018389
-0.6666666666666666,1,71.022252
-0.3333333333333333,1,71.034416
-0.16666666666666666,1,71.048165
-0.25,1,71.060262
-0.3333333333333333,1,71.064377
-0.3333333333333333,1,71.068669
-0.6666666666666666,1,71.072543
-0.3333333333333333,1,71.076929
-0.6666666666666666,1,71.081086
-0.5,1,71.085631
-0.6666666666666666,1,71.089475
-0.5,1,71.093104
-0.6666666666666666,1,71.096758
-1.0,1,71.100744
-0.3333333333333333,1,71.121714
-0.5555555555555556,1,71.130533
-1.0,1,71.13535
-1.0,1,71.14032
-1.0,1,71.144344
-1.0,1,71.149423
-1.0,1,71.154312
-0.3333333333333333,1,71.158895
-0.3333333333333333,1,71.163489
-0.2,1,71.168413
-0.2,1,71.172458
-1.0,1,71.176468
-1.0,1,71.180782
-0.16666666666666666,1,71.185213
-0.2222222222222222,1,71.189249
-0.2,1,71.193497
-0.3333333333333333,1,71.197723
-0.25,1,71.201944
-0.1,1,71.206105
-0.2,1,71.21036
-0.4,1,71.214715
-0.25,1,71.219007
-0.3333333333333333,1,71.222631
-0.25,1,71.226311
-0.3333333333333333,1,71.230859
-0.5555555555555556,1,71.235655
-0.3333333333333333,1,71.23994
-0.5555555555555556,1,71.243404
-0.3333333333333333,1,71.248143
-0.3333333333333333,1,71.252055
-0.3333333333333333,1,71.255786
-0.5,1,71.259311
-0.4,1,71.263265
-0.2,1,71.267439
-0.1,1,71.271513
-0.2,1,71.275503
-0.2,1,71.279855
-0.16666666666666666,1,71.284157
-0.2,1,71.288108
-0.2,1,71.291906
-0.06666666666666667,1,71.295776
-0.2,1,71.299999
-0.06666666666666667,1,71.303748
-0.16666666666666666,1,71.307908
-0.06666666666666667,1,71.312076
-0.2,1,71.316238
-0.06666666666666667,1,71.320445
-0.16666666666666666,1,71.324094
-0.06666666666666667,1,71.328158
-0.16666666666666666,1,71.331933
-0.06666666666666667,1,71.336446
-0.16666666666666666,1,71.340233
-0.06666666666666667,1,71.343734
-0.16666666666666666,1,71.347735
-0.2,1,71.352274
-0.16666666666666666,1,71.356262
-0.2,1,71.362722
-0.2,1,71.367503
-0.3333333333333333,1,71.371328
-0.5555555555555556,1,71.375133
-0.16666666666666666,1,71.379784
-0.25,1,71.384519
-0.3333333333333333,1,71.388177
-0.5,1,71.39219
-0.3333333333333333,1,71.396388
-0.25,1,71.4008
-0.2,1,71.404863
-0.3333333333333333,1,71.408489
-0.2,1,71.412771
-0.2,1,71.416948
-0.2,1,71.420447
-0.2,1,71.424405
-0.4,1,71.429996
-0.5,1,71.433888
-0.3333333333333333,1,71.437881
-0.25,1,71.44137
-0.3333333333333333,1,71.444903
-0.25,1,71.449117
-0.3333333333333333,1,71.452575
-0.3333333333333333,1,71.456033
-0.3333333333333333,1,71.459822
-0.5555555555555556,1,71.478039
-0.3333333333333333,1,71.486236
-1.0,1,71.490813
-1.0,1,71.496468
-1.0,1,71.50162
-0.4,1,71.509038
-0.5,1,71.515275
-0.6666666666666666,1,71.519873
-0.5,1,71.524142
-0.3333333333333333,1,71.52837
-0.25,1,71.532925
-0.3333333333333333,1,71.537579
-0.25,1,71.542092
-0.6666666666666666,1,71.546018
-0.75,1,71.550898
-0.4,1,71.55541
-0.2,1,71.5596
-0.2,1,71.563823
-0.25,1,71.568617
-0.2,1,71.573268
-0.12,1,71.577496
-0.2,1,71.584834
-0.16666666666666666,1,71.588671
-0.2222222222222222,1,71.592117
-0.3333333333333333,1,71.595966
0.0,1,71.600468
-1.0,1,71.606231
-0.5,1,71.61271
-0.6666666666666666,1,71.616945
-0.3333333333333333,1,71.62074
-0.3333333333333333,1,71.624346
-0.3333333333333333,1,71.629266
-0.16666666666666666,1,71.633742
-0.3333333333333333,1,71.638068
-0.3333333333333333,1,71.641989
-0.25,1,71.646562
-0.2,1,71.650323
-0.06666666666666667,1,71.65498
-0.3,1,71.658806
-0.2,1,71.663735
-0.3333333333333333,1,71.667697
-0.25,1,71.672578
-0.3333333333333333,1,71.67661
-0.25,1,71.682198
-0.3333333333333333,1,71.686126
-0.2,1,71.690149
-0.4,1,71.694448
-0.5,1,71.702096
-0.6666666666666666,1,71.706691
-0.3333333333333333,1,71.712096
-0.3333333333333333,1,71.716508
0.0,1,71.721087
-1.0,1,71.726136
-1.0,1,71.730978
-1.0,1,71.735686
-1.0,1,71.740658
-0.6666666666666666,1,71.745168
-0.75,1,71.74908
-1.0,1,71.753526
-1.0,1,71.758204
-1.0,1,71.76268
-0.5,1,71.767196
-0.4,1,71.771639
-0.16666666666666666,1,71.775755
-0.2222222222222222,1,71.779922
-0.3333333333333333,1,71.784415
-0.2,1,71.789291
-0.5,1,71.793992
-0.16666666666666666,1,71.798162
-0.3333333333333333,1,71.802284
-0.3333333333333333,1,71.806974
-0.125,1,71.811297
-0.16666666666666666,1,71.815749
-0.25,1,71.820336
-0.2,1,71.824474
-0.06666666666666667,1,71.828432
-0.2,1,71.832274
-0.2,1,71.836084
-0.1,1,71.840396
-0.2,1,71.845973
-0.2,1,71.85742
-0.2,1,71.861629
-0.06666666666666667,1,71.866365
-0.12,1,71.870257
-0.06666666666666667,1,71.874218
-0.16666666666666666,1,71.878669
-0.2222222222222222,1,71.883418
-0.16666666666666666,1,71.887226
-0.2222222222222222,1,71.891171
-0.3333333333333333,1,71.895376
-0.2,1,71.899175
-0.2,1,71.902937
-0.2222222222222222,1,71.906943
-0.16666666666666666,1,71.911058
-0.2,1,71.915234
-0.06666666666666667,1,71.918909
-0.4,1,71.923193
-0.16666666666666666,1,71.927764
-0.4,1,71.931255
-0.2,1,71.935271
-0.2,1,71.939388
-0.2,1,71.943593
-0.2222222222222222,1,71.947318
-0.16666666666666666,1,71.951485
-0.2222222222222222,1,71.955726
-0.3333333333333333,1,71.960264
-0.2222222222222222,1,71.964165
-0.3333333333333333,1,71.968293
-0.2222222222222222,1,71.972635
-0.3333333333333333,1,71.978709
0.0,1,71.985042
-1.0,1,71.989271
-1.0,1,71.992988
-1.0,1,71.996547
-1.0,1,72.000135
-0.6666666666666666,1,72.004191
-0.7777777777777778,1,72.007977
-0.6666666666666666,1,72.012475
-1.0,1,72.016457
-1.0,1,72.020304
-1.0,1,72.023836
-1.0,1,72.027273
-1.0,1,72.031126
-0.6666666666666666,1,72.035225
-0.5,1,72.039156
-0.3333333333333333,1,72.043018
-0.25,1,72.046717
-0.4,1,72.051632
-0.25,1,72.055897
-0.3333333333333333,1,72.060038
-0.3333333333333333,1,72.063745
-0.3333333333333333,1,72.067968
-0.3333333333333333,1,72.072475
-0.3333333333333333,1,72.07645
-0.25,1,72.080045
-0.6666666666666666,1,72.08381
-1.0,1,72.087391
-0.6666666666666666,1,72.091196
-0.5,1,72.09468
-0.3333333333333333,1,72.098828
-0.3333333333333333,1,72.102811
0.0,1,72.106711
-1.0,1,72.110564
-1.0,1,72.11453
-0.6666666666666666,1,72.118145
-0.7777777777777778,1,72.122521
-0.6666666666666666,1,72.12623
-0.5,1,72.129512
-0.2,1,72.133264
-1.0,1,72.136991
-0.4,1,72.140669
-0.75,1,72.144869
-1.0,1,72.148679
-0.75,1,72.152863
-0.3333333333333333,1,72.156993
-0.25,1,72.160823
-0.3333333333333333,1,72.164921
-0.2,1,72.168659
-0.2222222222222222,1,72.173445
-0.2,1,72.177381
-0.3333333333333333,1,72.18105
-0.2,1,72.185575
-0.2,1,72.189935
-0.25,1,72.193585
-0.3333333333333333,1,72.198025
-0.25,1,72.201826
-0.3333333333333333,1,72.206299
-0.25,1,72.210781
-0.3333333333333333,1,72.215647
-0.06666666666666667,1,72.220353
-0.2,1,72.224329
-0.25,1,72.228732
-0.3333333333333333,1,72.233121
-0.2,1,72.237371
-0.1,1,72.241212
-0.2,1,72.252773
-0.2222222222222222,1,72.257624
-0.16666666666666666,1,72.261865
-0.2,1,72.267289
-0.25,1,72.272452
-0.1,1,72.277073
-0.2,1,72.281652
-0.06666666666666667,1,72.286498
-0.2,1,72.290895
-0.06666666666666667,1,72.294958
-0.12,1,72.300834
-0.06666666666666667,1,72.304958
-0.16666666666666666,1,72.30913
-0.06666666666666667,1,72.313067
-0.16666666666666666,1,72.317658
-0.1,1,72.322278
-0.3333333333333333,1,72.326836
-0.2222222222222222,1,72.331442
-0.16666666666666666,1,72.336494
-0.06666666666666667,1,72.34077
-0.2,1,72.345175
0.0,1,72.350535
-1.0,1,72.354602
-1.0,1,72.359431
-1.0,1,72.363471
-0.75,1,72.367702
-1.0,1,72.372259
-0.3333333333333333,1,72.376409
-0.16666666666666666,1,72.380491
-0.2,1,72.384219
-0.4,1,72.388111
-0.2,1,72.391881
-0.4,1,72.395618
-0.3333333333333333,1,72.399694
-0.2222222222222222,1,72.40347
-0.3333333333333333,1,72.408303
-0.16666666666666666,1,72.413132
-0.3333333333333333,1,72.417096
-0.2222222222222222,1,72.420905
-0.16666666666666666,1,72.424392
-0.2222222222222222,1,72.428304
-0.16666666666666666,1,72.432531
0.0,1,72.436368
-1.0,1,72.440146
-0.5,1,72.44368
-0.3333333333333333,1,72.447678
-0.25,1,72.451599
-0.2,1,72.4551
-0.5,1,72.458362
-0.2,1,72.461937
-0.3333333333333333,1,72.465989
-0.4,1,72.469922
-0.3333333333333333,1,72.473216
-0.3333333333333333,1,72.476898
-0.3333333333333333,1,72.480268
-0.16666666666666666,1,72.484414
-0.5555555555555556,1,72.487985
-0.16666666666666666,1,72.491502
-0.2,1,72.495026
-0.3333333333333333,1,72.499651
0.0,1,72.503657
-1.0,1,72.507522
-1.0,1,72.51109
-0.6666666666666666,1,72.514924
-1.0,1,72.518888
-0.6666666666666666,1,72.522642
-0.5,1,72.525833
-0.16666666666666666,1,72.52999
-0.06666666666666667,1,72.534165
-0.3,1,72.537889
-0.16666666666666666,1,72.542267
-0.2222222222222222,1,72.548137
-0.16666666666666666,1,72.556894
-0.06666666666666667,1,72.561502
-0.16666666666666666,1,72.565797
-0.06666666666666667,1,72.570233
-0.16666666666666666,1,72.574316
-0.1,1,72.579263
-0.2,1,72.584362
-0.3333333333333333,1,72.588461
-0.2,1,72.59252
-0.2,1,72.59835
-0.3333333333333333,1,72.603203
-0.3333333333333333,1,72.606839
-0.06666666666666667,1,72.610682
-0.16666666666666666,1,72.615416
-0.5555555555555556,1,72.619724
-1.0,1,72.623739
-1.0,1,72.627852
-1.0,1,72.632147
-0.5,1,72.636421
-0.3333333333333333,1,72.640504
-0.3333333333333333,1,72.644264
-0.3333333333333333,1,72.648666
-0.3333333333333333,1,72.653311
-0.3333333333333333,1,72.657214
-0.2,1,72.660606
-0.1,1,72.664191
-0.25,1,72.66785
-0.1,1,72.672207
-0.25,1,72.675652
-0.3333333333333333,1,72.679253
-0.3333333333333333,1,72.683095
-0.2222222222222222,1,72.68722
-0.16666666666666666,1,72.690571
-0.2222222222222222,1,72.694568
-0.3333333333333333,1,72.698122
-0.2222222222222222,1,72.70178
-0.16666666666666666,1,72.706354
-0.06666666666666667,1,72.711579
-0.2,1,72.71646
-0.06666666666666667,1,72.719749
-0.16666666666666666,1,72.723181
-0.2,1,72.726357
-0.3333333333333333,1,72.730796
-0.2,1,72.735087
-0.2,1,72.738745
-0.2,1,72.742758
-0.25,1,72.747609
-0.3333333333333333,1,72.752197
-0.25,1,72.756274
0.0,1,72.760189
-1.0,1,72.767065
-1.0,1,72.773791
-0.6666666666666666,1,72.78046
-0.3333333333333333,1,72.786285
-0.3333333333333333,1,72.792367
-0.25,1,72.798592
-0.1,1,72.81401
-0.2,1,72.821217
-0.2222222222222222,1,72.825885
-0.16666666666666666,1,72.83346
-0.2222222222222222,1,72.83789
-0.16666666666666666,1,72.842148
-0.1,1,72.846479
-0.16666666666666666,1,72.851073
-0.1,1,72.855143
-0.125,1,72.859092
-0.3,1,72.863415
-0.125,1,72.869173
-0.2,1,72.873523
-0.16666666666666666,1,72.87764
-0.2,1,72.882157
-0.12,1,72.886855
-0.3,1,72.890864
-0.12,1,72.895313
-0.3,1,72.900106
-0.06666666666666667,1,72.904546
-0.3333333333333333,1,72.908794
-0.5,1,72.913633
-1.0,1,72.919055
-1.0,1,72.923451
-0.6666666666666666,1,72.927402
-0.3333333333333333,1,72.931517
-0.3333333333333333,1,72.935637
-0.5,1,72.938965
-0.6666666666666666,1,72.942302
-1.0,1,72.946066
-1.0,1,72.951243
-0.3333333333333333,1,72.955083
-0.3333333333333333,1,72.95884
-0.5,1,72.963625
-1.0,1,72.967619
-0.5,1,72.97116
-1.0,1,72.974548
-0.5555555555555556,1,72.979572
-0.16666666666666666,1,72.984173
-0.125,1,72.988
-0.3333333333333333,1,72.991959
-0.5,1,72.997108
-0.2,1,73.001059
-0.16666666666666666,1,73.004785
-0.2222222222222222,1,73.008299
-0.16666666666666666,1,73.012168
-0.2222222222222222,1,73.016012
-0.16666666666666666,1,73.019968
0.0,1,73.023384
-1.0,1,73.02687
-1.0,1,73.030499
-0.3333333333333333,1,73.03448
-0.25,1,73.038184
-0.3333333333333333,1,73.04194
-0.25,1,73.046185
-0.6666666666666666,1,73.049997
-0.75,1,73.05364
-0.4,1,73.05696
-0.2,1,73.060539
-0.3333333333333333,1,73.064383
-0.125,1,73.068069
-0.3333333333333333,1,73.072579
-0.25,1,73.076025
-0.3333333333333333,1,73.080775
-0.3333333333333333,1,73.084786
-0.6666666666666666,1,73.088825
-0.3333333333333333,1,73.092382
-0.3333333333333333,1,73.096343
-0.3333333333333333,1,73.100651
-0.3333333333333333,1,73.104801
-0.25,1,73.109513
-0.3333333333333333,1,73.114115
-0.5,1,73.118697
-0.16666666666666666,1,73.122442
-0.125,1,73.126094
-0.16666666666666666,1,73.130271
-0.125,1,73.134385
-0.3,1,73.137969
-0.125,1,73.141264
-0.16666666666666666,1,73.145166
-0.06666666666666667,1,73.149675
-0.2,1,73.153558
-0.2,1,73.156926
-0.2,1,73.160803
-0.2,1,73.165162
-0.06666666666666667,1,73.169196
-0.12,1,73.172592
-0.2,1,73.175872
-0.12,1,73.179698
-0.06666666666666667,1,73.183835
-0.2,1,73.187613
-0.06666666666666667,1,73.191512
-0.16666666666666666,1,73.199
-0.06666666666666667,1,73.202878
-0.16666666666666666,1,73.207658
-0.06666666666666667,1,73.212977
-0.16666666666666666,1,73.217705
-0.06666666666666667,1,73.221642
-0.16666666666666666,1,73.226162
0.0,1,73.230312
-1.0,1,73.234748
-0.5,1,73.238944
-0.6666666666666666,1,73.243124
-0.5,1,73.247711
-0.6666666666666666,1,73.251827
-0.5,1,73.255767
-0.6666666666666666,1,73.259834
-0.5,1,73.2641
-0.6666666666666666,1,73.268287
-0.5,1,73.272255
-1.0,1,73.275969
-1.0,1,73.279978
-1.0,1,73.284381
-1.0,1,73.28855
-1.0,1,73.292379
-1.0,1,73.296073
-0.2,1,73.301217
-0.2,1,73.305048
-0.3,1,73.308424
-0.25,1,73.311858
-0.2,1,73.315859
-0.16666666666666666,1,73.319611
-0.06666666666666667,1,73.322924
-0.2,1,73.326709
0.0,1,73.330308
-1.0,1,73.334108
-1.0,1,73.337696
-1.0,1,73.340835
-0.5,1,73.35292
-0.2,1,73.356945
-0.3333333333333333,1,73.361894
-0.3333333333333333,1,73.367696
-0.5,1,73.371859
-0.4,1,73.375566
-0.06666666666666667,1,73.37964
-0.4,1,73.384778
-1.0,1,73.389472
-1.0,1,73.393903
-1.0,1,73.398685
-0.6666666666666666,1,73.403428
-0.3333333333333333,1,73.407713
-0.3333333333333333,1,73.412174
-0.3333333333333333,1,73.416696
-0.3333333333333333,1,73.420605
-0.3333333333333333,1,73.424604
-0.6666666666666666,1,73.429339
-0.25,1,73.434196
-0.2,1,73.43851
-0.2,1,73.442411
0.0,1,73.446678
-1.0,1,73.451304
-1.0,1,73.455411
-0.6666666666666666,1,73.459828
-0.5555555555555556,1,73.463995
-0.16666666666666666,1,73.468596
-0.25,1,73.472469
-0.3333333333333333,1,73.476381
-0.2,1,73.479875
-0.2,1,73.484229
-0.25,1,73.487998
-0.16666666666666666,1,73.49144
-0.5555555555555556,1,73.495897
-0.16666666666666666,1,73.500418
-0.125,1,73.504079
-0.16666666666666666,1,73.508394
-0.3333333333333333,1,73.512071
-0.16666666666666666,1,73.516169
-0.25,1,73.520553
0.0,1,73.524304
-1.0,1,73.528577
-1.0,1,73.53389
-1.0,1,73.538153
-0.5,1,73.543748
-0.2,1,73.552764
-0.5,1,73.561086
-0.6666666666666666,1,73.581463
-0.5,1,73.587197
-0.3333333333333333,1,73.599789
-0.25,1,73.618016
-0.2,1,73.627054
-0.16666666666666666,1,73.636595
-0.06666666666666667,1,73.641115
-0.2,1,73.649724
0.0,1,73.657835
-1.0,1,73.666347
-1.0,1,73.672588
-1.0,1,73.677742
-0.5,1,73.684004
-0.3333333333333333,1,73.688954
-0.25,1,73.694242
-0.2,1,73.702979
-0.16666666666666666,1,73.708071
-0.2,1,73.713253
-0.2,1,73.718039
-0.2,1,73.722301
-0.25,1,73.726787
-0.3,1,73.731404
-0.06666666666666667,1,73.735937
-0.2222222222222222,1,73.740488
-0.3333333333333333,1,73.744664
-0.2,1,73.753881
-0.25,1,73.777645
-0.2,1,73.781631
-0.12,1,73.785826
-0.3,1,73.789472
-0.06666666666666667,1,73.7929
-0.4,1,73.79695
-1.0,1,73.802193
-1.0,1,73.810181
-0.75,1,73.814033
-0.16666666666666666,1,73.818414
-0.125,1,73.822219
-0.3,1,73.826067
-0.12,1,73.831144
-0.2,1,73.837517
-0.16666666666666666,1,73.844224
0.0,1,73.850941
-1.0,1,73.855367
-1.0,1,73.859881
-1.0,1,73.863918
-1.0,1,73.868737
-1.0,1,73.872826
-1.0,1,73.876415
-1.0,1,73.881695
-0.5,1,73.887842
-0.6666666666666666,1,73.89449
-0.3333333333333333,1,73.906731
-0.6666666666666666,1,73.926502
-0.5,1,73.933651
-0.2,1,73.955893
-0.25,1,73.987367
-0.3333333333333333,1,73.999479
-0.3333333333333333,1,74.009673
-0.3333333333333333,1,74.018059
-0.06666666666666667,1,74.027409
-0.16666666666666666,1,74.034082
-0.2,1,74.048693
-0.2222222222222222,1,74.056148
-0.16666666666666666,1,74.061583
-0.2222222222222222,1,74.068003
-0.16666666666666666,1,74.072546
-0.2222222222222222,1,74.077033
-0.2,1,74.080956
-0.2,1,74.084595
-0.2,1,74.088526
-0.2,1,74.092746
-0.16666666666666666,1,74.100149
-0.06666666666666667,1,74.111853
-0.12,1,74.115707
-0.06666666666666667,1,74.119469
-0.16666666666666666,1,74.123365
-0.06666666666666667,1,74.127868
-0.16666666666666666,1,74.131982
-0.2222222222222222,1,74.135595
-0.3333333333333333,1,74.139681
0.0,1,74.14504
-1.0,1,74.154491
-1.0,1,74.163015
-0.6666666666666666,1,74.167493
-0.5,1,74.172695
-1.0,1,74.177248
-1.0,1,74.18171
-0.3333333333333333,1,74.18592
-0.5,1,74.190549
-0.3333333333333333,1,74.194842
0.0,1,74.199239
-1.0,1,74.20391
-1.0,1,74.208158
-1.0,1,74.213035
-1.0,1,74.218026
-1.0,1,74.222527
-1.0,1,74.226731
-0.6666666666666666,1,74.230769
-0.3333333333333333,1,74.234677
-0.6666666666666666,1,74.238847
-0.5,1,74.243368
-0.4,1,74.247369
-0.3333333333333333,1,74.251464
-0.4,1,74.255964
-0.06666666666666667,1,74.260365
-0.2222222222222222,1,74.264646
-0.2,1,74.269105
-0.16666666666666666,1,74.273576
-0.25,1,74.277731
-0.3,1,74.282488
-0.125,1,74.286369
-0.3333333333333333,1,74.290687
-0.2,1,74.295178
-0.3333333333333333,1,74.299584
-0.3333333333333333,1,74.304016
-0.3333333333333333,1,74.308283
-0.2,1,74.312858
-0.4,1,74.316526
-0.06666666666666667,1,74.320326
-0.3333333333333333,1,74.324568
-0.25,1,74.329345
0.0,1,74.334062
-1.0,1,74.339082
-1.0,1,74.343092
-1.0,1,74.346996
-0.5,1,74.35101
0.0,1,74.355477
-1.0,1,74.359662
-1.0,1,74.368589
-1.0,1,74.377993
-1.0,1,74.387253
-1.0,1,74.40098
-1.0,1,74.411642
-1.0,1,74.420926
-1.0,1,74.428192
-1.0,1,74.433014
-1.0,1,74.438325
-1.0,1,74.442402
-0.16666666666666666,1,74.448447
-1.0,1,74.453353
-0.16666666666666666,1,74.458151
-0.2222222222222222,1,74.463017
-0.3333333333333333,1,74.467433
-0.2,1,74.471966
-0.16666666666666666,1,74.47654
-0.06666666666666667,1,74.481436
-0.16666666666666666,1,74.486044
-0.06666666666666667,1,74.491129
-0.16666666666666666,1,74.496645
-0.06666666666666667,1,74.50094
-0.2,1,74.505533
0.0,1,74.509886
-1.0,1,74.522617
-1.0,1,74.529561
-0.6666666666666666,1,74.540468
-1.0,1,74.546595
-1.0,1,74.555134
-0.5555555555555556,1,74.560986
-1.0,1,74.571005
-0.3333333333333333,1,74.586964
-0.16666666666666666,1,74.594256
-0.25,1,74.61296
-0.16666666666666666,1,74.623959
-0.25,1,74.631665
-0.16666666666666666,1,74.638416
-0.5555555555555556,1,74.644087
-0.3333333333333333,1,74.652207
-0.2,1,74.659887
-0.4,1,74.667085
-0.06666666666666667,1,74.671474
-0.2222222222222222,1,74.677319
-0.2,1,74.695543
-0.2,1,74.710547
-0.2,1,74.718081
-0.2,1,74.722678
-0.25,1,74.728049
0.0,1,74.736467
-1.0,1,74.740347
-1.0,1,74.744285
-1.0,1,74.749573
-1.0,1,74.753962
-1.0,1,74.761379
-0.5,1,74.765981
0.0,1,74.770674
-1.0,1,74.775365
-1.0,1,74.779522
-0.6666666666666666,1,74.784489
-0.3333333333333333,1,74.789171
-0.3333333333333333,1,74.795151
-0.2,1,74.800131
-0.2222222222222222,1,74.804444
-0.2,1,74.808596
-0.4,1,74.812931
-0.2,1,74.817264
-0.3333333333333333,1,74.821402
-0.25,1,74.825191
0.0,1,74.82891
-1.0,1,74.834391
-1.0,1,74.838023
-1.0,1,74.841317
-1.0,1,74.845449
-1.0,1,74.85011
-1.0,1,74.853612
-0.4,1,74.857009
-0.2,1,74.860452
-0.3,1,74.866118
-0.125,1,74.870354
-0.1,1,74.874504
-0.25,1,74.87914
-0.2,1,74.896904
-0.2,1,74.904673
-0.2222222222222222,1,74.90871
-0.2,1,74.913442
-0.4,1,74.918242
-0.75,1,74.92266
-1.0,1,74.926953
-1.0,1,74.931552
-0.3333333333333333,1,74.93685
-0.3333333333333333,1,74.941084
-0.3333333333333333,1,74.945173
-0.3333333333333333,1,74.949628
-0.6666666666666666,1,74.954292
-0.75,1,74.958934
-0.6666666666666666,1,74.963269
-0.5,1,74.967898
-0.6666666666666666,1,74.972004
-0.3333333333333333,1,74.976099
-0.3333333333333333,1,74.980143
-0.25,1,74.984819
-0.3333333333333333,1,74.989192
-0.5,1,74.993459
-0.16666666666666666,1,74.997567
-0.25,1,75.00158
-0.16666666666666666,1,75.005064
-0.125,1,75.008578
-0.16666666666666666,1,75.01289
-0.3333333333333333,1,75.017051
-0.3333333333333333,1,75.021131
-0.3333333333333333,1,75.024796
-0.3333333333333333,1,75.028553
-0.06666666666666667,1,75.032979
-0.4,1,75.036446
-0.75,1,75.039776
-0.6666666666666666,1,75.043617
-1.0,1,75.047122
-0.6666666666666666,1,75.051626
-0.5555555555555556,1,75.05566
-0.3333333333333333,1,75.059282
-0.2,1,75.062756
-0.2222222222222222,1,75.067216
-0.16666666666666666,1,75.071458
-0.2,1,75.075316
-0.3333333333333333,1,75.079249
-0.4,1,75.083177
-0.5,1,75.086652
-0.3333333333333333,1,75.090166
-0.25,1,75.093408
0.0,1,75.09696
-1.0,1,75.100913
-1.0,1,75.104549
-0.6666666666666666,1,75.108284
-0.5555555555555556,1,75.11199
-0.6666666666666666,1,75.116265
-1.0,1,75.119944
-1.0,1,75.123699
-0.5,1,75.127722
-0.3333333333333333,1,75.132016
-0.25,1,75.136671
-0.2,1,75.140301
-0.25,1,75.144413
-0.3333333333333333,1,75.148624
-0.25,1,75.152397
-0.3333333333333333,1,75.155761
-0.3333333333333333,1,75.159443
-0.3333333333333333,1,75.164097
-0.75,1,75.168437
-1.0,1,75.171738
-1.0,1,75.175153
-1.0,1,75.179312
-0.16666666666666666,1,75.183835
-1.0,1,75.187566
-0.16666666666666666,1,75.19081
-0.2222222222222222,1,75.194535
-0.16666666666666666,1,75.198904
-0.1,1,75.202848
-0.16666666666666666,1,75.206955
-0.3,1,75.210376
-0.125,1,75.214039
-0.3333333333333333,1,75.217514
-0.2,1,75.220892
-0.3333333333333333,1,75.224454
-0.2,1,75.228523
-0.2,1,75.232762
-0.5,1,75.236333
-0.4,1,75.239468
-0.5,1,75.242679
-0.3333333333333333,1,75.246382
-0.5555555555555556,1,75.250302
-1.0,1,75.254137
-1.0,1,75.257545
-0.6666666666666666,1,75.260916
-0.3333333333333333,1,75.264545
-1.0,1,75.268605
-0.5555555555555556,1,75.272352
-0.3333333333333333,1,75.277849
-0.5,1,75.281724
-1.0,1,75.285732
-0.5555555555555556,1,75.289534
-1.0,1,75.293153
-0.75,1,75.29726
-0.4,1,75.301453
-1.0,1,75.305411
-0.2,1,75.309853
-0.2,1,75.313702
-0.2222222222222222,1,75.317828
-0.16666666666666666,1,75.321854
-0.2,1,75.325495
-0.3333333333333333,1,75.330003
-0.2,1,75.334714
-0.25,1,75.338572
-0.16666666666666666,1,75.342226
-0.2,1,75.34657
-0.2,1,75.350931
-0.16666666666666666,1,75.355089
0.0,1,75.359495
-1.0,1,75.363212
-1.0,1,75.367646
-0.6666666666666666,1,75.371571
-1.0,1,75.375244
-0.6666666666666666,1,75.379379
-0.3333333333333333,1,75.383025
-0.3333333333333333,1,75.386662
-0.3333333333333333,1,75.390829
-0.3333333333333333,1,75.396257
-0.3333333333333333,1,75.403798
-0.3333333333333333,1,75.407913
-0.3333333333333333,1,75.412092
-0.1,1,75.423733
-0.25,1,75.431902
-0.2,1,75.436505
-0.25,1,75.440315
-0.2,1,75.444733
-0.2,1,75.448939
-0.2,1,75.454022
-0.25,1,75.458591
-0.3,1,75.463238
-0.25,1,75.468278
-0.2,1,75.472865
-0.16666666666666666,1,75.477324
-0.2222222222222222,1,75.481663
-0.16666666666666666,1,75.486344
-0.2222222222222222,1,75.49064
-0.2,1,75.494909
-0.2222222222222222,1,75.499579
-0.2,1,75.504137
-0.2,1,75.508143
-0.2,1,75.512921
-0.4,1,75.517871
-0.06666666666666667,1,75.522182
-0.3,1,75.526139
-0.12,1,75.530631
-0.3,1,75.535278
-0.12,1,75.539497
-0.2,1,75.545017
-0.25,1,75.549445
-0.2,1,75.553841
-0.3333333333333333,1,75.557942
-0.3333333333333333,1,75.562356
-0.25,1,75.56662
-0.3333333333333333,1,75.570663
-0.5555555555555556,1,75.57476
-0.3333333333333333,1,75.578812
-0.5,1,75.583803
-0.3333333333333333,1,75.587411
-0.06666666666666667,1,75.591622
-0.3,1,75.596751
-0.06666666666666667,1,75.600912
-0.3,1,75.604495
-0.06666666666666667,1,75.608308
-0.2222222222222222,1,75.6132
-0.2,1,75.617442
-0.3333333333333333,1,75.621412
-0.2,1,75.625347
-0.3333333333333333,1,75.629462
-0.3333333333333333,1,75.633606
-0.1,1,75.637755
-0.3333333333333333,1,75.641199
-0.3333333333333333,1,75.645243
-0.25,1,75.649609
-0.3333333333333333,1,75.653913
-0.5555555555555556,1,75.657696
-1.0,1,75.661511
-1.0,1,75.665012
-1.0,1,75.669411
-1.0,1,75.67315
-1.0,1,75.67666
-1.0,1,75.680513
-0.4,1,75.684552
-0.75,1,75.688642
-0.4,1,75.692155
-0.2,1,75.696022
-0.3333333333333333,1,75.701122
-0.25,1,75.704625
0.0,1,75.707809
-1.0,1,75.711154
-1.0,1,75.714894
-0.6666666666666666,1,75.719118
-0.5,1,75.722698
-0.16666666666666666,1,75.727942
-0.5555555555555556,1,75.732789
-0.16666666666666666,1,75.73824
-0.25,1,75.741792
-0.3333333333333333,1,75.745515
-0.3333333333333333,1,75.751129
-0.3333333333333333,1,75.755639
-0.5,1,75.761085
-0.4,1,75.765878
-0.2,1,75.77083
-0.3333333333333333,1,75.781684
-0.5,1,75.793936
-0.3333333333333333,1,75.808424
-0.25,1,75.81444
0.0,1,75.820334
-1.0,1,75.827845
-1.0,1,75.832886
-1.0,1,75.837808
-1.0,1,75.842393
-1.0,1,75.846435
-1.0,1,75.851202
-1.0,1,75.855999
-0.75,1,75.860231
-1.0,1,75.864279
-0.75,1,75.868955
-0.4,1,75.873076
-0.5,1,75.877014
-0.6666666666666666,1,75.880847
-0.5,1,75.884615
-0.2,1,75.889149
-0.2,1,75.892737
-0.2222222222222222,1,75.897614
-0.3333333333333333,1,75.90203
-0.2222222222222222,1,75.905672
-0.16666666666666666,1,75.909207
-0.4,1,75.914922
-0.2,1,75.920562
-0.3333333333333333,1,75.925745
0.0,1,75.933747
-1.0,1,75.937923
-1.0,1,75.941517
-1.0,1,75.945168
-1.0,1,75.948797
-1.0,1,75.953104
-1.0,1,75.956859
-0.4,1,75.960491
-1.0,1,75.96412
-1.0,1,75.968142
-0.75,1,75.971541
-0.4,1,75.975013
-1.0,1,75.978961
-0.4,1,75.983356
-0.3333333333333333,1,75.987178
-0.3333333333333333,1,75.990929
-0.3333333333333333,1,75.996127
-0.3333333333333333,1,76.001339
-0.25,1,76.006217
-0.3333333333333333,1,76.017657
0.0,1,76.02236
-1.0,1,76.029102
-1.0,1,76.034137
-1.0,1,76.038544
-0.5555555555555556,1,76.042936
-0.16666666666666666,1,76.047301
-0.5555555555555556,1,76.052149
-1.0,1,76.056764
-0.5555555555555556,1,76.061128
-0.3333333333333333,1,76.065428
-0.5555555555555556,1,76.070155
-1.0,1,76.073939
-0.5555555555555556,1,76.078015
-0.16666666666666666,1,76.0824
-0.125,1,76.08687
-0.2,1,76.090959
-0.125,1,76.095255
-0.3,1,76.100721
-0.25,1,76.105197
-0.3333333333333333,1,76.109072
-0.06666666666666667,1,76.112645
-0.16666666666666666,1,76.116906
-0.06666666666666667,1,76.122852
-0.2222222222222222,1,76.127791
-0.16666666666666666,1,76.134211
-0.2,1,76.137957
-0.25,1,76.141846
-0.16666666666666666,1,76.146021
-0.5555555555555556,1,76.150422
-0.16666666666666666,1,76.154141
-0.5555555555555556,1,76.158089
-0.16666666666666666,1,76.162927
-0.125,1,76.167395
-0.2,1,76.171135
-0.12,1,76.174907
-0.3,1,76.17974
-0.06666666666666667,1,76.184874
-0.3,1,76.188684
-0.125,1,76.192765
-0.3333333333333333,1,76.196544
-0.25,1,76.200847
0.0,1,76.204506
-1.0,1,76.208349
-1.0,1,76.213084
-1.0,1,76.21758
-0.5,1,76.221282
-0.3333333333333333,1,76.225191
-0.25,1,76.22922
0.0,1,76.234061
-1.0,1,76.238604
-1.0,1,76.242547
-0.6666666666666666,1,76.248339
-0.5,1,76.253686
-0.6666666666666666,1,76.257565
-0.5,1,76.261603
-0.3333333333333333,1,76.265448
-0.5,1,76.269716
-0.6666666666666666,1,76.274214
-0.7777777777777778,1,76.278049
-0.6666666666666666,1,76.28176
-0.25,1,76.2863
-0.6666666666666666,1,76.290096
-0.25,1,76.29384
-0.3333333333333333,1,76.297367
-0.3333333333333333,1,76.301488
-0.3333333333333333,1,76.305216
-0.3333333333333333,1,76.308782
-0.3333333333333333,1,76.312527
-0.5,1,76.317212
0.0,1,76.3212
-1.0,1,76.325105
-1.0,1,76.328996
-1.0,1,76.333486
-1.0,1,76.33753
-1.0,1,76.341262
-1.0,1,76.344618
-0.6666666666666666,1,76.349385
-0.5,1,76.353431
-0.6666666666666666,1,76.356797
-0.5,1,76.36059
-0.16666666666666666,1,76.363978
-0.75,1,76.36874
-0.3333333333333333,1,76.372907
-0.2,1,76.376211
-0.2222222222222222,1,76.381317
-0.16666666666666666,1,76.385204
-0.06666666666666667,1,76.388739
-0.16666666666666666,1,76.392246
-0.2222222222222222,1,76.397022
-0.2,1,76.400931
-0.3333333333333333,1,76.404761
-0.2,1,76.408769
-0.3,1,76.413453
-0.06666666666666667,1,76.41826
-0.3333333333333333,1,76.422661
-0.25,1,76.426513
-0.2,1,76.43044
-0.16666666666666666,1,76.435019
-0.2222222222222222,1,76.43914
-0.16666666666666666,1,76.443994
-0.06666666666666667,1,76.449261
-0.16666666666666666,1,76.452872
-0.2222222222222222,1,76.456458
-0.2,1,76.459929
-0.3,1,76.463511
-0.25,1,76.467191
-0.3,1,76.470485
-0.25,1,76.47472
0.0,1,76.478067
-1.0,1,76.482067
-0.5,1,76.485677
-0.3333333333333333,1,76.489829
-0.3333333333333333,1,76.494715
-0.3333333333333333,1,76.498693
-0.3333333333333333,1,76.502945
-0.3333333333333333,1,76.507154
-0.3333333333333333,1,76.511446
-0.6666666666666666,1,76.515336
-0.5,1,76.5192
-0.3333333333333333,1,76.523233
-0.2,1,76.527144
-0.2222222222222222,1,76.53059
-0.16666666666666666,1,76.53485
-0.2222222222222222,1,76.539025
-0.16666666666666666,1,76.543161
-0.3,1,76.546736
-0.12,1,76.550605
-0.3,1,76.56783
-0.16666666666666666,1,76.574832
-0.06666666666666667,1,76.580714
-0.12,1,76.584795
-0.06666666666666667,1,76.589367
-0.12,1,76.593799
-0.3,1,76.598266
-0.16666666666666666,1,76.603004
-0.06666666666666667,1,76.607352
-0.16666666666666666,1,76.611663
-0.2222222222222222,1,76.616122
-0.16666666666666666,1,76.62041
-0.2,1,76.624546
-0.12,1,76.629103
-0.2,1,76.633433
-0.25,1,76.637611
-0.2,1,76.642586
-0.16666666666666666,1,76.646922
-0.2,1,76.650937
-0.25,1,76.655256
-0.16666666666666666,1,76.659541
-0.125,1,76.664282
-0.3333333333333333,1,76.668303
-0.2,1,76.67279
0.0,1,76.677407
-1.0,1,76.680763
-0.5,1,76.684063
-0.6666666666666666,1,76.687876
-0.3333333333333333,1,76.692415
-0.3333333333333333,1,76.696153
-0.2,1,76.6998
-0.16666666666666666,1,76.703478
-0.25,1,76.707376
-0.3333333333333333,1,76.711132
-0.3333333333333333,1,76.714701
-0.3333333333333333,1,76.718279
-0.2,1,76.72248
0.0,1,76.725958
-1.0,1,76.729402
-1.0,1,76.734488
-0.6666666666666666,1,76.739929
-0.75,1,76.743974
-1.0,1,76.748475
-1.0,1,76.753384
-1.0,1,76.757627
-1.0,1,76.761696
-0.6666666666666666,1,76.766282
-0.5,1,76.771178
-1.0,1,76.775426
-0.5,1,76.781065
-0.3333333333333333,1,76.786128
-0.2,1,76.790632
-0.4,1,76.794495
-1.0,1,76.799347
-0.4,1,76.804048
-0.2,1,76.808315
-0.2222222222222222,1,76.812714
-0.16666666666666666,1,76.816916
-0.1,1,76.820766
-0.2,1,76.825058
-0.1,1,76.84213
-0.2,1,76.847177
-0.2,1,76.857876
-0.25,1,76.863942
-0.3333333333333333,1,76.868042
-0.5,1,76.873087
-0.3333333333333333,1,76.878386
-0.5,1,76.882345
-0.6666666666666666,1,76.886396
-0.5555555555555556,1,76.892311
-1.0,1,76.89703
-1.0,1,76.902149
-1.0,1,76.906027
-0.5,1,76.910416
-0.6666666666666666,1,76.914321
-0.5,1,76.918718
-0.6666666666666666,1,76.923593
-0.5,1,76.927723
-0.6666666666666666,1,76.932954
-1.0,1,76.939306
-1.0,1,76.945145
-0.5,1,76.95109
-0.6666666666666666,1,76.955992
-0.7777777777777778,1,76.960185
-0.6666666666666666,1,76.964768
-0.3333333333333333,1,76.96915
-0.3333333333333333,1,76.974577
-0.2,1,76.979247
-0.2,1,76.983787
-0.12,1,76.989404
-0.06666666666666667,1,76.993583
-0.12,1,76.997959
-0.2,1,77.002335
-0.25,1,77.006739
-0.2,1,77.011519
-0.25,1,77.015875
-0.2,1,77.020244
-0.12,1,77.024688
-0.06666666666666667,1,77.029236
-0.16666666666666666,1,77.034124
-0.2,1,77.038395
-0.12,1,77.042118
-0.3,1,77.04758
-0.12,1,77.051962
-0.3,1,77.055811
-0.16666666666666666,1,77.059488
-0.1,1,77.063383
-0.3333333333333333,1,77.067398
-0.1,1,77.071265
-0.2,1,77.075003
-0.1,1,77.078986
-0.25,1,77.083681
0.0,1,77.087359
-1.0,1,77.090938
-1.0,1,77.094382
-1.0,1,77.09847
-1.0,1,77.102545
-0.6666666666666666,1,77.106414
-0.5,1,77.110103
-0.3333333333333333,1,77.114273
-0.7777777777777778,1,77.118228
-0.3333333333333333,1,77.12204
-0.25,1,77.126492
-0.3333333333333333,1,77.130746
-0.5,1,77.134801
-0.2,1,77.138954
-1.0,1,77.142674
-0.4,1,77.147663
-0.25,1,77.163098
-0.3333333333333333,1,77.171548
-0.25,1,77.176282
-0.3333333333333333,1,77.186908
-0.7777777777777778,1,77.191867
-0.6666666666666666,1,77.196466
-0.3333333333333333,1,77.201608
0.0,1,77.205916
-1.0,1,77.210424
-1.0,1,77.215901
-1.0,1,77.22155
-0.75,1,77.22624
-0.16666666666666666,1,77.231617
-0.25,1,77.236754
-0.3333333333333333,1,77.241158
-0.3333333333333333,1,77.246938
0.0,1,77.25196
-1.0,1,77.256258
-1.0,1,77.260913
-1.0,1,77.265522
-1.0,1,77.270274
-1.0,1,77.274891
-1.0,1,77.28432
-0.4,1,77.290052
-1.0,1,77.303325
-1.0,1,77.313965
-0.5,1,77.320478
-0.2,1,77.334437
-0.5,1,77.34751
-0.3333333333333333,1,77.352556
-0.25,1,77.358117
-0.3333333333333333,1,77.36508
-0.06666666666666667,1,77.374593
-0.16666666666666666,1,77.384317
-0.25,1,77.3943
-0.2,1,77.406326
-0.25,1,77.410909
-0.2,1,77.415256
-0.16666666666666666,1,77.419745
-0.3,1,77.424253
-0.16666666666666666,1,77.428722
-0.2,1,77.434296
-0.12,1,77.438581
-0.3,1,77.442846
-0.06666666666666667,1,77.447758
-0.3333333333333333,1,77.452372
-0.5555555555555556,1,77.456997
-1.0,1,77.463485
-0.3333333333333333,1,77.476133
-0.3333333333333333,1,77.482155
-0.3333333333333333,1,77.488408
-0.3333333333333333,1,77.49394
-0.3333333333333333,1,77.525016
-0.2,1,77.554948
-0.12,1,77.58143
-0.2,1,77.60768
-0.12,1,77.615314
-0.06666666666666667,1,77.619836
-0.16666666666666666,1,77.62444
-0.06666666666666667,1,77.632159
-0.16666666666666666,1,77.637688
-0.06666666666666667,1,77.641174
-0.16666666666666666,1,77.64631
-0.06666666666666667,1,77.651718
-0.2,1,77.657817
0.0,1,77.663304
-1.0,1,77.668166
-1.0,1,77.672195
-1.0,1,77.67651
-1.0,1,77.681197
-0.6666666666666666,1,77.694559
-0.7777777777777778,1,77.709757
-0.3333333333333333,1,77.71575
-0.75,1,77.720421
-0.16666666666666666,1,77.724676
-0.125,1,77.729455
-0.3333333333333333,1,77.734504
-0.3333333333333333,1,77.738706
-0.6666666666666666,1,77.743144
-0.5,1,77.747286
-0.6666666666666666,1,77.751597
-0.5,1,77.755841
-0.3333333333333333,1,77.760125
-0.3333333333333333,1,77.763898
-0.6666666666666666,1,77.768083
-1.0,1,77.771828
-0.6666666666666666,1,77.776011
-0.5,1,77.780238
-0.6666666666666666,1,77.784448
-0.25,1,77.788383
-0.16666666666666666,1,77.792434
-0.3333333333333333,1,77.796693
0.0,1,77.801279
-1.0,1,77.805884
-1.0,1,77.810015
-0.3333333333333333,1,77.814265
-0.3333333333333333,1,77.818683
-0.3333333333333333,1,77.822682
-0.25,1,77.826343
0.0,1,77.830632
-1.0,1,77.835072
-1.0,1,77.839504
-0.6666666666666666,1,77.84304
-0.3333333333333333,1,77.847406
-0.3333333333333333,1,77.851887
0.0,1,77.856861
-1.0,1,77.860828
-1.0,1,77.864727
-1.0,1,77.868707
-0.5,1,77.872899
-0.3333333333333333,1,77.876798
-0.06666666666666667,1,77.881251
-0.4,1,77.885102
-0.2,1,77.88883
-0.2,1,77.89354
-0.16666666666666666,1,77.898531
-0.2,1,77.906717
-0.12,1,77.915173
-0.3,1,77.922206
-0.125,1,77.929227
-0.16666666666666666,1,77.936868
-0.25,1,77.943431
-0.2,1,77.951491
-0.12,1,77.958439
-0.2,1,77.969994
-0.25,1,77.981318
-0.16666666666666666,1,77.994711
-0.06666666666666667,1,78.001276
-0.3333333333333333,1,78.011628
-0.5555555555555556,1,78.021639
-0.16666666666666666,1,78.026934
-0.5555555555555556,1,78.031635
-0.6666666666666666,1,78.036029
-0.5,1,78.039927
-0.6666666666666666,1,78.04401
-0.3333333333333333,1,78.0484
-0.3333333333333333,1,78.053778
-0.25,1,78.057987
-0.1,1,78.062064
-0.2,1,78.066643
-0.1,1,78.070649
-0.2,1,78.074271
-0.06666666666666667,1,78.077818
-0.16666666666666666,1,78.082561
-0.06666666666666667,1,78.087798
-0.16666666666666666,1,78.091962
-0.06666666666666667,1,78.096423
-0.16666666666666666,1,78.101153
-0.2222222222222222,1,78.105399
-0.06666666666666667,1,78.109551
-0.4,1,78.113703
-0.2,1,78.118055
-0.4,1,78.121997
-0.5,1,78.12637
-0.4,1,78.130165
-0.16666666666666666,1,78.134595
-0.2222222222222222,1,78.138708
-0.2,1,78.1426
-0.16666666666666666,1,78.14643
-0.5555555555555556,1,78.150373
-0.3333333333333333,1,78.154293
-0.2,1,78.158222
-0.2,1,78.163355
-0.125,1,78.16739
-0.3,1,78.171263
-0.12,1,78.174759
-0.2,1,78.178317
-0.3333333333333333,1,78.182423
-0.3333333333333333,1,78.186103
-0.25,1,78.189995
-0.3333333333333333,1,78.193492
-0.2,1,78.196778
-0.2222222222222222,1,78.200814
-0.16666666666666666,1,78.20476
-0.2222222222222222,1,78.208197
-0.16666666666666666,1,78.211393
-0.2,1,78.214531
-0.16666666666666666,1,78.218625
-0.2,1,78.222483
-0.2,1,78.226504
-0.2222222222222222,1,78.230145
-0.16666666666666666,1,78.234453
-0.2222222222222222,1,78.238237
-0.16666666666666666,1,78.242186
-0.4,1,78.246059
-1.0,1,78.250469
-1.0,1,78.254189
-0.16666666666666666,1,78.257879
-0.2222222222222222,1,78.263126
-0.2,1,78.267533
-0.3333333333333333,1,78.271301
-0.3333333333333333,1,78.275293
-0.3333333333333333,1,78.279217
-0.3333333333333333,1,78.283436
-0.6666666666666666,1,78.287189
-0.75,1,78.290883
-0.3333333333333333,1,78.294375
-0.2,1,78.298959
-0.3,1,78.303459
-0.06666666666666667,1,78.307146
-0.4,1,78.310793
-0.06666666666666667,1,78.31467
-0.16666666666666666,1,78.31864
-0.125,1,78.322546
-0.3333333333333333,1,78.326463
-0.25,1,78.33235
-0.1,1,78.337571
-0.3333333333333333,1,78.341417
-0.1,1,78.344998
-0.3333333333333333,1,78.349053
-0.4,1,78.35317
-0.3333333333333333,1,78.357089
-0.2,1,78.362751
-0.2,1,78.367333
-0.4,1,78.371011
-0.5,1,78.374909
-1.0,1,78.379967
-0.75,1,78.384212
-1.0,1,78.388031
-1.0,1,78.391221
-0.4,1,78.395372
-1.0,1,78.399189
-1.0,1,78.403762
-0.5,1,78.407251
-0.3333333333333333,1,78.410664
-0.5,1,78.414688
-0.3333333333333333,1,78.419317
-0.3333333333333333,1,78.423163
-0.6666666666666666,1,78.426496
-1.0,1,78.42978
-0.6666666666666666,1,78.433609
-1.0,1,78.437293
-1.0,1,78.440959
-1.0,1,78.444788
-1.0,1,78.448475
-1.0,1,78.453971
-1.0,1,78.457601
-0.25,1,78.460873
-0.3333333333333333,1,78.464679
-0.3333333333333333,1,78.469141
-0.3333333333333333,1,78.472683
-0.25,1,78.476012
-0.3333333333333333,1,78.479702
-0.2,1,78.484289
-0.2,1,78.48786
-0.2,1,78.491137
-0.06666666666666667,1,78.494183
-0.2,1,78.498081
-0.2,1,78.501825
-0.25,1,78.505284
-0.3,1,78.508791
-0.2,1,78.51384
-0.1,1,78.517606
-0.2,1,78.521026
-0.1,1,78.525448
-0.25,1,78.529451
-0.3333333333333333,1,78.545497
-0.25,1,78.552856
-0.3333333333333333,1,78.557487
-0.2,1,78.56285
-0.4,1,78.567493
-1.0,1,78.571721
-0.4,1,78.57624
-0.5,1,78.581274
-0.6666666666666666,1,78.586378
-1.0,1,78.590614
-0.6666666666666666,1,78.594729
-0.25,1,78.599578
-0.16666666666666666,1,78.604382
-0.3333333333333333,1,78.608368
-0.3333333333333333,1,78.613196
0.0,1,78.617729
-1.0,1,78.622035
-1.0,1,78.625974
-0.6666666666666666,1,78.630443
-1.0,1,78.634868
-1.0,1,78.639077
-1.0,1,78.643415
-1.0,1,78.648126
-0.5555555555555556,1,78.652326
-1.0,1,78.65626
-0.3333333333333333,1,78.660535
-0.3333333333333333,1,78.664177
-0.2,1,78.66847
-0.2,1,78.672113
-0.16666666666666666,1,78.675501
0.0,1,78.679627
-1.0,1,78.683809
-1.0,1,78.687584
-1.0,1,78.69088
-1.0,1,78.694304
-0.4,1,78.698066
-0.5,1,78.702069
-0.6666666666666666,1,78.705441
-0.5,1,78.708475
-0.6666666666666666,1,78.711921
-0.75,1,78.716163
-0.4,1,78.720451
-0.16666666666666666,1,78.724192
-0.2222222222222222,1,78.728868
-0.2,1,78.732904
-0.16666666666666666,1,78.736737
-0.25,1,78.740128
-0.2,1,78.743905
-0.12,1,78.747761
-0.06666666666666667,1,78.751476
-0.12,1,78.754991
-0.2,1,78.758477
-0.16666666666666666,1,78.763695
-0.2222222222222222,1,78.768022
-0.16666666666666666,1,78.772018
-0.2222222222222222,1,78.776138
-0.2,1,78.78012
-0.2,1,78.784392
-0.12,1,78.787696
-0.1,1,78.791025
-0.3333333333333333,1,78.794508
-0.2222222222222222,1,78.798287
-0.16666666666666666,1,78.802359
-0.06666666666666667,1,78.805642
-0.2,1,78.809521
-0.1,1,78.814363
-0.25,1,78.818596
-0.3333333333333333,1,78.822238
-0.2,1,78.82565
-0.3333333333333333,1,78.828906
-0.3333333333333333,1,78.832948
-0.6666666666666666,1,78.836681
-1.0,1,78.840024
-0.3333333333333333,1,78.843464
-0.3333333333333333,1,78.84737
-0.3333333333333333,1,78.852136
-0.3333333333333333,1,78.856335
-0.3333333333333333,1,78.859911
-0.2,1,78.864024
-0.4,1,78.868349
-0.16666666666666666,1,78.872198
-0.2,1,78.875618
-0.5,1,78.87937
0.0,1,78.883005
-1.0,1,78.886594
-0.5,1,78.889917
-0.3333333333333333,1,78.893928
-1.0,1,78.897519
-1.0,1,78.901077
-0.3333333333333333,1,78.904799
0.0,1,78.90836
-1.0,1,78.912012
-0.5,1,78.915635
-0.6666666666666666,1,78.919511
-0.7777777777777778,1,78.923188
-0.6666666666666666,1,78.926742
-0.3333333333333333,1,78.930726
-0.6666666666666666,1,78.934311
-0.3333333333333333,1,78.938776
-1.0,1,78.944142
-0.5555555555555556,1,78.951136
-0.16666666666666666,1,78.955591
-0.125,1,78.95971
-0.3333333333333333,1,78.96407
-0.2,1,78.968358
-0.3333333333333333,1,78.972491
-0.25,1,78.976085
-0.4,1,78.980324
-0.16666666666666666,1,78.984025
-0.2222222222222222,1,78.988228
-0.2,1,78.992274
-0.2222222222222222,1,78.997924
-0.2,1,79.009857
-0.2,1,79.017042
0.0,1,79.022453
-1.0,1,79.026702
-1.0,1,79.034093
-0.6666666666666666,1,79.043169
-1.0,1,79.048726
-0.3333333333333333,1,79.05577
-0.3333333333333333,1,79.063696
0.0,1,79.067879
-1.0,1,79.072458
-1.0,1,79.076625
-1.0,1,79.081174
-1.0,1,79.085797
-1.0,1,79.090355
-0.75,1,79.094781
-1.0,1,79.104751
-0.3333333333333333,1,79.110457
0.0,1,79.114481
-1.0,1,79.118764
-1.0,1,79.123937
-1.0,1,79.128781
-0.5555555555555556,1,79.133513
-0.3333333333333333,1,79.138127
-0.25,1,79.142614
-0.3333333333333333,1,79.147483
-0.06666666666666667,1,79.152073
-0.2,1,79.157147
-0.25,1,79.161549
-0.3333333333333333,1,79.165864
0.0,1,79.171225
-1.0,1,79.176159
-1.0,1,79.180495
-1.0,1,79.184685
-1.0,1,79.189291
-1.0,1,79.194046
-1.0,1,79.198164
-1.0,1,79.202621
-1.0,1,79.207383
-0.6666666666666666,1,79.21149
-1.0,1,79.215245
-0.6666666666666666,1,79.219044
-0.75,1,79.225069
-0.16666666666666666,1,79.233374
-0.75,1,79.23735
-0.6666666666666666,1,79.241784
-0.5,1,79.245427
-0.3333333333333333,1,79.249095
-0.3333333333333333,1,79.253026
-0.3333333333333333,1,79.256593
-1.0,1,79.260144
-1.0,1,79.264071
-1.0,1,79.268338
-1.0,1,79.272747
-0.3333333333333333,1,79.276181
-0.6666666666666666,1,79.27973
-1.0,1,79.283617
-0.6666666666666666,1,79.287866
-0.3333333333333333,1,79.291514
0.0,1,79.295094
-1.0,1,79.29905
-1.0,1,79.3033
-0.6666666666666666,1,79.307372
-0.25,1,79.311567
-0.3333333333333333,1,79.31561
-0.3333333333333333,1,79.319785
0.0,1,79.324127
-1.0,1,79.32897
-1.0,1,79.333301
-1.0,1,79.337079
-1.0,1,79.340859
-1.0,1,79.345464
-0.5,1,79.349241
-0.2,1,79.353128
-0.5,1,79.357345
-0.3333333333333333,1,79.362472
-0.3333333333333333,1,79.366241
-0.6666666666666666,1,79.370714
-0.75,1,79.375171
-0.16666666666666666,1,79.378991
-0.2,1,79.383451
-0.2,1,79.387213
-0.2,1,79.391084
-0.2,1,79.394635
-0.125,1,79.398576
-0.3,1,79.402162
-0.12,1,79.4058
-0.06666666666666667,1,79.409638
-0.16666666666666666,1,79.413314
-0.2,1,79.416862
-0.16666666666666666,1,79.420864
0.0,1,79.424924
-1.0,1,79.43123
-1.0,1,79.435425
-0.6666666666666666,1,79.440176
-0.3333333333333333,1,79.443941
-0.6666666666666666,1,79.447467
-1.0,1,79.451509
-1.0,1,79.455315
-1.0,1,79.459081
-1.0,1,79.463073
-0.25,1,79.467067
-0.4,1,79.472019
-0.75,1,79.47634
-0.6666666666666666,1,79.480509
-0.3333333333333333,1,79.48441
-0.3333333333333333,1,79.488332
-0.5,1,79.491694
-0.2,1,79.495573
-0.3333333333333333,1,79.499789
-0.3333333333333333,1,79.503403
-0.25,1,79.50678
-0.16666666666666666,1,79.510064
-0.3333333333333333,1,79.514126
0.0,1,79.517865
-1.0,1,79.521471
-0.5,1,79.524744
-0.6666666666666666,1,79.528173
-0.7777777777777778,1,79.532007
-0.3333333333333333,1,79.535961
-0.2,1,79.539576
-0.4,1,79.542923
-0.3333333333333333,1,79.546854
-0.2222222222222222,1,79.552784
-0.16666666666666666,1,79.559756
-0.4,1,79.564135
-0.5,1,79.568497
-0.6666666666666666,1,79.572509
-0.3333333333333333,1,79.576597
-0.6666666666666666,1,79.580631
-0.3333333333333333,1,79.584675
-0.16666666666666666,1,79.588524
-0.5555555555555556,1,79.592467
-0.16666666666666666,1,79.596495
-0.125,1,79.600582
-0.16666666666666666,1,79.604933
-0.06666666666666667,1,79.60872
-0.3,1,79.613405
-0.12,1,79.617635
-0.06666666666666667,1,79.621475
-0.12,1,79.625456
-0.2,1,79.629567
-0.06666666666666667,1,79.634411
-0.3333333333333333,1,79.638913
-0.25,1,79.655147
-0.3333333333333333,1,79.661525
-0.3333333333333333,1,79.66609
-0.3333333333333333,1,79.670712
-0.2,1,79.675348
-0.4,1,79.680784
-0.06666666666666667,1,79.685697
-0.2222222222222222,1,79.69007
-0.3333333333333333,1,79.694381
-0.3333333333333333,1,79.698881
-0.3333333333333333,1,79.703789
-0.3333333333333333,1,79.707636
-0.5,1,79.711735
-0.3333333333333333,1,79.715964
-0.2,1,79.720473
0.0,1,79.724333
-1.0,1,79.72832
-0.5,1,79.7335
-0.6666666666666666,1,79.737775
-0.5,1,79.742133
-0.3333333333333333,1,79.747481
-0.3333333333333333,1,79.753195
-0.3333333333333333,1,79.757528
-0.3333333333333333,1,79.762495
-0.6666666666666666,1,79.767375
-0.3333333333333333,1,79.771672
-1.0,1,79.77551
-0.5,1,79.779651
-0.6666666666666666,1,79.784855
-0.5,1,79.788906
0.0,1,79.792753
-1.0,1,79.797367
-1.0,1,79.802062
-0.6666666666666666,1,79.805806
-0.5,1,79.809593
-1.0,1,79.81333
-1.0,1,79.817459
-1.0,1,79.821369
-0.5,1,79.825111
-0.6666666666666666,1,79.829298
-1.0,1,79.833466
-0.6666666666666666,1,79.837036
-0.3333333333333333,1,79.840677
-0.6666666666666666,1,79.844185
-0.3333333333333333,1,79.848829
-0.6666666666666666,1,79.852697
-0.25,1,79.856345
-0.3333333333333333,1,79.859855
-0.25,1,79.863397
-0.1,1,79.86742
-0.2,1,79.871004
-0.2,1,79.874434
-0.12,1,79.878194
-0.2,1,79.882185
-0.2,1,79.886481
-0.1,1,79.890389
-0.25,1,79.894265
-0.16666666666666666,1,79.898035
-0.5,1,79.902088
-0.6666666666666666,1,79.905997
-0.3333333333333333,1,79.910047
0.0,1,79.914565
-1.0,1,79.918642
-1.0,1,79.923069
-1.0,1,79.926884
-0.5,1,79.931784
-0.4,1,79.936245
-0.06666666666666667,1,79.940075
-0.4,1,79.94361
-0.2,1,79.94722
-0.2,1,79.951858
-0.25,1,79.955734
-0.2,1,79.959639
-0.25,1,79.963514
-0.3333333333333333,1,79.967962
-0.2,1,79.972071
-0.3333333333333333,1,79.976036
-0.125,1,79.980547
-0.3333333333333333,1,79.984551
-0.2,1,79.988408
-0.3,1,79.99202
-0.16666666666666666,1,79.995941
0.0,1,80.000092
-1.0,1,80.004017
-1.0,1,80.007649
-1.0,1,80.011032
-0.5555555555555556,1,80.014624
-0.6666666666666666,1,80.01851
-0.5,1,80.021987
-0.3333333333333333,1,80.025072
-0.25,1,80.030027
-0.2,1,80.034671
-1.0,1,80.039582
-1.0,1,80.043926
-1.0,1,80.05143
-1.0,1,80.056088
-0.3333333333333333,1,80.065335
-0.3333333333333333,1,80.070333
-0.25,1,80.075276
-0.3333333333333333,1,80.085408
-0.125,1,80.096294
-0.16666666666666666,1,80.102388
-0.5555555555555556,1,80.10692
-0.3333333333333333,1,80.111345
-0.5555555555555556,1,80.117035
-0.3333333333333333,1,80.121745
-0.2,1,80.125554
-0.2,1,80.129806
-0.2,1,80.135851
-0.3333333333333333,1,80.139981
-0.75,1,80.14378
-0.16666666666666666,1,80.148263
-0.25,1,80.153329
-0.3,1,80.157887
-0.12,1,80.162256
-0.2,1,80.167108
0.0,1,80.171226
-1.0,1,80.174879
-0.5,1,80.179277
-1.0,1,80.184022
-1.0,1,80.188376
-1.0,1,80.192314
-1.0,1,80.196316
-1.0,1,80.200282
-0.5,1,80.203969
-0.3333333333333333,1,80.207661
-0.25,1,80.21263
-0.3333333333333333,1,80.21763
-0.5,1,80.231528
-0.2,1,80.238418
-1.0,1,80.243023
-1.0,1,80.247259
-1.0,1,80.252281
-0.4,1,80.256927
-0.06666666666666667,1,80.261809
-0.2222222222222222,1,80.267141
-0.2,1,80.271393
-0.2222222222222222,1,80.275744
-0.2,1,80.280648
-0.2,1,80.285502
-0.12,1,80.289793
-0.2,1,80.293937
-0.16666666666666666,1,80.298592
-0.2,1,80.30371
-0.2,1,80.307765
-0.2,1,80.311883
-0.25,1,80.316636
-0.2,1,80.321347
-0.12,1,80.325299
-0.06666666666666667,1,80.329464
-0.2,1,80.334286
-0.1,1,80.338784
-0.25,1,80.342311
-0.3333333333333333,1,80.345512
-0.125,1,80.349702
-0.3333333333333333,1,80.353538
-0.3333333333333333,1,80.356694
-0.6666666666666666,1,80.360444
-0.25,1,80.364253
-0.3333333333333333,1,80.368157
-1.0,1,80.371794
-1.0,1,80.375419
-1.0,1,80.379083
-1.0,1,80.383459
-0.75,1,80.387138
-0.3333333333333333,1,80.390314
-0.3333333333333333,1,80.394193
-0.3333333333333333,1,80.397957
-0.25,1,80.402303
-0.1,1,80.405534
-0.25,1,80.408549
-0.2,1,80.412544
-0.12,1,80.416827
-0.2,1,80.420286
-0.25,1,80.423774
-0.3333333333333333,1,80.427469
-0.75,1,80.431716
-0.3333333333333333,1,80.43563
-0.25,1,80.43908
-0.1,1,80.442492
-0.25,1,80.447041
-0.3333333333333333,1,80.451494
0.0,1,80.455462
-1.0,1,80.459433
-1.0,1,80.463968
-1.0,1,80.468009
-1.0,1,80.471748
-1.0,1,80.47537
-0.5,1,80.479623
-0.6666666666666666,1,80.483859
-0.7777777777777778,1,80.487935
-0.3333333333333333,1,80.491341
-0.25,1,80.494944
-0.3333333333333333,1,80.499126
-0.3333333333333333,1,80.503138
-0.16666666666666666,1,80.506853
-0.3333333333333333,1,80.510693
-0.3333333333333333,1,80.514407
-0.25,1,80.518027
-0.3333333333333333,1,80.521465
-0.3333333333333333,1,80.525922
-0.3333333333333333,1,80.532282
-0.3333333333333333,1,80.536818
-0.16666666666666666,1,80.540395
-0.25,1,80.543629
-0.16666666666666666,1,80.546894
-0.5555555555555556,1,80.551268
-1.0,1,80.555712
-0.5555555555555556,1,80.559775
-0.6666666666666666,1,80.563774
-1.0,1,80.567714
-1.0,1,80.571322
-1.0,1,80.57467
-1.0,1,80.578261
-0.5,1,80.581817
-0.4,1,80.589213
-0.3333333333333333,1,80.592801
-0.16666666666666666,1,80.596529
-0.25,1,80.600744
-0.3333333333333333,1,80.604286
-0.25,1,80.607617
-0.3333333333333333,1,80.611026
-0.25,1,80.614729
-0.2,1,80.618674
-0.2,1,80.622529
-0.2,1,80.626275
-0.25,1,80.631126
-0.6666666666666666,1,80.634969
-0.5,1,80.638649
-0.3333333333333333,1,80.642377
-0.3333333333333333,1,80.648512
-0.3333333333333333,1,80.654949
-0.25,1,80.661119
-0.3333333333333333,1,80.664671
-0.3333333333333333,1,80.66863
-0.16666666666666666,1,80.672782
-0.25,1,80.67684
-0.3333333333333333,1,80.680984
-0.3333333333333333,1,80.685499
-0.2222222222222222,1,80.689365
-0.16666666666666666,1,80.693174
-0.2,1,80.696955
-0.25,1,80.701046
-0.1,1,80.704851
-0.25,1,80.708289
-0.2,1,80.712717
-0.16666666666666666,1,80.717183
-0.2,1,80.721072
-0.2,1,80.725245
-0.2,1,80.729134
-0.25,1,80.73345
-0.3333333333333333,1,80.737359
-0.25,1,80.741007
-0.3333333333333333,1,80.745195
-0.7777777777777778,1,80.750309
-0.6666666666666666,1,80.75404
-0.5,1,80.775321
-0.6666666666666666,1,80.783966
-0.3333333333333333,1,80.790934
-0.6666666666666666,1,80.795878
-0.5,1,80.80075
-0.3333333333333333,1,80.805497
-0.3333333333333333,1,80.809896
-0.3333333333333333,1,80.814532
-0.3333333333333333,1,80.819219
-0.2222222222222222,1,80.82367
-0.2,1,80.827981
-0.2,1,80.833949
-0.12,1,80.838535
-0.06666666666666667,1,80.84295
-0.16666666666666666,1,80.848308
0.0,1,80.853242
-1.0,1,80.857709
-1.0,1,80.862146
-1.0,1,80.867236
-1.0,1,80.871802
-0.6666666666666666,1,80.876214
-0.3333333333333333,1,80.881659
-0.3333333333333333,1,80.893263
-0.5555555555555556,1,80.900868
-0.3333333333333333,1,80.911447
-0.2,1,80.916466
-0.2222222222222222,1,80.921125
-0.2,1,80.925435
-0.4,1,80.930416
-1.0,1,80.935161
-1.0,1,80.939281
-1.0,1,80.943403
-1.0,1,80.947338
-1.0,1,80.951771
-1.0,1,80.955992
-0.16666666666666666,1,80.960229
-0.4,1,80.964309
-0.16666666666666666,1,80.969503
-0.4,1,80.973761
-0.75,1,80.978003
-0.16666666666666666,1,80.982464
-0.5555555555555556,1,80.987051
-0.16666666666666666,1,80.992795
-0.3333333333333333,1,80.997372
-0.2222222222222222,1,81.001806
-0.3333333333333333,1,81.005578
0.0,1,81.009145
-1.0,1,81.012957
-1.0,1,81.017892
-1.0,1,81.023036
-1.0,1,81.028362
-0.6666666666666666,1,81.033371
-0.5,1,81.037533
-0.16666666666666666,1,81.040908
-0.06666666666666667,1,81.044263
-0.16666666666666666,1,81.049079
-0.25,1,81.059334
-0.3333333333333333,1,81.065939
-0.2,1,81.070806
-0.2,1,81.074873
-0.3333333333333333,1,81.082351
-0.16666666666666666,1,81.087431
-0.3333333333333333,1,81.092169
-0.6666666666666666,1,81.097513
-0.3333333333333333,1,81.102566
-0.16666666666666666,1,81.106991
-0.25,1,81.1113
-0.3333333333333333,1,81.116225
-0.2,1,81.120588
-0.2,1,81.124998
-0.16666666666666666,1,81.129284
-0.06666666666666667,1,81.134022
-0.2,1,81.138179
-0.2,1,81.148941
-0.2,1,81.159199
-0.3333333333333333,1,81.167985
0.0,1,81.17332
-1.0,1,81.178473
-1.0,1,81.184353
-0.3333333333333333,1,81.188908
-0.3333333333333333,1,81.195603
-0.3333333333333333,1,81.201921
-0.25,1,81.205792
-0.3333333333333333,1,81.209826
-0.2,1,81.215899
-0.4,1,81.220084
-0.16666666666666666,1,81.223704
-0.2222222222222222,1,81.22729
-0.3333333333333333,1,81.231443
-0.2222222222222222,1,81.235576
-0.3333333333333333,1,81.239084
-0.2,1,81.242693
-0.12,1,81.246654
-0.3,1,81.251898
-0.125,1,81.256504
-0.3,1,81.260637
-0.125,1,81.264487
-0.2,1,81.270336
-0.16666666666666666,1,81.274746
-0.2,1,81.279579
-0.2,1,81.284058
-0.2222222222222222,1,81.288508
-0.16666666666666666,1,81.292287
-0.4,1,81.297454
-0.25,1,81.301637
-0.3333333333333333,1,81.305849
-0.3333333333333333,1,81.309442
-1.0,1,81.313588
-0.5555555555555556,1,81.317288
-0.3333333333333333,1,81.320996
-0.5,1,81.324267
-0.3333333333333333,1,81.32775
-0.3333333333333333,1,81.331399
-0.6666666666666666,1,81.335169
-0.3333333333333333,1,81.339257
-0.16666666666666666,1,81.34293
-0.5555555555555556,1,81.346616
-0.3333333333333333,1,81.350304
-0.25,1,81.35421
-0.2,1,81.357587
-0.25,1,81.362019
-0.2,1,81.366444
-0.25,1,81.370664
-0.1,1,81.375371
-0.2,1,81.37948
0.0,1,81.383896
-1.0,1,81.388401
-1.0,1,81.392144
-0.6666666666666666,1,81.400654
-0.5,1,81.410587
-1.0,1,81.415158
-1.0,1,81.419287
-1.0,1,81.423419
-0.5555555555555556,1,81.427856
-0.16666666666666666,1,81.432036
-0.3333333333333333,1,81.435972
-0.2222222222222222,1,81.439904
-0.16666666666666666,1,81.444286
-1.0,1,81.448336
-1.0,1,81.453261
-1.0,1,81.457114
-1.0,1,81.460869
-1.0,1,81.465113
-1.0,1,81.470248
-1.0,1,81.474537
-0.5,1,81.478541
-0.6666666666666666,1,81.482735
-0.5,1,81.48703
-1.0,1,81.491223
-0.5,1,81.495218
-0.3333333333333333,1,81.499466
-0.5,1,81.503945
0.0,1,81.508335
-1.0,1,81.512891
-1.0,1,81.518029
-1.0,1,81.52288
-1.0,1,81.52722
-0.3333333333333333,1,81.532683
-0.3333333333333333,1,81.537621
-1.0,1,81.542053
-0.75,1,81.546457
-0.4,1,81.550677
-0.2,1,81.554838
-0.2,1,81.558656
-0.12,1,81.562626
-0.2,1,81.566976
-0.25,1,81.570875
-0.2,1,81.576741
-0.25,1,81.581022
0.0,1,81.585042
-1.0,1,81.589367
-1.0,1,81.593665
-0.3333333333333333,1,81.597749
-0.5,1,81.602147
-0.6666666666666666,1,81.606495
-1.0,1,81.610611
-0.6666666666666666,1,81.614749
-0.3333333333333333,1,81.618733
-1.0,1,81.623097
-0.5,1,81.628031
-0.3333333333333333,1,81.636302
-0.5555555555555556,1,81.642138
-0.16666666666666666,1,81.647608
-0.06666666666666667,1,81.652189
-0.2,1,81.656766
-0.2,1,81.660757
-0.3333333333333333,1,81.664261
-0.2,1,81.668159
-0.2,1,81.672903
-0.06666666666666667,1,81.676768
-0.2222222222222222,1,81.680584
-0.3333333333333333,1,81.684557
-0.2,1,81.688421
-0.16666666666666666,1,81.692292
-0.06666666666666667,1,81.69616
-0.16666666666666666,1,81.700965
-0.06666666666666667,1,81.705575
-0.16666666666666666,1,81.709555
0.0,1,81.713625
-1.0,1,81.717497
-1.0,1,81.721503
-0.6666666666666666,1,81.724972
-0.3333333333333333,1,81.730065
-0.6666666666666666,1,81.73388
-0.25,1,81.738066
-0.6666666666666666,1,81.74172
-0.25,1,81.745733
-0.3333333333333333,1,81.751137
-0.25,1,81.755594
-0.3333333333333333,1,81.759019
-0.2,1,81.764633
-0.3333333333333333,1,81.768941
-0.2,1,81.773059
-0.2,1,81.777946
-0.12,1,81.782318
-0.06666666666666667,1,81.787001
-0.2,1,81.791365
-0.06666666666666667,1,81.796671
-0.2,1,81.801246
-0.2,1,81.805818
-0.16666666666666666,1,81.811037
-0.2222222222222222,1,81.815565
-0.16666666666666666,1,81.820389
-0.2,1,81.824985
-0.3333333333333333,1,81.829785
-0.2222222222222222,1,81.834129
-0.16666666666666666,1,81.838874
-0.06666666666666667,1,81.843365
-0.12,1,81.847456
-0.3,1,81.852339
-0.12,1,81.856517
-0.3,1,81.860481
-0.25,1,81.864309
-0.2,1,81.868567
-0.125,1,81.872438
-0.2,1,81.875998
-0.25,1,81.879766
-0.3,1,81.88404
-0.2,1,81.888256
-0.3333333333333333,1,81.894519
-0.2,1,81.900097
-0.3333333333333333,1,81.903971
0.0,1,81.907639
-1.0,1,81.911594
-1.0,1,81.916564
-1.0,1,81.920409
-1.0,1,81.924068
-0.4,1,81.927875
-0.75,1,81.931824
-1.0,1,81.935733
-1.0,1,81.938937
-0.6666666666666666,1,81.942123
-0.3333333333333333,1,81.946205
0.0,1,81.950222
-1.0,1,81.953702
-1.0,1,81.957272
-0.6666666666666666,1,81.975202
-0.5,1,81.982531
-0.3333333333333333,1,81.988871
-0.5,1,81.993074
-0.3333333333333333,1,81.997298
-0.5555555555555556,1,82.002291
-0.3333333333333333,1,82.006477
-0.5555555555555556,1,82.010749
-0.16666666666666666,1,82.015113
-0.3333333333333333,1,82.019706
-0.3333333333333333,1,82.023662
-0.2,1,82.027646
-0.2222222222222222,1,82.031907
-0.2,1,82.036317
-0.4,1,82.040117
-1.0,1,82.044179
-0.2,1,82.048444
-0.16666666666666666,1,82.052827
-0.2,1,82.056822
-0.16666666666666666,1,82.060935
-0.2,1,82.066967
-0.3333333333333333,1,82.071373
-0.3333333333333333,1,82.075397
-0.3333333333333333,1,82.080708
-0.3333333333333333,1,82.085735
-0.3333333333333333,1,82.090045
-0.3333333333333333,1,82.094688
-0.25,1,82.098823
-0.2,1,82.103379
-0.16666666666666666,1,82.107902
-0.2,1,82.113028
-0.2,1,82.117543
-0.3333333333333333,1,82.121703
-0.2,1,82.125868
-0.3333333333333333,1,82.130556
-0.3333333333333333,1,82.135025
-0.6666666666666666,1,82.139327
-0.3333333333333333,1,82.143667
-0.6666666666666666,1,82.147993
-0.25,1,82.152577
-0.4,1,82.156492
-0.06666666666666667,1,82.160676
-0.3333333333333333,1,82.164801
-0.25,1,82.169121
-0.3333333333333333,1,82.173006
-0.25,1,82.177839
-0.2,1,82.181984
-0.2,1,82.186314
-0.4,1,82.191289
-0.16666666666666666,1,82.198003
-0.2222222222222222,1,82.204497
-0.16666666666666666,1,82.20991
0.0,1,82.21494
-1.0,1,82.222212
-1.0,1,82.226522
-1.0,1,82.232372
-0.25,1,82.248943
-0.6666666666666666,1,82.25605
-0.75,1,82.262768
-0.16666666666666666,1,82.269395
-0.3333333333333333,1,82.277238
-0.3333333333333333,1,82.282819
-0.5,1,82.287766
-0.16666666666666666,1,82.292615
-0.5,1,82.296995
-0.6666666666666666,1,82.301624
-0.5,1,82.307634
-1.0,1,82.311888
-0.25,1,82.317429
-0.2,1,82.321745
-0.3333333333333333,1,82.325993
-0.2,1,82.330533
-0.25,1,82.335239
-0.3333333333333333,1,82.339552
-0.25,1,82.343668
-0.2,1,82.347858
-0.25,1,82.35215
-0.1,1,82.356127
-0.25,1,82.360643
-0.3333333333333333,1,82.364767
-0.7777777777777778,1,82.369254
-0.3333333333333333,1,82.373354
-0.25,1,82.377442
-0.3333333333333333,1,82.384681
-0.3333333333333333,1,82.389709
-0.3333333333333333,1,82.39373
-0.25,1,82.397928
-0.3,1,82.402377
-0.25,1,82.406215
-0.2,1,82.409974
-0.16666666666666666,1,82.413564
-0.2222222222222222,1,82.417429
-0.16666666666666666,1,82.420984
-0.2,1,82.424817
-0.16666666666666666,1,82.429009
-0.06666666666666667,1,82.43281
-0.16666666666666666,1,82.436906
-0.06666666666666667,1,82.440747
-0.16666666666666666,1,82.444487
-0.2,1,82.448717
-0.2,1,82.453062
-0.3333333333333333,1,82.456814
-0.3333333333333333,1,82.461882
-0.16666666666666666,1,82.4655
-0.5555555555555556,1,82.469706
-1.0,1,82.47316
-0.75,1,82.476728
-1.0,1,82.48035
-0.3333333333333333,1,82.484572
-0.3333333333333333,1,82.488437
-0.3333333333333333,1,82.492092
-0.2222222222222222,1,82.496676
-0.16666666666666666,1,82.501051
-0.2,1,82.504774
-0.25,1,82.508546
-0.3333333333333333,1,82.512828
-0.25,1,82.517315
-0.3333333333333333,1,82.521054
-0.25,1,82.524298
-0.1,1,82.528489
-0.2,1,82.533187
-0.3333333333333333,1,82.536512
-0.3333333333333333,1,82.539623
-0.3333333333333333,1,82.543231
-0.25,1,82.547276
-0.2,1,82.551869
-0.5,1,82.556118
-0.2,1,82.560878
-0.3333333333333333,1,82.57843
-0.1,1,82.58574
-0.3333333333333333,1,82.591773
-0.3333333333333333,1,82.596353
-0.3333333333333333,1,82.601641
-0.1,1,82.606498
-0.16666666666666666,1,82.610798
-0.3,1,82.615201
-0.12,1,82.620166
-0.06666666666666667,1,82.624105
-0.2,1,82.628232
-0.2,1,82.633367
-0.2,1,82.637655
-0.2,1,82.641743
-0.2,1,82.646109
-0.2,1,82.65107
-0.2,1,82.655568
-0.2,1,82.660018
-0.125,1,82.664289
-0.16666666666666666,1,82.66892
-0.125,1,82.673165
-0.16666666666666666,1,82.677302
-0.25,1,82.68119
-0.3333333333333333,1,82.686591
-0.3333333333333333,1,82.689982
-0.3333333333333333,1,82.693426
-0.3333333333333333,1,82.696975
-0.3333333333333333,1,82.701145
-0.3333333333333333,1,82.70491
-0.2,1,82.708855
-0.5,1,82.713585
-1.0,1,82.717801
-1.0,1,82.721677
-0.2,1,82.725794
-0.16666666666666666,1,82.730011
-0.4,1,82.735417
-0.75,1,82.739727
-0.6666666666666666,1,82.743694
-0.75,1,82.748144
-0.16666666666666666,1,82.752371
-0.75,1,82.755959
-0.3333333333333333,1,82.759389
-0.3333333333333333,1,82.763162
-0.16666666666666666,1,82.767663
-0.75,1,82.771371
-1.0,1,82.774856
-0.25,1,82.778572
-0.6666666666666666,1,82.782408
-1.0,1,82.786622
-1.0,1,82.790541
-0.5,1,82.794422
-0.6666666666666666,1,82.798411
-1.0,1,82.802768
-1.0,1,82.806503
-0.5,1,82.810757
0.0,1,82.815158
-1.0,1,82.819713
-1.0,1,82.824144
-1.0,1,82.828445
-0.5,1,82.832856
-0.3333333333333333,1,82.837401
-1.0,1,82.841408
-1.0,1,82.846053
-0.5,1,82.850707
-0.6666666666666666,1,82.855074
-0.5,1,82.860519
-0.4,1,82.865355
-0.5,1,82.869529
-0.3333333333333333,1,82.873641
-0.06666666666666667,1,82.877555
-0.2222222222222222,1,82.881408
-0.3333333333333333,1,82.88541
0.0,1,82.889585
-1.0,1,82.893161
-1.0,1,82.897204
-0.6666666666666666,1,82.901365
-1.0,1,82.905118
-0.3333333333333333,1,82.908911
-1.0,1,82.912789
-0.6666666666666666,1,82.917424
-0.5555555555555556,1,82.921051
-0.16666666666666666,1,82.92448
-0.06666666666666667,1,82.927922
-0.4,1,82.931867
-0.2,1,82.93611
-0.3333333333333333,1,82.939423
-0.75,1,82.942866
-0.3333333333333333,1,82.946724
-0.25,1,82.951023
-0.2,1,82.954552
-0.25,1,82.958396
-0.3333333333333333,1,82.961839
-0.3333333333333333,1,82.966307
-0.3333333333333333,1,82.970204
-0.5555555555555556,1,82.973803
-1.0,1,82.977265
-0.3333333333333333,1,82.981086
-0.16666666666666666,1,82.984922
-0.06666666666666667,1,82.988863
-0.4,1,82.992878
-0.5,1,82.996906
-0.3333333333333333,1,83.000892
0.0,1,83.004597
-1.0,1,83.008183
-1.0,1,83.013268
-1.0,1,83.01732
-1.0,1,83.021126
-1.0,1,83.024529
-0.5,1,83.029022
-0.3333333333333333,1,83.033525
-0.3333333333333333,1,83.036976
-0.3333333333333333,1,83.040312
-0.25,1,83.043878
-1.0,1,83.048166
-0.5,1,83.052237
-0.2,1,83.055373
-0.2,1,83.059293
-0.3333333333333333,1,83.063234
-0.25,1,83.067369
-0.3333333333333333,1,83.070863
-0.2,1,83.074414
-0.3333333333333333,1,83.080131
-0.2,1,83.088291
-0.3333333333333333,1,83.093028
-0.7777777777777778,1,83.096967
-0.6666666666666666,1,83.101907
-0.75,1,83.105929
-0.16666666666666666,1,83.109958
-0.06666666666666667,1,83.120811
-0.2222222222222222,1,83.127576
-0.3333333333333333,1,83.131582
-0.1,1,83.136926
-0.3333333333333333,1,83.141203
-0.2222222222222222,1,83.146057
-0.3333333333333333,1,83.151539
0.0,1,83.155884
-1.0,1,83.160215
-1.0,1,83.164441
-1.0,1,83.168537
-1.0,1,83.172662
-0.6666666666666666,1,83.176511
-1.0,1,83.181507
-0.6666666666666666,1,83.186137
-1.0,1,83.190395
-1.0,1,83.194759
-0.5,1,83.199625
-0.6666666666666666,1,83.204293
-0.75,1,83.208719
-1.0,1,83.213341
-0.75,1,83.218011
-0.4,1,83.221602
-1.0,1,83.225186
-1.0,1,83.230471
-0.25,1,83.235354
-0.3333333333333333,1,83.24027
-0.25,1,83.246234
-0.1,1,83.257042
-0.3333333333333333,1,83.263564
-0.2,1,83.269323
-0.25,1,83.274743
-0.3333333333333333,1,83.280856
-0.2,1,83.285124
-0.2222222222222222,1,83.289705
-0.16666666666666666,1,83.293141
-0.3,1,83.296978
-0.2,1,83.301342
-0.2,1,83.305406
-0.25,1,83.32222
0.0,1,83.336119
-1.0,1,83.340646
-1.0,1,83.346404
-1.0,1,83.355682
-1.0,1,83.360877
-0.6666666666666666,1,83.3656
-0.5,1,83.370285
-0.3333333333333333,1,83.377527
-0.5555555555555556,1,83.384108
-0.3333333333333333,1,83.388195
-0.5555555555555556,1,83.392426
-0.3333333333333333,1,83.396848
-0.5,1,83.401504
-0.2,1,83.405719
-0.3333333333333333,1,83.409779
-0.2,1,83.414035
-0.25,1,83.418822
-0.2,1,83.423364
-0.2,1,83.428214
0.0,1,83.432919
-1.0,1,83.437319
-1.0,1,83.440958
-1.0,1,83.445233
-1.0,1,83.450064
-1.0,1,83.453472
-1.0,1,83.456907
-0.6666666666666666,1,83.460882
-0.7777777777777778,1,83.466522
-0.3333333333333333,1,83.472259
0.0,1,83.476297
-1.0,1,83.48047
-1.0,1,83.48458
-0.6666666666666666,1,83.488765
-0.75,1,83.493241
-0.3333333333333333,1,83.497218
-0.2,1,83.50129
-0.3333333333333333,1,83.505289
-0.25,1,83.509337
-0.3333333333333333,1,83.513234
-0.25,1,83.517215
-0.3333333333333333,1,83.521275
-0.3333333333333333,1,83.524562
-0.3333333333333333,1,83.52833
-0.2,1,83.531779
-0.2,1,83.535773
-0.2,1,83.539198
-0.3333333333333333,1,83.542878
-0.25,1,83.546766
-0.1,1,83.551377
-0.125,1,83.555547
-0.3,1,83.559533
-0.12,1,83.563516
-0.2,1,83.568004
-0.06666666666666667,1,83.572105
-0.2,1,83.575984
-0.25,1,83.579659
-0.3333333333333333,1,83.585046
-0.3333333333333333,1,83.588745
-0.3333333333333333,1,83.592255
-0.25,1,83.596225
-0.16666666666666666,1,83.600733
-0.125,1,83.60464
-0.2,1,83.608848
-0.25,1,83.612757
-0.2,1,83.617309
0.0,1,83.620876
-1.0,1,83.624238
-1.0,1,83.627488
-1.0,1,83.631625
-1.0,1,83.635623
-0.4,1,83.639215
-0.16666666666666666,1,83.642972
-0.4,1,83.646895
-0.5,1,83.650298
-0.2,1,83.654596
-0.3333333333333333,1,83.657994
-0.3333333333333333,1,83.661313
-0.2,1,83.664806
-0.2,1,83.668121
-0.12,1,83.672173
-0.2,1,83.676381
-0.2,1,83.679785
-0.2,1,83.682985
-0.2,1,83.686378
-0.2,1,83.689991
-0.3333333333333333,1,83.695634
-0.2,1,83.69983
-0.2,1,83.703485
-0.2,1,83.72009
-1.0,1,83.726872
-0.2,1,83.732004
-0.5,1,83.736999
-0.3333333333333333,1,83.742368
-0.25,1,83.747165
-0.2,1,83.751762
-0.25,1,83.756507
0.0,1,83.760781
-1.0,1,83.764934
-1.0,1,83.768991
-0.6666666666666666,1,83.773579
-0.3333333333333333,1,83.778026
-0.3333333333333333,1,83.78217
-0.75,1,83.786621
-0.6666666666666666,1,83.79101
-1.0,1,83.795346
-0.6666666666666666,1,83.799949
-0.3333333333333333,1,83.803999
-0.6666666666666666,1,83.808391
-0.5,1,83.812646
-0.6666666666666666,1,83.817226
-0.25,1,83.821897
-0.3333333333333333,1,83.825809
-0.2,1,83.829741
-0.2222222222222222,1,83.833597
-0.16666666666666666,1,83.837987
-0.2222222222222222,1,83.84183
-0.2,1,83.846152
-0.3333333333333333,1,83.849967
-0.3333333333333333,1,83.85348
-0.2,1,83.857638
-0.25,1,83.861933
0.0,1,83.866035
-1.0,1,83.869806
-0.5,1,83.873585
-0.6666666666666666,1,83.87765
-0.75,1,83.883238
-1.0,1,83.887468
-0.5,1,83.89156
-1.0,1,83.895328
-0.5555555555555556,1,83.899403
-0.16666666666666666,1,83.903231
-0.3333333333333333,1,83.907405
-0.3333333333333333,1,83.911143
-0.25,1,83.914876
-0.2,1,83.91916
-0.12,1,83.923071
-0.1,1,83.927092
-0.2,1,83.931066
-0.06666666666666667,1,83.935598
-0.16666666666666666,1,83.940511
-0.06666666666666667,1,83.946182
-0.2,1,83.953521
0.0,1,83.95801
-1.0,1,83.962052
-1.0,1,83.966062
-0.3333333333333333,1,83.969737
-0.25,1,83.974273
-0.3333333333333333,1,83.978951
-0.3333333333333333,1,83.983771
-0.2,1,83.988775
-0.12,1,83.992924
-0.06666666666666667,1,83.996824
-0.16666666666666666,1,84.000376
0.0,1,84.004286
-1.0,1,84.00856
-0.5,1,84.0123
-1.0,1,84.016432
-0.5,1,84.02035
-1.0,1,84.024333
-1.0,1,84.028328
-1.0,1,84.032377
-1.0,1,84.037114
-0.6666666666666666,1,84.040622
-0.5,1,84.0442
-0.3333333333333333,1,84.047659
-0.5,1,84.052159
-0.6666666666666666,1,84.055787
-0.5555555555555556,1,84.059649
-0.3333333333333333,1,84.063247
-0.5555555555555556,1,84.067528
-1.0,1,84.072708
-0.5,1,84.078555
-0.3333333333333333,1,84.082643
-0.7777777777777778,1,84.086239
-0.3333333333333333,1,84.089911
-0.7777777777777778,1,84.093797
-0.3333333333333333,1,84.099278
-0.125,1,84.11333
-0.2,1,84.117235
-0.12,1,84.121434
-0.06666666666666667,1,84.125193
-0.16666666666666666,1,84.129545
0.0,1,84.13313
-1.0,1,84.13706
-1.0,1,84.140592
-1.0,1,84.144998
-1.0,1,84.14862
-0.6666666666666666,1,84.152636
-0.3333333333333333,1,84.157126
-0.3333333333333333,1,84.160829
-0.5,1,84.164525
-0.16666666666666666,1,84.168161
-0.25,1,84.172467
-0.1,1,84.176682
-0.125,1,84.180724
-0.16666666666666666,1,84.184909
-0.5555555555555556,1,84.189118
-0.3333333333333333,1,84.193581
-0.5,1,84.198298
-0.3333333333333333,1,84.203172
-0.5,1,84.207803
0.0,1,84.211885
-1.0,1,84.215505
-1.0,1,84.219477
-0.6666666666666666,1,84.223765
-0.3333333333333333,1,84.228034
-0.3333333333333333,1,84.231511
-0.2,1,84.235302
-0.2222222222222222,1,84.239403
-0.16666666666666666,1,84.243165
0.0,1,84.24698
-1.0,1,84.251282
-0.5,1,84.255505
-0.3333333333333333,1,84.259469
-0.3333333333333333,1,84.263209
-0.3333333333333333,1,84.267678
-0.3333333333333333,1,84.286278
-0.6666666666666666,1,84.291471
-0.3333333333333333,1,84.295698
-0.3333333333333333,1,84.303284
-0.2,1,84.307859
-0.2222222222222222,1,84.313186
-0.06666666666666667,1,84.31867
-0.2,1,84.322752
-0.25,1,84.327499
-0.2,1,84.332543
-0.2,1,84.337065
-0.1,1,84.340885
-0.125,1,84.345135
-0.3,1,84.350034
-0.25,1,84.354781
0.0,1,84.35923
-1.0,1,84.364316
-1.0,1,84.369061
-1.0,1,84.373061
-1.0,1,84.377568
-1.0,1,84.382622
-1.0,1,84.387443
-0.2,1,84.401958
-0.5,1,84.407901
-0.16666666666666666,1,84.416334
-0.3333333333333333,1,84.424863
-0.6666666666666666,1,84.431229
-0.7777777777777778,1,84.438139
-0.3333333333333333,1,84.445895
-0.75,1,84.455189
-0.3333333333333333,1,84.459563
-0.25,1,84.464254
-0.3333333333333333,1,84.468714
-0.125,1,84.473035
-0.16666666666666666,1,84.477323
-0.25,1,84.481647
-0.3,1,84.486257
-0.125,1,84.491116
-0.3,1,84.495019
-0.2,1,84.499749
-0.4,1,84.504029
-0.2,1,84.508397
-0.2,1,84.512733
-0.125,1,84.517365
-0.16666666666666666,1,84.521774
-0.25,1,84.525855
-0.3,1,84.530214
-0.2,1,84.534421
-0.3333333333333333,1,84.538193
-0.2,1,84.541753
-0.3333333333333333,1,84.546727
-0.125,1,84.560645
-0.3,1,84.577987
-0.25,1,84.582839
-0.3333333333333333,1,84.587282
-0.2,1,84.600799
-0.2,1,84.605275
-0.12,1,84.610079
-0.06666666666666667,1,84.614641
-0.16666666666666666,1,84.619172
-0.06666666666666667,1,84.623383
-0.12,1,84.628464
-0.06666666666666667,1,84.634063
-0.12,1,84.63851
-0.3,1,84.642618
-0.12,1,84.647043
-0.2,1,84.651606
-0.25,1,84.659383
-0.3333333333333333,1,84.667359
-0.5,1,84.675065
-0.3333333333333333,1,84.695493
-0.3333333333333333,1,84.703073
-0.3333333333333333,1,84.725027
-0.25,1,84.732612
-0.3333333333333333,1,84.738337
-0.25,1,84.746025
-0.3333333333333333,1,84.751522
-0.3333333333333333,1,84.756256
-0.16666666666666666,1,84.760749
-0.5555555555555556,1,84.765486
-0.3333333333333333,1,84.775659
-0.2,1,84.781996
-0.2,1,84.786684
-0.3333333333333333,1,84.790944
-0.1,1,84.795679
-0.25,1,84.800142
-0.3333333333333333,1,84.804344
-0.3333333333333333,1,84.8081
-0.3333333333333333,1,84.812784
-0.3333333333333333,1,84.817571
-0.3333333333333333,1,84.82139
-1.0,1,84.825016
-1.0,1,84.832317
-0.5555555555555556,1,84.836802
-0.3333333333333333,1,84.846566
-1.0,1,84.850569
-0.6666666666666666,1,84.854388
-1.0,1,84.859043
-1.0,1,84.863577
-1.0,1,84.86832
-1.0,1,84.872475
-1.0,1,84.876325
-1.0,1,84.880347
-1.0,1,84.884848
-1.0,1,84.901352
-0.5,1,84.9055
-0.4,1,84.909269
-0.2,1,84.91389
-0.3333333333333333,1,84.918227
-0.25,1,84.922229
-0.3333333333333333,1,84.925944
-1.0,1,84.930918
-1.0,1,84.936487
-0.5,1,84.941519
-0.6666666666666666,1,84.946867
-0.3333333333333333,1,84.961991
-0.16666666666666666,1,84.975898
-0.25,1,84.981121
-0.3333333333333333,1,84.985708
-0.25,1,84.989547
-0.3333333333333333,1,84.993398
-1.0,1,84.996948
-1.0,1,85.001301
-1.0,1,85.005212
-1.0,1,85.009027
-1.0,1,85.013365
-0.3333333333333333,1,85.017454
-0.5,1,85.021321
-0.6666666666666666,1,85.03696
-0.5,1,85.041787
-0.16666666666666666,1,85.049369
-0.25,1,85.054268
-0.3,1,85.058487
-0.2,1,85.063173
-0.2,1,85.067967
-0.2,1,85.072009
-0.2,1,85.075874
-0.2,1,85.080485
-0.4,1,85.084901
-0.5,1,85.088973
-0.4,1,85.093115
-0.5,1,85.097504
-0.6666666666666666,1,85.102201
-0.5555555555555556,1,85.106282
-0.6666666666666666,1,85.110518
-0.5,1,85.114732
-0.3333333333333333,1,85.120699
-0.3333333333333333,1,85.124642
-0.1,1,85.129445
-0.16666666666666666,1,85.134488
0.0,1,85.138366
-1.0,1,85.142333
-1.0,1,85.14746
-1.0,1,85.151944
-1.0,1,85.156181
-1.0,1,85.1603
-1.0,1,85.165209
-1.0,1,85.17
-0.5555555555555556,1,85.17424
-0.16666666666666666,1,85.179005
-0.125,1,85.18386
-0.16666666666666666,1,85.188043
-0.3333333333333333,1,85.192342
-0.16666666666666666,1,85.196407
-0.125,1,85.20104
-0.3,1,85.205331
-0.125,1,85.209593
-0.16666666666666666,1,85.213964
-0.125,1,85.218765
-0.2,1,85.223239
-0.125,1,85.227724
-0.16666666666666666,1,85.231892
-0.3333333333333333,1,85.236128
-0.6666666666666666,1,85.239746
-0.5,1,85.243723
-0.6666666666666666,1,85.247292
-0.3333333333333333,1,85.251096
-0.6666666666666666,1,85.254878
-0.5,1,85.258524
-0.2,1,85.262867
-0.2,1,85.267272
-0.3333333333333333,1,85.27084
-0.3333333333333333,1,85.274882
-0.2,1,85.278992
-0.3333333333333333,1,85.283306
-0.2,1,85.287497
-0.3333333333333333,1,85.291347
-0.2,1,85.295406
-0.16666666666666666,1,85.299425
-0.2,1,85.303544
-0.25,1,85.307382
-0.1,1,85.31205
-0.12,1,85.316857
-0.2,1,85.320717
-0.25,1,85.324377
-0.3333333333333333,1,85.32847
-0.25,1,85.332403
-0.3333333333333333,1,85.336661
-0.2,1,85.341199
-0.2,1,85.344964
-0.25,1,85.349688
-0.3333333333333333,1,85.356448
-0.3333333333333333,1,85.361309
-0.3333333333333333,1,85.369426
-0.25,1,85.374495
-0.3333333333333333,1,85.380667
-0.25,1,85.385302
-0.3333333333333333,1,85.389687
-0.5,1,85.393805
-0.6666666666666666,1,85.399466
-0.5,1,85.404255
-1.0,1,85.409196
-1.0,1,85.414217
-0.6666666666666666,1,85.418983
-0.75,1,85.424189
-0.16666666666666666,1,85.429711
-0.06666666666666667,1,85.434424
-0.3333333333333333,1,85.438309
-0.25,1,85.441963
-0.3,1,85.445657
-0.25,1,85.450075
-0.16666666666666666,1,85.454147
-0.5555555555555556,1,85.468288
-0.16666666666666666,1,85.472719
-0.06666666666666667,1,85.482084
-0.3333333333333333,1,85.48791
-0.25,1,85.493422
-0.2,1,85.503107
-0.06666666666666667,1,85.511635
-0.2222222222222222,1,85.519485
-0.2,1,85.524153
-0.3333333333333333,1,85.53077
-0.5555555555555556,1,85.536049
-1.0,1,85.539732
-0.3333333333333333,1,85.543478
-0.3333333333333333,1,85.547407
-0.25,1,85.551743
-0.1,1,85.555521
-0.16666666666666666,1,85.559394
-0.2222222222222222,1,85.563805
-0.16666666666666666,1,85.568501
-0.06666666666666667,1,85.571951
-0.12,1,85.575321
-0.06666666666666667,1,85.579191
-0.16666666666666666,1,85.584146
-0.3,1,85.587933
-0.125,1,85.591534
-0.2,1,85.595159
-0.125,1,85.599029
-0.3333333333333333,1,85.604802
-0.5,1,85.608333
-0.3333333333333333,1,85.61235
-0.3333333333333333,1,85.616071
-0.16666666666666666,1,85.620181
-0.125,1,85.624267
-0.3,1,85.628164
-0.125,1,85.647509
-0.3,1,85.655195
-0.12,1,85.660355
-0.3,1,85.664457
-0.12,1,85.669589
-0.06666666666666667,1,85.675996
-0.16666666666666666,1,85.680823
-0.06666666666666667,1,85.68525
-0.16666666666666666,1,85.689555
-0.2,1,85.69394
-0.125,1,85.698403
-0.3,1,85.703045
-0.12,1,85.707286
-0.06666666666666667,1,85.71103
-0.2,1,85.715272
-0.06666666666666667,1,85.719386
-0.2,1,85.723521
-0.06666666666666667,1,85.727618
-0.16666666666666666,1,85.732165
-0.2222222222222222,1,85.736552
-0.3333333333333333,1,85.740661
-0.2222222222222222,1,85.745303
-0.2,1,85.749186
-0.16666666666666666,1,85.754171
-0.5555555555555556,1,85.758361
-0.16666666666666666,1,85.763861
-0.25,1,85.768021
-0.2,1,85.771501
-0.16666666666666666,1,85.775006
-0.06666666666666667,1,85.778594
-0.16666666666666666,1,85.783848
-0.2,1,85.787706
-0.2,1,85.791587
-0.06666666666666667,1,85.795957
-0.12,1,85.801048
-0.06666666666666667,1,85.804976
-0.2,1,85.808765
0.0,1,85.813677
-1.0,1,85.818192
-1.0,1,85.822149
-1.0,1,85.826091
-1.0,1,85.830308
-1.0,1,85.834673
-1.0,1,85.838282
-0.6666666666666666,1,85.842062
-0.5,1,85.846778
-0.16666666666666666,1,85.851177
-0.3333333333333333,1,85.855478
-0.16666666666666666,1,85.859576
-0.06666666666666667,1,85.863346
-0.16666666666666666,1,85.867877
-0.3333333333333333,1,85.871554
-0.2,1,85.875058
-0.2,1,85.878828
-0.4,1,85.882575
-0.16666666666666666,1,85.88643
-0.4,1,85.889837
-0.5,1,85.893638
-0.4,1,85.897193
-0.3333333333333333,1,85.901108
-0.3333333333333333,1,85.904985
0.0,1,85.909011
-1.0,1,85.915434
-1.0,1,85.922004
-0.3333333333333333,1,85.925478
-0.5,1,85.929734
-0.3333333333333333,1,85.934005
-0.25,1,85.937686
-0.3333333333333333,1,85.94158
-0.25,1,85.946516
-0.3333333333333333,1,85.95068
-0.25,1,85.954199
-0.3333333333333333,1,85.958129
-0.25,1,85.962244
-0.3333333333333333,1,85.966494
-0.125,1,85.970735
-0.3333333333333333,1,85.974215
-0.2,1,85.977831
-0.2222222222222222,1,85.981712
-0.16666666666666666,1,85.985443
-0.2222222222222222,1,85.988929
-0.06666666666666667,1,85.992639
-0.2,1,85.996292
-0.16666666666666666,1,86.000862
-0.2222222222222222,1,86.004555
-0.16666666666666666,1,86.007884
-0.06666666666666667,1,86.011389
-0.12,1,86.015611
-0.3,1,86.019528
-0.125,1,86.023078
-0.3333333333333333,1,86.026474
-0.25,1,86.030147
-0.3333333333333333,1,86.03539
-0.25,1,86.039067
-0.2,1,86.042657
-0.25,1,86.046576
-0.3333333333333333,1,86.050395
-0.25,1,86.053868
-0.3333333333333333,1,86.057851
-0.3333333333333333,1,86.061796
-0.3333333333333333,1,86.065628
-0.25,1,86.068922
-0.3333333333333333,1,86.072684
-0.3333333333333333,1,86.076329
-0.3333333333333333,1,86.080595
-0.5,1,86.084349
-0.3333333333333333,1,86.088862
-0.25,1,86.092447
-0.3333333333333333,1,86.09639
-0.25,1,86.099907
-0.1,1,86.103956
-0.16666666666666666,1,86.108007
-0.3,1,86.111879
-0.06666666666666667,1,86.115637
-0.2,1,86.118989
-0.25,1,86.123584
-0.3333333333333333,1,86.127545
-0.5,1,86.131097
0.0,1,86.134528
-1.0,1,86.137743
-0.5,1,86.14167
-1.0,1,86.145217
-1.0,1,86.149087
-0.3333333333333333,1,86.153171
-0.3333333333333333,1,86.157755
-0.16666666666666666,1,86.163067
-0.25,1,86.169251
-0.2,1,86.173947
-0.06666666666666667,1,86.192298
-0.2,1,86.196677
-0.12,1,86.20064
-0.06666666666666667,1,86.204596
-0.12,1,86.208984
-0.06666666666666667,1,86.213562
-0.12,1,86.217577
-0.06666666666666667,1,86.222291
-0.12,1,86.226624
-0.2,1,86.230522
-0.2,1,86.234682
-0.2222222222222222,1,86.23885
-0.16666666666666666,1,86.24342
-0.06666666666666667,1,86.24744
-0.16666666666666666,1,86.25204
-0.06666666666666667,1,86.256455
-0.12,1,86.26091
-0.06666666666666667,1,86.264989
-0.16666666666666666,1,86.269269
-0.06666666666666667,1,86.27392
-0.16666666666666666,1,86.278244
-0.2,1,86.283195
-0.25,1,86.287329
-0.3333333333333333,1,86.291359
-0.25,1,86.29568
-0.3333333333333333,1,86.299724
-0.3333333333333333,1,86.304061
-0.3333333333333333,1,86.308235
-0.3333333333333333,1,86.311958
-0.3333333333333333,1,86.31564
-0.25,1,86.3192
-0.3333333333333333,1,86.323091
-0.25,1,86.326456
-0.2,1,86.330292
-0.2,1,86.333893
-0.16666666666666666,1,86.338098
-0.06666666666666667,1,86.341724
-0.16666666666666666,1,86.345581
-0.25,1,86.3493
-0.16666666666666666,1,86.353285
-0.125,1,86.357843
-0.2,1,86.362476
-0.2,1,86.366884
-0.2,1,86.371226
-0.2,1,86.376369
-0.2,1,86.379952
-0.25,1,86.384065
-0.3333333333333333,1,86.389018
-0.2,1,86.394609
-0.3333333333333333,1,86.4007
-0.5,1,86.406457
-0.4,1,86.411696
-0.5,1,86.41672
-0.4,1,86.421347
-0.2,1,86.426791
-0.3333333333333333,1,86.431266
-0.75,1,86.435368
-1.0,1,86.440217
-1.0,1,86.444376
-0.6666666666666666,1,86.448454
-0.5,1,86.453233
-0.16666666666666666,1,86.457599
-0.125,1,86.461626
-0.3,1,86.465361
-0.06666666666666667,1,86.471202
-0.16666666666666666,1,86.479354
-0.25,1,86.48313
-0.1,1,86.486682
-0.25,1,86.491173
-0.2,1,86.495116
-0.12,1,86.499383
-0.2,1,86.503694
-0.12,1,86.508417
-0.3,1,86.512713
-0.125,1,86.516813
-0.16666666666666666,1,86.521278
-0.25,1,86.525812
-0.2,1,86.530711
-0.25,1,86.5349
-0.3333333333333333,1,86.539131
-0.3333333333333333,1,86.54343
-0.3333333333333333,1,86.54781
-0.3333333333333333,1,86.554077
-0.16666666666666666,1,86.561114
-0.2,1,86.579345
-0.2,1,86.589794
-0.2,1,86.594636
-0.2,1,86.59863
-0.12,1,86.603278
-0.1,1,86.610684
-0.2,1,86.619725
-0.2222222222222222,1,86.627663
-0.2,1,86.640812
-0.3,1,86.650926
-0.25,1,86.656749
-0.3,1,86.663193
-0.25,1,86.673115
-0.3333333333333333,1,86.684627
0.0,1,86.697818
-1.0,1,86.71546
-1.0,1,86.720191
-1.0,1,86.730885
-0.3333333333333333,1,86.740879
-0.16666666666666666,1,86.752555
-0.125,1,86.758945
-0.2,1,86.763368
-0.16666666666666666,1,86.767426
-0.06666666666666667,1,86.771045
-0.16666666666666666,1,86.774563
-0.06666666666666667,1,86.778596
-0.12,1,86.783669
-0.2,1,86.788313
-0.12,1,86.792305
-0.2,1,86.7962
-0.16666666666666666,1,86.800618
-0.2222222222222222,1,86.80411
-0.16666666666666666,1,86.80769
-0.4,1,86.811519
-0.06666666666666667,1,86.815637
-0.16666666666666666,1,86.8195
-0.3333333333333333,1,86.822901
-0.3333333333333333,1,86.826324
-0.25,1,86.830657
-0.3333333333333333,1,86.834894
-0.5,1,86.83937
0.0,1,86.843285
-1.0,1,86.847987
-1.0,1,86.852359
-0.6666666666666666,1,86.867892
-0.7777777777777778,1,86.875248
-0.6666666666666666,1,86.882774
-0.3333333333333333,1,86.887858
0.0,1,86.892623
-1.0,1,86.897348
-1.0,1,86.902554
-0.6666666666666666,1,86.907235
-0.5,1,86.91153
-0.3333333333333333,1,86.915848
-0.75,1,86.920485
-0.16666666666666666,1,86.924531
-0.06666666666666667,1,86.928704
-0.4,1,86.933037
-0.2,1,86.937538
-0.4,1,86.941468
-0.06666666666666667,1,86.945774
-0.2222222222222222,1,86.949841
-0.06666666666666667,1,86.954583
-0.2222222222222222,1,86.958769
-0.16666666666666666,1,86.963019
-0.06666666666666667,1,86.968137
-0.16666666666666666,1,86.972105
-0.2,1,86.975933
-0.06666666666666667,1,86.979882
-0.2,1,86.984451
-0.2,1,86.988198
-0.2,1,86.992295
-0.3333333333333333,1,86.996321
-0.1,1,87.001049
-0.25,1,87.005261
-0.1,1,87.009175
-0.25,1,87.013488
-0.2,1,87.018256
-0.25,1,87.021895
-0.2,1,87.028299
-0.25,1,87.033235
-0.3333333333333333,1,87.037994
-0.5,1,87.04199
-0.6666666666666666,1,87.046755
-0.3333333333333333,1,87.050983
-0.3333333333333333,1,87.054632
-0.3333333333333333,1,87.058293
-0.1,1,87.062191
-0.2,1,87.066377
-0.06666666666666667,1,87.070087
-0.16666666666666666,1,87.073722
-0.2,1,87.078227
-0.2,1,87.082064
-0.2,1,87.085993
-0.2,1,87.090065
-0.2,1,87.093867
-0.5,1,87.097634
-0.6666666666666666,1,87.101411
-0.5,1,87.105315
-0.6666666666666666,1,87.108949
-0.5,1,87.112978
-0.6666666666666666,1,87.117123
-1.0,1,87.121214
-0.6666666666666666,1,87.125006
-1.0,1,87.128546
-0.6666666666666666,1,87.131776
-1.0,1,87.135759
-0.6666666666666666,1,87.139285
-0.3333333333333333,1,87.142886
-0.3333333333333333,1,87.146634
-0.25,1,87.150836
-0.2,1,87.154373
-0.12,1,87.160838
-0.3,1,87.164649
-0.2,1,87.168601
-0.2,1,87.172299
-0.16666666666666666,1,87.17558
-0.06666666666666667,1,87.181187
-0.12,1,87.190588
-0.06666666666666667,1,87.194319
-0.12,1,87.198056
-0.06666666666666667,1,87.201969
-0.16666666666666666,1,87.205611
-0.2,1,87.209282
-0.2,1,87.213341
-0.2,1,87.217973
-0.25,1,87.221787
-0.3,1,87.225281
-0.2,1,87.229109
-0.3333333333333333,1,87.233449
-0.2,1,87.236965
-0.3333333333333333,1,87.240884
-0.2,1,87.24548
-0.2222222222222222,1,87.249552
-0.16666666666666666,1,87.25334
0.0,1,87.25685
-1.0,1,87.261837
-0.5,1,87.267137
-0.6666666666666666,1,87.272291
-0.3333333333333333,1,87.276424
-0.3333333333333333,1,87.280124
-0.25,1,87.28469
-0.3333333333333333,1,87.289146
0.0,1,87.2935
-1.0,1,87.297916
-1.0,1,87.301733
-1.0,1,87.305053
-1.0,1,87.30966
-1.0,1,87.314079
-0.5,1,87.318348
-0.6666666666666666,1,87.322328
-0.5,1,87.326535
-1.0,1,87.330404
-0.5,1,87.334623
-0.6666666666666666,1,87.3389
-1.0,1,87.342615
-0.6666666666666666,1,87.347088
-0.5555555555555556,1,87.351172
-0.3333333333333333,1,87.355133
-0.5,1,87.359037
-1.0,1,87.363813
-0.5555555555555556,1,87.368412
-0.16666666666666666,1,87.372246
-0.2,1,87.375788
-0.2,1,87.379882
-0.12,1,87.38406
-0.06666666666666667,1,87.38815
-0.16666666666666666,1,87.392011
-0.06666666666666667,1,87.395913
-0.16666666666666666,1,87.400445
-0.1,1,87.404094
-0.12,1,87.407434
-0.2,1,87.415691
0.0,1,87.421241
-1.0,1,87.426431
-1.0,1,87.43073
-1.0,1,87.435293
-0.5,1,87.43941
-1.0,1,87.443876
-0.5,1,87.448698
-0.6666666666666666,1,87.453732
-0.5,1,87.457965
-1.0,1,87.465207
-1.0,1,87.469958
-0.6666666666666666,1,87.474168
-0.25,1,87.478191
-1.0,1,87.482633
-1.0,1,87.487242
-1.0,1,87.491502
-0.5,1,87.495711
-1.0,1,87.50036
-0.75,1,87.504733
-0.3333333333333333,1,87.509275
-0.3333333333333333,1,87.513777
-0.3333333333333333,1,87.518394
-0.3333333333333333,1,87.523064
-0.6666666666666666,1,87.5272
-0.3333333333333333,1,87.531285
0.0,1,87.535612
-1.0,1,87.539915
-0.5,1,87.543978
-0.6666666666666666,1,87.548209
-0.5,1,87.552895
0.0,1,87.557325
-1.0,1,87.561561
-1.0,1,87.565924
-1.0,1,87.570671
-1.0,1,87.575013
-0.3333333333333333,1,87.579806
-1.0,1,87.584486
-0.6666666666666666,1,87.588505
-0.3333333333333333,1,87.592749
-0.3333333333333333,1,87.596936
-0.25,1,87.601559
-0.2,1,87.605685
-0.2,1,87.609839
-0.2,1,87.613691
-0.12,1,87.618486
-0.06666666666666667,1,87.622848
-0.16666666666666666,1,87.626926
-0.2,1,87.632323
-0.2,1,87.639536
-0.2,1,87.643945
0.0,1,87.648451
-1.0,1,87.656808
-0.5,1,87.660832
-0.6666666666666666,1,87.665926
-0.3333333333333333,1,87.670699
-0.6666666666666666,1,87.675134
-0.3333333333333333,1,87.680469
-0.16666666666666666,1,87.686063
-0.25,1,87.691179
-0.3333333333333333,1,87.695648
-0.3333333333333333,1,87.700345
-0.3333333333333333,1,87.704844
-0.7777777777777778,1,87.709167
-0.3333333333333333,1,87.713279
-0.2,1,87.718331
-0.1,1,87.722919
-0.25,1,87.727828
-0.3333333333333333,1,87.732141
-0.3333333333333333,1,87.737069
-0.3333333333333333,1,87.741291
-0.5555555555555556,1,87.745627
-0.16666666666666666,1,87.750474
-0.75,1,87.754814
-1.0,1,87.759003
-0.5555555555555556,1,87.763344
-0.16666666666666666,1,87.768434
-0.25,1,87.772929
-0.2,1,87.776432
-0.2,1,87.77994
-0.3,1,87.784357
-0.125,1,87.788797
-0.16666666666666666,1,87.792745
-0.75,1,87.796976
-1.0,1,87.80114
-0.75,1,87.804886
-0.4,1,87.808493
-0.16666666666666666,1,87.813713
-0.4,1,87.818502
-0.2,1,87.822056
-0.16666666666666666,1,87.825669
-0.25,1,87.829598
-0.1,1,87.834921
-0.25,1,87.839234
-0.3333333333333333,1,87.843235
-0.06666666666666667,1,87.846876
-0.2222222222222222,1,87.851277
-0.3333333333333333,1,87.855132
0.0,1,87.859308
-1.0,1,87.863686
-1.0,1,87.869184
-0.6666666666666666,1,87.872904
-0.5555555555555556,1,87.876124
-1.0,1,87.881944
-0.5555555555555556,1,87.888465
-1.0,1,87.892741
-1.0,1,87.89663
-1.0,1,87.900578
-0.5,1,87.90392
-0.3333333333333333,1,87.907515
-0.5,1,87.911335
-0.3333333333333333,1,87.915793
-0.5,1,87.920161
-1.0,1,87.92377
-1.0,1,87.927611
-1.0,1,87.931534
-0.75,1,87.935988
-0.4,1,87.940142
-0.2,1,87.943867
-0.2,1,87.948028
-0.2,1,87.952098
-0.2222222222222222,1,87.956465
-0.16666666666666666,1,87.961204
-0.06666666666666667,1,87.965688
-0.2,1,87.970494
-0.2,1,87.974233
-0.25,1,87.978377
-0.16666666666666666,1,87.982477
-0.2,1,87.991227
-0.3333333333333333,1,87.996864
-0.3333333333333333,1,88.004482
-1.0,1,88.012657
-1.0,1,88.018953
-1.0,1,88.023639
-0.3333333333333333,1,88.02812
-0.16666666666666666,1,88.032883
-0.75,1,88.037903
-0.6666666666666666,1,88.0426
-0.3333333333333333,1,88.047654
-0.3333333333333333,1,88.052381
-0.25,1,88.056939
-0.1,1,88.061719
-0.12,1,88.066572
-0.3,1,88.071072
-0.12,1,88.075313
-0.3,1,88.080331
-0.06666666666666667,1,88.085188
-0.16666666666666666,1,88.089399
-0.25,1,88.093639
-0.3333333333333333,1,88.098189
-0.3333333333333333,1,88.102924
-0.16666666666666666,1,88.112695
-0.25,1,88.116978
-0.6666666666666666,1,88.120739
-1.0,1,88.124456
-0.6666666666666666,1,88.12852
-0.7777777777777778,1,88.14264
-0.3333333333333333,1,88.148835
-0.7777777777777778,1,88.167621
-0.6666666666666666,1,88.174938
-1.0,1,88.179128
-1.0,1,88.183394
-1.0,1,88.187597
-0.3333333333333333,1,88.191679
-1.0,1,88.200813
-0.3333333333333333,1,88.20542
-0.5555555555555556,1,88.212074
-0.3333333333333333,1,88.216169
0.0,1,88.220718
-1.0,1,88.224491
-1.0,1,88.229251
-1.0,1,88.23377
-0.5,1,88.237825
-0.6666666666666666,1,88.241741
-0.3333333333333333,1,88.246158
-0.3333333333333333,1,88.250697
-0.3333333333333333,1,88.267259
-0.3333333333333333,1,88.272743
-0.2,1,88.28778
-0.3333333333333333,1,88.312495
-0.25,1,88.332671
-0.3333333333333333,1,88.338233
-0.3333333333333333,1,88.342893
-0.3333333333333333,1,88.363376
-0.2,1,88.378057
-0.2222222222222222,1,88.384805
-0.16666666666666666,1,88.389821
-0.4,1,88.403321
-1.0,1,88.41088
-0.4,1,88.414873
-1.0,1,88.419494
-1.0,1,88.424373
-1.0,1,88.430331
-1.0,1,88.434845
-1.0,1,88.439118
-0.4,1,88.443252
-0.2,1,88.447713
-0.2,1,88.45177
-0.12,1,88.456468
-0.3,1,88.460749
-0.2,1,88.464621
-0.2,1,88.468843
-0.12,1,88.474331
-0.1,1,88.479346
-0.12,1,88.483743
-0.2,1,88.490067
-0.2,1,88.494997
-0.3333333333333333,1,88.499621
-0.25,1,88.506164
-1.0,1,88.5109
-0.75,1,88.516654
-0.16666666666666666,1,88.522937
-0.75,1,88.527962
-0.16666666666666666,1,88.532369
-0.125,1,88.536462
-0.1,1,88.540689
-0.25,1,88.544901
0.0,1,88.549103
-1.0,1,88.553467
-1.0,1,88.558105
-1.0,1,88.562517
-0.5,1,88.566594
-0.4,1,88.570918
-1.0,1,88.575245
-0.2,1,88.579313
-0.16666666666666666,1,88.583445
-0.2222222222222222,1,88.587866
-0.2,1,88.592621
-0.2,1,88.597171
-0.16666666666666666,1,88.60177
-0.06666666666666667,1,88.605832
-0.16666666666666666,1,88.610359
-0.2222222222222222,1,88.614255
-0.16666666666666666,1,88.618654
-0.06666666666666667,1,88.623203
-0.16666666666666666,1,88.6294
-0.06666666666666667,1,88.63354
-0.2,1,88.637444
-0.06666666666666667,1,88.642693
-0.12,1,88.647105
-0.2,1,88.651047
-0.25,1,88.655664
-0.2,1,88.659463
0.0,1,88.663331
-1.0,1,88.667202
-1.0,1,88.671777
-0.6666666666666666,1,88.675991
-0.3333333333333333,1,88.679769
-0.3333333333333333,1,88.683901
-0.5,1,88.688339
-0.3333333333333333,1,88.693218
-0.25,1,88.70251
-0.2,1,88.707359
-0.2,1,88.716594
-0.2,1,88.725312
-0.2,1,88.732528
-0.2222222222222222,1,88.749372
-0.16666666666666666,1,88.754107
-0.3,1,88.761249
-0.25,1,88.76615
-0.3333333333333333,1,88.770142
0.0,1,88.774514
-1.0,1,88.779118
-1.0,1,88.783347
-0.6666666666666666,1,88.78751
-0.5555555555555556,1,88.792185
-0.3333333333333333,1,88.796386
-0.2,1,88.800618
-0.2,1,88.804969
-0.25,1,88.809175
-0.3,1,88.814059
-0.12,1,88.818247
-0.2,1,88.82265
-0.25,1,88.827112
0.0,1,88.831019
-1.0,1,88.835113
-1.0,1,88.839083
-1.0,1,88.84378
-1.0,1,88.848047
-0.6666666666666666,1,88.85257
-0.5,1,88.85696
-0.6666666666666666,1,88.860686
-1.0,1,88.86714
-0.6666666666666666,1,88.871007
-0.3333333333333333,1,88.874381
-0.3333333333333333,1,88.878587
-0.2,1,88.882609
-0.2,1,88.887122
-0.25,1,88.890888
-0.2,1,88.894831
0.0,1,88.899011
-1.0,1,88.902906
-1.0,1,88.906835
-1.0,1,88.910322
-1.0,1,88.913997
-1.0,1,88.917964
-1.0,1,88.92282
-1.0,1,88.926434
-0.5555555555555556,1,88.930027
-0.3333333333333333,1,88.933771
-0.3333333333333333,1,88.937364
-0.3333333333333333,1,88.941001
-0.25,1,88.944503
-0.3333333333333333,1,88.948104
-0.25,1,88.952197
-0.2,1,88.956431
-0.25,1,88.960281
-0.2,1,88.964013
0.0,1,88.96821
-1.0,1,88.972529
-1.0,1,88.976256
-1.0,1,88.981393
-1.0,1,88.985324
-1.0,1,88.990003
-1.0,1,88.993784
-0.6666666666666666,1,88.997521
-0.7777777777777778,1,89.000942
-0.6666666666666666,1,89.004939
-1.0,1,89.009289
-0.6666666666666666,1,89.013549
-1.0,1,89.0174
-1.0,1,89.02178
-1.0,1,89.025994
-1.0,1,89.030123
-1.0,1,89.034223
-0.6666666666666666,1,89.038589
-0.5,1,89.04248
-0.3333333333333333,1,89.047018
-0.2,1,89.050931
-0.4,1,89.054946
-1.0,1,89.05904
-0.4,1,89.064116
-0.16666666666666666,1,89.068705
-0.2,1,89.071952
-0.2,1,89.075073
-0.3333333333333333,1,89.078398
-0.25,1,89.083411
-0.2,1,89.086824
-0.25,1,89.090708
0.0,1,89.096013
-1.0,1,89.101006
-0.5,1,89.1044
-1.0,1,89.108007
-0.5,1,89.111769
-0.6666666666666666,1,89.115135
-0.3333333333333333,1,89.118853
-0.6666666666666666,1,89.122604
-1.0,1,89.125888
-0.6666666666666666,1,89.129788
-0.5555555555555556,1,89.134189
-0.6666666666666666,1,89.138716
-0.5555555555555556,1,89.142482
-0.16666666666666666,1,89.146959
-0.25,1,89.151304
-0.3333333333333333,1,89.155263
-0.25,1,89.159279
-0.2,1,89.162759
-0.06666666666666667,1,89.167355
-0.3333333333333333,1,89.171713
-0.25,1,89.175714
-0.2,1,89.180124
-0.2,1,89.184667
-0.2,1,89.188384
-0.25,1,89.191838
-0.2,1,89.195841
-0.2,1,89.20075
-0.4,1,89.20412
-0.75,1,89.20714
-1.0,1,89.210376
-1.0,1,89.217532
-0.2,1,89.222333
-0.3333333333333333,1,89.226849
-0.3333333333333333,1,89.231164
-0.5,1,89.235482
-1.0,1,89.239426
-1.0,1,89.243815
-0.4,1,89.248014
-0.06666666666666667,1,89.252355
-0.2222222222222222,1,89.256427
-0.16666666666666666,1,89.263221
-0.2,1,89.267558
0.0,1,89.271649
-1.0,1,89.275484
-1.0,1,89.279967
-0.6666666666666666,1,89.290646
-0.5,1,89.298875
0.0,1,89.30386
-1.0,1,89.308242
-1.0,1,89.312396
-0.6666666666666666,1,89.316995
-0.5,1,89.32165
-0.3333333333333333,1,89.326057
-0.3333333333333333,1,89.330199
-0.3333333333333333,1,89.334895
-0.5,1,89.33927
-1.0,1,89.343489
-1.0,1,89.348008
-1.0,1,89.353163
-0.75,1,89.357342
-0.3333333333333333,1,89.361271
-0.75,1,89.365868
-0.4,1,89.370037
-0.2,1,89.37427
-0.2,1,89.378727
-0.125,1,89.3839
-0.3,1,89.388875
-0.12,1,89.393332
-0.3,1,89.398095
-0.125,1,89.402121
-0.3,1,89.405915
-0.125,1,89.409531
-0.3333333333333333,1,89.413715
-0.2,1,89.418064
-0.3333333333333333,1,89.422281
-0.25,1,89.426555
0.0,1,89.431078
-1.0,1,89.435578
-1.0,1,89.439451
-1.0,1,89.443435
-0.75,1,89.448452
-0.16666666666666666,1,89.453444
-0.25,1,89.457473
-0.16666666666666666,1,89.46327
-0.125,1,89.468621
-0.16666666666666666,1,89.474041
-0.125,1,89.478319
-0.3333333333333333,1,89.482863
-0.2,1,89.487596
-0.2222222222222222,1,89.491532
-0.16666666666666666,1,89.495156
-0.2222222222222222,1,89.499242
-0.16666666666666666,1,89.502857
-0.4,1,89.506736
-0.06666666666666667,1,89.510429
-0.16666666666666666,1,89.514313
-0.06666666666666667,1,89.518402
-0.4,1,89.522421
-0.5,1,89.526604
-0.16666666666666666,1,89.530459
-0.25,1,89.53456
0.0,1,89.538669
-1.0,1,89.543053
-0.5,1,89.547266
-0.3333333333333333,1,89.555725
-0.3333333333333333,1,89.563543
-0.3333333333333333,1,89.569101
-0.2,1,89.573483
-0.4,1,89.579399
-0.16666666666666666,1,89.585239
-0.2,1,89.591565
-0.2,1,89.596393
-0.2222222222222222,1,89.601133
-0.16666666666666666,1,89.605274
-0.2222222222222222,1,89.609139
-0.2,1,89.614179
-0.2222222222222222,1,89.618497
-0.16666666666666666,1,89.622751
-0.06666666666666667,1,89.626801
-0.16666666666666666,1,89.632513
-0.2222222222222222,1,89.637163
-0.3333333333333333,1,89.640995
-0.2222222222222222,1,89.645088
-0.16666666666666666,1,89.649318
-0.2222222222222222,1,89.653679
-0.16666666666666666,1,89.657458
-0.2,1,89.661625
-0.06666666666666667,1,89.66578
-0.3,1,89.670356
-0.125,1,89.674205
-0.3333333333333333,1,89.67854
-0.25,1,89.682969
-0.2,1,89.686926
-0.25,1,89.69087
-0.16666666666666666,1,89.695484
-0.75,1,89.700036
-1.0,1,89.703754
-0.3333333333333333,1,89.70751
-0.6666666666666666,1,89.712207
-1.0,1,89.717267
-1.0,1,89.721136
-1.0,1,89.724909
-1.0,1,89.729163
-1.0,1,89.733585
-1.0,1,89.737643
-1.0,1,89.741715
-0.4,1,89.749685
-0.16666666666666666,1,89.755027
-0.4,1,89.758933
-0.2,1,89.764137
0.0,1,89.768762
-1.0,1,89.772647
-1.0,1,89.776759
-1.0,1,89.781809
-1.0,1,89.78692
-1.0,1,89.791642
-1.0,1,89.796842
-1.0,1,89.802823
-1.0,1,89.810669
-1.0,1,89.816523
-1.0,1,89.822722
-0.6666666666666666,1,89.826608
-0.5,1,89.831088
-0.6666666666666666,1,89.835939
-1.0,1,89.842125
-1.0,1,89.846823
-1.0,1,89.851561
-1.0,1,89.856248
-1.0,1,89.860886
-0.6666666666666666,1,89.864865
-0.75,1,89.869528
-0.4,1,89.873936
-0.16666666666666666,1,89.878085
-0.2222222222222222,1,89.892468
-0.16666666666666666,1,89.901973
-0.2222222222222222,1,89.906219
-0.2,1,89.910913
0.0,1,89.91531
-1.0,1,89.919967
-1.0,1,89.924115
-0.6666666666666666,1,89.92821
-1.0,1,89.933037
-1.0,1,89.937632
-0.25,1,89.942423
-1.0,1,89.946696
-1.0,1,89.951989
-1.0,1,89.956361
-0.5,1,89.960683
-0.3333333333333333,1,89.965202
-0.5,1,89.969614
-0.6666666666666666,1,89.973869
-0.5,1,89.977942
-0.4,1,89.982599
-0.2,1,89.987253
-0.2222222222222222,1,89.991616
-0.16666666666666666,1,89.996258
0.0,1,90.000923
-1.0,1,90.005259
-1.0,1,90.009759
-1.0,1,90.013685
-0.5,1,90.017767
-1.0,1,90.021716
-1.0,1,90.025731
-0.4,1,90.029407
-0.75,1,90.034073
-0.4,1,90.03816
-0.75,1,90.04269
-0.3333333333333333,1,90.046477
-0.125,1,90.050785
-0.3333333333333333,1,90.054847
-0.2,1,90.059122
-0.3333333333333333,1,90.064258
-0.3333333333333333,1,90.068653
-0.16666666666666666,1,90.072901
-0.25,1,90.076814
-0.16666666666666666,1,90.081249
-0.06666666666666667,1,90.086926
-0.3,1,90.097867
-0.12,1,90.10512
-0.06666666666666667,1,90.109045
-0.12,1,90.113172
-0.3,1,90.117369
-0.125,1,90.121161
-0.16666666666666666,1,90.124955
-0.5555555555555556,1,90.128627
-0.3333333333333333,1,90.132827
-0.25,1,90.136688
-0.3333333333333333,1,90.140926
-0.25,1,90.146087
-0.2,1,90.150642
-0.25,1,90.154897
-0.2,1,90.159039
-0.2,1,90.163759
-0.2222222222222222,1,90.16826
-0.16666666666666666,1,90.172294
-0.2222222222222222,1,90.176137
-0.16666666666666666,1,90.180202
-0.2222222222222222,1,90.18435
-0.16666666666666666,1,90.188332
-1.0,1,90.192757
-1.0,1,90.197229
-1.0,1,90.202065
-0.5,1,90.206331
-0.16666666666666666,1,90.210647
-0.5555555555555556,1,90.21464
-0.6666666666666666,1,90.219271
-0.5555555555555556,1,90.223423
-0.16666666666666666,1,90.227656
-0.3333333333333333,1,90.233474
-0.16666666666666666,1,90.237992
-0.25,1,90.242159
-0.3333333333333333,1,90.246811
-0.2,1,90.251603
-0.2222222222222222,1,90.255699
-0.16666666666666666,1,90.25971
-0.2222222222222222,1,90.263371
-0.2,1,90.267809
-0.2,1,90.271682
-0.5,1,90.275773
-0.3333333333333333,1,90.280152
-0.06666666666666667,1,90.284555
-0.2222222222222222,1,90.288391
-0.2,1,90.292836
-0.2,1,90.296957
-0.2,1,90.301414
-0.2,1,90.305444
-0.25,1,90.309463
0.0,1,90.313467
-1.0,1,90.318122
-1.0,1,90.322036
-0.6666666666666666,1,90.32603
-0.7777777777777778,1,90.33065
-0.6666666666666666,1,90.335279
-1.0,1,90.339534
-1.0,1,90.342947
-0.5,1,90.347107
-0.16666666666666666,1,90.351433
-0.75,1,90.3559
-0.16666666666666666,1,90.360117
-0.75,1,90.364502
-0.16666666666666666,1,90.368924
-0.06666666666666667,1,90.372927
-0.2,1,90.377326
-0.25,1,90.381353
0.0,1,90.385358
-1.0,1,90.389557
-1.0,1,90.393807
-0.6666666666666666,1,90.397959
-0.5,1,90.402549
-0.6666666666666666,1,90.406587
-0.5,1,90.410187
-0.16666666666666666,1,90.414124
-0.06666666666666667,1,90.41863
-0.4,1,90.422682
-0.06666666666666667,1,90.426509
-0.3333333333333333,1,90.430837
-0.25,1,90.434976
-0.2,1,90.438597
-0.25,1,90.44286
0.0,1,90.446946
-1.0,1,90.451401
-1.0,1,90.468356
-1.0,1,90.473034
-0.5,1,90.47709
-0.6666666666666666,1,90.482112
-0.5,1,90.486496
-0.6666666666666666,1,90.490598
-0.5,1,90.495121
-0.3333333333333333,1,90.500557
-0.25,1,90.505212
-1.0,1,90.509208
-0.25,1,90.514303
-0.3333333333333333,1,90.518937
-0.3333333333333333,1,90.523011
-0.3333333333333333,1,90.527554
-0.25,1,90.532345
-0.2,1,90.537292
-0.25,1,90.541982
-0.3333333333333333,1,90.547129
-0.3333333333333333,1,90.552284
-0.1,1,90.556784
-0.3333333333333333,1,90.561617
-0.2222222222222222,1,90.566363
-0.2,1,90.571152
-0.3333333333333333,1,90.575386
-0.3333333333333333,1,90.579593
-0.3333333333333333,1,90.584084
-0.25,1,90.588536
-0.1,1,90.59262
-0.3333333333333333,1,90.599547
-0.2,1,90.605397
-0.16666666666666666,1,90.612457
-0.2222222222222222,1,90.617884
-0.16666666666666666,1,90.624917
-0.06666666666666667,1,90.631087
-0.16666666666666666,1,90.642557
-0.06666666666666667,1,90.651726
-0.12,1,90.66249
-0.3,1,90.674169
-0.2,1,90.687465
0.0,1,90.691849
-1.0,1,90.696222
-1.0,1,90.701285
-0.6666666666666666,1,90.70574
-1.0,1,90.710199
-1.0,1,90.715889
-1.0,1,90.720898
-0.3333333333333333,1,90.725611
-0.5,1,90.731047
-1.0,1,90.735732
-0.5,1,90.739988
-0.3333333333333333,1,90.744155
-0.5555555555555556,1,90.749152
-0.16666666666666666,1,90.754078
-0.2,1,90.758561
-0.3333333333333333,1,90.763882
-0.3333333333333333,1,90.768584
-0.6666666666666666,1,90.772426
-0.3333333333333333,1,90.776495
-0.6666666666666666,1,90.780738
-1.0,1,90.785227
-0.6666666666666666,1,90.789211
-0.75,1,90.793392
-0.16666666666666666,1,90.797503
-0.06666666666666667,1,90.802273
-0.4,1,90.806501
-0.5,1,90.810581
-0.6666666666666666,1,90.814806
-0.3333333333333333,1,90.819186
-0.6666666666666666,1,90.823207
-0.75,1,90.827293
-0.16666666666666666,1,90.831454
-0.125,1,90.836075
-0.16666666666666666,1,90.840079
-0.5555555555555556,1,90.843755
-1.0,1,90.847322
-1.0,1,90.851231
-1.0,1,90.8676
-1.0,1,90.87501
-0.6666666666666666,1,90.886519
-0.5,1,90.897251
-0.4,1,90.903567
-0.16666666666666666,1,90.909807
-0.4,1,90.914415
-0.2,1,90.918623
-0.2,1,90.923255
-0.25,1,90.92768
-0.3333333333333333,1,90.933249
-0.3333333333333333,1,90.940097
-0.3333333333333333,1,90.944751
-0.2,1,90.95003
-0.3333333333333333,1,90.954458
-0.3333333333333333,1,90.959118
-0.3333333333333333,1,90.963681
-0.2,1,90.967705
-0.4,1,90.972146
-0.25,1,90.976895
-0.3333333333333333,1,90.980912
-1.0,1,90.984936
-0.6666666666666666,1,90.989907
-0.75,1,90.994758
-1.0,1,90.998546
-0.25,1,91.002456
-0.2,1,91.006725
-0.16666666666666666,1,91.011477
-0.2,1,91.015662
-0.16666666666666666,1,91.019878
-0.2,1,91.024508
-0.16666666666666666,1,91.02846
-0.2222222222222222,1,91.033427
-0.2,1,91.03805
-0.2,1,91.042756
-0.12,1,91.047291
-0.06666666666666667,1,91.051102
-0.16666666666666666,1,91.056177
-0.2,1,91.060657
-0.25,1,91.064795
-0.2,1,91.069007
-0.16666666666666666,1,91.073538
-0.2222222222222222,1,91.077293
-0.3333333333333333,1,91.081508
0.0,1,91.085941
-1.0,1,91.090173
-1.0,1,91.093862
-0.3333333333333333,1,91.097534
-1.0,1,91.101814
-1.0,1,91.106329
-1.0,1,91.110052
-0.6666666666666666,1,91.113536
-0.5,1,91.124214
-0.4,1,91.131706
-0.16666666666666666,1,91.138573
-0.2222222222222222,1,91.143363
-0.3333333333333333,1,91.147718
0.0,1,91.152246
-1.0,1,91.156914
-1.0,1,91.161206
-0.3333333333333333,1,91.165427
-1.0,1,91.169847
-0.6666666666666666,1,91.174256
-1.0,1,91.178552
-1.0,1,91.182828
-1.0,1,91.187427
-1.0,1,91.19194
-1.0,1,91.196596
-0.2,1,91.200397
-1.0,1,91.204708
-0.2,1,91.208729
-0.2,1,91.213297
-0.2,1,91.217548
-0.25,1,91.222082
-0.3,1,91.226748
-0.16666666666666666,1,91.230663
-0.3,1,91.234645
-0.2,1,91.239106
-0.2,1,91.243069
-0.16666666666666666,1,91.246743
0.0,1,91.250634
-1.0,1,91.255032
-1.0,1,91.259357
-0.3333333333333333,1,91.263829
-1.0,1,91.269523
-0.6666666666666666,1,91.273959
-0.5,1,91.278082
-0.3333333333333333,1,91.282044
-0.2,1,91.285698
-0.3333333333333333,1,91.290091
-0.75,1,91.294656
-0.6666666666666666,1,91.298543
-0.5,1,91.302602
-0.16666666666666666,1,91.307449
-0.25,1,91.311719
-0.2,1,91.315821
-0.25,1,91.319774
-0.3333333333333333,1,91.324094
-0.2,1,91.328557
-0.3333333333333333,1,91.332534
-0.5,1,91.336403
-0.3333333333333333,1,91.340909
-0.25,1,91.345356
-0.3333333333333333,1,91.349693
-0.25,1,91.353147
-0.3333333333333333,1,91.357399
-0.7777777777777778,1,91.36233
-0.3333333333333333,1,91.366696
-0.25,1,91.37064
-0.3333333333333333,1,91.374619
-0.25,1,91.37982
-0.2,1,91.384537
-0.12,1,91.388975
-0.3,1,91.392518
-0.12,1,91.396697
-0.06666666666666667,1,91.400426
-0.16666666666666666,1,91.40422
-0.06666666666666667,1,91.407987
-0.16666666666666666,1,91.413568
-0.1,1,91.417703
-0.16666666666666666,1,91.42264
-0.06666666666666667,1,91.42649
-0.12,1,91.431252
-0.3,1,91.436149
-0.16666666666666666,1,91.440546
-0.2222222222222222,1,91.444367
-0.16666666666666666,1,91.448634
-0.1,1,91.45304
-0.2,1,91.456728
-0.2,1,91.460525
-0.16666666666666666,1,91.46423
-0.2,1,91.468685
0.0,1,91.472659
-1.0,1,91.476981
-1.0,1,91.480833
-0.3333333333333333,1,91.485139
-0.5,1,91.489618
-0.3333333333333333,1,91.493888
-0.5555555555555556,1,91.498227
-1.0,1,91.502859
-0.5555555555555556,1,91.507071
-0.3333333333333333,1,91.51336
-0.5,1,91.527325
-0.6666666666666666,1,91.535162
-0.5,1,91.541301
-0.6666666666666666,1,91.56693
-0.5555555555555556,1,91.581937
-0.16666666666666666,1,91.596961
-0.125,1,91.602605
-0.16666666666666666,1,91.618507
-0.2,1,91.622699
-0.3333333333333333,1,91.627593
-0.3333333333333333,1,91.63195
-0.16666666666666666,1,91.636783
-0.25,1,91.651023
-0.3333333333333333,1,91.660344
0.0,1,91.669097
-1.0,1,91.673725
-0.5,1,91.68044
-0.6666666666666666,1,91.68514
-0.5,1,91.689875
-0.2,1,91.697789
-0.2,1,91.702854
-0.3333333333333333,1,91.706987
-0.3333333333333333,1,91.711369
-0.3333333333333333,1,91.715981
-0.25,1,91.72005
-0.3333333333333333,1,91.723483
-0.25,1,91.727673
-0.3333333333333333,1,91.73171
-0.7777777777777778,1,91.735482
-0.6666666666666666,1,91.739166
-1.0,1,91.742797
-0.6666666666666666,1,91.747161
-0.3333333333333333,1,91.750827
-0.16666666666666666,1,91.754035
-0.125,1,91.757857
-0.3,1,91.761879
-0.12,1,91.766606
-0.2,1,91.77189
-0.2,1,91.780818
-0.06666666666666667,1,91.787287
-0.2,1,91.790927
-0.06666666666666667,1,91.794598
-0.12,1,91.798963
-0.2,1,91.802769
-0.2,1,91.806349
-0.2,1,91.81056
-0.16666666666666666,1,91.815361
0.0,1,91.81989
-1.0,1,91.824094
-1.0,1,91.828597
-1.0,1,91.833343
-0.75,1,91.837816
-0.4,1,91.84188
-0.2,1,91.84645
-0.2222222222222222,1,91.851128
-0.2,1,91.855244
-0.16666666666666666,1,91.859597
-0.2,1,91.864539
-0.2,1,91.869016
-0.12,1,91.873278
-0.06666666666666667,1,91.878265
-0.16666666666666666,1,91.882807
-0.3,1,91.894838
-0.25,1,91.900415
-0.2,1,91.904738
-0.25,1,91.909186
-0.2,1,91.915736
-0.25,1,91.920685
-0.2,1,91.925498
-0.12,1,91.930275
-0.06666666666666667,1,91.935058
-0.16666666666666666,1,91.939742
-0.2,1,91.953086
-0.2,1,91.958011
-0.1,1,91.96922
-0.12,1,91.978906
-0.3,1,91.983894
-0.12,1,91.987625
-0.2,1,91.99133
-0.2,1,91.996278
-0.2,1,92.001325
-0.16666666666666666,1,92.004944
-0.2222222222222222,1,92.00926
-0.16666666666666666,1,92.016829
-0.06666666666666667,1,92.021673
-0.12,1,92.025343
-0.06666666666666667,1,92.029341
-0.16666666666666666,1,92.033846
-0.06666666666666667,1,92.037763
-0.12,1,92.041286
-0.2,1,92.044899
-0.12,1,92.050318
-0.2,1,92.054586
-0.12,1,92.058527
-0.2,1,92.062733
-0.2,1,92.067648
-0.3333333333333333,1,92.071877
-0.7777777777777778,1,92.075549
-0.6666666666666666,1,92.080411
-0.3333333333333333,1,92.084743
-0.16666666666666666,1,92.088676
-0.25,1,92.092533
-0.3333333333333333,1,92.096516
-0.3333333333333333,1,92.100876
-0.3333333333333333,1,92.104379
-0.25,1,92.107863
-0.1,1,92.11228
-0.25,1,92.116584
-0.2,1,92.120798
-0.2,1,92.124822
-0.1,1,92.128616
-0.16666666666666666,1,92.132779
-0.2222222222222222,1,92.136272
-0.3333333333333333,1,92.140611
-0.2222222222222222,1,92.14522
-0.16666666666666666,1,92.149358
-0.2222222222222222,1,92.153621
-0.3333333333333333,1,92.157945
-0.2222222222222222,1,92.16231
-0.3333333333333333,1,92.166715
-0.4,1,92.170308
-0.16666666666666666,1,92.175013
-0.2222222222222222,1,92.178914
-0.3333333333333333,1,92.183211
0.0,1,92.187471
-1.0,1,92.191552
-1.0,1,92.195558
-0.6666666666666666,1,92.199791
-1.0,1,92.203508
-1.0,1,92.207288
-0.5555555555555556,1,92.210896
-1.0,1,92.214832
-0.5555555555555556,1,92.219352
-0.16666666666666666,1,92.223439
-0.2,1,92.227337
-0.2,1,92.231093
-0.25,1,92.235689
-0.16666666666666666,1,92.239534
-0.125,1,92.243492
-0.2,1,92.247809
-0.16666666666666666,1,92.252267
-0.2,1,92.256226
-0.125,1,92.259892
-0.1,1,92.26478
-0.2,1,92.271207
-0.1,1,92.274931
-0.25,1,92.279284
-0.1,1,92.283797
-0.25,1,92.287423
-0.3333333333333333,1,92.290937
-0.3333333333333333,1,92.29687
-0.16666666666666666,1,92.304998
-0.75,1,92.309173
-0.6666666666666666,1,92.314
-0.25,1,92.318566
-0.2,1,92.322931
-0.2,1,92.327492
-0.2,1,92.331905
-0.12,1,92.336184
-0.2,1,92.339819
-0.2,1,92.343853
-0.2,1,92.351136
-0.12,1,92.354855
-0.2,1,92.358891
-0.12,1,92.363664
-0.2,1,92.368439
-0.3333333333333333,1,92.381417
-0.2222222222222222,1,92.388241
-0.2,1,92.393063
-0.2222222222222222,1,92.397468
-0.3333333333333333,1,92.402102
-0.2222222222222222,1,92.406633
-0.16666666666666666,1,92.41094
-0.2222222222222222,1,92.415369
-0.16666666666666666,1,92.419969
-0.2222222222222222,1,92.423897
-0.3333333333333333,1,92.427778
0.0,1,92.432041
-1.0,1,92.436709
-1.0,1,92.441044
-0.3333333333333333,1,92.445203
-0.3333333333333333,1,92.449692
-0.16666666666666666,1,92.454175
-0.5,1,92.45853
-0.6666666666666666,1,92.463148
-0.3333333333333333,1,92.467725
-0.3333333333333333,1,92.472049
-0.5555555555555556,1,92.476181
-0.16666666666666666,1,92.480974
-0.5555555555555556,1,92.48596
-0.16666666666666666,1,92.490325
-0.06666666666666667,1,92.494576
-0.2222222222222222,1,92.498799
-0.16666666666666666,1,92.503499
-0.4,1,92.50779
-0.5,1,92.513709
-1.0,1,92.520947
-0.5,1,92.526997
-0.3333333333333333,1,92.530928
-0.25,1,92.535545
-0.3333333333333333,1,92.539556
-0.2,1,92.543667
-0.2,1,92.547851
-0.2,1,92.552099
-0.2,1,92.556502
-0.25,1,92.560671
-0.3,1,92.564639
-0.125,1,92.569043
-0.1,1,92.573135
-0.125,1,92.577045
-0.3,1,92.581349
-0.2,1,92.585537
0.0,1,92.589666
-1.0,1,92.593935
-1.0,1,92.598206
-0.6666666666666666,1,92.602702
-0.75,1,92.607164
-0.16666666666666666,1,92.612609
-0.25,1,92.617403
-0.2,1,92.621741
-0.2,1,92.625982
-0.3333333333333333,1,92.630651
-0.5,1,92.635188
-1.0,1,92.639326
-1.0,1,92.643416
-0.4,1,92.647773
-0.06666666666666667,1,92.652306
-0.3333333333333333,1,92.656056
-0.2,1,92.659963
-0.16666666666666666,1,92.663708
-0.06666666666666667,1,92.668446
-0.3333333333333333,1,92.672497
-0.5555555555555556,1,92.676463
-0.6666666666666666,1,92.68157
-1.0,1,92.686552
-0.6666666666666666,1,92.690725
-0.5,1,92.695524
-0.4,1,92.70099
-0.5,1,92.705191
-0.3333333333333333,1,92.70946
-0.5,1,92.713687
-0.4,1,92.718156
-1.0,1,92.722613
-1.0,1,92.727672
-0.25,1,92.731588
-1.0,1,92.735772
-1.0,1,92.739466
-1.0,1,92.743823
-0.75,1,92.747556
-0.3333333333333333,1,92.751803
-0.125,1,92.756066
-0.3,1,92.761314
-0.12,1,92.766552
-0.06666666666666667,1,92.770846
-0.12,1,92.774868
-0.2,1,92.779835
-0.16666666666666666,1,92.784301
-0.2,1,92.788484
-0.16666666666666666,1,92.792594
-0.06666666666666667,1,92.796995
-0.2,1,92.801387
-0.06666666666666667,1,92.805751
-0.16666666666666666,1,92.809639
-0.2,1,92.813807
-0.25,1,92.818339
-0.1,1,92.822519
-0.16666666666666666,1,92.826582
-0.3,1,92.830781
-0.2,1,92.835198
-0.3333333333333333,1,92.839093
-0.3333333333333333,1,92.842894
0.0,1,92.847
-1.0,1,92.852034
-1.0,1,92.856424
-1.0,1,92.860152
-0.5,1,92.86388
-0.16666666666666666,1,92.867998
-0.3333333333333333,1,92.871915
-0.6666666666666666,1,92.876205
-1.0,1,92.880474
-1.0,1,92.885123
-0.3333333333333333,1,92.892219
-0.3333333333333333,1,92.896374
-0.3333333333333333,1,92.901042
-0.3333333333333333,1,92.905426
-0.25,1,92.909281
-0.3,1,92.914516
-0.16666666666666666,1,92.918911
-0.1,1,92.923097
-0.16666666666666666,1,92.93136
0.0,1,92.935893
-1.0,1,92.940043
-1.0,1,92.944258
-1.0,1,92.948509
-1.0,1,92.959601
-1.0,1,92.967137
-1.0,1,92.972142
-1.0,1,92.97661
-0.3333333333333333,1,92.981125
-0.3333333333333333,1,92.985583
-0.125,1,92.99014
-0.3333333333333333,1,92.994287
-0.2,1,92.998895
-0.2,1,93.003637
-0.25,1,93.00762
-0.2,1,93.012123
0.0,1,93.017787
-1.0,1,93.022586
-1.0,1,93.027056
-1.0,1,93.031585
-1.0,1,93.036399
-1.0,1,93.040229
-1.0,1,93.043914
-1.0,1,93.048352
-1.0,1,93.053076
-1.0,1,93.057174
-1.0,1,93.06551
-0.4,1,93.069638
-0.2,1,93.073612
-0.2222222222222222,1,93.077359
-0.16666666666666666,1,93.082091
-0.2222222222222222,1,93.086823
-0.2,1,93.091158
-0.3333333333333333,1,93.095666
-0.3333333333333333,1,93.100482
-0.3333333333333333,1,93.104853
-0.3333333333333333,1,93.109004
-0.3333333333333333,1,93.113855
-0.25,1,93.118817
-0.2,1,93.122861
-0.2,1,93.127012
-0.2222222222222222,1,93.131507
-0.16666666666666666,1,93.135886
-0.2222222222222222,1,93.140149
-0.2,1,93.144216
-0.3333333333333333,1,93.148143
-0.3333333333333333,1,93.152308
0.0,1,93.156562
-1.0,1,93.160746
-1.0,1,93.164791
-0.6666666666666666,1,93.168647
-0.5,1,93.17224
-0.3333333333333333,1,93.175723
-0.3333333333333333,1,93.179239
-0.3333333333333333,1,93.183364
-0.2,1,93.187451
0.0,1,93.191438
-1.0,1,93.195459
-1.0,1,93.199336
-0.6666666666666666,1,93.203078
-1.0,1,93.206894
-1.0,1,93.210268
-1.0,1,93.214265
-0.6666666666666666,1,93.218575
-0.5,1,93.22296
-0.4,1,93.226573
-0.2,1,93.230457
-0.2222222222222222,1,93.234636
-0.2,1,93.238329
-0.1,1,93.242974
-0.12,1,93.246935
-0.2,1,93.251736
-0.12,1,93.258029
-0.2,1,93.26356
-0.25,1,93.268003
-0.16666666666666666,1,93.272424
-0.06666666666666667,1,93.276584
-0.2,1,93.280297
-0.25,1,93.285168
-0.3333333333333333,1,93.289546
-0.5,1,93.293781
-0.3333333333333333,1,93.297767
-0.2,1,93.301582
-0.2,1,93.30592
-0.25,1,93.310059
-0.2,1,93.314622
-0.16666666666666666,1,93.31863
-0.06666666666666667,1,93.322922
-0.16666666666666666,1,93.326956
-0.2,1,93.333361
-0.3333333333333333,1,93.347743
-0.3333333333333333,1,93.351581
-0.5,1,93.355769
0.0,1,93.360213
-1.0,1,93.364222
-1.0,1,93.368342
-1.0,1,93.372357
-0.5,1,93.376901
-1.0,1,93.381189
-0.5,1,93.385024
-0.2,1,93.38978
-0.16666666666666666,1,93.393733
-0.2,1,93.397399
-1.0,1,93.401021
-1.0,1,93.404786
-1.0,1,93.408924
-1.0,1,93.413538
-0.5,1,93.417823
-0.3333333333333333,1,93.422181
-0.5555555555555556,1,93.425911
-0.3333333333333333,1,93.429934
-0.5,1,93.433918
-0.6666666666666666,1,93.437634
-0.5,1,93.441386
-0.6666666666666666,1,93.44498
-0.3333333333333333,1,93.448354
-0.3333333333333333,1,93.452732
-0.125,1,93.456938
-0.3,1,93.461173
-0.2,1,93.465087
-0.3333333333333333,1,93.469887
-0.125,1,93.475054
-0.1,1,93.479775
-0.25,1,93.483807
-0.3333333333333333,1,93.488638
-0.125,1,93.492998
-0.3333333333333333,1,93.497191
-0.25,1,93.501626
-0.6666666666666666,1,93.506306
-0.5,1,93.510298
-0.3333333333333333,1,93.514056
-0.5555555555555556,1,93.517723
-0.6666666666666666,1,93.532589
-0.3333333333333333,1,93.539615
-0.16666666666666666,1,93.543841
-0.5,1,93.548804
-0.6666666666666666,1,93.553368
-0.5,1,93.558024
-0.4,1,93.562956
-0.5,1,93.567116
-0.3333333333333333,1,93.571624
-0.06666666666666667,1,93.576174
-0.2,1,93.580919
-0.16666666666666666,1,93.585292
-0.2,1,93.589936
-0.12,1,93.59462
-0.06666666666666667,1,93.599162
-0.16666666666666666,1,93.603597
0.0,1,93.608147
-1.0,1,93.612956
-0.5,1,93.617235
-0.6666666666666666,1,93.621743
-0.7777777777777778,1,93.626352
-0.6666666666666666,1,93.631509
-0.7777777777777778,1,93.635939
-0.3333333333333333,1,93.640242
-0.25,1,93.645148
-0.3333333333333333,1,93.649352
-0.125,1,93.65421
-0.3333333333333333,1,93.65808
-0.125,1,93.662179
-0.2,1,93.666065
-0.2,1,93.670529
-0.3333333333333333,1,93.674337
-0.3333333333333333,1,93.678652
-0.3333333333333333,1,93.682675
-0.5,1,93.687268
-0.3333333333333333,1,93.691522
0.0,1,93.696348
-1.0,1,93.700104
-1.0,1,93.704233
-1.0,1,93.708035
-0.75,1,93.713035
-0.6666666666666666,1,93.719384
-1.0,1,93.725955
-0.6666666666666666,1,93.732705
-0.3333333333333333,1,93.739389
-0.3333333333333333,1,93.743988
-0.25,1,93.75259
-0.3333333333333333,1,93.757716
-0.2,1,93.761746
-0.3333333333333333,1,93.766251
-0.25,1,93.771265
-0.2,1,93.775483
-0.2,1,93.779778
-0.3333333333333333,1,93.78441
-0.3333333333333333,1,93.789005
-1.0,1,93.793282
-0.5555555555555556,1,93.797442
-0.16666666666666666,1,93.8019
-0.125,1,93.806512
-0.2,1,93.810897
-0.2,1,93.815128
-0.3333333333333333,1,93.819304
-0.25,1,93.824033
-0.16666666666666666,1,93.828741
-0.3333333333333333,1,93.833055
-0.16666666666666666,1,93.838252
-0.3333333333333333,1,93.843817
-0.16666666666666666,1,93.848502
-0.3333333333333333,1,93.853534
0.0,1,93.857957
-1.0,1,93.862472
-1.0,1,93.867205
-0.6666666666666666,1,93.871328
-0.5,1,93.875454
-0.16666666666666666,1,93.880896
-0.3333333333333333,1,93.885257
-0.6666666666666666,1,93.889632
-0.5,1,93.893732
-1.0,1,93.898201
-1.0,1,93.902604
-0.4,1,93.906412
-1.0,1,93.91047
-1.0,1,93.91451
-1.0,1,93.919236
-1.0,1,93.922922
-1.0,1,93.926652
-0.4,1,93.930585
-0.5,1,93.935068
-0.3333333333333333,1,93.93944
0.0,1,93.942946
-1.0,1,93.946576
-1.0,1,93.951092
-0.3333333333333333,1,93.954714
-0.25,1,93.958576
-0.6666666666666666,1,93.963169
-1.0,1,93.968228
-0.6666666666666666,1,93.972384
-1.0,1,93.976389
-1.0,1,93.980473
-1.0,1,93.984781
-1.0,1,93.989084
-1.0,1,93.992753
-1.0,1,93.996588
-0.5,1,94.001148
-0.2,1,94.005927
-1.0,1,94.011537
-0.4,1,94.016058
-0.16666666666666666,1,94.020262
-0.2222222222222222,1,94.023672
-0.3333333333333333,1,94.027278
-0.2222222222222222,1,94.031311
-0.16666666666666666,1,94.035784
-0.06666666666666667,1,94.039403
-0.16666666666666666,1,94.04327
0.0,1,94.046963
-1.0,1,94.051092
-1.0,1,94.055017
-0.3333333333333333,1,94.059268
-1.0,1,94.063806
-1.0,1,94.067668
-0.5,1,94.071821
-0.4,1,94.092063
-0.75,1,94.105864
-0.3333333333333333,1,94.111491
-0.125,1,94.121708
-0.16666666666666666,1,94.127403
-0.25,1,94.132422
-0.3,1,94.137795
-0.16666666666666666,1,94.154368
-0.06666666666666667,1,94.159639
-0.2,1,94.16626
-0.2,1,94.17098
-0.2,1,94.17549
-0.1,1,94.179717
-0.16666666666666666,1,94.184811
-0.06666666666666667,1,94.189235
-0.2,1,94.193489
-0.06666666666666667,1,94.198735
-0.12,1,94.203587
-0.1,1,94.208055
-0.2,1,94.213046
-0.2222222222222222,1,94.218036
-0.2,1,94.222247
-0.2222222222222222,1,94.226392
-0.16666666666666666,1,94.231158
-0.06666666666666667,1,94.235902
-0.12,1,94.240331
-0.3,1,94.244635
-0.12,1,94.24875
-0.06666666666666667,1,94.252918
-0.16666666666666666,1,94.257029
-0.06666666666666667,1,94.261716
-0.12,1,94.265846
-0.2,1,94.269862
-0.25,1,94.273338
-0.3333333333333333,1,94.276717
-0.3333333333333333,1,94.280421
-0.4,1,94.284915
-0.5,1,94.288777
-0.6666666666666666,1,94.292736
-1.0,1,94.296461
-1.0,1,94.300442
-1.0,1,94.304083
-0.6666666666666666,1,94.307619
-0.5,1,94.311783
-0.6666666666666666,1,94.315932
-0.5,1,94.320171
-0.6666666666666666,1,94.324061
-1.0,1,94.327749
-1.0,1,94.331369
-0.3333333333333333,1,94.335341
-0.3333333333333333,1,94.339169
-0.75,1,94.343054
-0.4,1,94.346684
-0.16666666666666666,1,94.351335
-0.2,1,94.355305
-0.16666666666666666,1,94.358572
-0.2222222222222222,1,94.362369
-0.06666666666666667,1,94.366471
-0.3,1,94.370757
-0.12,1,94.375248
-0.2,1,94.379982
-0.12,1,94.384443
-0.3,1,94.388468
-0.12,1,94.392366
-0.06666666666666667,1,94.396812
-0.16666666666666666,1,94.401425
-0.06666666666666667,1,94.405126
-0.12,1,94.409824
-0.2,1,94.414588
-0.16666666666666666,1,94.418938
-0.2222222222222222,1,94.423139
-0.16666666666666666,1,94.426926
-0.2,1,94.431756
-0.2,1,94.436479
-0.2,1,94.440576
-0.25,1,94.444668
-0.2,1,94.448978
-0.25,1,94.453181
-0.3333333333333333,1,94.456986
-0.25,1,94.460721
0.0,1,94.464884
-1.0,1,94.469567
-1.0,1,94.4737
-1.0,1,94.477814
-0.5,1,94.482518
-0.3333333333333333,1,94.489602
-0.25,1,94.493935
-0.6666666666666666,1,94.49773
-0.5,1,94.502119
-0.16666666666666666,1,94.506249
-0.75,1,94.510173
-0.6666666666666666,1,94.513964
-0.3333333333333333,1,94.518219
-0.6666666666666666,1,94.522493
-1.0,1,94.526628
-0.3333333333333333,1,94.530481
-1.0,1,94.534994
-0.6666666666666666,1,94.53941
-0.3333333333333333,1,94.544047
-0.16666666666666666,1,94.548139
-0.125,1,94.552635
-0.2,1,94.557075
-0.25,1,94.560871
-0.3333333333333333,1,94.565198
-0.2,1,94.569194
-0.3,1,94.573087
-0.16666666666666666,1,94.576892
-0.2,1,94.580736
-0.2,1,94.585253
-0.3,1,94.589425
-0.16666666666666666,1,94.59307
-0.2222222222222222,1,94.59698
-0.2,1,94.601491
-0.3,1,94.605733
-0.12,1,94.609674
-0.06666666666666667,1,94.614259
-0.2,1,94.618852
-0.2,1,94.622579
-0.25,1,94.626539
-0.1,1,94.631193
-0.2,1,94.635326
-0.06666666666666667,1,94.638955
-0.12,1,94.643079
-0.2,1,94.648736
-0.2,1,94.653061
-0.06666666666666667,1,94.656465
-0.16666666666666666,1,94.660299
-0.06666666666666667,1,94.664505
-0.12,1,94.669025
-0.3,1,94.672945
-0.125,1,94.678577
-0.3,1,94.682751
-0.125,1,94.686371
-0.1,1,94.68994
-0.2,1,94.694092
-0.3333333333333333,1,94.712864
-0.125,1,94.718656
-0.3333333333333333,1,94.722888
-0.2,1,94.727198
-0.3333333333333333,1,94.731485
-0.125,1,94.736159
-0.3,1,94.740638
-0.12,1,94.744795
-0.3,1,94.749266
-0.12,1,94.753768
-0.06666666666666667,1,94.757879
-0.12,1,94.7622
-0.06666666666666667,1,94.767007
-0.2,1,94.771824
-0.2,1,94.776175
-0.125,1,94.781304
-0.3333333333333333,1,94.785794
-0.2,1,94.790418
-0.3333333333333333,1,94.794599
0.0,1,94.799148
-1.0,1,94.803487
-1.0,1,94.807602
-1.0,1,94.811862
-1.0,1,94.816296
-1.0,1,94.820959
-1.0,1,94.824981
-0.6666666666666666,1,94.829245
-0.3333333333333333,1,94.834247
-0.3333333333333333,1,94.839823
-0.25,1,94.844032
-0.3333333333333333,1,94.848893
-0.2,1,94.853673
-0.4,1,94.857744
-0.16666666666666666,1,94.861387
-0.4,1,94.865181
-0.2,1,94.869635
-0.2,1,94.873416
-0.3333333333333333,1,94.877289
-0.4,1,94.880929
-0.5,1,94.885145
-0.6666666666666666,1,94.889216
-0.5,1,94.893079
-1.0,1,94.897258
-0.5555555555555556,1,94.902388
-0.3333333333333333,1,94.906852
-0.3333333333333333,1,94.911576
-0.3333333333333333,1,94.917176
-0.25,1,94.921046
-0.2,1,94.925127
-0.2,1,94.929681
-0.2,1,94.934409
-0.16666666666666666,1,94.938963
-0.2222222222222222,1,94.943988
-0.16666666666666666,1,94.947939
0.0,1,94.952023
-1.0,1,94.957348
-1.0,1,94.963251
-1.0,1,94.969176
-0.5,1,94.974109
-0.3333333333333333,1,94.978707
-0.7777777777777778,1,94.983447
-0.3333333333333333,1,94.98746
-0.25,1,94.991403
-0.2,1,94.995792
-0.2,1,95.001041
-0.2,1,95.005143
-0.16666666666666666,1,95.009956
0.0,1,95.014871
-1.0,1,95.019227
-1.0,1,95.023453
-0.3333333333333333,1,95.027501
-0.5,1,95.031484
-0.3333333333333333,1,95.036017
-1.0,1,95.04
-0.6666666666666666,1,95.044055
-0.3333333333333333,1,95.047962
-0.3333333333333333,1,95.053308
-0.2,1,95.057333
-0.3333333333333333,1,95.061342
-0.2,1,95.065754
-0.3333333333333333,1,95.07042
-0.25,1,95.074552
-0.1,1,95.078776
-0.2,1,95.084044
-0.2,1,95.088197
-0.16666666666666666,1,95.092269
-0.06666666666666667,1,95.097498
-0.16666666666666666,1,95.113222
-0.3,1,95.142215
-0.12,1,95.1657
-0.1,1,95.178299
-0.3333333333333333,1,95.18846
-0.3333333333333333,1,95.1954
-0.3333333333333333,1,95.206058
-0.3333333333333333,1,95.212233
-0.5,1,95.219421
-1.0,1,95.223461
-0.5,1,95.231938
-1.0,1,95.236319
-1.0,1,95.240169
-0.4,1,95.245017
-1.0,1,95.249971
-1.0,1,95.254534
-1.0,1,95.258431
-0.6666666666666666,1,95.262876
-0.5555555555555556,1,95.267469
-0.16666666666666666,1,95.271222
-0.5555555555555556,1,95.275135
-0.16666666666666666,1,95.279288
-0.3333333333333333,1,95.284054
-1.0,1,95.288153
-0.5,1,95.292224
-0.6666666666666666,1,95.296118
-1.0,1,95.300671
-0.6666666666666666,1,95.304625
-0.5555555555555556,1,95.308109
-0.16666666666666666,1,95.313011
-0.06666666666666667,1,95.326309
-0.3,1,95.331488
-0.125,1,95.336071
-0.2,1,95.341175
-0.16666666666666666,1,95.349802
-0.06666666666666667,1,95.353759
-0.16666666666666666,1,95.357147
-0.3,1,95.365154
-0.16666666666666666,1,95.372486
-0.2,1,95.37976
-0.25,1,95.391229
-0.2,1,95.406228
-0.2,1,95.415421
-0.2222222222222222,1,95.422447
-0.06666666666666667,1,95.431607
-0.16666666666666666,1,95.436846
-0.06666666666666667,1,95.441162
-0.4,1,95.445606
-0.16666666666666666,1,95.450807
-0.2,1,95.455501
-0.3333333333333333,1,95.460287
-0.16666666666666666,1,95.465028
-0.5,1,95.469754
-0.3333333333333333,1,95.473677
-0.3333333333333333,1,95.477714
-0.16666666666666666,1,95.482646
-0.125,1,95.487338
-0.3333333333333333,1,95.490975
-0.25,1,95.494726
-0.2,1,95.498991
-0.3333333333333333,1,95.503285
-0.2,1,95.507004
-0.3333333333333333,1,95.510724
-0.2,1,95.514893
-1.0,1,95.519445
-0.2,1,95.523743
-0.3333333333333333,1,95.527756
-0.2222222222222222,1,95.546799
-0.16666666666666666,1,95.565113
0.0,1,95.578338
-1.0,1,95.583748
-1.0,1,95.58937
-0.6666666666666666,1,95.594786
-1.0,1,95.60858
-1.0,1,95.614888
-0.5,1,95.620125
0.0,1,95.625345
-1.0,1,95.635452
-1.0,1,95.641026
-1.0,1,95.645319
-1.0,1,95.651476
-1.0,1,95.656108
-0.5,1,95.660413
-0.3333333333333333,1,95.665188
-0.3333333333333333,1,95.669536
-0.3333333333333333,1,95.674485
-0.25,1,95.679988
-0.3333333333333333,1,95.684358
-0.25,1,95.688941
-0.2,1,95.693816
-0.16666666666666666,1,95.700627
-0.2,1,95.706583
-0.25,1,95.71292
-0.2,1,95.73053
-0.2,1,95.745915
-0.2,1,95.750249
-0.2,1,95.754323
-0.2222222222222222,1,95.7587
-0.2,1,95.762985
-0.2222222222222222,1,95.766956
-0.06666666666666667,1,95.771069
-0.3333333333333333,1,95.774939
-0.3333333333333333,1,95.779366
-0.6666666666666666,1,95.783547
-0.5555555555555556,1,95.787139
-0.16666666666666666,1,95.791225
-0.25,1,95.795135
-0.3,1,95.798868
-0.125,1,95.802598
-0.3,1,95.806397
-0.12,1,95.811176
-0.2,1,95.817587
-0.125,1,95.823192
-0.3333333333333333,1,95.827873
-0.75,1,95.834077
-0.16666666666666666,1,95.838993
-0.5555555555555556,1,95.843527
-0.16666666666666666,1,95.847713
-0.3333333333333333,1,95.855121
-0.3333333333333333,1,95.859285
-0.5,1,95.870231
-0.2,1,95.880463
-1.0,1,95.894408
-0.4,1,95.901028
-0.2,1,95.910987
-0.3333333333333333,1,95.922411
-0.25,1,95.935133
-0.2,1,95.947141
-0.16666666666666666,1,95.95186
-0.2,1,95.956663
-0.25,1,95.960855
-0.2,1,95.965154
-0.12,1,95.968982
-0.2,1,95.973171
-0.12,1,95.977447
-0.2,1,95.981421
-0.12,1,95.985305
-0.3,1,95.989735
-0.125,1,95.994329
-0.3,1,95.998389
-0.06666666666666667,1,96.002341
-0.3333333333333333,1,96.006285
-0.06666666666666667,1,96.010192
-0.3333333333333333,1,96.013643
-0.5555555555555556,1,96.017835
-0.16666666666666666,1,96.022351
-0.125,1,96.02606
-0.1,1,96.029945
-0.2,1,96.03387
-0.3333333333333333,1,96.038472
-0.125,1,96.042844
-0.3333333333333333,1,96.046962
-0.2,1,96.051067
-0.3333333333333333,1,96.055701
-0.125,1,96.05982
-0.16666666666666666,1,96.063319
-0.5555555555555556,1,96.066828
-1.0,1,96.071967
-0.3333333333333333,1,96.077158
-0.3333333333333333,1,96.08108
-0.25,1,96.08557
-0.3333333333333333,1,96.08957
-0.25,1,96.093379
-0.6666666666666666,1,96.096914
-0.5,1,96.100577
-0.3333333333333333,1,96.105206
-0.25,1,96.109861
-0.3333333333333333,1,96.113669
-0.5555555555555556,1,96.117678
-0.16666666666666666,1,96.130196
-0.25,1,96.137789
-0.3333333333333333,1,96.144614
-0.25,1,96.149572
-0.3333333333333333,1,96.154783
-0.2,1,96.159642
-0.2222222222222222,1,96.163878
-0.3333333333333333,1,96.168731
-0.3333333333333333,1,96.173793
-0.06666666666666667,1,96.177963
-0.3,1,96.182312
-0.06666666666666667,1,96.186437
-0.2,1,96.190984
-0.25,1,96.195397
-0.2,1,96.200239
-0.2,1,96.204885
-0.2222222222222222,1,96.209546
-0.2,1,96.214497
-0.3333333333333333,1,96.218723
-0.2,1,96.223092
-0.2,1,96.227493
-0.5,1,96.231644
-0.2,1,96.235845
-0.2,1,96.2402
-0.3333333333333333,1,96.255194
-0.25,1,96.259985
-0.3333333333333333,1,96.268963
-0.25,1,96.273618
-0.2,1,96.278255
-0.25,1,96.282777
-0.3,1,96.293227
-0.125,1,96.303828
-0.2,1,96.308001
-0.2,1,96.312301
-0.2,1,96.318075
-0.2,1,96.322305
-0.2,1,96.326341
-0.06666666666666667,1,96.330724
-0.2,1,96.335012
-0.25,1,96.339314
-0.3333333333333333,1,96.343496
-0.06666666666666667,1,96.347573
-0.16666666666666666,1,96.352286
-0.125,1,96.357237
-0.2,1,96.362619
-0.12,1,96.367126
-0.06666666666666667,1,96.370851
-0.16666666666666666,1,96.374765
-0.06666666666666667,1,96.379184
-0.2,1,96.384133
-0.06666666666666667,1,96.388328
-0.12,1,96.39255
-0.2,1,96.397916
-0.25,1,96.409655
-0.3333333333333333,1,96.414121
-0.3333333333333333,1,96.418292
-1.0,1,96.422718
-0.5,1,96.427005
-0.3333333333333333,1,96.432327
-0.06666666666666667,1,96.436858
-0.4,1,96.440712
-0.06666666666666667,1,96.445564
-0.2,1,96.450584
-0.12,1,96.454506
-0.2,1,96.458477
-0.2,1,96.46287
-0.1,1,96.467148
-0.3333333333333333,1,96.470817
-0.3333333333333333,1,96.474981
-0.5,1,96.480424
-0.4,1,96.48443
-0.2,1,96.488152
-0.1,1,96.491749
-0.16666666666666666,1,96.495744
-0.06666666666666667,1,96.499724
-0.16666666666666666,1,96.503503
-0.3,1,96.507656
-0.06666666666666667,1,96.511865
-0.3,1,96.516717
-0.12,1,96.520899
-0.2,1,96.52462
-0.2,1,96.528666
-0.2,1,96.532518
-0.2,1,96.537151
-0.3333333333333333,1,96.54078
-0.2,1,96.544437
-0.16666666666666666,1,96.549053
-0.3333333333333333,1,96.55356
-0.3333333333333333,1,96.5572
-0.5555555555555556,1,96.562328
-0.3333333333333333,1,96.567833
-0.5,1,96.571882
-0.4,1,96.575866
-0.06666666666666667,1,96.57956
-0.16666666666666666,1,96.584274
-0.5555555555555556,1,96.587988
-0.3333333333333333,1,96.591361
-0.5,1,96.594841
-0.3333333333333333,1,96.59932
-0.3333333333333333,1,96.603118
-0.3333333333333333,1,96.606576
-0.2,1,96.610404
-0.3333333333333333,1,96.614532
-0.3333333333333333,1,96.618629
-0.2,1,96.622738
-0.2,1,96.626297
0.0,1,96.630231
-1.0,1,96.63468
-1.0,1,96.638361
-1.0,1,96.642245
-0.5,1,96.646164
-0.3333333333333333,1,96.650774
-0.5,1,96.654828
-0.6666666666666666,1,96.658825
-0.3333333333333333,1,96.664295
-0.6666666666666666,1,96.670205
-0.3333333333333333,1,96.674405
-0.3333333333333333,1,96.678474
-0.25,1,96.682652
-0.3333333333333333,1,96.686824
-0.3333333333333333,1,96.690575
-0.3333333333333333,1,96.694255
-0.25,1,96.69831
-0.2,1,96.702486
-0.16666666666666666,1,96.706933
-0.2,1,96.711075
-0.12,1,96.715168
-0.2,1,96.719433
-0.2,1,96.7325
-0.16666666666666666,1,96.738304
-0.25,1,96.741947
-0.3333333333333333,1,96.747191
-0.3333333333333333,1,96.752278
-0.6666666666666666,1,96.756947
-0.25,1,96.761422
-0.6666666666666666,1,96.766429
-1.0,1,96.770879
-1.0,1,96.775129
-1.0,1,96.779755
-0.3333333333333333,1,96.784591
-0.3333333333333333,1,96.788757
-0.3333333333333333,1,96.792775
-0.5555555555555556,1,96.797395
-1.0,1,96.801969
-0.75,1,96.806549
-0.16666666666666666,1,96.81077
-0.75,1,96.815478
-0.3333333333333333,1,96.819749
-0.75,1,96.824192
-0.16666666666666666,1,96.828307
-0.25,1,96.833202
-0.2,1,96.837438
-0.2,1,96.841184
-0.1,1,96.845255
-0.25,1,96.849641
-0.2,1,96.854277
-0.2,1,96.858478
-0.1,1,96.863437
-0.125,1,96.867987
-0.3,1,96.872798
-0.12,1,96.876925
-0.2,1,96.881729
-0.16666666666666666,1,96.886038
-0.2222222222222222,1,96.889736
-0.16666666666666666,1,96.893421
-0.2222222222222222,1,96.897532
-0.16666666666666666,1,96.90201
-0.1,1,96.905507
-0.12,1,96.909106
-0.06666666666666667,1,96.913486
-0.16666666666666666,1,96.918294
-0.06666666666666667,1,96.922013
-0.12,1,96.925863
-0.3,1,96.930324
-0.2,1,96.934459
-0.2,1,96.938344
-0.25,1,96.942806
-0.3333333333333333,1,96.946797
-0.2,1,96.951253
-0.2222222222222222,1,96.955164
-0.16666666666666666,1,96.958836
-0.2222222222222222,1,96.963257
-0.16666666666666666,1,96.967296
-0.3,1,96.971718
-0.2,1,96.975939
-0.2,1,96.980918
-0.2,1,96.985577
-0.4,1,96.989567
-0.2,1,96.993728
-0.2,1,96.998165
-0.25,1,97.003111
0.0,1,97.007308
-1.0,1,97.017943
-1.0,1,97.02582
-0.6666666666666666,1,97.034215
-1.0,1,97.038561
-0.6666666666666666,1,97.04203
-1.0,1,97.045772
-1.0,1,97.050274
-0.75,1,97.054433
-0.16666666666666666,1,97.058614
-0.75,1,97.063188
-0.4,1,97.067989
-0.16666666666666666,1,97.072211
-1.0,1,97.07626
-1.0,1,97.080573
-1.0,1,97.085146
-1.0,1,97.08932
-1.0,1,97.093519
-1.0,1,97.099926
-1.0,1,97.104263
-1.0,1,97.108469
-1.0,1,97.113059
-0.5,1,97.11761
-0.6666666666666666,1,97.122037
-0.7777777777777778,1,97.126078
-0.3333333333333333,1,97.130118
-0.2,1,97.135005
-0.2,1,97.139176
-0.2,1,97.143528
-0.2,1,97.147837
-0.25,1,97.151931
0.0,1,97.156254
-1.0,1,97.160173
-1.0,1,97.164129
-0.3333333333333333,1,97.168235
-0.3333333333333333,1,97.172543
-0.3333333333333333,1,97.17655
-0.25,1,97.181379
-0.1,1,97.185498
-0.16666666666666666,1,97.189412
-0.06666666666666667,1,97.193531
-0.16666666666666666,1,97.19732
-0.06666666666666667,1,97.201684
-0.16666666666666666,1,97.205973
-0.2,1,97.21019
-0.12,1,97.214255
-0.3,1,97.218305
-0.2,1,97.222245
-0.4,1,97.225995
-0.2,1,97.229777
-0.4,1,97.234937
-0.5,1,97.23869
-0.4,1,97.24243
-0.75,1,97.246061
-0.16666666666666666,1,97.250865
-0.3333333333333333,1,97.264078
-0.6666666666666666,1,97.269339
-0.5,1,97.273533
-0.6666666666666666,1,97.278147
-0.5,1,97.282425
-0.6666666666666666,1,97.286638
-0.3333333333333333,1,97.290808
-0.6666666666666666,1,97.295326
-0.3333333333333333,1,97.300186
-0.3333333333333333,1,97.304348
-0.2,1,97.316467
-0.3333333333333333,1,97.324453
-0.25,1,97.33048
-1.0,1,97.33526
-0.25,1,97.339938
-0.4,1,97.344427
-0.2,1,97.348854
-0.16666666666666666,1,97.353822
-0.5555555555555556,1,97.357892
-0.3333333333333333,1,97.364748
-0.5555555555555556,1,97.370666
-0.3333333333333333,1,97.375053
-0.25,1,97.379541
-0.2,1,97.384388
-0.16666666666666666,1,97.389185
-0.2,1,97.393507
-0.12,1,97.397874
-0.06666666666666667,1,97.402275
-0.16666666666666666,1,97.406421
-0.1,1,97.410646
-0.2,1,97.421961
0.0,1,97.430233
-1.0,1,97.434123
-1.0,1,97.438226
-0.6666666666666666,1,97.442337
-0.3333333333333333,1,97.446787
-0.16666666666666666,1,97.450887
-0.25,1,97.45525
-0.2,1,97.459931
-0.25,1,97.463979
-0.3333333333333333,1,97.468757
-0.3333333333333333,1,97.472817
-0.3333333333333333,1,97.476631
-0.25,1,97.480402
0.0,1,97.484802
-1.0,1,97.488367
-1.0,1,97.491805
-1.0,1,97.495954
-1.0,1,97.500304
-1.0,1,97.504341
-0.5,1,97.508216
-0.6666666666666666,1,97.513518
-0.5,1,97.518177
-0.16666666666666666,1,97.522645
-0.5,1,97.52607
-0.6666666666666666,1,97.531261
-1.0,1,97.535745
-0.6666666666666666,1,97.539757
-0.75,1,97.543819
-0.3333333333333333,1,97.548056
-0.2,1,97.552461
-0.3,1,97.556537
-0.16666666666666666,1,97.5607
-0.3,1,97.564881
-0.25,1,97.569534
-0.2,1,97.574389
-0.2,1,97.578564
-0.1,1,97.58357
-0.25,1,97.587319
-0.2,1,97.591278
-0.12,1,97.595632
-0.2,1,97.599794
-0.25,1,97.60383
-0.1,1,97.607938
-0.25,1,97.612445
-0.2,1,97.616995
0.0,1,97.622099
-1.0,1,97.627397
-1.0,1,97.633869
-0.6666666666666666,1,97.637871
-1.0,1,97.64171
-1.0,1,97.645956
-1.0,1,97.650676
-1.0,1,97.654525
-1.0,1,97.658499
-1.0,1,97.663118
-1.0,1,97.667459
-0.6666666666666666,1,97.671954
-1.0,1,97.675821
-0.6666666666666666,1,97.679974
-0.5,1,97.685088
-0.6666666666666666,1,97.689058
-0.5555555555555556,1,97.693048
-0.3333333333333333,1,97.697293
-0.25,1,97.701758
-0.1,1,97.705721
-0.25,1,97.70959
-0.3333333333333333,1,97.713599
-0.3333333333333333,1,97.717583
-0.3333333333333333,1,97.721551
-0.2,1,97.725205
-0.2,1,97.729188
-0.2,1,97.735146
-0.2,1,97.73972
-0.12,1,97.743958
-0.2,1,97.74837
-0.125,1,97.752596
-0.16666666666666666,1,97.756238
-0.06666666666666667,1,97.763133
-0.4,1,97.767727
-1.0,1,97.771668
-0.4,1,97.775604
-0.2,1,97.779555
-0.3333333333333333,1,97.783618
-0.3333333333333333,1,97.787548
-0.6666666666666666,1,97.791296
-1.0,1,97.795428
-1.0,1,97.799724
-1.0,1,97.803553
-1.0,1,97.806942
-0.5555555555555556,1,97.81054
-0.3333333333333333,1,97.813846
-0.06666666666666667,1,97.817804
-0.4,1,97.821681
-0.3333333333333333,1,97.825867
-0.3333333333333333,1,97.830993
0.0,1,97.835145
-1.0,1,97.839526
-1.0,1,97.843291
-1.0,1,97.847342
-0.3333333333333333,1,97.851902
-0.6666666666666666,1,97.856575
-0.3333333333333333,1,97.861776
-0.16666666666666666,1,97.866146
-0.3333333333333333,1,97.87096
-0.16666666666666666,1,97.875912
-0.25,1,97.880621
-0.3,1,97.884825
-0.125,1,97.897726
-0.16666666666666666,1,97.904804
-0.25,1,97.911371
-0.2,1,97.917226
-0.25,1,97.921605
-0.4,1,97.926177
-0.06666666666666667,1,97.933009
-0.16666666666666666,1,97.937868
-0.06666666666666667,1,97.942601
-0.3,1,97.947197
-0.16666666666666666,1,97.951873
-0.2,1,97.956647
-0.25,1,97.960697
-0.3333333333333333,1,97.965207
0.0,1,97.969675
-1.0,1,97.973798
-1.0,1,97.977879
-1.0,1,97.982259
-0.5555555555555556,1,97.986863
-0.3333333333333333,1,97.991045
-0.25,1,97.995682
-0.2,1,98.000226
-0.16666666666666666,1,98.004612
-0.2,1,98.009377
0.0,1,98.01416
-1.0,1,98.018333
-1.0,1,98.022388
-1.0,1,98.026121
-0.5,1,98.030301
-1.0,1,98.034244
-1.0,1,98.038427
-0.6666666666666666,1,98.04338
-0.5,1,98.047043
-0.2,1,98.050982
-0.5,1,98.055055
0.0,1,98.059896
-1.0,1,98.064084
-1.0,1,98.068265
-1.0,1,98.072778
-1.0,1,98.076382
-0.6666666666666666,1,98.079969
-0.25,1,98.084422
-0.16666666666666666,1,98.089367
-0.125,1,98.093201
-0.3,1,98.096704
-0.12,1,98.100796
-0.06666666666666667,1,98.104752
-0.12,1,98.10919
-0.2,1,98.113132
-0.12,1,98.118365
-0.2,1,98.126671
-0.2,1,98.130858
-0.2,1,98.134966
-0.16666666666666666,1,98.139065
-0.06666666666666667,1,98.143043
-0.2,1,98.146815
-0.1,1,98.150957
-0.2,1,98.154684
-0.4,1,98.159755
-0.5,1,98.163978
-0.6666666666666666,1,98.167764
-0.5,1,98.172174
-0.3333333333333333,1,98.176425
-0.3333333333333333,1,98.180343
-0.3333333333333333,1,98.184029
-0.25,1,98.187967
-0.2,1,98.191516
-0.16666666666666666,1,98.195634
-1.0,1,98.199183
-0.16666666666666666,1,98.202958
-0.2222222222222222,1,98.207017
-0.06666666666666667,1,98.211007
-0.2,1,98.215417
-0.2,1,98.219208
-0.16666666666666666,1,98.223676
-0.2,1,98.228182
-0.4,1,98.232255
-0.2,1,98.236279
-0.2222222222222222,1,98.240235
-0.2,1,98.246815
-0.4,1,98.255272
-0.5,1,98.259452
-0.6666666666666666,1,98.263388
-0.3333333333333333,1,98.267186
-0.3333333333333333,1,98.271351
-0.25,1,98.275445
-0.3333333333333333,1,98.279629
-0.3333333333333333,1,98.283926
-0.3333333333333333,1,98.288174
-0.3333333333333333,1,98.292042
0.0,1,98.296032
-1.0,1,98.30027
-1.0,1,98.304572
-1.0,1,98.308464
-0.5,1,98.312288
-0.6666666666666666,1,98.316314
-0.5,1,98.320156
-0.6666666666666666,1,98.324017
-0.7777777777777778,1,98.327508
-0.6666666666666666,1,98.331203
-0.75,1,98.33486
-0.4,1,98.339133
-0.75,1,98.343101
-0.6666666666666666,1,98.34714
-0.75,1,98.351522
-1.0,1,98.355898
-0.5555555555555556,1,98.360183
-0.3333333333333333,1,98.363865
-0.5555555555555556,1,98.368567
-0.3333333333333333,1,98.373471
-0.3333333333333333,1,98.379371
-0.3333333333333333,1,98.383337
-0.2,1,98.387239
-0.2,1,98.3912
-0.25,1,98.395816
-0.3333333333333333,1,98.414046
0.0,1,98.445275
-1.0,1,98.459956
-1.0,1,98.466107
-1.0,1,98.470994
-1.0,1,98.476294
-1.0,1,98.481136
-1.0,1,98.485713
-1.0,1,98.490638
-0.16666666666666666,1,98.495157
-0.2222222222222222,1,98.499343
-0.16666666666666666,1,98.503899
-0.2222222222222222,1,98.509457
-0.16666666666666666,1,98.524148
-0.4,1,98.532087
-0.2,1,98.537044
-0.3,1,98.541649
-0.2,1,98.546343
-0.4,1,98.550932
-1.0,1,98.555757
-0.4,1,98.560214
-0.06666666666666667,1,98.564317
-0.16666666666666666,1,98.568711
-0.125,1,98.573259
-0.3,1,98.577691
-0.16666666666666666,1,98.581902
-0.3,1,98.586957
-0.12,1,98.59162
-0.3,1,98.59583
-0.06666666666666667,1,98.600891
-0.3,1,98.606381
-0.16666666666666666,1,98.610902
-0.3,1,98.615083
-0.12,1,98.619505
-0.1,1,98.624073
-0.2,1,98.628112
-0.2,1,98.632737
-0.2,1,98.636904
-0.2,1,98.641015
-0.25,1,98.645199
-0.2,1,98.64891
-0.2,1,98.653216
-0.16666666666666666,1,98.656761
-0.25,1,98.660621
-0.16666666666666666,1,98.664768
-0.75,1,98.668947
-0.4,1,98.672745
-0.5,1,98.676361
-0.6666666666666666,1,98.680275
-0.5555555555555556,1,98.684536
-0.16666666666666666,1,98.688128
-0.3333333333333333,1,98.691751
-0.16666666666666666,1,98.6968
-0.06666666666666667,1,98.722916
-0.3,1,98.741843
-0.12,1,98.749941
-0.3,1,98.758159
-0.06666666666666667,1,98.762494
-0.3333333333333333,1,98.767131
-0.5,1,98.774417
0.0,1,98.786306
-1.0,1,98.791768
-1.0,1,98.797002
-1.0,1,98.80243
-0.5,1,98.806778
-1.0,1,98.815832
-0.25,1,98.820785
-0.3333333333333333,1,98.825029
-0.25,1,98.833887
-0.2,1,98.838121
-0.3333333333333333,1,98.842146
-0.2,1,98.846549
-0.3333333333333333,1,98.854287
-0.1,1,98.865648
-0.25,1,98.871852
-0.3333333333333333,1,98.877886
-0.25,1,98.884522
-0.2,1,98.889186
0.0,1,98.893358
-1.0,1,98.898287
-1.0,1,98.903612
-1.0,1,98.908257
-0.5,1,98.91238
-0.3333333333333333,1,98.917352
-0.5,1,98.921762
-1.0,1,98.9261
-1.0,1,98.93192
-0.6666666666666666,1,98.936725
-1.0,1,98.941032
-1.0,1,98.945474
-1.0,1,98.949807
-1.0,1,98.954391
-1.0,1,98.958184
-1.0,1,98.967865
-0.75,1,98.97901
-0.4,1,98.98667
-0.2,1,98.993094
-0.2,1,98.998821
-0.16666666666666666,1,99.003639
-0.2222222222222222,1,99.00749
-0.2,1,99.01949
-0.4,1,99.03591
-1.0,1,99.052948
-1.0,1,99.057617
-1.0,1,99.063647
-0.3333333333333333,1,99.078867
-0.3333333333333333,1,99.092065
-0.6666666666666666,1,99.09628
-0.3333333333333333,1,99.100927
-0.3333333333333333,1,99.104914
-0.2,1,99.108655
-0.2,1,99.113342
-0.16666666666666666,1,99.12146
-0.2,1,99.125541
-0.2,1,99.130272
-0.4,1,99.134869
-0.5,1,99.138856
-0.4,1,99.143631
-0.06666666666666667,1,99.147801
-0.2222222222222222,1,99.152852
-0.3333333333333333,1,99.158032
-0.2222222222222222,1,99.163009
-0.16666666666666666,1,99.167755
-0.2222222222222222,1,99.172339
-0.3333333333333333,1,99.180888
-0.1,1,99.188229
-0.12,1,99.192331
-0.2,1,99.196629
-0.25,1,99.201233
-0.2,1,99.205934
-0.12,1,99.220501
-0.2,1,99.229372
-0.12,1,99.247048
-0.2,1,99.264072
-0.2,1,99.272603
-0.2,1,99.284391
-0.12,1,99.297602
-0.06666666666666667,1,99.313012
-0.2,1,99.32471
-0.06666666666666667,1,99.334107
-0.2,1,99.350552
-0.06666666666666667,1,99.371384
-0.16666666666666666,1,99.378851
-0.2222222222222222,1,99.384425
-0.3333333333333333,1,99.3893
0.0,1,99.394392
-1.0,1,99.39886
-1.0,1,99.404464
-1.0,1,99.40867
-1.0,1,99.413335
-0.6666666666666666,1,99.418136
-0.5,1,99.422732
-0.3333333333333333,1,99.4268
-0.2,1,99.430906
-0.16666666666666666,1,99.435168
-0.2,1,99.439208
-0.2,1,99.443406
-0.25,1,99.44821
-0.3333333333333333,1,99.453608
0.0,1,99.457716
-1.0,1,99.4622
-1.0,1,99.466805
-1.0,1,99.471249
-1.0,1,99.475121
-1.0,1,99.481569
-0.5,1,99.487871
-0.3333333333333333,1,99.493998
-0.2,1,99.500685
-0.3333333333333333,1,99.506404
-0.125,1,99.511057
-0.3333333333333333,1,99.516272
-0.2,1,99.521127
-0.2,1,99.524789
-0.3333333333333333,1,99.529732
-0.2,1,99.53428
-0.2,1,99.538233
-0.2222222222222222,1,99.542097
-0.2,1,99.546259
-0.2,1,99.551334
-0.2,1,99.555393
-0.2,1,99.559567
-0.25,1,99.563833
-0.2,1,99.567837
-0.2,1,99.571885
-0.2222222222222222,1,99.576336
-0.16666666666666666,1,99.581218
-0.06666666666666667,1,99.5864
-0.2,1,99.590695
-0.2,1,99.595711
-0.2,1,99.600701
-0.1,1,99.604489
-0.16666666666666666,1,99.60852
-0.2222222222222222,1,99.613249
-0.3333333333333333,1,99.618752
0.0,1,99.624189
-1.0,1,99.627952
-1.0,1,99.632039
-1.0,1,99.636269
-0.5,1,99.640104
-0.6666666666666666,1,99.64375
-0.3333333333333333,1,99.647146
-0.16666666666666666,1,99.651404
-0.25,1,99.654941
-0.16666666666666666,1,99.658682
-0.25,1,99.662947
-0.2,1,99.667234
-0.12,1,99.670727
-0.3,1,99.674682
-0.12,1,99.679502
-0.2,1,99.683616
-0.06666666666666667,1,99.687786
-0.2,1,99.691872
-0.25,1,99.696874
-0.2,1,99.701219
-0.12,1,99.705139
-0.2,1,99.708587
-0.12,1,99.712211
-0.2,1,99.716858
-0.25,1,99.720521
-0.16666666666666666,1,99.724074
-0.25,1,99.727695
0.0,1,99.734165
-1.0,1,99.739269
-1.0,1,99.74421
-0.6666666666666666,1,99.748291
-0.5,1,99.752577
-0.4,1,99.756674
-0.2,1,99.761169
0.0,1,99.765634
-1.0,1,99.769529
-1.0,1,99.773153
-0.6666666666666666,1,99.776959
-0.75,1,99.781369
-0.3333333333333333,1,99.785491
-0.5,1,99.789081
-0.16666666666666666,1,99.792619
-0.06666666666666667,1,99.797185
-0.4,1,99.801859
-0.2,1,99.806143
-0.16666666666666666,1,99.810045
-0.5555555555555556,1,99.813848
-0.6666666666666666,1,99.818152
-0.5555555555555556,1,99.822016
-0.16666666666666666,1,99.826126
-0.125,1,99.83007
-0.3,1,99.834779
-0.12,1,99.838975
-0.2,1,99.843889
-0.125,1,99.848722
-0.3,1,99.853634
-0.25,1,99.858609
-0.3333333333333333,1,99.864429
0.0,1,99.869707
-1.0,1,99.875802
-1.0,1,99.879953
-1.0,1,99.883856
-0.75,1,99.887714
-1.0,1,99.891322
-1.0,1,99.89629
-1.0,1,99.900959
-0.5,1,99.904877
-0.3333333333333333,1,99.909011
-0.2,1,99.913283
-0.2,1,99.917733
-0.3333333333333333,1,99.921813
-0.4,1,99.926222
-0.5,1,99.930065
-0.6666666666666666,1,99.934855
-0.5555555555555556,1,99.938926
-0.16666666666666666,1,99.953618
-0.125,1,99.959547
-0.2,1,99.964387
-0.12,1,99.968979
-0.2,1,99.973889
-0.2,1,99.978878
-0.06666666666666667,1,99.985376
-0.12,1,99.990075
-0.06666666666666667,1,99.994503
-0.2,1,99.999329
-0.06666666666666667,1,100.003717
-0.12,1,100.007803
-0.2,1,100.011866
-0.06666666666666667,1,100.017059
-0.3,1,100.021524
-0.16666666666666666,1,100.025434
-0.06666666666666667,1,100.030441
-0.2,1,100.035043
-0.2,1,100.039387
-0.25,1,100.044009
-0.16666666666666666,1,100.04887
-0.06666666666666667,1,100.053476
-0.3,1,100.057627
-0.16666666666666666,1,100.062557
-0.3,1,100.067413
-0.12,1,100.071844
-0.2,1,100.07596
0.0,1,100.080097
-1.0,1,100.084593
-1.0,1,100.08861
-0.6666666666666666,1,100.092618
-0.5555555555555556,1,100.097992
-1.0,1,100.102266
-0.75,1,100.106302
-0.3333333333333333,1,100.110837
-0.7777777777777778,1,100.115143
-0.3333333333333333,1,100.11931
-0.25,1,100.12404
-0.1,1,100.128045
-0.25,1,100.13209
-0.3333333333333333,1,100.136515
-0.2,1,100.140759
-0.2222222222222222,1,100.145316
-0.16666666666666666,1,100.149816
-0.2,1,100.154124
-0.16666666666666666,1,100.157832
-0.4,1,100.161742
-0.25,1,100.165624
-0.4,1,100.170546
-0.2,1,100.174234
-0.2,1,100.17768
-0.125,1,100.181428
-0.3333333333333333,1,100.185868
-0.2,1,100.18954
-0.3333333333333333,1,100.193569
-0.75,1,100.198668
-0.16666666666666666,1,100.202967
-0.75,1,100.206634
-0.16666666666666666,1,100.210285
-0.25,1,100.21407
-0.16666666666666666,1,100.218459
-0.3333333333333333,1,100.222244
-0.3333333333333333,1,100.22613
-0.25,1,100.23071
-0.3333333333333333,1,100.236532
-0.25,1,100.241644
-0.2,1,100.246619
-0.12,1,100.250934
-0.2,1,100.254591
-0.2,1,100.258431
-0.2222222222222222,1,100.263631
-0.16666666666666666,1,100.268094
-0.2,1,100.272169
-0.2,1,100.27697
-0.2,1,100.281482
-0.16666666666666666,1,100.285804
-0.2222222222222222,1,100.289749
-0.3333333333333333,1,100.29445
0.0,1,100.298874
-1.0,1,100.303157
-1.0,1,100.307091
-1.0,1,100.31212
-0.5,1,100.316656
-0.3333333333333333,1,100.320685
-0.2,1,100.324168
-0.2222222222222222,1,100.328032
-0.2,1,100.332026
-0.2,1,100.336215
-0.2,1,100.340917
-0.3333333333333333,1,100.3453
-0.2,1,100.349155
-0.1,1,100.353971
-0.12,1,100.358186
-0.1,1,100.362791
-0.3333333333333333,1,100.367639
-0.3333333333333333,1,100.371283
-0.06666666666666667,1,100.375134
-0.3333333333333333,1,100.378866
-0.3333333333333333,1,100.383314
-0.6666666666666666,1,100.387701
-1.0,1,100.391712
-1.0,1,100.396328
-1.0,1,100.401336
-0.6666666666666666,1,100.405358
-0.5,1,100.40933
-0.3333333333333333,1,100.413705
-0.3333333333333333,1,100.418308
-0.3333333333333333,1,100.422629
-0.2,1,100.426503
-0.3333333333333333,1,100.430857
-0.25,1,100.435552
-0.3333333333333333,1,100.439919
-0.3333333333333333,1,100.443894
-0.3333333333333333,1,100.447807
-0.125,1,100.451806
-0.16666666666666666,1,100.455779
-0.25,1,100.459438
-0.2,1,100.463684
-0.16666666666666666,1,100.467651
-0.2,1,100.472088
-0.12,1,100.476313
-0.06666666666666667,1,100.484429
-0.16666666666666666,1,100.490403
-0.2,1,100.494763
-0.12,1,100.498581
-0.2,1,100.502383
-0.16666666666666666,1,100.506482
-0.2,1,100.510808
-0.16666666666666666,1,100.528488
-0.2,1,100.532712
-0.12,1,100.536929
-0.06666666666666667,1,100.541391
-0.16666666666666666,1,100.546001
-0.06666666666666667,1,100.550535
-0.12,1,100.555488
-0.2,1,100.560182
-0.16666666666666666,1,100.564297
-0.2222222222222222,1,100.568826
-0.16666666666666666,1,100.573726
-0.2,1,100.577923
0.0,1,100.582057
-1.0,1,100.586608
-1.0,1,100.591094
-1.0,1,100.595495
-1.0,1,100.59981
-1.0,1,100.606823
-1.0,1,100.610871
-1.0,1,100.615152
-1.0,1,100.619158
-1.0,1,100.623415
-1.0,1,100.627655
-1.0,1,100.631453
-1.0,1,100.635922
-0.3333333333333333,1,100.640545
-0.25,1,100.644927
-0.3333333333333333,1,100.649192
-0.3333333333333333,1,100.653927
-0.1,1,100.658488
-0.3333333333333333,1,100.662971
-0.2222222222222222,1,100.667874
-0.2,1,100.672427
-0.2222222222222222,1,100.676698
-0.16666666666666666,1,100.680795
-0.2222222222222222,1,100.684824
-0.3333333333333333,1,100.689367
-0.2222222222222222,1,100.693397
-0.16666666666666666,1,100.697775
-0.06666666666666667,1,100.701916
-0.16666666666666666,1,100.706134
-0.2,1,100.711103
-0.3333333333333333,1,100.715105
-0.3333333333333333,1,100.718777
-0.3333333333333333,1,100.722947
-0.1,1,100.728647
-0.2,1,100.733685
-0.1,1,100.738024
-0.2,1,100.742849
-0.1,1,100.746793
-0.16666666666666666,1,100.750766
-0.1,1,100.754998
-0.2,1,100.758905
-0.1,1,100.763001
-0.25,1,100.766978
-0.3,1,100.771053
-0.2,1,100.775788
-0.3333333333333333,1,100.779837
-0.125,1,100.783772
-0.3,1,100.78828
-0.2,1,100.792116
-0.4,1,100.796245
-1.0,1,100.800644
-0.4,1,100.805369
-0.06666666666666667,1,100.809569
-0.3333333333333333,1,100.813968
-0.5555555555555556,1,100.81818
-0.3333333333333333,1,100.822997
-0.5555555555555556,1,100.826824
-0.3333333333333333,1,100.830639
0.0,1,100.835205
-1.0,1,100.839436
-0.5,1,100.843482
-0.3333333333333333,1,100.84756
-0.5,1,100.851956
-1.0,1,100.85687
-1.0,1,100.860569
-0.3333333333333333,1,100.864284
-0.3333333333333333,1,100.868973
-0.3333333333333333,1,100.873042
-0.5,1,100.876593
-0.6666666666666666,1,100.880477
-0.25,1,100.884492
-0.3333333333333333,1,100.888995
-0.25,1,100.892729
-0.3333333333333333,1,100.896948
-0.25,1,100.90098
-0.4,1,100.905166
-0.16666666666666666,1,100.908957
-0.2222222222222222,1,100.913878
-0.2,1,100.917944
-0.3333333333333333,1,100.92226
0.0,1,100.92635
-1.0,1,100.930861
-1.0,1,100.934811
-0.6666666666666666,1,100.939044
-1.0,1,100.943453
-0.6666666666666666,1,100.947861
-0.75,1,100.951622
-0.16666666666666666,1,100.956066
-0.75,1,100.960602
-0.16666666666666666,1,100.965055
-0.2,1,100.970017
-0.2,1,100.97433
-0.12,1,100.978667
-0.1,1,100.98287
-0.16666666666666666,1,100.988186
-0.3,1,100.992629
-0.06666666666666667,1,100.996809
-0.2,1,101.000833
-0.12,1,101.005558
-0.3,1,101.009724
-0.12,1,101.014217
-0.06666666666666667,1,101.020215
-0.2,1,101.027771
0.0,1,101.037464
-1.0,1,101.042693
-1.0,1,101.047182
-0.6666666666666666,1,101.051499
-1.0,1,101.056038
-0.6666666666666666,1,101.059779
-0.75,1,101.064158
-0.3333333333333333,1,101.068708
-0.2,1,101.072693
-0.2,1,101.076174
-0.25,1,101.080288
-0.3333333333333333,1,101.084937
-0.25,1,101.088586
-0.3333333333333333,1,101.103768
-0.3333333333333333,1,101.109093
0.0,1,101.113678
-1.0,1,101.118455
-1.0,1,101.123003
-0.6666666666666666,1,101.12733
-0.75,1,101.131478
-0.3333333333333333,1,101.136223
-0.3333333333333333,1,101.140493
-0.3333333333333333,1,101.145437
0.0,1,101.149988
-1.0,1,101.154257
-1.0,1,101.158489
-1.0,1,101.163002
-1.0,1,101.168228
-1.0,1,101.172773
-0.5555555555555556,1,101.177028
-0.6666666666666666,1,101.18101
-0.5555555555555556,1,101.185752
-0.16666666666666666,1,101.190587
-0.2,1,101.19527
-0.3333333333333333,1,101.200225
-0.3333333333333333,1,101.204784
-0.2,1,101.20952
-0.12,1,101.213837
-0.2,1,101.218335
-0.16666666666666666,1,101.22261
-0.2222222222222222,1,101.226724
-0.16666666666666666,1,101.232752
-0.2222222222222222,1,101.236994
-0.16666666666666666,1,101.240553
-0.1,1,101.245259
-0.2,1,101.250194
-0.06666666666666667,1,101.25419
-0.12,1,101.257869
-0.2,1,101.262475
-0.06666666666666667,1,101.266844
-0.16666666666666666,1,101.270963
-0.3333333333333333,1,101.274913
-0.3333333333333333,1,101.27931
-0.3333333333333333,1,101.283996
-0.1,1,101.287843
-0.25,1,101.291564
-0.3333333333333333,1,101.295702
-0.3333333333333333,1,101.300878
-0.3333333333333333,1,101.305064
-0.3333333333333333,1,101.309286
-0.3333333333333333,1,101.314485
-0.2,1,101.319062
-0.2,1,101.323337
-0.2,1,101.327755
-0.2,1,101.33216
-0.2,1,101.337278
-0.16666666666666666,1,101.341436
-0.06666666666666667,1,101.345826
-0.16666666666666666,1,101.351892
-0.2,1,101.356671
-0.2222222222222222,1,101.361483
-0.06666666666666667,1,101.365337
-0.3,1,101.370083
-0.16666666666666666,1,101.373868
-0.3,1,101.377509
-0.12,1,101.381827
-0.06666666666666667,1,101.386362
-0.16666666666666666,1,101.39042
-0.2,1,101.39413
-0.06666666666666667,1,101.39869
-0.3,1,101.402868
-0.16666666666666666,1,101.407087
-0.2,1,101.411337
-0.125,1,101.415262
-0.16666666666666666,1,101.419135
-0.5555555555555556,1,101.422936
-0.16666666666666666,1,101.426636
-0.06666666666666667,1,101.430825
-0.3,1,101.434824
-0.12,1,101.438645
-0.06666666666666667,1,101.442351
-0.16666666666666666,1,101.44645
-0.06666666666666667,1,101.450477
-0.16666666666666666,1,101.454133
-0.06666666666666667,1,101.457911
-0.2,1,101.462768
-0.2,1,101.467023
-0.2,1,101.473929
-0.2,1,101.479917
-0.16666666666666666,1,101.484564
-0.3,1,101.488776
-0.06666666666666667,1,101.493187
-0.3,1,101.497383
-0.12,1,101.502175
-0.3,1,101.50624
-0.125,1,101.51017
-0.3,1,101.51456
-0.12,1,101.51897
-0.3,1,101.523188
-0.125,1,101.527169
-0.2,1,101.532453
-0.25,1,101.544808
-0.2,1,101.548822
-0.2,1,101.552802
-0.3333333333333333,1,101.556951
-0.3333333333333333,1,101.560805
-0.3333333333333333,1,101.564955
-1.0,1,101.569017
-1.0,1,101.573155
-0.5555555555555556,1,101.577881
-0.6666666666666666,1,101.583143
-0.3333333333333333,1,101.587255
-0.6666666666666666,1,101.591
-1.0,1,101.596912
-1.0,1,101.602061
-0.3333333333333333,1,101.606912
-0.3333333333333333,1,101.610698
-0.3333333333333333,1,101.614792
-0.2222222222222222,1,101.619164
-0.06666666666666667,1,101.623593
-0.16666666666666666,1,101.627656
-0.125,1,101.631785
-0.3,1,101.63595
-0.2,1,101.654788
-0.3333333333333333,1,101.674501
-0.7777777777777778,1,101.682543
-0.3333333333333333,1,101.69319
-0.2,1,101.700343
-0.2222222222222222,1,101.709546
-0.2,1,101.716348
-0.3,1,101.722226
-0.125,1,101.734673
-0.2,1,101.741797
-0.125,1,101.747284
-0.16666666666666666,1,101.752088
-0.06666666666666667,1,101.756605
-0.3333333333333333,1,101.76108
-0.3333333333333333,1,101.765342
-0.6666666666666666,1,101.769998
-0.5,1,101.774031
-0.4,1,101.778752
-0.16666666666666666,1,101.783418
-0.2222222222222222,1,101.788177
-0.16666666666666666,1,101.792662
-0.2222222222222222,1,101.797873
-0.16666666666666666,1,101.802776
-0.2,1,101.806993
-0.12,1,101.81074
-0.06666666666666667,1,101.815091
-0.16666666666666666,1,101.820072
-0.2222222222222222,1,101.824617
-0.16666666666666666,1,101.829102
-0.1,1,101.834143
-0.25,1,101.83827
-0.1,1,101.842547
-0.125,1,101.846771
-0.1,1,101.851351
-0.2,1,101.855413
-0.1,1,101.85906
-0.25,1,101.8632
-0.1,1,101.867704
-0.2,1,101.871778
-0.1,1,101.875749
-0.16666666666666666,1,101.87957
-0.2222222222222222,1,101.884206
-0.2,1,101.887649
-0.16666666666666666,1,101.891103
-0.3333333333333333,1,101.894789
-0.16666666666666666,1,101.898778
-0.06666666666666667,1,101.903956
-0.2222222222222222,1,101.907912
-0.16666666666666666,1,101.911954
-0.2,1,101.915954
-0.5,1,101.920151
-0.3333333333333333,1,101.924217
-0.5,1,101.928444
-0.6666666666666666,1,101.932307
-0.7777777777777778,1,101.936495
-0.6666666666666666,1,101.940153
-0.3333333333333333,1,101.944027
-0.3333333333333333,1,101.947884
-0.25,1,101.952135
-0.6666666666666666,1,101.955758
-0.5,1,101.959496
-0.6666666666666666,1,101.965132
-0.3333333333333333,1,101.972935
0.0,1,101.976718
-1.0,1,101.983574
-1.0,1,101.987796
-0.6666666666666666,1,101.991828
-0.5,1,101.996193
-0.4,1,102.000527
-0.5,1,102.00462
-1.0,1,102.008512
-1.0,1,102.012918
-0.3333333333333333,1,102.017116
-0.25,1,102.021496
-1.0,1,102.025475
-0.75,1,102.029052
-0.16666666666666666,1,102.032692
-0.2,1,102.036603
-0.4,1,102.040272
-0.5,1,102.043776
-0.6666666666666666,1,102.047391
-0.25,1,102.05148
-0.6666666666666666,1,102.055107
-0.5,1,102.059714
-0.6666666666666666,1,102.065134
-0.5,1,102.069729
-0.2,1,102.075075
-0.16666666666666666,1,102.080738
-0.4,1,102.086579
-0.2,1,102.092725
-0.2,1,102.09793
-0.25,1,102.102347
-0.3333333333333333,1,102.106433
-0.2,1,102.11044
-0.2,1,102.114727
-0.25,1,102.119873
-0.2,1,102.123684
-0.25,1,102.127657
-0.3,1,102.131922
-0.125,1,102.136346
-0.3333333333333333,1,102.140446
-0.75,1,102.144358
-1.0,1,102.149064
-1.0,1,102.153897
-1.0,1,102.157384
-1.0,1,102.161945
-1.0,1,102.166632
-0.5,1,102.170801
-0.3333333333333333,1,102.174765
-0.5,1,102.179175
-0.6666666666666666,1,102.18394
-0.3333333333333333,1,102.188131
-0.6666666666666666,1,102.19201
-0.3333333333333333,1,102.196006
-0.3333333333333333,1,102.199976
-0.3333333333333333,1,102.204443
-0.3333333333333333,1,102.208703
-0.25,1,102.213861
-0.2,1,102.220726
-0.16666666666666666,1,102.225061
0.0,1,102.228668
-1.0,1,102.232758
-1.0,1,102.236748
-0.6666666666666666,1,102.240735
-0.5555555555555556,1,102.244553
-1.0,1,102.248271
-0.3333333333333333,1,102.252263
-0.3333333333333333,1,102.255858
-0.3333333333333333,1,102.259611
-0.3333333333333333,1,102.26538
-0.2,1,102.269254
-0.2,1,102.272652
-0.2,1,102.276032
-0.06666666666666667,1,102.279734
-0.16666666666666666,1,102.284137
0.0,1,102.287893
-1.0,1,102.305776
-1.0,1,102.312278
-1.0,1,102.318882
-1.0,1,102.323589
-1.0,1,102.328063
-0.5555555555555556,1,102.333091
-0.3333333333333333,1,102.337986
-0.5555555555555556,1,102.342555
-0.16666666666666666,1,102.347224
-0.06666666666666667,1,102.351985
-0.3,1,102.356557
-0.16666666666666666,1,102.360842
-0.3,1,102.365752
-0.06666666666666667,1,102.370162
-0.2222222222222222,1,102.373961
-0.16666666666666666,1,102.378224
-0.06666666666666667,1,102.383172
-0.16666666666666666,1,102.387506
-0.06666666666666667,1,102.3919
-0.12,1,102.396271
-0.2,1,102.401242
-0.2,1,102.405393
-0.2,1,102.409496
-0.125,1,102.414794
-0.3,1,102.427561
-0.2,1,102.459621
-0.2,1,102.465768
-0.2,1,102.471724
-0.2,1,102.476223
-0.25,1,102.481122
-0.3333333333333333,1,102.485796
-0.5,1,102.490185
-0.16666666666666666,1,102.495125
-0.06666666666666667,1,102.500001
-0.2222222222222222,1,102.504168
-0.16666666666666666,1,102.507887
-0.2,1,102.512143
-0.12,1,102.51595
-0.2,1,102.51952
-0.12,1,102.52394
-0.06666666666666667,1,102.53673
-0.12,1,102.55288
-0.2,1,102.562746
-0.2,1,102.572343
-0.3333333333333333,1,102.589931
-0.2,1,102.595137
-0.3333333333333333,1,102.600149
-0.3333333333333333,1,102.6043
-0.6666666666666666,1,102.608271
-0.5,1,102.612623
-0.4,1,102.622138
-0.06666666666666667,1,102.634758
-0.4,1,102.639286
-0.5,1,102.643163
-0.16666666666666666,1,102.648361
-0.3333333333333333,1,102.653074
-1.0,1,102.657412
-0.5,1,102.662659
-0.3333333333333333,1,102.688009
-0.3333333333333333,1,102.691854
-0.16666666666666666,1,102.708402
-0.5555555555555556,1,102.715523
-0.6666666666666666,1,102.720898
-1.0,1,102.731663
-1.0,1,102.744305
-0.5555555555555556,1,102.758002
-0.6666666666666666,1,102.762641
-0.5,1,102.76979
-0.3333333333333333,1,102.775879
-0.25,1,102.780968
-0.3333333333333333,1,102.785824
-0.25,1,102.789962
-0.2,1,102.796569
-0.25,1,102.800904
-0.3333333333333333,1,102.805088
-0.2,1,102.80889
-0.2222222222222222,1,102.813235
-0.16666666666666666,1,102.817401
-0.2,1,102.821693
-0.12,1,102.825622
-0.06666666666666667,1,102.829102
-0.16666666666666666,1,102.833839
-0.06666666666666667,1,102.838084
-0.12,1,102.842491
-0.06666666666666667,1,102.847349
-0.16666666666666666,1,102.85249
-0.2222222222222222,1,102.857363
-0.2,1,102.861084
-0.2,1,102.865013
-0.12,1,102.868859
-0.1,1,102.873283
-0.16666666666666666,1,102.876965
-0.2222222222222222,1,102.881673
-0.2,1,102.885198
-0.1,1,102.888818
-0.2,1,102.892992
-0.4,1,102.896765
-0.2,1,102.900343
-0.2222222222222222,1,102.904289
-0.3333333333333333,1,102.907694
0.0,1,102.91185
-1.0,1,102.915157
-1.0,1,102.91869
-1.0,1,102.923622
-1.0,1,102.927821
-1.0,1,102.931984
-0.75,1,102.936028
-0.4,1,102.94019
-0.2,1,102.94394
-0.2,1,102.947578
-0.3333333333333333,1,102.951661
-0.3333333333333333,1,102.95629
-0.2,1,102.960437
-0.2222222222222222,1,102.96401
-0.16666666666666666,1,102.967816
-0.2,1,102.971637
-0.25,1,102.975141
-0.3333333333333333,1,102.979237
-0.3333333333333333,1,102.982693
-0.1,1,102.986226
-0.3333333333333333,1,102.990798
-0.2,1,102.99524
-0.25,1,102.999111
-0.1,1,103.003492
-0.12,1,103.007704
-0.2,1,103.012107
-0.2,1,103.015802
-0.2,1,103.019818
-0.3333333333333333,1,103.038318
-0.2,1,103.046253
-1.0,1,103.0506
-0.4,1,103.054812
-0.2,1,103.059594
-0.2,1,103.063926
-0.25,1,103.068035
-0.3333333333333333,1,103.072796
-0.5555555555555556,1,103.077058
-1.0,1,103.081627
-0.5,1,103.086056
-1.0,1,103.090425
-0.5,1,103.094515
-0.4,1,103.099023
-0.16666666666666666,1,103.103972
-0.2222222222222222,1,103.108634
-0.16666666666666666,1,103.115536
-0.3,1,103.1198
-0.12,1,103.124485
-0.3,1,103.128845
-0.125,1,103.132942
-0.2,1,103.136993
-0.2,1,103.141226
-0.3333333333333333,1,103.144726
-0.25,1,103.148502
-0.3333333333333333,1,103.152888
-0.3333333333333333,1,103.157677
-0.6666666666666666,1,103.162004
-0.3333333333333333,1,103.165829
-0.16666666666666666,1,103.170022
-0.125,1,103.174516
-0.3333333333333333,1,103.178323
-0.2,1,103.182296
-0.2,1,103.18672
-0.16666666666666666,1,103.19071
-0.06666666666666667,1,103.195519
-0.12,1,103.199924
-0.3,1,103.203875
-0.12,1,103.207852
-0.06666666666666667,1,103.211788
-0.16666666666666666,1,103.216021
-0.2,1,103.22076
-0.2,1,103.224869
-0.16666666666666666,1,103.229155
-0.25,1,103.234019
-0.16666666666666666,1,103.238487
-0.06666666666666667,1,103.242857
-0.2,1,103.246879
-0.2,1,103.250804
-0.06666666666666667,1,103.255521
-0.2,1,103.259825
-0.2,1,103.263549
-0.16666666666666666,1,103.269258
-0.2,1,103.273668
-0.25,1,103.277683
-0.2,1,103.282203
-0.2,1,103.285949
-0.2,1,103.290121
-0.125,1,103.294
-0.3,1,103.298122
-0.125,1,103.30194
-0.16666666666666666,1,103.30609
-0.5555555555555556,1,103.310004
-0.16666666666666666,1,103.314333
-0.125,1,103.320133
-0.16666666666666666,1,103.326572
-0.06666666666666667,1,103.330468
-0.16666666666666666,1,103.334184
-0.75,1,103.338532
-0.4,1,103.342578
-0.16666666666666666,1,103.346569
-0.2,1,103.350527
-0.16666666666666666,1,103.355867
-0.2222222222222222,1,103.361432
-0.3333333333333333,1,103.36591
-0.2222222222222222,1,103.369741
-0.06666666666666667,1,103.3742
-0.2,1,103.378439
-0.12,1,103.382951
-0.2,1,103.386882
-0.125,1,103.391222
-0.3333333333333333,1,103.396004
-0.75,1,103.399872
-0.4,1,103.403702
-0.2,1,103.408289
-0.2,1,103.413494
-0.2,1,103.417656
-0.16666666666666666,1,103.422302
-0.125,1,103.426427
-0.3,1,103.430706
-0.16666666666666666,1,103.436288
-0.2222222222222222,1,103.44204
-0.16666666666666666,1,103.450006
0.0,1,103.454339
-1.0,1,103.457955
-0.5,1,103.46177
-0.3333333333333333,1,103.466787
-0.25,1,103.470702
-0.3333333333333333,1,103.47416
-0.2,1,103.477907
-0.16666666666666666,1,103.482649
-0.125,1,103.486453
-0.16666666666666666,1,103.490165
-0.3333333333333333,1,103.49384
-0.3333333333333333,1,103.497633
-0.25,1,103.501592
-0.4,1,103.505327
-1.0,1,103.509277
-1.0,1,103.51382
-0.75,1,103.518106
-0.3333333333333333,1,103.522218
-0.3333333333333333,1,103.526383
-0.3333333333333333,1,103.530683
-0.3333333333333333,1,103.535772
-0.3333333333333333,1,103.539781
-0.06666666666666667,1,103.543921
-0.3,1,103.547949
-0.125,1,103.552188
-0.16666666666666666,1,103.55628
-0.3333333333333333,1,103.560898
-0.3333333333333333,1,103.565088
-0.25,1,103.569546
0.0,1,103.573815
-1.0,1,103.578013
-1.0,1,103.588878
-1.0,1,103.596219
-1.0,1,103.600436
-0.6666666666666666,1,103.604684
-0.5,1,103.615471
-1.0,1,103.623287
-1.0,1,103.627582
-0.3333333333333333,1,103.632634
-0.25,1,103.637689
-0.2,1,103.641924
-0.2,1,103.646435
-0.2222222222222222,1,103.651611
-0.2,1,103.655925
-0.2,1,103.660106
-0.12,1,103.664511
-0.2,1,103.66898
-0.12,1,103.673467
-0.06666666666666667,1,103.677969
-0.12,1,103.682992
-0.3,1,103.687775
-0.125,1,103.692053
-0.3333333333333333,1,103.696309
-0.25,1,103.700851
-0.6666666666666666,1,103.705149
-0.5,1,103.709324
-0.16666666666666666,1,103.713287
-0.06666666666666667,1,103.717764
-0.3333333333333333,1,103.721462
-0.5555555555555556,1,103.725148
-0.3333333333333333,1,103.730494
-0.5555555555555556,1,103.735222
-0.16666666666666666,1,103.738683
-0.125,1,103.742271
-0.3333333333333333,1,103.746862
-0.2,1,103.750848
-0.2222222222222222,1,103.754394
-0.3333333333333333,1,103.757897
0.0,1,103.761699
-1.0,1,103.765628
-1.0,1,103.769514
-1.0,1,103.77292
-1.0,1,103.776393
-1.0,1,103.780395
-0.5,1,103.784631
-0.6666666666666666,1,103.788313
-1.0,1,103.792645
-1.0,1,103.796961
-1.0,1,103.801437
-1.0,1,103.806334
-1.0,1,103.81191
-0.6666666666666666,1,103.819387
-0.3333333333333333,1,103.825671
-0.6666666666666666,1,103.831059
-1.0,1,103.836002
-0.6666666666666666,1,103.84019
-1.0,1,103.84452
-0.6666666666666666,1,103.848611
-0.75,1,103.852873
-0.4,1,103.858232
-0.75,1,103.863485
-0.4,1,103.868637
-0.2,1,103.873266
-0.3333333333333333,1,103.877099
-0.7777777777777778,1,103.880976
-0.3333333333333333,1,103.886507
-0.3333333333333333,1,103.89095
-0.6666666666666666,1,103.895405
-0.5,1,103.900319
-0.6666666666666666,1,103.904668
-0.5,1,103.909482
-1.0,1,103.913972
-0.5,1,103.918689
-0.2,1,103.923042
-0.5,1,103.927118
-0.6666666666666666,1,103.931976
-0.3333333333333333,1,103.936641
-0.3333333333333333,1,103.940619
-0.25,1,103.944412
-0.3333333333333333,1,103.948505
-0.3333333333333333,1,103.953184
-0.2,1,103.95744
-0.25,1,103.962585
0.0,1,103.967257
-1.0,1,103.97153
-1.0,1,103.976107
-0.6666666666666666,1,103.980423
-0.3333333333333333,1,103.985241
-0.3333333333333333,1,103.989945
-0.3333333333333333,1,103.994074
-0.6666666666666666,1,103.998041
-0.75,1,104.002454
-0.4,1,104.006372
-0.2,1,104.010099
-0.3333333333333333,1,104.014187
-0.3333333333333333,1,104.018881
-0.16666666666666666,1,104.023107
-0.5555555555555556,1,104.026796
-1.0,1,104.031214
-0.5555555555555556,1,104.035778
-0.6666666666666666,1,104.039924
-0.5,1,104.043646
-0.3333333333333333,1,104.047486
-0.3333333333333333,1,104.052177
0.0,1,104.056061
-1.0,1,104.060093
-1.0,1,104.064843
-0.6666666666666666,1,104.069135
-0.3333333333333333,1,104.073101
-0.3333333333333333,1,104.076759
-1.0,1,104.081583
-1.0,1,104.086001
-1.0,1,104.089581
-1.0,1,104.093083
-1.0,1,104.096914
-0.6666666666666666,1,104.101934
-0.75,1,104.105686
-0.6666666666666666,1,104.109677
-0.5,1,104.114515
-0.3333333333333333,1,104.118557
-1.0,1,104.122257
-0.3333333333333333,1,104.12591
-0.5555555555555556,1,104.130048
-0.3333333333333333,1,104.134494
-1.0,1,104.138429
-1.0,1,104.142564
-1.0,1,104.147094
-0.3333333333333333,1,104.152797
-0.3333333333333333,1,104.159622
-0.3333333333333333,1,104.165816
-0.5,1,104.170936
-0.4,1,104.177873
-0.2,1,104.183472
-0.2,1,104.196899
-0.125,1,104.203137
-0.3333333333333333,1,104.207933
-0.3333333333333333,1,104.212185
0.0,1,104.216806
-1.0,1,104.220925
-0.5,1,104.225399
-0.3333333333333333,1,104.229593
-0.3333333333333333,1,104.234809
-0.3333333333333333,1,104.239343
-0.5,1,104.243493
-0.3333333333333333,1,104.24797
-0.5,1,104.252763
-1.0,1,104.25684
-1.0,1,104.260961
-1.0,1,104.265079
-1.0,1,104.269945
-1.0,1,104.274306
-1.0,1,104.278634
-0.4,1,104.283279
-0.16666666666666666,1,104.28747
-0.2222222222222222,1,104.291334
-0.3333333333333333,1,104.295436
-0.2222222222222222,1,104.30028
-0.16666666666666666,1,104.304674
-0.3,1,104.309611
-0.25,1,104.314544
-0.3,1,104.318456
-0.25,1,104.322401
-0.2,1,104.326292
-0.2,1,104.330721
-0.4,1,104.335051
-0.16666666666666666,1,104.33898
-0.2222222222222222,1,104.342801
-0.16666666666666666,1,104.346612
-0.2222222222222222,1,104.350713
-0.16666666666666666,1,104.35434
-0.2,1,104.357945
-0.25,1,104.362494
-0.16666666666666666,1,104.366541
-0.125,1,104.37011
-0.2,1,104.373801
-0.2,1,104.377862
-0.06666666666666667,1,104.382403
-0.2,1,104.386056
-0.06666666666666667,1,104.389501
-0.16666666666666666,1,104.393103
0.0,1,104.39757
-1.0,1,104.401783
-1.0,1,104.405638
-1.0,1,104.409644
-1.0,1,104.414327
-1.0,1,104.421484
-1.0,1,104.425636
-0.4,1,104.429892
-0.5,1,104.434425
-0.4,1,104.43865
-0.16666666666666666,1,104.442976
-0.4,1,104.446795
-1.0,1,104.451005
-0.4,1,104.454912
-0.16666666666666666,1,104.459243
-0.2222222222222222,1,104.464177
-0.2,1,104.468307
-0.3333333333333333,1,104.472924
-0.2,1,104.476414
0.0,1,104.480115
-1.0,1,104.484279
-1.0,1,104.488508
-1.0,1,104.492604
-1.0,1,104.496563
-1.0,1,104.501232
-1.0,1,104.50528
-1.0,1,104.50936
-0.75,1,104.513197
-1.0,1,104.518189
-0.5,1,104.521797
-0.6666666666666666,1,104.525577
-0.3333333333333333,1,104.529725
-0.3333333333333333,1,104.535697
-0.25,1,104.540703
-0.2,1,104.544474
-0.16666666666666666,1,104.549067
-0.1,1,104.553218
-0.2,1,104.557142
-0.2,1,104.560637
-0.16666666666666666,1,104.568387
-0.06666666666666667,1,104.572658
-0.2,1,104.576154
-0.2,1,104.581106
-0.16666666666666666,1,104.585249
-0.2222222222222222,1,104.589042
-0.2,1,104.592926
-0.2,1,104.6023
-0.2,1,104.614594
-0.3333333333333333,1,104.620548
-0.7777777777777778,1,104.624714
-0.3333333333333333,1,104.629908
-0.25,1,104.634867
-0.3333333333333333,1,104.639765
-0.25,1,104.644645
-0.3333333333333333,1,104.650367
-0.2,1,104.655626
-0.16666666666666666,1,104.664228
-0.2,1,104.670147
-0.4,1,104.674961
-0.75,1,104.679233
-0.4,1,104.683782
-0.2,1,104.688029
-0.3,1,104.692189
-0.16666666666666666,1,104.696597
-0.2,1,104.701192
-0.125,1,104.705234
-0.3,1,104.709351
-0.06666666666666667,1,104.713733
-0.16666666666666666,1,104.718313
-0.5555555555555556,1,104.722458
-0.16666666666666666,1,104.726621
-0.3333333333333333,1,104.730592
-0.3333333333333333,1,104.735534
-0.25,1,104.739638
-0.6666666666666666,1,104.743642
-1.0,1,104.747468
-1.0,1,104.751469
-1.0,1,104.755502
-0.6666666666666666,1,104.759243
-1.0,1,104.764109
-0.3333333333333333,1,104.769257
-1.0,1,104.784349
-1.0,1,104.789222
-1.0,1,104.79375
-1.0,1,104.7983
-0.25,1,104.802989
-0.2,1,104.807543
-1.0,1,104.812215
-0.2,1,104.817002
-0.2,1,104.821471
-0.2,1,104.825631
0.0,1,104.829805
-1.0,1,104.835165
-1.0,1,104.839599
-0.6666666666666666,1,104.8437
-1.0,1,104.848272
-1.0,1,104.853517
-0.5,1,104.85797
-0.2,1,104.862252
-0.2,1,104.866868
-0.2,1,104.871168
-0.16666666666666666,1,104.874988
-1.0,1,104.880598
-0.16666666666666666,1,104.888603
-0.2222222222222222,1,104.89463
-0.16666666666666666,1,104.901495
-0.2,1,104.9073
-0.16666666666666666,1,104.915013
-0.2222222222222222,1,104.921636
-0.16666666666666666,1,104.928272
-0.2,1,104.93282
-0.2,1,104.938119
-0.3333333333333333,1,104.944013
-0.3333333333333333,1,104.949014
-0.3333333333333333,1,104.953424
-0.3333333333333333,1,104.957639
-0.3333333333333333,1,104.961978
-0.125,1,104.966957
-0.3,1,104.971828
-0.2,1,104.976208
-0.2,1,104.980806
-0.2,1,104.985678
-0.2222222222222222,1,104.990276
-0.16666666666666666,1,104.995566
-0.2,1,105.00049
-0.25,1,105.00536
-0.3,1,105.009913
-0.25,1,105.014786
-0.2,1,105.019383
-0.2,1,105.024633
-0.2,1,105.028926
-0.2,1,105.03336
-0.2,1,105.038066
-0.16666666666666666,1,105.042606
-0.2222222222222222,1,105.046969
-0.3333333333333333,1,105.051164
-0.3333333333333333,1,105.054862
-0.3333333333333333,1,105.059727
-0.2,1,105.06381
-0.3333333333333333,1,105.067969
-0.2,1,105.071718
-0.25,1,105.076235
-0.3333333333333333,1,105.079944
-0.06666666666666667,1,105.084632
-0.4,1,105.089081
-0.5,1,105.092873
-0.3333333333333333,1,105.096694
-0.5555555555555556,1,105.101018
-0.16666666666666666,1,105.105572
-0.06666666666666667,1,105.109687
-0.3333333333333333,1,105.114068
-0.25,1,105.11869
-0.2,1,105.122489
0.0,1,105.125967
-1.0,1,105.129606
-1.0,1,105.134203
-1.0,1,105.137908
-0.75,1,105.141556
-0.4,1,105.145247
-0.16666666666666666,1,105.149854
0.0,1,105.154271
-1.0,1,105.158295
-1.0,1,105.162572
-1.0,1,105.166734
-0.25,1,105.170823
-0.2,1,105.174639
-0.16666666666666666,1,105.178713
-0.2222222222222222,1,105.183398
-0.2,1,105.187165
-0.2222222222222222,1,105.190648
-0.2,1,105.195419
-0.4,1,105.201956
-0.16666666666666666,1,105.210143
-1.0,1,105.215695
-1.0,1,105.221811
-1.0,1,105.229251
-0.5,1,105.235595
-0.6666666666666666,1,105.240378
-0.5,1,105.244893
-0.4,1,105.250976
-0.5,1,105.256906
-0.3333333333333333,1,105.261017
-0.125,1,105.265631
-0.16666666666666666,1,105.269497
-0.25,1,105.274682
-0.2,1,105.279456
-0.25,1,105.284016
0.0,1,105.288991
-1.0,1,105.29351
-1.0,1,105.297077
-0.6666666666666666,1,105.300875
-0.3333333333333333,1,105.305804
-0.3333333333333333,1,105.309727
-0.125,1,105.313546
-0.3333333333333333,1,105.317349
-0.25,1,105.321908
-0.6666666666666666,1,105.326293
-0.5,1,105.330157
-0.4,1,105.334309
-0.16666666666666666,1,105.338135
-1.0,1,105.342366
-1.0,1,105.346881
0.0,1,105.3509
-1.0,1,105.355887
-1.0,1,105.360396
-0.6666666666666666,1,105.364636
-0.5555555555555556,1,105.369378
-0.16666666666666666,1,105.373897
-0.06666666666666667,1,105.378213
-0.3333333333333333,1,105.395169
-0.25,1,105.403046
-0.16666666666666666,1,105.407655
-0.25,1,105.413693
-0.2,1,105.418354
-0.06666666666666667,1,105.423298
-0.4,1,105.42843
-0.2,1,105.433021
-0.1,1,105.43716
-0.25,1,105.4418
-0.2,1,105.446769
-0.12,1,105.451227
-0.06666666666666667,1,105.455819
-0.2,1,105.460338
-0.2,1,105.464531
-0.2,1,105.468586
-0.3333333333333333,1,105.473302
-0.7777777777777778,1,105.477798
-0.6666666666666666,1,105.482404
-1.0,1,105.486806
-0.6666666666666666,1,105.491819
-0.3333333333333333,1,105.496091
-0.6666666666666666,1,105.500284
-0.3333333333333333,1,105.505654
-0.3333333333333333,1,105.510704
-0.2,1,105.514937
-0.1,1,105.519623
-0.16666666666666666,1,105.524153
-0.06666666666666667,1,105.529103
-0.2,1,105.533411
-0.06666666666666667,1,105.538213
-0.2,1,105.542826
-0.2,1,105.546789
-0.12,1,105.551427
-0.1,1,105.555294
-0.2,1,105.560789
-0.2,1,105.564614
-0.12,1,105.568691
-0.1,1,105.573098
-0.25,1,105.577256
0.0,1,105.581195
-1.0,1,105.585083
-1.0,1,105.589514
-0.3333333333333333,1,105.593402
-0.5,1,105.597195
-0.3333333333333333,1,105.600835
-0.06666666666666667,1,105.604778
-0.3333333333333333,1,105.608894
0.0,1,105.613399
-1.0,1,105.617828
-1.0,1,105.62305
-1.0,1,105.628112
-0.75,1,105.639535
-0.4,1,105.643715
-0.2,1,105.647714
-0.2,1,105.652332
-0.2,1,105.656726
-0.3,1,105.66091
-0.06666666666666667,1,105.664942
-0.2,1,105.668826
-0.12,1,105.674438
-0.3,1,105.678689
-0.25,1,105.682646
-0.16666666666666666,1,105.686562
-0.5555555555555556,1,105.690864
-1.0,1,105.695619
-0.5555555555555556,1,105.699634
-0.3333333333333333,1,105.703929
-0.5555555555555556,1,105.708236
-0.16666666666666666,1,105.713602
-0.5555555555555556,1,105.717631
-0.16666666666666666,1,105.722608
-0.3333333333333333,1,105.726599
-0.2222222222222222,1,105.730678
-0.16666666666666666,1,105.734893
-0.2222222222222222,1,105.740137
-0.06666666666666667,1,105.744749
-0.2,1,105.751097
-0.2,1,105.756011
-0.2222222222222222,1,105.760219
-0.06666666666666667,1,105.764224
-0.2,1,105.768553
-0.25,1,105.772733
-0.2,1,105.777178
0.0,1,105.781543
-1.0,1,105.785369
-1.0,1,105.789486
-1.0,1,105.793416
-1.0,1,105.797892
-0.6666666666666666,1,105.802165
-0.3333333333333333,1,105.806262
-0.6666666666666666,1,105.810061
-0.5,1,105.816758
-0.4,1,105.821093
-0.06666666666666667,1,105.825959
-0.4,1,105.830269
-0.5,1,105.834399
-0.6666666666666666,1,105.838649
-0.25,1,105.842509
-0.3333333333333333,1,105.847179
-0.25,1,105.852448
-0.16666666666666666,1,105.85664
-0.75,1,105.8613
-0.6666666666666666,1,105.867792
-0.5,1,105.872269
-0.3333333333333333,1,105.87699
0.0,1,105.881266
-1.0,1,105.885325
-1.0,1,105.88925
-1.0,1,105.893915
-0.3333333333333333,1,105.898235
-0.3333333333333333,1,105.903056
-0.3333333333333333,1,105.922432
-0.2,1,105.946307
-0.25,1,105.959182
-0.16666666666666666,1,105.97009
-0.3333333333333333,1,105.977498
-0.4,1,105.984617
-0.5,1,105.992692
-0.3333333333333333,1,106.001084
-0.3333333333333333,1,106.005734
-0.3333333333333333,1,106.009837
-0.25,1,106.015183
-1.0,1,106.019888
-1.0,1,106.023916
-1.0,1,106.03055
-0.16666666666666666,1,106.035764
-0.2,1,106.040272
-0.25,1,106.051756
-0.16666666666666666,1,106.056511
-0.25,1,106.060664
-1.0,1,106.065456
-1.0,1,106.070884
-1.0,1,106.07514
-1.0,1,106.079656
-1.0,1,106.084133
-1.0,1,106.088034
-1.0,1,106.091875
-0.5555555555555556,1,106.095502
-0.3333333333333333,1,106.099796
-0.5,1,106.103964
-0.4,1,106.107941
-0.2,1,106.114759
-0.2,1,106.119591
-0.16666666666666666,1,106.123729
-0.4,1,106.127322
-0.16666666666666666,1,106.132367
-0.4,1,106.13737
-0.2,1,106.141773
-0.2,1,106.146794
-0.25,1,106.151963
-0.16666666666666666,1,106.156985
-0.25,1,106.161928
-0.3,1,106.166588
-0.2,1,106.171402
-0.2222222222222222,1,106.176022
-0.2,1,106.202038
-0.3333333333333333,1,106.235476
-0.2,1,106.250199
-0.2222222222222222,1,106.256205
-0.16666666666666666,1,106.261954
0.0,1,106.268138
-1.0,1,106.273118
-1.0,1,106.27746
-1.0,1,106.28179
-0.5555555555555556,1,106.28638
-0.16666666666666666,1,106.290619
-0.2,1,106.295029
-0.16666666666666666,1,106.299738
-0.25,1,106.304101
-0.3333333333333333,1,106.308513
-0.25,1,106.313405
-0.2,1,106.318454
-0.12,1,106.323099
-0.2,1,106.327813
-0.12,1,106.332042
-0.2,1,106.336388
-0.2,1,106.340648
-0.06666666666666667,1,106.344755
-0.2,1,106.349462
-0.2,1,106.353793
-0.3333333333333333,1,106.357995
-0.3333333333333333,1,106.364398
-0.5,1,106.370054
-1.0,1,106.376997
-0.5,1,106.38381
-0.3333333333333333,1,106.388076
-0.5,1,106.392307
-0.3333333333333333,1,106.396696
-0.5,1,106.401128
-0.2,1,106.411961
-0.3333333333333333,1,106.417271
-0.16666666666666666,1,106.42107
-0.5555555555555556,1,106.428399
-0.3333333333333333,1,106.43298
-0.5,1,106.437227
-0.4,1,106.441563
-0.5,1,106.447701
-0.3333333333333333,1,106.452318
-0.25,1,106.456977
-0.16666666666666666,1,106.465493
-0.5555555555555556,1,106.473747
-0.16666666666666666,1,106.481788
-0.5555555555555556,1,106.489525
-0.16666666666666666,1,106.496668
-0.5555555555555556,1,106.514682
-0.16666666666666666,1,106.519686
-0.5,1,106.524243
-0.4,1,106.529633
-0.16666666666666666,1,106.534226
-0.2222222222222222,1,106.538157
-0.16666666666666666,1,106.54251
-0.2222222222222222,1,106.546883
-0.3333333333333333,1,106.551791
-0.3333333333333333,1,106.55636
-0.5555555555555556,1,106.561438
-0.3333333333333333,1,106.567
-0.3333333333333333,1,106.570993
-0.2222222222222222,1,106.574714
-0.3333333333333333,1,106.580546
-0.2222222222222222,1,106.584909
-0.2,1,106.591436
-0.3333333333333333,1,106.602792
-0.3333333333333333,1,106.610045
-0.16666666666666666,1,106.61751
-0.3333333333333333,1,106.622738
-0.6666666666666666,1,106.634799
-0.5,1,106.644277
0.0,1,106.654655
-1.0,1,106.670472
-1.0,1,106.677806
-0.6666666666666666,1,106.682513
-1.0,1,106.687338
-1.0,1,106.691224
-1.0,1,106.695184
-1.0,1,106.699704
-0.5,1,106.704006
-0.4,1,106.708612
-0.5,1,106.713133
-0.6666666666666666,1,106.717602
-0.3333333333333333,1,106.721827
-0.3333333333333333,1,106.725767
-0.3333333333333333,1,106.730122
-0.3333333333333333,1,106.736135
-0.25,1,106.740307
-0.3333333333333333,1,106.745193
-0.2,1,106.751148
-0.1,1,106.755447
-0.2,1,106.759454
-0.06666666666666667,1,106.764099
-0.16666666666666666,1,106.769557
-0.06666666666666667,1,106.773454
-0.2,1,106.777483
-0.2,1,106.781408
-0.12,1,106.785699
-0.2,1,106.789516
-0.12,1,106.801385
-0.2,1,106.809113
-0.06666666666666667,1,106.814706
-0.4,1,106.819197
-0.5,1,106.823415
-0.6666666666666666,1,106.827672
-0.5555555555555556,1,106.832021
-0.6666666666666666,1,106.836184
-0.3333333333333333,1,106.840705
-0.3333333333333333,1,106.846276
-0.5,1,106.851153
-0.6666666666666666,1,106.855237
-0.5555555555555556,1,106.858867
-0.3333333333333333,1,106.863142
-0.2,1,106.867755
-0.2,1,106.872302
-0.125,1,106.876234
-0.3,1,106.88042
-0.25,1,106.884956
-0.3333333333333333,1,106.889012
-0.3333333333333333,1,106.892937
-0.3333333333333333,1,106.897509
-0.25,1,106.902317
-0.1,1,106.906478
-0.12,1,106.910537
-0.2,1,106.914919
-0.12,1,106.920511
-0.2,1,106.928592
-0.16666666666666666,1,106.933839
-0.2222222222222222,1,106.939059
-0.16666666666666666,1,106.946894
0.0,1,106.95421
-1.0,1,106.960689
-1.0,1,106.968997
-0.3333333333333333,1,106.974216
-0.25,1,106.978806
-0.3333333333333333,1,106.986656
-0.2,1,106.991528
-0.2,1,106.995563
-0.3333333333333333,1,107.002092
-0.3333333333333333,1,107.007487
-0.3333333333333333,1,107.012489
-0.16666666666666666,1,107.017052
-0.25,1,107.020889
-0.2,1,107.024511
-0.3333333333333333,1,107.028675
-0.2,1,107.033007
-0.25,1,107.037076
-0.3,1,107.041073
-0.16666666666666666,1,107.050642
-0.06666666666666667,1,107.056115
-0.16666666666666666,1,107.06256
-0.06666666666666667,1,107.071885
-0.16666666666666666,1,107.079011
-0.2222222222222222,1,107.088426
-0.3333333333333333,1,107.09277
-0.2222222222222222,1,107.098219
-0.16666666666666666,1,107.102772
-0.1,1,107.107364
-0.2,1,107.111981
-0.06666666666666667,1,107.116724
-0.12,1,107.120708
-0.06666666666666667,1,107.124476
-0.16666666666666666,1,107.12845
-0.2,1,107.133599
-0.16666666666666666,1,107.138265
-0.3,1,107.142219
-0.125,1,107.146247
-0.3333333333333333,1,107.15073
-0.25,1,107.154879
-0.1,1,107.161606
-0.16666666666666666,1,107.168479
-0.06666666666666667,1,107.176373
-0.16666666666666666,1,107.181518
-0.06666666666666667,1,107.185332
-0.12,1,107.188968
-0.06666666666666667,1,107.193821
-0.12,1,107.200341
-0.06666666666666667,1,107.204702
-0.16666666666666666,1,107.209384
-0.06666666666666667,1,107.214505
-0.2,1,107.221731
-0.1,1,107.225071
-0.25,1,107.228441
-0.3333333333333333,1,107.232183
-0.2,1,107.236911
-0.2222222222222222,1,107.24031
-0.16666666666666666,1,107.243717
-0.06666666666666667,1,107.247704
-0.2,1,107.251939
-0.2,1,107.255982
-0.16666666666666666,1,107.260008
-0.2222222222222222,1,107.264194
-0.16666666666666666,1,107.26836
-0.2222222222222222,1,107.272499
-0.3333333333333333,1,107.275928
-0.4,1,107.279514
-0.3333333333333333,1,107.283839
-0.2,1,107.287493
-0.5,1,107.2909
-1.0,1,107.295753
-0.3333333333333333,1,107.300897
-0.3333333333333333,1,107.305582
-0.5,1,107.310597
-1.0,1,107.314634
-0.5,1,107.319349
0.0,1,107.323966
-1.0,1,107.327995
-1.0,1,107.33247
-1.0,1,107.337102
-1.0,1,107.341387
-1.0,1,107.345699
-0.5,1,107.350602
-0.3333333333333333,1,107.35454
-0.25,1,107.358396
-0.2,1,107.362588
-0.3333333333333333,1,107.368073
-0.3333333333333333,1,107.3721
-0.25,1,107.376146
-0.2,1,107.380292
-0.12,1,107.384927
-0.06666666666666667,1,107.389042
-0.16666666666666666,1,107.393234
-0.3,1,107.39736
-0.2,1,107.4021
-0.3333333333333333,1,107.406046
-0.5,1,107.409721
-0.3333333333333333,1,107.414609
-0.25,1,107.433698
-0.3333333333333333,1,107.441189
-0.7777777777777778,1,107.445688
-0.3333333333333333,1,107.450361
-0.3333333333333333,1,107.454392
0.0,1,107.4585
-1.0,1,107.463244
-1.0,1,107.467767
-0.6666666666666666,1,107.471928
-0.75,1,107.476105
-0.3333333333333333,1,107.482659
-0.5,1,107.487532
-0.3333333333333333,1,107.491914
-0.2,1,107.49608
-0.3333333333333333,1,107.501044
-0.5,1,107.505327
-0.2,1,107.509928
-0.25,1,107.513701
-0.3333333333333333,1,107.51828
-0.5555555555555556,1,107.522728
-0.3333333333333333,1,107.526769
-0.2,1,107.531323
-0.2,1,107.536349
-0.3333333333333333,1,107.540918
-0.2222222222222222,1,107.545328
-0.3333333333333333,1,107.550254
0.0,1,107.554286
-1.0,1,107.558003
-1.0,1,107.561913
-0.6666666666666666,1,107.566312
-0.5,1,107.570359
-0.3333333333333333,1,107.574011
-0.25,1,107.578523
-0.1,1,107.583184
-0.2,1,107.587289
-0.06666666666666667,1,107.591101
-0.2,1,107.595006
0.0,1,107.599445
-1.0,1,107.604017
-1.0,1,107.60788
-1.0,1,107.613019
-1.0,1,107.617495
-0.3333333333333333,1,107.621706
-0.5555555555555556,1,107.626275
-0.16666666666666666,1,107.630541
-0.125,1,107.634615
-0.1,1,107.639425
-0.12,1,107.643505
-0.06666666666666667,1,107.647551
-0.2,1,107.6515
-0.06666666666666667,1,107.65572
-0.16666666666666666,1,107.659413
-0.2222222222222222,1,107.663778
-0.2,1,107.66759
0.0,1,107.671837
-1.0,1,107.67608
-1.0,1,107.68055
-0.3333333333333333,1,107.684119
-0.3333333333333333,1,107.688563
-0.3333333333333333,1,107.693161
-0.06666666666666667,1,107.696739
-0.2222222222222222,1,107.700861
-0.16666666666666666,1,107.705673
-0.2222222222222222,1,107.709942
-0.2,1,107.714428
-0.2222222222222222,1,107.718223
-0.16666666666666666,1,107.722592
-0.2222222222222222,1,107.730675
-0.16666666666666666,1,107.735024
0.0,1,107.73917
-1.0,1,107.743902
-1.0,1,107.747922
-1.0,1,107.752254
-1.0,1,107.75699
-1.0,1,107.760616
-1.0,1,107.765055
-1.0,1,107.769202
-0.16666666666666666,1,107.776913
-0.2222222222222222,1,107.780859
-0.16666666666666666,1,107.784522
-1.0,1,107.78867
-0.16666666666666666,1,107.792369
-0.2222222222222222,1,107.796396
-0.16666666666666666,1,107.800342
-0.06666666666666667,1,107.804361
-0.16666666666666666,1,107.808362
-0.06666666666666667,1,107.812786
-0.12,1,107.817454
-0.2,1,107.821787
-0.2,1,107.825443
-0.2,1,107.829391
0.0,1,107.833402
-1.0,1,107.838567
-1.0,1,107.843181
-1.0,1,107.847063
-1.0,1,107.851004
-1.0,1,107.855288
-0.5,1,107.859382
-0.6666666666666666,1,107.863683
-0.5,1,107.867618
-0.6666666666666666,1,107.871528
-0.5,1,107.875789
-0.3333333333333333,1,107.880582
-0.125,1,107.884517
-0.3333333333333333,1,107.888752
-0.3333333333333333,1,107.893184
0.0,1,107.897079
-1.0,1,107.901594
-1.0,1,107.905964
-1.0,1,107.909797
-1.0,1,107.914377
-0.6666666666666666,1,107.918304
-0.5,1,107.922851
-0.16666666666666666,1,107.927027
-0.3333333333333333,1,107.9311
-0.3333333333333333,1,107.935128
-0.3333333333333333,1,107.939757
-0.3333333333333333,1,107.94383
-0.25,1,107.947373
-0.1,1,107.952214
-0.16666666666666666,1,107.956574
-0.2222222222222222,1,107.96148
-0.3333333333333333,1,107.965476
0.0,1,107.969742
-1.0,1,107.974411
-1.0,1,107.979084
-1.0,1,107.983478
-1.0,1,107.988202
-1.0,1,108.001756
-0.5,1,108.009167
-0.4,1,108.015809
-0.2,1,108.020642
-0.2222222222222222,1,108.025425
-0.16666666666666666,1,108.030171
-0.2222222222222222,1,108.035051
-0.2,1,108.040068
-0.1,1,108.04447
-0.12,1,108.048943
-0.06666666666666667,1,108.05321
-0.12,1,108.057631
-0.1,1,108.062199
-0.25,1,108.066865
-0.3333333333333333,1,108.071332
-0.25,1,108.075948
-0.1,1,108.080164
-0.16666666666666666,1,108.08562
0.0,1,108.090657
-1.0,1,108.095086
-1.0,1,108.099616
-1.0,1,108.1037
-1.0,1,108.108184
-1.0,1,108.11278
-0.16666666666666666,1,108.117667
-0.2222222222222222,1,108.122619
-0.2,1,108.126375
-0.3,1,108.150656
-0.2,1,108.163959
-0.2222222222222222,1,108.169701
-0.3333333333333333,1,108.176191
-0.2222222222222222,1,108.182721
-0.3333333333333333,1,108.188167
-0.2222222222222222,1,108.196277
-0.2,1,108.20029
-0.2,1,108.20519
-0.2,1,108.209222
-0.2222222222222222,1,108.21326
-0.16666666666666666,1,108.217739
-0.06666666666666667,1,108.222497
-0.16666666666666666,1,108.226498
0.0,1,108.230205
-1.0,1,108.234698
-1.0,1,108.23897
-1.0,1,108.243286
-1.0,1,108.247067
-1.0,1,108.251524
-0.25,1,108.255982
-0.2,1,108.260086
-0.16666666666666666,1,108.263984
-0.2222222222222222,1,108.26857
-0.2,1,108.272833
-0.2222222222222222,1,108.276792
-0.2,1,108.281329
-0.2,1,108.285473
-0.125,1,108.289243
-0.2,1,108.293083
-0.25,1,108.298471
-0.3333333333333333,1,108.304313
-0.125,1,108.308589
-0.3333333333333333,1,108.313923
-0.2,1,108.318016
-0.2,1,108.322344
-0.16666666666666666,1,108.326324
-1.0,1,108.332936
-0.16666666666666666,1,108.337993
-0.2222222222222222,1,108.342246
-0.16666666666666666,1,108.347186
-0.4,1,108.35188
-0.2,1,108.355833
-0.4,1,108.360458
-0.2,1,108.364625
-0.2222222222222222,1,108.368842
-0.16666666666666666,1,108.372939
-0.4,1,108.377704
-0.2,1,108.381676
-0.4,1,108.386448
-0.16666666666666666,1,108.390653
-0.2222222222222222,1,108.394321
-0.06666666666666667,1,108.398627
-0.2222222222222222,1,108.403833
-0.16666666666666666,1,108.407811
-0.2,1,108.412146
-0.25,1,108.416837
-0.1,1,108.421261
-0.125,1,108.425231
-0.16666666666666666,1,108.429725
-0.2,1,108.434245
-0.2,1,108.438381
-0.25,1,108.442293
-0.3333333333333333,1,108.446651
-0.5555555555555556,1,108.451052
-0.16666666666666666,1,108.454954
-0.5555555555555556,1,108.459331
-0.3333333333333333,1,108.464554
-0.5,1,108.469223
-0.2,1,108.473397
-0.16666666666666666,1,108.477454
-0.2,1,108.481754
-0.2,1,108.485972
-0.2,1,108.48996
-0.12,1,108.493696
-0.2,1,108.498305
-0.12,1,108.502998
-0.2,1,108.50702
-0.12,1,108.511567
-0.2,1,108.515557
-0.25,1,108.519599
-0.3333333333333333,1,108.523748
-0.2,1,108.52872
-0.2222222222222222,1,108.533965
-0.16666666666666666,1,108.53802
-0.2222222222222222,1,108.542235
-0.3333333333333333,1,108.546272
0.0,1,108.551147
-1.0,1,108.555115
-0.5,1,108.559157
-0.3333333333333333,1,108.563285
-0.5,1,108.567593
-0.3333333333333333,1,108.571406
-0.5,1,108.575252
-0.2,1,108.580681
-0.5,1,108.586394
-0.4,1,108.591122
-0.2,1,108.595816
0.0,1,108.600124
-1.0,1,108.604629
-1.0,1,108.608334
-1.0,1,108.617717
-0.75,1,108.626163
-0.16666666666666666,1,108.631246
-0.2,1,108.636155
-0.2222222222222222,1,108.640162
-0.16666666666666666,1,108.644212
-0.2222222222222222,1,108.648711
-0.16666666666666666,1,108.653439
-0.2222222222222222,1,108.657676
-0.2,1,108.662045
-0.2222222222222222,1,108.666791
-0.2,1,108.671134
-0.2,1,108.675307
-0.16666666666666666,1,108.679838
-0.06666666666666667,1,108.684436
-0.2,1,108.688833
0.0,1,108.692961
-1.0,1,108.697371
-0.5,1,108.702025
-0.6666666666666666,1,108.706033
-0.5,1,108.710258
-0.6666666666666666,1,108.715117
-1.0,1,108.7198
-0.3333333333333333,1,108.724103
-0.3333333333333333,1,108.728759
-0.6666666666666666,1,108.733761
-0.3333333333333333,1,108.738308
-0.16666666666666666,1,108.742755
-0.125,1,108.74771
-0.3,1,108.752348
-0.12,1,108.756805
-0.3,1,108.76161
-0.06666666666666667,1,108.766537
-0.16666666666666666,1,108.771482
-0.25,1,108.776476
-0.3333333333333333,1,108.780734
-0.3333333333333333,1,108.785125
-0.16666666666666666,1,108.78933
-0.25,1,108.79378
-0.1,1,108.798182
-0.3333333333333333,1,108.802595
-0.3333333333333333,1,108.806411
-0.5555555555555556,1,108.810301
-0.16666666666666666,1,108.814558
-0.25,1,108.81921
-0.2,1,108.82359
-0.2,1,108.828525
-0.1,1,108.83465
-0.16666666666666666,1,108.838971
-0.06666666666666667,1,108.843114
-0.16666666666666666,1,108.846713
-0.06666666666666667,1,108.851169
-0.16666666666666666,1,108.856171
-0.06666666666666667,1,108.860556
-0.16666666666666666,1,108.865178
-0.06666666666666667,1,108.869885
-0.16666666666666666,1,108.873788
-0.06666666666666667,1,108.877738
-0.16666666666666666,1,108.881517
-0.06666666666666667,1,108.885715
-0.16666666666666666,1,108.890085
-0.06666666666666667,1,108.89413
-0.2,1,108.899238
-0.2,1,108.903536
-0.06666666666666667,1,108.907035
-0.16666666666666666,1,108.910823
-0.3333333333333333,1,108.914795
-0.16666666666666666,1,108.918818
-0.06666666666666667,1,108.922812
-0.2,1,108.927012
-0.06666666666666667,1,108.931226
-0.2222222222222222,1,108.935343
-0.16666666666666666,1,108.939491
0.0,1,108.943253
-1.0,1,108.948362
-1.0,1,108.954879
-0.6666666666666666,1,108.958899
-0.3333333333333333,1,108.9643
-0.3333333333333333,1,108.968513
-0.75,1,108.972934
-0.16666666666666666,1,108.977505
-0.25,1,108.982578
-0.16666666666666666,1,108.987277
-0.125,1,108.992151
-0.3333333333333333,1,108.99592
-0.7777777777777778,1,109.00052
-0.3333333333333333,1,109.004877
-0.5,1,109.008521
-0.3333333333333333,1,109.012789
-0.3333333333333333,1,109.017485
-0.6666666666666666,1,109.021737
-0.3333333333333333,1,109.025946
-0.16666666666666666,1,109.030352
-0.25,1,109.034941
-0.3333333333333333,1,109.039707
0.0,1,109.043813
-1.0,1,109.047629
-1.0,1,109.052278
-0.6666666666666666,1,109.056246
-1.0,1,109.060826
-0.6666666666666666,1,109.064867
-0.3333333333333333,1,109.069845
-0.3333333333333333,1,109.073918
-0.25,1,109.079195
-0.1,1,109.083798
-0.3333333333333333,1,109.087987
-0.3333333333333333,1,109.091761
-0.25,1,109.096203
-0.2,1,109.100353
-0.2,1,109.10392
-0.2,1,109.107519
-0.2,1,109.111762
-0.4,1,109.116884
-0.2,1,109.120525
-0.2,1,109.124064
-0.2,1,109.127514
-0.3,1,109.132986
-0.12,1,109.136714
-0.06666666666666667,1,109.140125
-0.12,1,109.143555
-0.1,1,109.147698
-0.125,1,109.151717
-0.3,1,109.155584
-0.2,1,109.159269
-0.1,1,109.163172
-0.2,1,109.16748
0.0,1,109.171321
-1.0,1,109.17539
-1.0,1,109.203862
-0.6666666666666666,1,109.209634
-1.0,1,109.214173
-1.0,1,109.21854
-1.0,1,109.222637
-1.0,1,109.226625
-1.0,1,109.230893
-1.0,1,109.235447
-0.25,1,109.239535
-0.3333333333333333,1,109.243427
-0.125,1,109.247405
-0.16666666666666666,1,109.251984
-0.2,1,109.256198
-0.2,1,109.260096
-0.12,1,109.264082
-0.2,1,109.268835
-0.3333333333333333,1,109.273288
-0.3333333333333333,1,109.277897
-0.3333333333333333,1,109.282206
-0.2,1,109.286883
-0.12,1,109.291444
-0.2,1,109.296293
-0.2,1,109.301383
-0.3333333333333333,1,109.305679
-0.5,1,109.309973
-0.4,1,109.314116
-0.5,1,109.319145
-0.4,1,109.32374
-0.75,1,109.328164
-1.0,1,109.333139
-0.75,1,109.337555
-1.0,1,109.341465
-0.5555555555555556,1,109.346883
-1.0,1,109.351214
-0.5555555555555556,1,109.355276
-0.3333333333333333,1,109.359287
-0.25,1,109.364632
-0.3333333333333333,1,109.368548
-0.3333333333333333,1,109.372366
-0.3333333333333333,1,109.376172
-0.25,1,109.38232
-0.2,1,109.389045
-0.12,1,109.395027
-0.3,1,109.402636
-0.12,1,109.40959
-0.06666666666666667,1,109.415109
-0.2,1,109.419857
-0.06666666666666667,1,109.424115
-0.16666666666666666,1,109.428554
-0.2,1,109.433483
-0.25,1,109.437997
-0.3333333333333333,1,109.44509
-0.5,1,109.450124
-0.6666666666666666,1,109.456614
-0.5,1,109.460854
-0.2,1,109.465122
-0.2,1,109.469794
-0.2,1,109.47573
-0.12,1,109.48184
-0.06666666666666667,1,109.486958
-0.16666666666666666,1,109.495227
0.0,1,109.515272
-1.0,1,109.535051
-1.0,1,109.570075
-1.0,1,109.575224
-1.0,1,109.583086
-1.0,1,109.589895
-0.25,1,109.595454
-0.3333333333333333,1,109.602028
-0.3333333333333333,1,109.606802
-0.2,1,109.611759
-0.2,1,109.617154
-0.06666666666666667,1,109.622196
-0.16666666666666666,1,109.626958
-0.06666666666666667,1,109.632264
-0.16666666666666666,1,109.636826
-0.06666666666666667,1,109.641346
-0.2,1,109.645615
-0.06666666666666667,1,109.650151
-0.2,1,109.654831
-0.1,1,109.659513
-0.16666666666666666,1,109.664258
-0.06666666666666667,1,109.669052
-0.16666666666666666,1,109.673593
-0.1,1,109.677538
-0.3333333333333333,1,109.682005
-0.2222222222222222,1,109.686812
-0.06666666666666667,1,109.691057
-0.2222222222222222,1,109.697222
-0.3333333333333333,1,109.704535
-0.1,1,109.736062
-0.2,1,109.744662
-0.1,1,109.757389
-0.16666666666666666,1,109.762023
-0.06666666666666667,1,109.767113
-0.12,1,109.770862
-0.06666666666666667,1,109.775029
-0.16666666666666666,1,109.779073
-0.06666666666666667,1,109.784348
-0.16666666666666666,1,109.788162
-0.2222222222222222,1,109.792148
-0.16666666666666666,1,109.797387
0.0,1,109.804966
-1.0,1,109.813322
-1.0,1,109.818456
-0.6666666666666666,1,109.823737
-1.0,1,109.827549
-1.0,1,109.832825
-1.0,1,109.837328
-0.3333333333333333,1,109.841404
-0.3333333333333333,1,109.860354
-0.3333333333333333,1,109.86479
-0.06666666666666667,1,109.869392
-0.2222222222222222,1,109.874068
-0.06666666666666667,1,109.881707
-0.3333333333333333,1,109.894779
-0.25,1,109.902654
-0.2,1,109.913292
-0.12,1,109.917668
-0.3,1,109.921736
-0.06666666666666667,1,109.926627
-0.2,1,109.930849
-0.25,1,109.935077
-0.3,1,109.939458
-0.06666666666666667,1,109.944818
-0.3,1,109.951312
-0.06666666666666667,1,109.956462
-0.4,1,109.962046
-0.5,1,109.97035
-0.6666666666666666,1,110.026347
-1.0,1,110.03106
-0.6666666666666666,1,110.034847
-0.5,1,110.039011
-0.3333333333333333,1,110.042658
-0.125,1,110.047032
-0.3,1,110.051105
-0.2,1,110.055353
-0.2,1,110.059179
-0.2,1,110.064914
-0.2222222222222222,1,110.06942
-0.3333333333333333,1,110.074042
-0.2222222222222222,1,110.079134
-0.3333333333333333,1,110.083273
0.0,1,110.087504
-1.0,1,110.092104
-1.0,1,110.097035
-0.6666666666666666,1,110.101391
-0.75,1,110.105623
-0.16666666666666666,1,110.110137
-0.75,1,110.114034
-1.0,1,110.118126
-0.5,1,110.123214
-0.16666666666666666,1,110.127809
-0.5,1,110.131835
-0.6666666666666666,1,110.136078
-0.5,1,110.140712
-0.3333333333333333,1,110.144832
-0.2,1,110.148988
-0.2,1,110.15315
-0.2,1,110.157314
-0.4,1,110.161377
-0.5,1,110.165391
-0.4,1,110.169694
-0.06666666666666667,1,110.174354
-0.3,1,110.179886
-0.2,1,110.18462
-0.4,1,110.190796
-0.16666666666666666,1,110.196887
-0.2,1,110.213272
-1.0,1,110.219424
-1.0,1,110.223466
-0.5,1,110.227227
-0.3333333333333333,1,110.232214
-0.25,1,110.238501
-0.2,1,110.256904
-0.16666666666666666,1,110.262478
-0.06666666666666667,1,110.267019
-0.16666666666666666,1,110.271111
-0.2222222222222222,1,110.274911
-0.16666666666666666,1,110.279472
-0.4,1,110.290111
-0.75,1,110.296888
-1.0,1,110.305998
-1.0,1,110.318442
-1.0,1,110.323844
-0.5,1,110.327993
-0.3333333333333333,1,110.333938
-0.5,1,110.337892
-0.6666666666666666,1,110.34212
-0.3333333333333333,1,110.346344
-0.6666666666666666,1,110.349909
-0.3333333333333333,1,110.353534
-0.3333333333333333,1,110.357751
-0.25,1,110.361598
-0.3,1,110.365257
-0.2,1,110.368914
-0.1,1,110.37337
-0.16666666666666666,1,110.377863
-0.06666666666666667,1,110.381718
-0.16666666666666666,1,110.385577
0.0,1,110.390516
-1.0,1,110.395585
-1.0,1,110.399818
-1.0,1,110.405447
-1.0,1,110.409315
-0.6666666666666666,1,110.413378
-0.5,1,110.417614
-0.3333333333333333,1,110.421456
-0.3333333333333333,1,110.4258
-0.1,1,110.430464
-0.25,1,110.435536
0.0,1,110.440909
-1.0,1,110.448006
-1.0,1,110.454619
-1.0,1,110.461946
-1.0,1,110.46664
-1.0,1,110.471056
-0.5,1,110.476166
-0.6666666666666666,1,110.48183
-0.7777777777777778,1,110.486374
-0.6666666666666666,1,110.490637
-0.75,1,110.495543
-0.4,1,110.499809
-0.06666666666666667,1,110.506999
-0.16666666666666666,1,110.511419
-0.25,1,110.515996
-0.3333333333333333,1,110.520458
-0.3333333333333333,1,110.525145
-0.6666666666666666,1,110.529646
-0.5,1,110.534218
-1.0,1,110.538579
-1.0,1,110.543686
-1.0,1,110.547889
-0.16666666666666666,1,110.551674
-0.2222222222222222,1,110.556194
-0.2,1,110.559822
-0.1,1,110.564055
-0.25,1,110.568033
-0.3,1,110.573143
-0.12,1,110.577055
-0.3,1,110.58122
-0.06666666666666667,1,110.584979
-0.2222222222222222,1,110.590103
-0.06666666666666667,1,110.594022
-0.4,1,110.598163
-0.3333333333333333,1,110.602491
-0.4,1,110.607524
-0.06666666666666667,1,110.611591
-0.2222222222222222,1,110.615671
-0.16666666666666666,1,110.620282
-0.2222222222222222,1,110.624323
-0.16666666666666666,1,110.628172
-0.2,1,110.632005
-0.2,1,110.636632
-0.2,1,110.640413
-0.12,1,110.644103
-0.2,1,110.660963
-0.2,1,110.668215
-0.2,1,110.672894
-0.12,1,110.676939
-0.1,1,110.681237
-0.3333333333333333,1,110.685796
-0.3333333333333333,1,110.690317
-0.2,1,110.6948
-0.2,1,110.699662
-0.25,1,110.704178
-0.2,1,110.708163
-0.12,1,110.7128
-0.06666666666666667,1,110.717757
-0.2,1,110.722166
-0.06666666666666667,1,110.72629
-0.12,1,110.731217
-0.2,1,110.736251
-0.25,1,110.740612
-0.16666666666666666,1,110.744908
-0.06666666666666667,1,110.749481
-0.2222222222222222,1,110.754107
-0.3333333333333333,1,110.758408
-0.2222222222222222,1,110.762998
-0.16666666666666666,1,110.771515
-0.2,1,110.777355
-0.25,1,110.781484
-0.3,1,110.785737
-0.12,1,110.790133
-0.2,1,110.795311
-0.25,1,110.803271
-0.2,1,110.808272
-0.12,1,110.812434
-0.3,1,110.817547
-0.125,1,110.821192
-0.16666666666666666,1,110.825337
-0.3333333333333333,1,110.829756
-0.16666666666666666,1,110.834377
-0.2,1,110.838769
-0.2222222222222222,1,110.843071
-0.06666666666666667,1,110.847566
-0.2222222222222222,1,110.852096
-0.3333333333333333,1,110.85622
-0.3333333333333333,1,110.860031
-0.25,1,110.863943
-0.2,1,110.868048
-0.06666666666666667,1,110.871853
-0.3333333333333333,1,110.876043
-0.5555555555555556,1,110.880034
-0.3333333333333333,1,110.88458
-0.3333333333333333,1,110.888717
-0.2,1,110.892807
-0.3333333333333333,1,110.897431
-0.3333333333333333,1,110.902419
-0.3333333333333333,1,110.906827
-0.2,1,110.911744
-0.16666666666666666,1,110.917502
-0.2222222222222222,1,110.921299
-0.16666666666666666,1,110.925079
-0.4,1,110.930666
-0.2,1,110.934808
-0.3333333333333333,1,110.938669
-0.3333333333333333,1,110.942241
-0.1,1,110.946742
-0.16666666666666666,1,110.951079
-0.1,1,110.955229
-0.25,1,110.959944
-0.1,1,110.964194
-0.2,1,110.968269
-0.3333333333333333,1,110.972412
-0.5,1,110.976347
-0.3333333333333333,1,110.98046
-0.5555555555555556,1,110.984573
-0.16666666666666666,1,110.988551
-0.5555555555555556,1,110.992275
-0.16666666666666666,1,110.996697
-0.25,1,111.000802
-0.3,1,111.004651
-0.2,1,111.008823
-0.4,1,111.013446
-0.75,1,111.017702
-0.3333333333333333,1,111.021983
-0.75,1,111.025787
-0.16666666666666666,1,111.030049
-0.25,1,111.034309
-0.2,1,111.038488
-0.16666666666666666,1,111.042904
-0.2,1,111.0477
-0.06666666666666667,1,111.052078
-0.3333333333333333,1,111.05608
-0.5,1,111.060632
0.0,1,111.065348
-1.0,1,111.069654
-1.0,1,111.074569
-0.3333333333333333,1,111.078488
-0.3333333333333333,1,111.082366
-0.6666666666666666,1,111.086579
-0.5,1,111.090225
-0.3333333333333333,1,111.094388
-0.3333333333333333,1,111.098716
-0.3333333333333333,1,111.103167
-0.3333333333333333,1,111.107235
-0.3333333333333333,1,111.113053
0.0,1,111.11835
-1.0,1,111.122508
-1.0,1,111.12652
-1.0,1,111.132542
-1.0,1,111.136866
-1.0,1,111.140332
-0.3333333333333333,1,111.143696
-0.3333333333333333,1,111.147773
-0.125,1,111.151917
-0.16666666666666666,1,111.155923
-0.3333333333333333,1,111.159969
-0.6666666666666666,1,111.164766
-0.5555555555555556,1,111.171125
-0.16666666666666666,1,111.175761
-0.125,1,111.180079
-0.16666666666666666,1,111.184156
-0.06666666666666667,1,111.187932
-0.2222222222222222,1,111.191507
-0.16666666666666666,1,111.195503
-0.4,1,111.199696
-0.16666666666666666,1,111.203488
0.0,1,111.207444
-1.0,1,111.21123
-1.0,1,111.215216
-0.3333333333333333,1,111.219411
-0.25,1,111.223257
-0.3333333333333333,1,111.230886
-0.3333333333333333,1,111.238491
-0.2222222222222222,1,111.242927
-0.2,1,111.246859
-0.2222222222222222,1,111.251835
-0.06666666666666667,1,111.256453
-0.16666666666666666,1,111.260901
-0.125,1,111.265311
-0.2,1,111.26991
-0.16666666666666666,1,111.273952
0.0,1,111.278144
-1.0,1,111.282613
-1.0,1,111.287403
-1.0,1,111.291805
-1.0,1,111.296131
-1.0,1,111.30077
-0.75,1,111.30487
-0.16666666666666666,1,111.308809
-0.125,1,111.313227
-0.16666666666666666,1,111.318366
-0.3333333333333333,1,111.322452
-0.3333333333333333,1,111.326357
-0.5,1,111.331027
-0.2,1,111.344903
-1.0,1,111.352905
-0.4,1,111.358689
-0.25,1,111.36312
-0.6666666666666666,1,111.375692
-0.5,1,111.380738
-1.0,1,111.388568
-0.5,1,111.393722
-0.3333333333333333,1,111.398941
-0.5,1,111.404948
-0.4,1,111.408888
-1.0,1,111.414427
-1.0,1,111.419009
-1.0,1,111.42318
-0.4,1,111.427269
-0.3333333333333333,1,111.431378
-0.2222222222222222,1,111.435588
-0.3333333333333333,1,111.439533
-0.2222222222222222,1,111.443325
-0.16666666666666666,1,111.447558
-0.2,1,111.451766
-0.25,1,111.455674
-0.2,1,111.459945
-0.25,1,111.464124
-0.2,1,111.468408
-0.25,1,111.47266
-0.16666666666666666,1,111.47684
-0.5555555555555556,1,111.48091
-0.3333333333333333,1,111.485276
0.0,1,111.490207
-1.0,1,111.494435
-1.0,1,111.500764
-1.0,1,111.50854
-0.25,1,111.516522
-1.0,1,111.522895
-0.5,1,111.52773
-0.2,1,111.533735
-0.16666666666666666,1,111.537685
-0.4,1,111.541433
-0.16666666666666666,1,111.545285
0.0,1,111.549542
-1.0,1,111.55347
-1.0,1,111.556873
-1.0,1,111.560202
-1.0,1,111.564831
-1.0,1,111.57077
-0.5,1,111.574947
-0.3333333333333333,1,111.579371
-0.25,1,111.584054
-0.3333333333333333,1,111.588321
-0.3333333333333333,1,111.591846
-0.16666666666666666,1,111.595983
-0.125,1,111.600255
-0.2,1,111.60414
-0.2,1,111.607946
-0.3333333333333333,1,111.612836
-0.5555555555555556,1,111.619209
-0.3333333333333333,1,111.623566
-0.5555555555555556,1,111.627864
-0.3333333333333333,1,111.631725
-0.25,1,111.636222
-0.3333333333333333,1,111.640069
-0.5555555555555556,1,111.645145
-0.3333333333333333,1,111.649773
-0.3333333333333333,1,111.654633
-0.3333333333333333,1,111.658989
-0.25,1,111.66313
-0.2,1,111.667708
-0.2,1,111.671518
-0.2,1,111.675204
-0.25,1,111.679258
-0.2,1,111.683403
0.0,1,111.687518
-1.0,1,111.691454
-0.5,1,111.695328
-0.6666666666666666,1,111.699195
-0.5,1,111.704005
-0.3333333333333333,1,111.707902
-0.2,1,111.712155
-0.2,1,111.716095
0.0,1,111.720374
-1.0,1,111.724466
-0.5,1,111.728693
-0.3333333333333333,1,111.733229
-0.3333333333333333,1,111.737777
-0.3333333333333333,1,111.741336
-0.7777777777777778,1,111.745425
-0.6666666666666666,1,111.749732
-0.25,1,111.754123
-0.3333333333333333,1,111.758143
-0.2,1,111.763074
-0.2,1,111.767635
-0.3333333333333333,1,111.771236
-0.1,1,111.776712
-0.2,1,111.783648
-0.1,1,111.789775
-0.16666666666666666,1,111.794964
-0.2,1,111.799959
-0.16666666666666666,1,111.804045
-0.1,1,111.807751
-0.12,1,111.814195
-0.06666666666666667,1,111.820896
-0.2,1,111.82479
0.0,1,111.829669
-1.0,1,111.833906
-1.0,1,111.848115
-1.0,1,111.853211
-0.5,1,111.857265
-0.3333333333333333,1,111.861514
-0.5,1,111.865796
-0.3333333333333333,1,111.870187
-0.5555555555555556,1,111.874221
-0.3333333333333333,1,111.879006
-0.3333333333333333,1,111.883761
-0.3333333333333333,1,111.888233
-0.3333333333333333,1,111.892946
-0.3333333333333333,1,111.897262
-0.3333333333333333,1,111.901822
-0.3333333333333333,1,111.906073
-0.25,1,111.910315
-0.4,1,111.914598
-0.25,1,111.918999
-0.3333333333333333,1,111.923801
-0.3333333333333333,1,111.928216
-0.3333333333333333,1,111.933033
-0.3333333333333333,1,111.937414
-0.1,1,111.941354
-0.25,1,111.946379
-0.2,1,111.950939
-0.12,1,111.955167
-0.2,1,111.95915
-0.2,1,111.963049
-0.2,1,111.967037
-0.16666666666666666,1,111.970882
-0.2,1,111.97433
-0.06666666666666667,1,111.978875
-0.2,1,111.982598
-0.25,1,111.987025
-0.3333333333333333,1,111.990644
-0.2,1,111.994225
-0.2222222222222222,1,111.998256
-0.2,1,112.003356
-0.3333333333333333,1,112.007462
-0.25,1,112.013635
-0.3333333333333333,1,112.018173
-0.25,1,112.022333
-0.1,1,112.026474
-0.16666666666666666,1,112.031186
-0.2,1,112.035278
-0.25,1,112.039053
-0.3333333333333333,1,112.042661
-0.2,1,112.047048
-0.3333333333333333,1,112.051408
-0.3333333333333333,1,112.055508
-0.3333333333333333,1,112.059331
-0.25,1,112.063749
-0.3333333333333333,1,112.068088
-0.2,1,112.072697
-0.1,1,112.076837
-0.25,1,112.081435
-0.2,1,112.085632
-0.16666666666666666,1,112.089604
-0.06666666666666667,1,112.093498
-0.12,1,112.097216
-0.2,1,112.101419
-0.25,1,112.105592
-0.3333333333333333,1,112.109763
-0.2,1,112.113523
-0.4,1,112.117844
-0.06666666666666667,1,112.121556
-0.2,1,112.126153
-0.2,1,112.131718
-0.3333333333333333,1,112.136137
-0.5555555555555556,1,112.140664
-0.16666666666666666,1,112.144656
-0.25,1,112.1486
-0.3,1,112.152396
-0.16666666666666666,1,112.156276
-0.2,1,112.160501
-0.2,1,112.165462
-0.2,1,112.169756
-0.2,1,112.174013
-0.2,1,112.178635
0.0,1,112.182934
-1.0,1,112.187053
-1.0,1,112.191074
-0.6666666666666666,1,112.196005
-1.0,1,112.200897
-0.6666666666666666,1,112.204788
-1.0,1,112.208655
-1.0,1,112.212814
-0.25,1,112.217079
-0.3333333333333333,1,112.221069
-0.3333333333333333,1,112.224979
-1.0,1,112.228908
-0.75,1,112.233964
-0.4,1,112.238138
-0.2,1,112.24243
-0.4,1,112.246122
-0.2,1,112.251213
-0.3333333333333333,1,112.257471
-0.3333333333333333,1,112.262627
-0.3333333333333333,1,112.266732
-0.2,1,112.270905
-0.3333333333333333,1,112.274629
-0.7777777777777778,1,112.279473
-0.3333333333333333,1,112.284126
-0.2,1,112.287914
-0.1,1,112.29174
-0.25,1,112.296787
-0.2,1,112.30103
-0.25,1,112.304911
-0.3333333333333333,1,112.308873
-0.5,1,112.313195
-0.3333333333333333,1,112.317487
-0.3333333333333333,1,112.321709
-0.3333333333333333,1,112.32572
-0.5555555555555556,1,112.330365
-0.6666666666666666,1,112.334854
-1.0,1,112.338752
-0.6666666666666666,1,112.342589
-0.5,1,112.346493
-1.0,1,112.350911
-1.0,1,112.354686
-1.0,1,112.358143
-0.5,1,112.362217
-0.6666666666666666,1,112.366638
-0.7777777777777778,1,112.370183
-0.6666666666666666,1,112.378884
-0.75,1,112.383899
-0.4,1,112.388304
-0.75,1,112.39246
-0.6666666666666666,1,112.396409
-0.5,1,112.413699
-0.3333333333333333,1,112.421817
-0.25,1,112.426334
-0.3,1,112.430557
-0.25,1,112.435034
-0.2,1,112.439347
-0.12,1,112.443995
-0.1,1,112.448203
-0.2,1,112.452603
-0.2222222222222222,1,112.457128
-0.16666666666666666,1,112.461301
-0.2,1,112.465788
-0.25,1,112.46999
-0.3,1,112.474251
-0.12,1,112.478596
-0.2,1,112.482879
-0.125,1,112.487647
-0.3,1,112.492166
-0.12,1,112.497097
-0.2,1,112.501688
-0.25,1,112.506454
-0.3333333333333333,1,112.511325
-0.25,1,112.516029
-0.3333333333333333,1,112.520522
-0.5,1,112.525094
-0.3333333333333333,1,112.529665
-0.3333333333333333,1,112.534244
-0.3333333333333333,1,112.538903
-0.125,1,112.543144
-0.2,1,112.547187
-0.125,1,112.551095
-0.3333333333333333,1,112.555293
-0.25,1,112.562417
-0.1,1,112.567585
-0.125,1,112.575565
-0.3,1,112.579804
-0.12,1,112.584274
-0.06666666666666667,1,112.589008
-0.2,1,112.59311
-0.06666666666666667,1,112.597714
-0.16666666666666666,1,112.602183
-0.2222222222222222,1,112.606216
-0.2,1,112.610157
-0.3333333333333333,1,112.614167
-0.25,1,112.619267
-0.16666666666666666,1,112.626574
-0.2,1,112.630719
-0.16666666666666666,1,112.63469
-0.75,1,112.63887
-1.0,1,112.642895
-1.0,1,112.646993
-1.0,1,112.650878
-0.5,1,112.655529
-0.3333333333333333,1,112.659707
-0.5,1,112.663986
-1.0,1,112.667931
-1.0,1,112.672252
-0.6666666666666666,1,112.67625
-0.5,1,112.681238
-1.0,1,112.685695
-0.75,1,112.690181
-0.16666666666666666,1,112.694376
-0.06666666666666667,1,112.698534
-0.2222222222222222,1,112.702342
-0.06666666666666667,1,112.706207
-0.16666666666666666,1,112.709845
-0.3333333333333333,1,112.714309
-0.6666666666666666,1,112.71815
-0.3333333333333333,1,112.722135
-0.3333333333333333,1,112.725561
-0.125,1,112.730666
-0.16666666666666666,1,112.734546
-0.5555555555555556,1,112.739525
-0.3333333333333333,1,112.74503
-0.3333333333333333,1,112.749368
-0.3333333333333333,1,112.754287
0.0,1,112.758949
-1.0,1,112.763225
-1.0,1,112.76707
-0.6666666666666666,1,112.771682
-0.5,1,112.776441
-0.16666666666666666,1,112.780329
-0.5,1,112.784492
-1.0,1,112.789135
-1.0,1,112.793688
-1.0,1,112.800018
-0.5,1,112.804806
-0.3333333333333333,1,112.808962
-0.25,1,112.813193
-0.3333333333333333,1,112.817287
-0.25,1,112.821812
-0.2,1,112.826105
-0.25,1,112.830508
-0.2,1,112.835119
0.0,1,112.839074
-1.0,1,112.843028
-1.0,1,112.846843
-1.0,1,112.85296
-1.0,1,112.857532
-1.0,1,112.861894
-1.0,1,112.865508
-0.6666666666666666,1,112.869823
-0.25,1,112.874638
-0.3333333333333333,1,112.878699
-0.3333333333333333,1,112.88308
-0.6666666666666666,1,112.887574
-0.5555555555555556,1,112.891844
-0.16666666666666666,1,112.896309
-0.75,1,112.900455
-0.4,1,112.905139
-0.5,1,112.909372
0.0,1,112.913948
-1.0,1,112.918026
-1.0,1,112.922226
-0.6666666666666666,1,112.927302
-0.5,1,112.931928
-0.6666666666666666,1,112.936207
-0.5,1,112.940403
0.0,1,112.944413
-1.0,1,112.948287
-1.0,1,112.952169
-0.6666666666666666,1,112.956474
-0.3333333333333333,1,112.960603
-0.3333333333333333,1,112.964459
-0.2,1,112.968565
-0.3333333333333333,1,112.973705
-0.2,1,112.978523
-0.1,1,112.983207
-0.2,1,112.993047
-0.06666666666666667,1,113.005244
-0.16666666666666666,1,113.01009
-0.06666666666666667,1,113.014614
-0.2,1,113.019303
-0.06666666666666667,1,113.024142
-0.2,1,113.028435
-0.06666666666666667,1,113.033469
-0.12,1,113.038364
-0.2,1,113.042878
-0.16666666666666666,1,113.048404
-0.06666666666666667,1,113.053303
-0.12,1,113.057604
-0.2,1,113.062083
-0.25,1,113.067307
0.0,1,113.0718
-1.0,1,113.076117
-1.0,1,113.080689
-0.6666666666666666,1,113.088099
-0.3333333333333333,1,113.092617
-0.3333333333333333,1,113.101141
-0.125,1,113.105607
-0.2,1,113.109662
-0.2,1,113.113977
-0.3333333333333333,1,113.118762
-0.3333333333333333,1,113.122981
-0.6666666666666666,1,113.127455
-0.5,1,113.132218
-0.4,1,113.136992
-0.5,1,113.141047
-0.3333333333333333,1,113.146087
-0.2,1,113.150662
-0.3333333333333333,1,113.154813
-0.2,1,113.159047
-0.3333333333333333,1,113.164023
-0.3333333333333333,1,113.168193
-0.3333333333333333,1,113.172211
-0.5,1,113.176516
-0.4,1,113.181003
-0.16666666666666666,1,113.185258
0.0,1,113.189017
-1.0,1,113.192989
-0.5,1,113.197553
-0.6666666666666666,1,113.202265
-0.25,1,113.206689
-0.6666666666666666,1,113.211144
-1.0,1,113.215751
-0.3333333333333333,1,113.226379
-0.3333333333333333,1,113.231176
-0.3333333333333333,1,113.235845
-0.5555555555555556,1,113.239844
-0.3333333333333333,1,113.245027
-0.3333333333333333,1,113.258836
-0.3333333333333333,1,113.263968
-0.25,1,113.268139
-0.3333333333333333,1,113.279871
-0.25,1,113.284154
-0.3333333333333333,1,113.287929
-0.125,1,113.291215
-0.3,1,113.297748
-0.12,1,113.305096
-0.06666666666666667,1,113.320455
-0.16666666666666666,1,113.334015
-0.06666666666666667,1,113.338623
-0.16666666666666666,1,113.346612
-0.06666666666666667,1,113.355253
-0.16666666666666666,1,113.364095
-0.2222222222222222,1,113.369515
-0.16666666666666666,1,113.374287
-0.2222222222222222,1,113.379769
-0.3333333333333333,1,113.384491
0.0,1,113.388441
-1.0,1,113.392482
-1.0,1,113.397292
-0.6666666666666666,1,113.402308
-0.3333333333333333,1,113.406265
-0.6666666666666666,1,113.411711
-1.0,1,113.416351
-0.6666666666666666,1,113.419872
-0.3333333333333333,1,113.423533
-0.3333333333333333,1,113.428379
-0.3333333333333333,1,113.433403
-0.1,1,113.437351
-0.2,1,113.441198
-0.1,1,113.445029
-0.2,1,113.449606
-0.2,1,113.453764
-0.2,1,113.45778
-0.06666666666666667,1,113.461492
-0.16666666666666666,1,113.465788
-0.06666666666666667,1,113.470194
-0.16666666666666666,1,113.474695
-0.2,1,113.479719
-0.2,1,113.485388
-0.16666666666666666,1,113.491106
-0.5555555555555556,1,113.497785
-1.0,1,113.504843
-1.0,1,113.508896
-1.0,1,113.513573
-1.0,1,113.518426
-1.0,1,113.522773
-0.5,1,113.526981
-0.3333333333333333,1,113.53369
-0.2,1,113.539801
-0.4,1,113.544151
-0.2,1,113.549986
-0.4,1,113.553866
-0.3333333333333333,1,113.557401
-0.2222222222222222,1,113.560852
-0.16666666666666666,1,113.565949
-0.2222222222222222,1,113.5698
-0.3333333333333333,1,113.573447
-0.4,1,113.577097
-0.3333333333333333,1,113.582179
-0.3333333333333333,1,113.586315
-0.3333333333333333,1,113.590078
0.0,1,113.594338
-1.0,1,113.600944
-1.0,1,113.604737
-1.0,1,113.608225
-1.0,1,113.61314
-1.0,1,113.617586
-0.16666666666666666,1,113.621246
-0.2222222222222222,1,113.624662
-0.16666666666666666,1,113.628438
-0.2,1,113.632685
-0.2,1,113.641562
-0.3333333333333333,1,113.647153
-0.125,1,113.661202
-0.16666666666666666,1,113.66795
-0.06666666666666667,1,113.672494
-0.2222222222222222,1,113.676864
-0.06666666666666667,1,113.681574
-0.16666666666666666,1,113.6861
-0.125,1,113.690339
-0.2,1,113.694832
-0.25,1,113.700192
-0.1,1,113.704646
-0.16666666666666666,1,113.708367
-0.2222222222222222,1,113.713357
-0.3333333333333333,1,113.718123
-0.2222222222222222,1,113.722456
-0.16666666666666666,1,113.726579
-0.2,1,113.730993
-0.16666666666666666,1,113.736159
-0.2222222222222222,1,113.740599
-0.2,1,113.744861
0.0,1,113.749462
-1.0,1,113.754032
-1.0,1,113.758306
-1.0,1,113.763252
-1.0,1,113.768173
-1.0,1,113.772406
-0.5555555555555556,1,113.776523
-0.6666666666666666,1,113.784539
-0.5555555555555556,1,113.788929
-0.16666666666666666,1,113.794425
-0.3333333333333333,1,113.800148
-0.16666666666666666,1,113.803934
-0.3333333333333333,1,113.807663
-0.6666666666666666,1,113.814816
-0.5,1,113.818586
-0.3333333333333333,1,113.822132
-0.3333333333333333,1,113.825519
-0.3333333333333333,1,113.830228
-0.3333333333333333,1,113.835231
-0.3333333333333333,1,113.842632
-0.3333333333333333,1,113.846934
-0.2222222222222222,1,113.851288
-0.16666666666666666,1,113.855172
-0.2222222222222222,1,113.859758
-0.16666666666666666,1,113.864484
-0.2,1,113.869523
-0.25,1,113.873822
-0.3,1,113.878052
-0.25,1,113.882317
-0.2,1,113.887325
-0.16666666666666666,1,113.891891
-0.2222222222222222,1,113.89704
-0.16666666666666666,1,113.901626
-0.1,1,113.90548
-0.2,1,113.909229
-0.3333333333333333,1,113.913996
-0.5,1,113.91877
-1.0,1,113.923871
-1.0,1,113.927846
-1.0,1,113.93335
-0.5,1,113.943676
-0.6666666666666666,1,113.94974
-0.5555555555555556,1,113.954171
-0.3333333333333333,1,113.958124
-0.5555555555555556,1,113.962584
-0.3333333333333333,1,113.968313
-0.5555555555555556,1,113.972487
-0.16666666666666666,1,113.977235
-0.125,1,113.981243
-0.16666666666666666,1,113.985692
-0.75,1,113.989847
-0.16666666666666666,1,113.994181
-0.06666666666666667,1,113.998535
-0.2,1,114.002989
-0.2,1,114.007044
-0.16666666666666666,1,114.010981
-0.06666666666666667,1,114.015768
-0.3,1,114.020528
-0.125,1,114.024985
-0.2,1,114.029599
-0.25,1,114.034366
-0.1,1,114.038274
-0.2,1,114.0427
-0.1,1,114.047326
-0.25,1,114.051964
-0.3333333333333333,1,114.056075
-0.25,1,114.060653
-0.2,1,114.06499
-0.3333333333333333,1,114.069507
-0.2,1,114.073445
-0.25,1,114.077472
-0.3333333333333333,1,114.081693
-0.5,1,114.085838
-0.2,1,114.089952
-0.5,1,114.096009
0.0,1,114.103608
-1.0,1,114.10781
-1.0,1,114.112484
-1.0,1,114.116987
-1.0,1,114.12091
-0.6666666666666666,1,114.12516
-0.5,1,114.129279
-0.6666666666666666,1,114.134392
-0.3333333333333333,1,114.138806
-0.6666666666666666,1,114.142528
-0.5,1,114.147086
-1.0,1,114.15118
-0.25,1,114.155325
-1.0,1,114.159084
-1.0,1,114.16425
-0.4,1,114.16861
-0.2,1,114.173351
-0.3333333333333333,1,114.177399
-0.3333333333333333,1,114.180995
-0.3333333333333333,1,114.185422
-0.125,1,114.189384
-0.16666666666666666,1,114.193218
-0.75,1,114.19714
-1.0,1,114.201822
-0.75,1,114.20598
-1.0,1,114.210068
-1.0,1,114.214154
-1.0,1,114.21893
-1.0,1,114.223436
-0.4,1,114.228053
-0.5,1,114.232451
-0.2,1,114.23631
-0.5,1,114.240259
-1.0,1,114.24427
-0.5555555555555556,1,114.260271
-0.3333333333333333,1,114.267429
-0.5,1,114.27193
-0.3333333333333333,1,114.276032
-0.5,1,114.280772
-0.6666666666666666,1,114.285268
-0.3333333333333333,1,114.289778
-0.3333333333333333,1,114.295039
-0.3333333333333333,1,114.299897
0.0,1,114.304379
-1.0,1,114.308304
-1.0,1,114.313405
-1.0,1,114.317848
-1.0,1,114.322228
-1.0,1,114.326972
-0.5,1,114.331199
-0.4,1,114.336018
-0.5,1,114.340156
-1.0,1,114.34445
-0.75,1,114.348728
-0.6666666666666666,1,114.353409
-1.0,1,114.357913
-1.0,1,114.364059
-1.0,1,114.368362
-1.0,1,114.372746
-0.75,1,114.377135
-0.3333333333333333,1,114.381222
-0.125,1,114.385305
-0.3,1,114.389922
-0.25,1,114.393866
0.0,1,114.397937
-1.0,1,114.402373
-0.5,1,114.405992
-0.6666666666666666,1,114.409717
-0.3333333333333333,1,114.414081
-0.3333333333333333,1,114.418374
-0.06666666666666667,1,114.422316
-0.3333333333333333,1,114.425732
-0.5,1,114.429904
-0.4,1,114.434373
-0.75,1,114.438209
-1.0,1,114.443007
-0.3333333333333333,1,114.447361
-0.3333333333333333,1,114.452037
-0.3333333333333333,1,114.456375
-0.2,1,114.460178
-0.2,1,114.464674
-0.3333333333333333,1,114.469328
-0.25,1,114.473726
-0.2,1,114.477709
-0.2,1,114.481956
-0.2,1,114.485836
-0.2,1,114.489429
-0.4,1,114.493056
-0.16666666666666666,1,114.497313
-0.2222222222222222,1,114.501659
-0.2,1,114.505603
-0.2222222222222222,1,114.509658
-0.2,1,114.513736
-0.2222222222222222,1,114.517873
-0.2,1,114.521966
-0.3333333333333333,1,114.526257
-0.125,1,114.530205
-0.3333333333333333,1,114.534443
-0.2,1,114.538719
-0.3333333333333333,1,114.542987
-0.2,1,114.547354
-0.2222222222222222,1,114.551441
-0.2,1,114.558093
-0.2,1,114.589763
-0.2,1,114.596522
-0.2,1,114.604984
-0.16666666666666666,1,114.612318
-0.06666666666666667,1,114.61714
-0.2,1,114.621823
-0.2,1,114.627706
-0.06666666666666667,1,114.632711
-0.2222222222222222,1,114.637301
-0.3333333333333333,1,114.641341
-0.3333333333333333,1,114.647194
-0.25,1,114.652068
0.0,1,114.655945
-1.0,1,114.659961
-1.0,1,114.664523
-1.0,1,114.668685
-0.75,1,114.673097
-0.3333333333333333,1,114.677188
-0.125,1,114.681728
-0.16666666666666666,1,114.685968
-0.25,1,114.690666
-1.0,1,114.695448
-0.75,1,114.699752
-0.6666666666666666,1,114.70342
-0.3333333333333333,1,114.707263
-0.3333333333333333,1,114.712304
-0.3333333333333333,1,114.719266
-0.6666666666666666,1,114.72384
-0.5,1,114.72901
-0.4,1,114.73378
-0.06666666666666667,1,114.737744
-0.2,1,114.742122
-0.06666666666666667,1,114.746895
-0.4,1,114.751568
-0.2,1,114.758049
-0.3333333333333333,1,114.76239
-0.2,1,114.766859
-0.3333333333333333,1,114.771828
-0.2,1,114.777838
-0.2222222222222222,1,114.782645
-0.16666666666666666,1,114.786935
-0.2,1,114.791672
-0.125,1,114.796347
-0.2,1,114.800566
-0.12,1,114.805233
-0.1,1,114.809421
-0.12,1,114.819392
-0.1,1,114.823775
-0.3333333333333333,1,114.82788
-0.2,1,114.832676
-0.16666666666666666,1,114.839153
-0.06666666666666667,1,114.843495
-0.12,1,114.849658
-0.3,1,114.853853
-0.06666666666666667,1,114.857963
-0.2,1,114.862854
-0.25,1,114.867463
-0.1,1,114.871988
-0.2,1,114.876409
-0.2,1,114.892723
-0.125,1,114.897155
-0.3333333333333333,1,114.902448
-0.125,1,114.906678
-0.3333333333333333,1,114.91141
-0.3333333333333333,1,114.915745
-0.3333333333333333,1,114.920369
-0.25,1,114.925006
-0.3333333333333333,1,114.92958
-0.2,1,114.933935
-0.3333333333333333,1,114.93846
-0.2,1,114.942778
-0.3333333333333333,1,114.947132
-0.3333333333333333,1,114.951504
-0.6666666666666666,1,114.956271
-1.0,1,114.961144
-1.0,1,114.965228
-1.0,1,114.969155
-1.0,1,114.973695
-1.0,1,114.97842
-0.6666666666666666,1,114.982809
-0.3333333333333333,1,114.987464
-0.3333333333333333,1,114.99319
-0.3333333333333333,1,114.997086
-0.2222222222222222,1,115.001251
-0.3333333333333333,1,115.005666
0.0,1,115.009802
-1.0,1,115.013845
-0.5,1,115.017657
-1.0,1,115.021784
-1.0,1,115.025775
-0.6666666666666666,1,115.030033
-0.3333333333333333,1,115.033943
-0.3333333333333333,1,115.038987
-0.125,1,115.042797
-0.16666666666666666,1,115.046802
-0.3333333333333333,1,115.050854
-0.6666666666666666,1,115.055636
-0.3333333333333333,1,115.059792
0.0,1,115.063766
-1.0,1,115.074245
-1.0,1,115.078836
-1.0,1,115.083668
-0.3333333333333333,1,115.0908
-0.6666666666666666,1,115.095766
-0.5,1,115.09999
-0.2,1,115.104282
-0.5,1,115.10815
-1.0,1,115.112703
-0.75,1,115.116919
-0.16666666666666666,1,115.120924
-0.75,1,115.125037
-0.4,1,115.130888
-0.2,1,115.134798
-0.3333333333333333,1,115.139065
-0.25,1,115.142935
-0.3333333333333333,1,115.146845
-0.3333333333333333,1,115.151901
-0.3333333333333333,1,115.156241
-0.2,1,115.160439
-0.2,1,115.165357
-0.2,1,115.169561
0.0,1,115.174216
-1.0,1,115.179591
-0.5,1,115.183773
-0.6666666666666666,1,115.188405
-0.7777777777777778,1,115.19235
-0.6666666666666666,1,115.199915
-0.3333333333333333,1,115.205083
-0.3333333333333333,1,115.209453
-0.25,1,115.213535
-0.2,1,115.217269
-0.25,1,115.221823
-0.3333333333333333,1,115.226752
-0.25,1,115.230529
-0.2,1,115.234618
-0.2,1,115.238833
-0.1,1,115.243218
-0.2,1,115.247255
-0.1,1,115.25117
-0.16666666666666666,1,115.255825
-0.1,1,115.259993
-0.2,1,115.264145
-0.2,1,115.268003
-0.25,1,115.272469
-0.2,1,115.276461
-0.16666666666666666,1,115.280008
-0.2222222222222222,1,115.284139
-0.16666666666666666,1,115.288955
-0.2,1,115.293186
-0.25,1,115.297151
-0.3333333333333333,1,115.300895
-0.25,1,115.305486
-0.3333333333333333,1,115.309516
0.0,1,115.31334
-1.0,1,115.317852
-0.5,1,115.323056
-0.3333333333333333,1,115.327616
-0.3333333333333333,1,115.331197
-0.3333333333333333,1,115.33488
-0.25,1,115.338946
-0.3333333333333333,1,115.34284
-0.125,1,115.346598
-0.1,1,115.350853
-0.25,1,115.355012
-0.1,1,115.358897
-0.25,1,115.36286
-0.2,1,115.367237
-0.3333333333333333,1,115.370984
-0.1,1,115.37451
-0.25,1,115.378683
-0.3333333333333333,1,115.38295
-0.3333333333333333,1,115.386965
-0.3333333333333333,1,115.391423
-0.3333333333333333,1,115.396365
-0.3333333333333333,1,115.400323
-0.25,1,115.404325
-0.2,1,115.408591
-0.12,1,115.413432
-0.2,1,115.417406
-0.2,1,115.421372
-0.2,1,115.426434
-0.125,1,115.432971
-0.1,1,115.437713
-0.12,1,115.441957
-0.1,1,115.445965
-0.16666666666666666,1,115.450179
-0.2222222222222222,1,115.454308
-0.16666666666666666,1,115.471051
-1.0,1,115.479528
-1.0,1,115.484339
-0.4,1,115.488716
-0.06666666666666667,1,115.4933
-0.3333333333333333,1,115.497208
-0.25,1,115.50247
0.0,1,115.506441
-1.0,1,115.510406
-1.0,1,115.514678
-0.3333333333333333,1,115.519402
-0.3333333333333333,1,115.523663
-0.6666666666666666,1,115.527875
-0.5,1,115.531982
-0.3333333333333333,1,115.536672
0.0,1,115.540955
-1.0,1,115.545497
-0.5,1,115.5503
-0.6666666666666666,1,115.554831
-0.3333333333333333,1,115.559041
0.0,1,115.563533
-1.0,1,115.568054
-1.0,1,115.572547
-1.0,1,115.577282
-1.0,1,115.582152
-1.0,1,115.586456
-0.5555555555555556,1,115.590491
-0.3333333333333333,1,115.594731
0.0,1,115.598738
-1.0,1,115.602948
-1.0,1,115.606896
-0.6666666666666666,1,115.611719
-0.75,1,115.615908
-1.0,1,115.620419
-0.5,1,115.624366
-0.4,1,115.629005
-0.5,1,115.634026
-0.4,1,115.638003
-0.2,1,115.65338
-0.2,1,115.659556
-0.2,1,115.664754
-0.16666666666666666,1,115.67244
-0.25,1,115.67809
-0.1,1,115.683952
-0.16666666666666666,1,115.688422
-0.06666666666666667,1,115.692542
-0.12,1,115.698108
-0.06666666666666667,1,115.702274
-0.16666666666666666,1,115.706265
-0.3,1,115.710362
-0.2,1,115.714764
-0.2222222222222222,1,115.719625
-0.3333333333333333,1,115.723795
-0.2222222222222222,1,115.728104
-0.16666666666666666,1,115.733195
-0.2222222222222222,1,115.738045
-0.3333333333333333,1,115.742469
-0.2222222222222222,1,115.747055
-0.2,1,115.752041
-0.4,1,115.756473
-0.5,1,115.760736
-0.2,1,115.766098
-0.2,1,115.77035
-0.2222222222222222,1,115.774121
-0.16666666666666666,1,115.778578
-0.2222222222222222,1,115.783465
-0.16666666666666666,1,115.78738
-0.2222222222222222,1,115.79135
-0.16666666666666666,1,115.795833
-0.2,1,115.800557
-0.12,1,115.804681
-0.3,1,115.809339
-0.125,1,115.813939
-0.3,1,115.818658
-0.125,1,115.822852
-0.16666666666666666,1,115.826881
-0.125,1,115.831745
-0.16666666666666666,1,115.836112
-0.3333333333333333,1,115.84014
-0.3333333333333333,1,115.847558
-0.25,1,115.852152
-0.3333333333333333,1,115.856488
-0.5,1,115.86182
-0.3333333333333333,1,115.866374
-0.25,1,115.871432
-0.4,1,115.875704
-0.16666666666666666,1,115.879817
0.0,1,115.884785
-1.0,1,115.889273
-0.5,1,115.893255
-0.3333333333333333,1,115.907563
-0.3333333333333333,1,115.911819
-0.3333333333333333,1,115.915801
-0.3333333333333333,1,115.92057
-0.3333333333333333,1,115.924477
-0.3333333333333333,1,115.930073
-0.3333333333333333,1,115.934463
-0.3333333333333333,1,115.93896
-0.2222222222222222,1,115.943357
-0.3333333333333333,1,115.947388
-0.2,1,115.952181
-0.12,1,115.95632
-0.1,1,115.960254
-0.3333333333333333,1,115.964427
-0.2,1,115.968822
-0.25,1,115.972706
-0.4,1,115.976286
-0.75,1,115.980371
-0.6666666666666666,1,115.985064
-0.3333333333333333,1,115.989488
-0.3333333333333333,1,115.993319
-0.2,1,115.997672
-0.1,1,116.001928
-0.2,1,116.005921
-0.2,1,116.009587
-0.12,1,116.01387
-0.2,1,116.018475
-0.2,1,116.022719
-0.06666666666666667,1,116.026746
-0.16666666666666666,1,116.031043
-0.06666666666666667,1,116.035202
-0.16666666666666666,1,116.03886
-0.06666666666666667,1,116.042671
-0.2,1,116.049149
-0.1,1,116.056099
-0.25,1,116.061727
-0.3333333333333333,1,116.066856
-0.3333333333333333,1,116.0709
-0.3333333333333333,1,116.085661
-0.3333333333333333,1,116.093518
0.0,1,116.097597
-1.0,1,116.102107
-1.0,1,116.106468
-1.0,1,116.110792
-0.3333333333333333,1,116.115269
-0.6666666666666666,1,116.120005
-0.3333333333333333,1,116.124704
-0.6666666666666666,1,116.129365
-0.25,1,116.133977
-0.3333333333333333,1,116.138397
-0.3333333333333333,1,116.142232
-0.3333333333333333,1,116.146843
-0.5,1,116.151704
-0.3333333333333333,1,116.155609
-0.25,1,116.15985
-0.2,1,116.163965
-0.16666666666666666,1,116.168362
-0.06666666666666667,1,116.17284
-0.2,1,116.177125
0.0,1,116.181685
-1.0,1,116.186646
-1.0,1,116.190863
-1.0,1,116.195177
-1.0,1,116.199727
-0.6666666666666666,1,116.203951
-1.0,1,116.208072
-1.0,1,116.214263
-0.5,1,116.219112
-0.6666666666666666,1,116.22346
-0.5,1,116.227562
-0.3333333333333333,1,116.231887
-0.5,1,116.236267
-0.6666666666666666,1,116.240493
-0.5555555555555556,1,116.244825
-1.0,1,116.249339
-0.5,1,116.254082
-0.3333333333333333,1,116.258262
-0.2,1,116.263083
-0.3333333333333333,1,116.26758
-0.25,1,116.271604
-0.3333333333333333,1,116.275161
-0.2,1,116.279384
-0.2,1,116.284057
-0.25,1,116.287747
-0.1,1,116.291687
-0.2,1,116.296078
-0.2,1,116.301034
-0.25,1,116.305241
-0.3333333333333333,1,116.309486
-0.25,1,116.313712
-0.2,1,116.318034
-0.16666666666666666,1,116.321862
-0.06666666666666667,1,116.325918
-0.16666666666666666,1,116.330171
-0.06666666666666667,1,116.334618
-0.2,1,116.33898
-0.1,1,116.343147
-0.3333333333333333,1,116.347563
-0.2,1,116.351633
-0.16666666666666666,1,116.356017
-0.2,1,116.359884
-0.16666666666666666,1,116.363915
-0.2,1,116.369015
-0.2,1,116.372961
-0.06666666666666667,1,116.377097
-0.16666666666666666,1,116.380628
0.0,1,116.385258
-1.0,1,116.388775
-1.0,1,116.392637
-1.0,1,116.396642
-1.0,1,116.401272
-0.6666666666666666,1,116.405477
-0.7777777777777778,1,116.409234
-0.6666666666666666,1,116.414615
-0.3333333333333333,1,116.419491
-0.6666666666666666,1,116.423509
-0.5555555555555556,1,116.427857
-0.3333333333333333,1,116.432836
-0.25,1,116.437078
-0.1,1,116.441313
-0.3333333333333333,1,116.446436
-0.3333333333333333,1,116.451099
-0.5555555555555556,1,116.455467
-0.3333333333333333,1,116.459974
-0.5555555555555556,1,116.464736
-0.3333333333333333,1,116.469267
-0.06666666666666667,1,116.473395
-0.3333333333333333,1,116.478706
-0.25,1,116.483202
-0.2,1,116.487221
-0.25,1,116.491281
-0.3333333333333333,1,116.495378
-0.3333333333333333,1,116.499604
0.0,1,116.50345
-1.0,1,116.507362
-1.0,1,116.511819
-1.0,1,116.516375
-0.5,1,116.520605
-1.0,1,116.524684
-0.5,1,116.528304
-1.0,1,116.532178
-0.5555555555555556,1,116.53618
-0.3333333333333333,1,116.540854
-0.5,1,116.545345
-0.3333333333333333,1,116.550249
-0.5,1,116.554792
-0.3333333333333333,1,116.559012
-0.3333333333333333,1,116.563087
-0.3333333333333333,1,116.567393
-0.25,1,116.571711
-0.3333333333333333,1,116.5754
-0.3333333333333333,1,116.579594
-0.2,1,116.584143
-0.2,1,116.587742
-0.2222222222222222,1,116.591089
-0.16666666666666666,1,116.594738
-0.2,1,116.59853
-0.3333333333333333,1,116.602469
-0.2222222222222222,1,116.606113
-0.3333333333333333,1,116.609962
-0.2222222222222222,1,116.613732
-0.16666666666666666,1,116.618996
-0.06666666666666667,1,116.623477
-0.12,1,116.627675
-0.06666666666666667,1,116.643257
-0.16666666666666666,1,116.651559
-0.06666666666666667,1,116.665025
-0.12,1,116.670624
-0.1,1,116.674791
-0.25,1,116.679385
-0.1,1,116.684543
-0.12,1,116.688838
-0.2,1,116.69352
-0.2,1,116.698302
-0.16666666666666666,1,116.703408
-0.75,1,116.708319
-0.16666666666666666,1,116.714334
-0.125,1,116.719991
-0.1,1,116.72541
-0.2,1,116.733283
-0.1,1,116.73917
-0.25,1,116.744252
-0.3333333333333333,1,116.750461
-0.2,1,116.755415
-0.2222222222222222,1,116.76167
-0.2,1,116.770026
-0.2,1,116.782108
-0.12,1,116.792122
-0.2,1,116.800185
-0.2,1,116.805258
-0.2,1,116.809517
-0.5,1,116.814585
-0.6666666666666666,1,116.819404
-0.5,1,116.823247
-0.6666666666666666,1,116.827185
-1.0,1,116.831246
-0.6666666666666666,1,116.83539
-0.5,1,116.83909
-1.0,1,116.843179
-1.0,1,116.851586
-0.4,1,116.863309
-0.25,1,116.87183
-0.3333333333333333,1,116.878025
-0.25,1,116.88301
-0.2,1,116.887087
-0.2,1,116.890885
-0.2,1,116.897276
-0.2,1,116.903293
-0.2,1,116.908574
-0.125,1,116.913647
-0.3,1,116.918532
-0.25,1,116.923058
-0.2,1,116.927769
-0.2,1,116.932627
-0.2,1,116.937373
-0.16666666666666666,1,116.941611
-0.06666666666666667,1,116.946013
-0.16666666666666666,1,116.950662
-0.06666666666666667,1,116.954736
-0.16666666666666666,1,116.958521
0.0,1,116.963052
-1.0,1,116.967738
-1.0,1,116.972291
-0.6666666666666666,1,116.976286
-1.0,1,116.980436
-1.0,1,116.98506
-1.0,1,116.988969
-1.0,1,116.993386
-1.0,1,116.998324
-0.6666666666666666,1,117.003184
-1.0,1,117.007356
-1.0,1,117.014623
-0.5,1,117.019627
-0.4,1,117.02446
-0.16666666666666666,1,117.029844
-0.4,1,117.049468
-0.16666666666666666,1,117.057632
-0.2222222222222222,1,117.061647
-0.06666666666666667,1,117.06696
-0.3333333333333333,1,117.071166
-0.2,1,117.075918
-0.2,1,117.081024
0.0,1,117.091702
-1.0,1,117.100223
-1.0,1,117.109656
-1.0,1,117.117165
-1.0,1,117.126143
-0.3333333333333333,1,117.13075
-1.0,1,117.134758
-1.0,1,117.138523
-0.5555555555555556,1,117.14252
-0.3333333333333333,1,117.146756
-0.5555555555555556,1,117.150737
-0.3333333333333333,1,117.155073
-0.5,1,117.161005
-0.3333333333333333,1,117.165145
-0.5,1,117.16967
-0.4,1,117.173999
-0.2,1,117.181504
-0.2222222222222222,1,117.188014
-0.16666666666666666,1,117.192221
-0.4,1,117.196849
-0.75,1,117.202808
-0.6666666666666666,1,117.206996
-0.5,1,117.21279
-0.16666666666666666,1,117.218583
-0.25,1,117.22433
-0.3333333333333333,1,117.23067
-0.5,1,117.236454
-0.6666666666666666,1,117.243646
-0.3333333333333333,1,117.249461
-0.3333333333333333,1,117.258165
-0.3333333333333333,1,117.266079
-0.3333333333333333,1,117.270961
-0.3333333333333333,1,117.275444
-0.3333333333333333,1,117.282227
-0.125,1,117.289143
-0.3,1,117.294968
-0.12,1,117.301546
-0.3,1,117.306335
-0.125,1,117.321137
-0.1,1,117.329305
-0.25,1,117.33461
-0.3333333333333333,1,117.356645
-0.25,1,117.376112
-0.2,1,117.382141
-0.5,1,117.391898
-0.4,1,117.397578
-0.2,1,117.402704
-0.2222222222222222,1,117.4132
-0.16666666666666666,1,117.423446
-0.2222222222222222,1,117.435067
-0.16666666666666666,1,117.446728
-0.06666666666666667,1,117.450948
-0.16666666666666666,1,117.465859
-0.2222222222222222,1,117.473373
-0.16666666666666666,1,117.479554
-0.2,1,117.484604
-0.16666666666666666,1,117.489633
-0.06666666666666667,1,117.494688
-0.16666666666666666,1,117.499252
-0.06666666666666667,1,117.503894
-0.12,1,117.508862
-0.2,1,117.513417
-0.2,1,117.518903
-0.2222222222222222,1,117.523547
-0.16666666666666666,1,117.527518
-0.2222222222222222,1,117.531853
-0.2,1,117.536111
-0.2,1,117.541126
-0.3333333333333333,1,117.545533
-0.2222222222222222,1,117.549803
-0.16666666666666666,1,117.553933
-0.3,1,117.558427
-0.06666666666666667,1,117.562801
-0.2,1,117.567198
-0.06666666666666667,1,117.571403
-0.3,1,117.575109
-0.125,1,117.579655
-0.3333333333333333,1,117.583854
-0.2,1,117.588433
-0.2,1,117.592696
-0.3333333333333333,1,117.596766
-0.3333333333333333,1,117.600345
-0.25,1,117.604966
-0.2,1,117.609076
-0.3333333333333333,1,117.613873
-0.16666666666666666,1,117.617554
-0.125,1,117.622463
-0.3,1,117.626602
-0.06666666666666667,1,117.630716
-0.16666666666666666,1,117.635229
-0.06666666666666667,1,117.639508
-0.16666666666666666,1,117.644743
-0.5,1,117.651173
-0.16666666666666666,1,117.655833
-0.25,1,117.660064
-0.3333333333333333,1,117.664071
-0.5,1,117.667656
-0.16666666666666666,1,117.672269
-0.125,1,117.676203
-0.3333333333333333,1,117.680633
-0.2,1,117.684685
-0.3333333333333333,1,117.689399
-0.25,1,117.693109
-0.2,1,117.697675
-0.16666666666666666,1,117.701422
-0.2222222222222222,1,117.705847
-0.2,1,117.709835
-0.4,1,117.713848
-0.5,1,117.718138
-0.3333333333333333,1,117.722567
0.0,1,117.726727
-1.0,1,117.730833
-1.0,1,117.736001
-0.3333333333333333,1,117.740358
-0.3333333333333333,1,117.744897
-0.3333333333333333,1,117.749325
-0.2,1,117.75367
-0.2,1,117.75816
-0.16666666666666666,1,117.76446
-0.2222222222222222,1,117.769768
-0.16666666666666666,1,117.774361
-0.1,1,117.778902
-0.2,1,117.782825
-0.2,1,117.786497
-0.12,1,117.790552
-0.3,1,117.794195
-0.12,1,117.799996
-0.3,1,117.829577
-0.06666666666666667,1,117.835613
-0.3333333333333333,1,117.840416
-0.06666666666666667,1,117.845533
-0.16666666666666666,1,117.853234
-0.25,1,117.858006
-0.3333333333333333,1,117.862336
-0.25,1,117.866282
-0.3333333333333333,1,117.870122
-0.3333333333333333,1,117.875203
-0.2,1,117.880609
-0.2,1,117.885302
-0.3333333333333333,1,117.889693
-0.5,1,117.894805
-0.3333333333333333,1,117.900975
-0.2,1,117.906511
-0.3,1,117.910028
-0.125,1,117.913988
-0.16666666666666666,1,117.918337
-0.5555555555555556,1,117.922413
-0.3333333333333333,1,117.926185
-0.3333333333333333,1,117.931532
-0.3333333333333333,1,117.936761
-0.3333333333333333,1,117.941293
-0.3333333333333333,1,117.946514
-0.3333333333333333,1,117.951151
-0.3333333333333333,1,117.955544
-0.3333333333333333,1,117.959615
-0.3333333333333333,1,117.964481
-0.5,1,117.969045
-0.4,1,117.973291
-0.06666666666666667,1,117.97748
-0.2222222222222222,1,117.982167
-0.3333333333333333,1,117.987169
-0.2,1,117.990955
-0.2,1,117.99487
-0.16666666666666666,1,118.000052
-0.2,1,118.004259
-0.16666666666666666,1,118.008101
-0.25,1,118.012173
-0.3333333333333333,1,118.021122
-0.25,1,118.02712
-0.3333333333333333,1,118.031171
-0.3333333333333333,1,118.035284
-0.3333333333333333,1,118.040008
-0.5,1,118.043936
-0.6666666666666666,1,118.048176
-0.3333333333333333,1,118.052908
-0.6666666666666666,1,118.057035
-0.75,1,118.062761
-1.0,1,118.067302
-0.5,1,118.071392
-1.0,1,118.074987
-0.5555555555555556,1,118.086701
-1.0,1,118.093458
-0.5555555555555556,1,118.099576
-1.0,1,118.104331
-1.0,1,118.108667
-1.0,1,118.113225
-0.75,1,118.117706
-1.0,1,118.121965
-0.5,1,118.126049
-1.0,1,118.130124
-1.0,1,118.134456
-1.0,1,118.139017
-1.0,1,118.143365
-0.3333333333333333,1,118.148015
-0.3333333333333333,1,118.152731
-0.16666666666666666,1,118.156823
-0.75,1,118.161149
-0.16666666666666666,1,118.165317
-0.2,1,118.170495
-0.2222222222222222,1,118.174322
-0.06666666666666667,1,118.178473
-0.16666666666666666,1,118.183686
-0.3333333333333333,1,118.188085
-0.3333333333333333,1,118.192181
-0.25,1,118.196508
-0.2,1,118.200623
-0.2,1,118.204527
-0.06666666666666667,1,118.208229
-0.12,1,118.212094
-0.2,1,118.217134
-0.16666666666666666,1,118.22154
-0.2,1,118.225561
-0.16666666666666666,1,118.230254
-0.06666666666666667,1,118.234954
-0.12,1,118.238884
-0.06666666666666667,1,118.242998
-0.12,1,118.248021
-0.06666666666666667,1,118.252376
-0.2,1,118.256371
0.0,1,118.260494
-1.0,1,118.265129
-1.0,1,118.269482
-0.6666666666666666,1,118.274077
-0.3333333333333333,1,118.278135
-0.6666666666666666,1,118.282148
-0.7777777777777778,1,118.28647
-0.3333333333333333,1,118.290417
-0.2,1,118.294047
-0.2222222222222222,1,118.298002
-0.2,1,118.302176
-0.2,1,118.305766
-0.25,1,118.30938
-0.3333333333333333,1,118.312954
-0.5,1,118.31741
-0.3333333333333333,1,118.321664
-0.2,1,118.32552
-0.2,1,118.330192
-0.12,1,118.334664
-0.3,1,118.338654
-0.2,1,118.343397
-0.3333333333333333,1,118.347108
-0.2,1,118.351158
-0.1,1,118.355138
-0.2,1,118.359106
-0.2222222222222222,1,118.363158
-0.16666666666666666,1,118.367218
0.0,1,118.372138
-1.0,1,118.376812
-1.0,1,118.381146
-1.0,1,118.387943
-0.5,1,118.391925
-0.6666666666666666,1,118.398043
-0.3333333333333333,1,118.402175
-0.3333333333333333,1,118.405869
-0.2,1,118.409683
-0.3333333333333333,1,118.413931
-0.25,1,118.418375
-0.1,1,118.42273
-0.25,1,118.426721
-0.1,1,118.430351
-0.16666666666666666,1,118.435031
-0.2222222222222222,1,118.439205
-0.2,1,118.443141
-0.3333333333333333,1,118.447439
-0.125,1,118.452634
-0.3,1,118.456665
-0.12,1,118.46047
-0.3,1,118.464851
-0.12,1,118.469143
-0.3,1,118.472941
-0.2,1,118.476601
-0.3333333333333333,1,118.481047
-0.25,1,118.485633
-0.2,1,118.489553
-0.16666666666666666,1,118.49327
-0.2,1,118.497153
-0.2,1,118.501034
-0.2,1,118.504673
-0.12,1,118.508599
-0.06666666666666667,1,118.513404
-0.12,1,118.517824
-0.06666666666666667,1,118.523474
-0.16666666666666666,1,118.527335
0.0,1,118.531503
-1.0,1,118.535863
-1.0,1,118.539914
-1.0,1,118.54373
-1.0,1,118.548417
-0.6666666666666666,1,118.552723
-1.0,1,118.556853
-0.6666666666666666,1,118.560863
-0.3333333333333333,1,118.564873
-0.3333333333333333,1,118.569056
-0.3333333333333333,1,118.573466
-0.6666666666666666,1,118.577595
-1.0,1,118.582197
-0.6666666666666666,1,118.58724
-1.0,1,118.591295
-0.6666666666666666,1,118.595383
-0.3333333333333333,1,118.59918
-1.0,1,118.604111
-0.5,1,118.608291
-0.2,1,118.612983
-0.5,1,118.617161
-1.0,1,118.621189
-0.3333333333333333,1,118.625204
-0.3333333333333333,1,118.62944
-0.125,1,118.634366
-0.16666666666666666,1,118.646885
-0.5,1,118.65338
-0.16666666666666666,1,118.657792
-0.25,1,118.66254
-0.16666666666666666,1,118.667192
-0.06666666666666667,1,118.67138
-0.4,1,118.675514
-0.2,1,118.681247
-0.2,1,118.685798
-0.25,1,118.690085
-0.3333333333333333,1,118.694371
-0.3333333333333333,1,118.698645
-0.6666666666666666,1,118.703299
-0.3333333333333333,1,118.707569
-0.6666666666666666,1,118.711683
-0.5,1,118.71618
-0.6666666666666666,1,118.720429
-0.5,1,118.724691
-1.0,1,118.729023
-1.0,1,118.733639
-0.4,1,118.737882
-0.5,1,118.7422
-0.6666666666666666,1,118.746954
-1.0,1,118.751556
-1.0,1,118.755709
-1.0,1,118.760334
-1.0,1,118.764575
-0.5555555555555556,1,118.769441
-0.3333333333333333,1,118.77354
-0.5555555555555556,1,118.778909
-0.16666666666666666,1,118.783303
-0.5555555555555556,1,118.789275
-1.0,1,118.794504
-0.5555555555555556,1,118.802032
-0.16666666666666666,1,118.808726
-0.06666666666666667,1,118.814571
-0.16666666666666666,1,118.819676
-0.75,1,118.824839
-0.6666666666666666,1,118.829619
-0.5,1,118.834776
-0.3333333333333333,1,118.83895
-0.2,1,118.843012
-0.2,1,118.846843
-0.25,1,118.8511
-0.3333333333333333,1,118.855388
-0.25,1,118.859667
-0.1,1,118.881751
-0.3333333333333333,1,118.889255
-0.2,1,118.894449
-0.12,1,118.901013
-0.06666666666666667,1,118.907044
-0.16666666666666666,1,118.912535
-0.3,1,118.916739
-0.16666666666666666,1,118.927376
-0.3,1,118.931651
-0.2,1,118.936287
-0.2,1,118.940045
-0.2,1,118.944279
-0.3333333333333333,1,118.950043
-0.25,1,118.954262
-0.16666666666666666,1,118.958561
-0.3333333333333333,1,118.963763
-0.2222222222222222,1,118.968599
-0.16666666666666666,1,118.9729
-0.2222222222222222,1,118.976974
-0.16666666666666666,1,118.980826
-0.1,1,118.985095
-0.16666666666666666,1,118.990237
-0.1,1,118.994459
-0.16666666666666666,1,118.998089
-0.06666666666666667,1,119.002354
-0.16666666666666666,1,119.006466
-0.06666666666666667,1,119.010835
-0.16666666666666666,1,119.015126
-0.06666666666666667,1,119.01966
-0.2,1,119.023916
-0.06666666666666667,1,119.0281
-0.16666666666666666,1,119.032022
-0.06666666666666667,1,119.036354
-0.12,1,119.040206
-0.06666666666666667,1,119.044454
-0.2,1,119.048457
0.0,1,119.05286
-1.0,1,119.057291
-1.0,1,119.06154
-1.0,1,119.066406
-0.5,1,119.070833
-0.4,1,119.074658
-0.2,1,119.079568
-0.1,1,119.084331
-0.12,1,119.088275
-0.06666666666666667,1,119.092438
-0.2,1,119.097014
0.0,1,119.10141
-1.0,1,119.105432
-1.0,1,119.110036
-0.3333333333333333,1,119.11638
-0.5,1,119.120442
-1.0,1,119.124222
-1.0,1,119.128548
-0.2,1,119.134472
-0.2,1,119.1391
-0.2,1,119.143445
-0.3333333333333333,1,119.147631
-0.2222222222222222,1,119.15204
-0.06666666666666667,1,119.156088
-0.16666666666666666,1,119.15965
-0.75,1,119.163799
-0.16666666666666666,1,119.168329
-0.3333333333333333,1,119.173483
-0.2,1,119.178288
-0.25,1,119.182012
-0.3333333333333333,1,119.186884
-0.5,1,119.191148
-0.2,1,119.195179
-0.25,1,119.199482
-0.3333333333333333,1,119.203839
-0.5555555555555556,1,119.20765
-0.3333333333333333,1,119.212217
-0.25,1,119.217111
-0.2,1,119.221189
-0.16666666666666666,1,119.225178
-0.06666666666666667,1,119.229165
-0.12,1,119.23359
-0.1,1,119.237257
-0.25,1,119.240864
-0.3333333333333333,1,119.245562
-0.7777777777777778,1,119.25066
-0.3333333333333333,1,119.267942
-0.75,1,119.272579
-1.0,1,119.276896
-0.3333333333333333,1,119.281168
-0.6666666666666666,1,119.285753
-0.5,1,119.290658
-0.3333333333333333,1,119.295145
-0.2,1,119.299609
-0.2,1,119.304731
-0.3333333333333333,1,119.309171
-0.2,1,119.313806
-0.2,1,119.318421
-0.2,1,119.322899
-0.25,1,119.327292
-0.16666666666666666,1,119.331745
-0.75,1,119.336458
-0.4,1,119.34084
-0.25,1,119.345725
-0.3333333333333333,1,119.350363
-0.3333333333333333,1,119.354737
-0.3333333333333333,1,119.358706
-0.5,1,119.362982
0.0,1,119.367839
-1.0,1,119.371759
-1.0,1,119.377273
-1.0,1,119.386279
-0.5,1,119.390942
-0.3333333333333333,1,119.39523
-0.5,1,119.400051
-0.3333333333333333,1,119.404785
-0.3333333333333333,1,119.40907
-0.3333333333333333,1,119.413603
-0.3333333333333333,1,119.418465
-0.3333333333333333,1,119.422979
-0.3333333333333333,1,119.427078
-0.3333333333333333,1,119.430992
-0.3333333333333333,1,119.435859
-0.3333333333333333,1,119.439698
-0.3333333333333333,1,119.443687
-0.3333333333333333,1,119.447969
-0.2,1,119.452519
-0.2,1,119.456496
-0.2,1,119.460933
-0.2,1,119.465994
-0.25,1,119.470289
-0.2,1,119.474129
-0.16666666666666666,1,119.478423
-0.2222222222222222,1,119.48262
-0.2,1,119.486922
-0.3333333333333333,1,119.49102
-0.25,1,119.49498
-0.2,1,119.500467
-0.2,1,119.505619
-0.2,1,119.510664
-0.25,1,119.51477
-0.3333333333333333,1,119.518929
-0.25,1,119.523316
-0.3333333333333333,1,119.52723
-0.25,1,119.531345
-0.2,1,119.535608
-0.25,1,119.540052
-0.16666666666666666,1,119.545019
-0.5555555555555556,1,119.549695
-1.0,1,119.554545
-0.3333333333333333,1,119.558846
-0.6666666666666666,1,119.563165
-0.3333333333333333,1,119.567737
-0.3333333333333333,1,119.571978
-0.3333333333333333,1,119.576443
0.0,1,119.580165
-1.0,1,119.584403
-1.0,1,119.588614
-1.0,1,119.592686
-1.0,1,119.596785
-1.0,1,119.601011
-1.0,1,119.605705
-0.2,1,119.609941
-0.5,1,119.613697
-0.6666666666666666,1,119.61844
-0.7777777777777778,1,119.622784
-0.6666666666666666,1,119.626551
-0.3333333333333333,1,119.630769
-0.3333333333333333,1,119.634656
-0.125,1,119.638818
-0.2,1,119.64342
-0.125,1,119.647359
-0.1,1,119.65152
-0.2,1,119.656142
-0.2,1,119.660522
-0.125,1,119.664579
-0.1,1,119.668815
-0.16666666666666666,1,119.673431
-0.06666666666666667,1,119.677761
-0.16666666666666666,1,119.681942
-0.06666666666666667,1,119.685872
-0.16666666666666666,1,119.689908
-0.06666666666666667,1,119.694384
-0.16666666666666666,1,119.700819
-0.3,1,119.705343
-0.06666666666666667,1,119.709312
-0.2,1,119.713563
-0.25,1,119.71741
-0.3333333333333333,1,119.721504
-0.5,1,119.72597
-0.3333333333333333,1,119.73113
-0.3333333333333333,1,119.735516
-0.2,1,119.739716
-0.2,1,119.744689
0.0,1,119.750224
-1.0,1,119.754904
-0.5,1,119.759384
-1.0,1,119.763545
-0.5,1,119.767637
-1.0,1,119.771969
-1.0,1,119.776593
-0.6666666666666666,1,119.780545
-0.3333333333333333,1,119.784563
0.0,1,119.789225
-1.0,1,119.794487
-1.0,1,119.798795
-1.0,1,119.802847
-0.3333333333333333,1,119.808028
-0.3333333333333333,1,119.812208
-0.3333333333333333,1,119.816239
-0.16666666666666666,1,119.821169
-0.25,1,119.825176
-0.16666666666666666,1,119.830003
-0.2,1,119.833914
-0.2,1,119.848072
-0.12,1,119.856225
-0.06666666666666667,1,119.860858
-0.12,1,119.865531
-0.06666666666666667,1,119.870064
-0.16666666666666666,1,119.875269
-0.2222222222222222,1,119.87974
-0.16666666666666666,1,119.884116
-0.06666666666666667,1,119.888582
-0.12,1,119.893329
-0.06666666666666667,1,119.897931
-0.16666666666666666,1,119.902316
-0.2,1,119.90671
-0.16666666666666666,1,119.910618
-0.2222222222222222,1,119.914806
-0.2,1,119.919061
-0.2,1,119.92383
-0.2,1,119.92852
-0.2,1,119.932833
-0.3333333333333333,1,119.937016
-0.16666666666666666,1,119.941357
-0.5,1,119.946883
-1.0,1,119.968765
-1.0,1,119.975875
-1.0,1,119.983411
-0.75,1,119.987813
-0.16666666666666666,1,119.995684
-0.25,1,120.002447
-0.1,1,120.008342
-0.2,1,120.013156
-0.2,1,120.017812
-0.25,1,120.022506
-0.2,1,120.026917
-0.2,1,120.030961
-0.1,1,120.035335
-0.16666666666666666,1,120.039891
-0.2222222222222222,1,120.044874
-0.3333333333333333,1,120.049787
0.0,1,120.054503
-1.0,1,120.058733
-1.0,1,120.063275
-1.0,1,120.067831
-1.0,1,120.072689
-1.0,1,120.076911
-1.0,1,120.081544
-1.0,1,120.085454
-0.25,1,120.089888
-0.16666666666666666,1,120.093814
-0.2,1,120.097939
-0.4,1,120.102498
-1.0,1,120.1062
-1.0,1,120.110013
-0.5,1,120.113404
-0.3333333333333333,1,120.11826
0.0,1,120.1226
-1.0,1,120.126406
-1.0,1,120.130174
-1.0,1,120.13483
-1.0,1,120.138986
-1.0,1,120.143344
-1.0,1,120.147262
-0.6666666666666666,1,120.150678
-0.5555555555555556,1,120.154394
-0.3333333333333333,1,120.158137
-0.25,1,120.16226
-0.2,1,120.166117
-0.2,1,120.169716
-0.2,1,120.173839
-0.12,1,120.177715
-0.1,1,120.181581
-0.16666666666666666,1,120.185266
-0.1,1,120.1893
-0.125,1,120.193023
-0.3333333333333333,1,120.197026
-0.125,1,120.201134
-0.3,1,120.205818
-0.125,1,120.209947
-0.2,1,120.213667
-0.125,1,120.217371
-0.1,1,120.221951
-0.2,1,120.226148
-0.2,1,120.230004
-0.3333333333333333,1,120.234885
-0.16666666666666666,1,120.239115
-0.06666666666666667,1,120.244633
-0.2222222222222222,1,120.250788
-0.06666666666666667,1,120.255263
-0.4,1,120.282374
-0.16666666666666666,1,120.299349
-0.2,1,120.305396
-0.5,1,120.309174
-0.6666666666666666,1,120.313493
-0.3333333333333333,1,120.331107
0.0,1,120.33671
-1.0,1,120.355573
-1.0,1,120.363279
-1.0,1,120.378417
-0.5,1,120.387697
-0.3333333333333333,1,120.392585
-0.3333333333333333,1,120.402694
-0.3333333333333333,1,120.411772
-0.3333333333333333,1,120.417082
-0.3333333333333333,1,120.421548
-0.5555555555555556,1,120.426444
-0.3333333333333333,1,120.430951
-1.0,1,120.435489
-0.3333333333333333,1,120.439611
-0.25,1,120.443659
-0.3333333333333333,1,120.447432
-0.25,1,120.451892
-0.3333333333333333,1,120.455941
-0.25,1,120.461706
-0.1,1,120.473977
-0.3333333333333333,1,120.478629
-0.2222222222222222,1,120.493635
-0.06666666666666667,1,120.500722
-0.2222222222222222,1,120.507427
-0.16666666666666666,1,120.512388
-0.2222222222222222,1,120.517316
-0.16666666666666666,1,120.522104
-0.06666666666666667,1,120.52627
-0.12,1,120.530816
-0.06666666666666667,1,120.55092
-0.2,1,120.582172
-0.2,1,120.613289
-0.16666666666666666,1,120.618619
-0.2222222222222222,1,120.627442
-0.06666666666666667,1,120.631432
-0.16666666666666666,1,120.640054
-0.06666666666666667,1,120.650147
-0.3333333333333333,1,120.655664
-0.5555555555555556,1,120.660484
-0.16666666666666666,1,120.665019
-0.25,1,120.670045
-0.2,1,120.675077
-0.25,1,120.680236
-0.2,1,120.6851
-0.16666666666666666,1,120.689326
-0.06666666666666667,1,120.693321
-0.16666666666666666,1,120.697345
-0.2222222222222222,1,120.701888
-0.16666666666666666,1,120.706374
-0.2,1,120.710521
-0.2,1,120.714874
-0.1,1,120.719821
-0.25,1,120.724072
-0.3333333333333333,1,120.728266
-0.25,1,120.732586
0.0,1,120.737246
-1.0,1,120.741188
-1.0,1,120.74555
-1.0,1,120.750108
-1.0,1,120.754385
-1.0,1,120.75838
-0.16666666666666666,1,120.76246
-0.2222222222222222,1,120.773668
-0.3333333333333333,1,120.791815
0.0,1,120.805294
-1.0,1,120.822957
-1.0,1,120.833581
-1.0,1,120.846952
-0.5,1,120.853841
-0.6666666666666666,1,120.866962
-0.5,1,120.874192
-0.4,1,120.881063
-0.25,1,120.88644
-0.3333333333333333,1,120.894164
-0.25,1,120.899976
-0.2,1,120.904931
-0.2,1,120.909431
-0.4,1,120.914915
-0.2,1,120.919514
-0.3333333333333333,1,120.927944
-0.75,1,120.932367
-0.4,1,120.937009
-0.2,1,120.941038
-0.2222222222222222,1,120.945137
-0.2,1,120.949032
-0.2222222222222222,1,120.954835
-0.2,1,120.96202
-0.3333333333333333,1,120.967786
-0.3333333333333333,1,120.976888
0.0,1,120.981231
-1.0,1,120.991006
-1.0,1,120.99907
-0.6666666666666666,1,121.009123
-1.0,1,121.018037
-0.3333333333333333,1,121.022513
-1.0,1,121.026641
-1.0,1,121.03116
-0.75,1,121.036053
-0.16666666666666666,1,121.04077
-0.25,1,121.047988
-0.3333333333333333,1,121.053319
-0.25,1,121.057931
-0.2,1,121.06254
-0.2,1,121.066848
-0.2,1,121.071174
-0.16666666666666666,1,121.075638
-0.2,1,121.079988
0.0,1,121.084549
-1.0,1,121.088989
-1.0,1,121.092776
-1.0,1,121.097057
-1.0,1,121.102009
-0.6666666666666666,1,121.107833
-0.5,1,121.112636
-1.0,1,121.117223
-1.0,1,121.121164
-0.6666666666666666,1,121.12452
-0.5,1,121.128297
-0.3333333333333333,1,121.132156
-0.5555555555555556,1,121.136235
-0.16666666666666666,1,121.140383
-0.3333333333333333,1,121.144518
-0.6666666666666666,1,121.148235
-0.25,1,121.152139
-0.2,1,121.156363
-0.25,1,121.160352
-0.3333333333333333,1,121.163975
-0.25,1,121.168315
-0.3333333333333333,1,121.172855
-0.3333333333333333,1,121.176641
-0.6666666666666666,1,121.18018
-1.0,1,121.184121
-1.0,1,121.187857
-0.3333333333333333,1,121.191239
-1.0,1,121.194832
-0.5555555555555556,1,121.198428
-0.3333333333333333,1,121.202558
-0.3333333333333333,1,121.206406
-0.3333333333333333,1,121.21035
-0.5,1,121.217466
-1.0,1,121.221826
-0.5,1,121.226277
-0.3333333333333333,1,121.231088
-0.25,1,121.235419
-0.6666666666666666,1,121.239961
-0.3333333333333333,1,121.243778
-0.3333333333333333,1,121.247743
-0.25,1,121.252188
-0.1,1,121.256051
-0.2,1,121.259841
-0.06666666666666667,1,121.26347
-0.12,1,121.267604
-0.2,1,121.271839
-0.12,1,121.275882
-0.3,1,121.279729
-0.125,1,121.284346
-0.2,1,121.288369
-0.125,1,121.291995
-0.2,1,121.296559
-0.2,1,121.301072
-0.2,1,121.305098
-0.16666666666666666,1,121.309288
0.0,1,121.313389
-1.0,1,121.32413
-1.0,1,121.333112
-0.6666666666666666,1,121.337177
-0.5,1,121.341295
-0.3333333333333333,1,121.345942
-0.2,1,121.350782
-0.2,1,121.355432
-0.16666666666666666,1,121.359473
-0.06666666666666667,1,121.363769
-0.2,1,121.369823
-0.2,1,121.374061
-0.2,1,121.378762
-0.3333333333333333,1,121.382998
-0.5,1,121.387614
-0.3333333333333333,1,121.391926
-0.2,1,121.396142
-0.3333333333333333,1,121.400941
-0.25,1,121.405253
-0.3333333333333333,1,121.40926
0.0,1,121.413696
-1.0,1,121.418356
-1.0,1,121.422568
-1.0,1,121.426793
-1.0,1,121.432008
-1.0,1,121.436606
-0.5,1,121.440464
-1.0,1,121.444752
-1.0,1,121.449006
-0.6666666666666666,1,121.453978
-0.7777777777777778,1,121.45833
-0.3333333333333333,1,121.462463
-0.125,1,121.466774
-0.16666666666666666,1,121.470551
-0.25,1,121.474353
-0.2,1,121.478427
-0.25,1,121.483913
-0.16666666666666666,1,121.488301
-0.25,1,121.492945
-0.2,1,121.497631
-0.25,1,121.502197
-0.3,1,121.506214
-0.16666666666666666,1,121.510553
-0.06666666666666667,1,121.514668
-0.16666666666666666,1,121.519089
-0.2,1,121.523254
-0.06666666666666667,1,121.527463
-0.4,1,121.530969
-0.5,1,121.53475
-0.3333333333333333,1,121.53926
-0.5,1,121.543115
-0.6666666666666666,1,121.547441
-0.3333333333333333,1,121.551567
-0.3333333333333333,1,121.555766
-0.3333333333333333,1,121.559652
-0.1,1,121.564313
-0.25,1,121.568515
-0.2,1,121.572724
-0.12,1,121.577214
-0.06666666666666667,1,121.581584
-0.16666666666666666,1,121.585916
-0.06666666666666667,1,121.589793
-0.16666666666666666,1,121.594027
-0.06666666666666667,1,121.598428
-0.12,1,121.603648
-0.2,1,121.607292
-0.2,1,121.610694
-0.3,1,121.614897
-0.25,1,121.619713
-0.16666666666666666,1,121.623479
-0.25,1,121.626858
-0.3333333333333333,1,121.63199
0.0,1,121.636058
-1.0,1,121.639775
-1.0,1,121.643447
-0.6666666666666666,1,121.647366
-0.3333333333333333,1,121.6523
-0.6666666666666666,1,121.656276
-0.75,1,121.659934
-0.16666666666666666,1,121.664186
-0.3333333333333333,1,121.668697
-0.3333333333333333,1,121.67278
0.0,1,121.67679
-1.0,1,121.680932
-1.0,1,121.685431
-1.0,1,121.689551
-1.0,1,121.694026
-0.3333333333333333,1,121.6981
-0.5,1,121.702834
-1.0,1,121.70681
-1.0,1,121.711411
-0.4,1,121.71597
-0.06666666666666667,1,121.720529
-0.2222222222222222,1,121.725184
-0.3333333333333333,1,121.731534
-0.1,1,121.737175
-0.16666666666666666,1,121.741695
0.0,1,121.746194
-1.0,1,121.750644
-1.0,1,121.754864
-1.0,1,121.758988
-0.5,1,121.763432
-0.3333333333333333,1,121.768527
-1.0,1,121.774841
-1.0,1,121.789871
-1.0,1,121.794335
-1.0,1,121.798719
-0.5555555555555556,1,121.803234
-0.16666666666666666,1,121.807411
-0.5555555555555556,1,121.812229
-0.16666666666666666,1,121.818036
-0.125,1,121.823241
-0.16666666666666666,1,121.827971
-0.2,1,121.833033
-0.2,1,121.837615
0.0,1,121.841246
-1.0,1,121.845074
-1.0,1,121.849273
-0.6666666666666666,1,121.853807
-0.3333333333333333,1,121.857647
-0.6666666666666666,1,121.861728
-0.25,1,121.866925
-0.2,1,121.871352
-0.3333333333333333,1,121.875458
-0.2222222222222222,1,121.880043
-0.3333333333333333,1,121.884688
-0.1,1,121.88933
-0.3333333333333333,1,121.893881
-0.2,1,121.89852
-0.2,1,121.912043
-0.3333333333333333,1,121.91934
-0.5,1,121.923749
-0.3333333333333333,1,121.928128
-0.5555555555555556,1,121.933973
-0.6666666666666666,1,121.938604
-0.5,1,121.943113
-0.16666666666666666,1,121.947332
-0.125,1,121.952057
-0.2,1,121.956291
-0.2,1,121.960251
-0.2,1,121.964509
-0.5,1,121.968925
-0.6666666666666666,1,121.9734
-0.3333333333333333,1,121.977868
-0.3333333333333333,1,121.98238
-0.06666666666666667,1,121.986897
-0.3,1,121.991051
-0.06666666666666667,1,121.99543
-0.4,1,122.00018
-0.5,1,122.005191
-0.3333333333333333,1,122.009443
-1.0,1,122.013126
-1.0,1,122.018127
-0.5,1,122.021938
-1.0,1,122.0266
-1.0,1,122.030497
-1.0,1,122.035859
-1.0,1,122.046339
-1.0,1,122.05275
-0.5555555555555556,1,122.066299
-0.3333333333333333,1,122.07094
-0.3333333333333333,1,122.075479
-0.3333333333333333,1,122.079679
-0.3333333333333333,1,122.098826
-0.3333333333333333,1,122.104144
-0.3333333333333333,1,122.108473
-0.3333333333333333,1,122.11716
-0.3333333333333333,1,122.122553
-0.3333333333333333,1,122.133328
-0.25,1,122.138287
-0.3333333333333333,1,122.143951
-0.25,1,122.147724
-0.1,1,122.1512
-0.2,1,122.155265
-0.1,1,122.159448
-0.2,1,122.163306
-0.2,1,122.166908
-0.125,1,122.171018
-0.16666666666666666,1,122.175137
-0.125,1,122.179575
-0.3333333333333333,1,122.183975
-0.25,1,122.188294
-0.2,1,122.192798
-0.16666666666666666,1,122.197611
-0.2,1,122.202269
-0.3333333333333333,1,122.206569
-0.2,1,122.210914
-0.2,1,122.214839
-0.2,1,122.219425
-0.25,1,122.224077
-0.2,1,122.230325
-0.16666666666666666,1,122.235277
-1.0,1,122.25794
-0.16666666666666666,1,122.295608
-0.2222222222222222,1,122.311922
-0.2,1,122.33421
-0.3333333333333333,1,122.353161
-0.5,1,122.358975
-0.3333333333333333,1,122.367747
-0.5,1,122.372585
-0.4,1,122.37724
-0.06666666666666667,1,122.381585
-0.16666666666666666,1,122.385727
-0.25,1,122.390051
-0.2,1,122.394926
-0.06666666666666667,1,122.399701
-0.3333333333333333,1,122.404461
-0.25,1,122.409992
-0.3333333333333333,1,122.414268
-0.5,1,122.418201
-0.16666666666666666,1,122.423112
-0.3333333333333333,1,122.427571
-0.2222222222222222,1,122.433419
-0.2,1,122.438048
-0.4,1,122.442829
-0.75,1,122.447013
-0.16666666666666666,1,122.451339
-0.75,1,122.455765
-0.4,1,122.463062
-0.06666666666666667,1,122.467061
-0.3333333333333333,1,122.473675
-0.5,1,122.478805
-0.3333333333333333,1,122.483319
-0.3333333333333333,1,122.488688
-0.6666666666666666,1,122.493472
-1.0,1,122.497423
-0.3333333333333333,1,122.501412
-0.25,1,122.5056
-0.3333333333333333,1,122.509559
-0.5,1,122.532831
-0.6666666666666666,1,122.541339
-0.5,1,122.55607
-0.4,1,122.562702
-0.16666666666666666,1,122.575616
-0.2222222222222222,1,122.581126
-0.16666666666666666,1,122.5932
-0.2,1,122.59925
-0.12,1,122.604734
-0.3,1,122.610784
-0.12,1,122.638057
-0.3,1,122.650586
-0.2,1,122.655192
-0.2,1,122.659175
0.0,1,122.663234
-1.0,1,122.66781
-1.0,1,122.696383
-1.0,1,122.703417
-1.0,1,122.708783
-1.0,1,122.715097
-1.0,1,122.723485
-0.6666666666666666,1,122.730334
-1.0,1,122.738992
-1.0,1,122.767191
-1.0,1,122.776309
-1.0,1,122.797316
-1.0,1,122.839493
-0.6666666666666666,1,122.848356
-0.5,1,122.872687
-0.3333333333333333,1,122.878803
-0.3333333333333333,1,122.883914
-0.3333333333333333,1,122.888498
-0.25,1,122.892777
-0.2,1,122.897521
-0.2,1,122.902702
-0.2,1,122.907652
-0.12,1,122.912278
-0.2,1,122.917212
0.0,1,122.922507
-1.0,1,122.926918
-1.0,1,122.931195
-1.0,1,122.936352
-1.0,1,122.940543
-0.3333333333333333,1,122.944643
-0.5,1,122.948908
-1.0,1,122.953254
-1.0,1,122.957218
-1.0,1,122.96101
-1.0,1,122.965162
-0.6666666666666666,1,122.970649
-1.0,1,122.975324
-1.0,1,122.980725
-0.5,1,122.985501
-0.4,1,122.989516
-1.0,1,122.993814
-0.4,1,122.998034
-0.3333333333333333,1,123.002335
-0.2,1,123.006821
0.0,1,123.011061
-1.0,1,123.01603
-1.0,1,123.020598
-0.6666666666666666,1,123.024571
-1.0,1,123.028729
-1.0,1,123.033548
-0.3333333333333333,1,123.037971
-0.3333333333333333,1,123.041704
-0.3333333333333333,1,123.045696
-0.3333333333333333,1,123.056643
-0.5,1,123.061071
-1.0,1,123.065248
-1.0,1,123.06971
-1.0,1,123.073931
-1.0,1,123.079021
-0.6666666666666666,1,123.08337
-0.5,1,123.087536
-1.0,1,123.091673
-1.0,1,123.099364
-1.0,1,123.104548
-1.0,1,123.139154
-1.0,1,123.154434
-1.0,1,123.15884
-1.0,1,123.163534
-0.25,1,123.167704
-0.16666666666666666,1,123.185183
-0.3333333333333333,1,123.189212
0.0,1,123.202479
-1.0,1,123.211761
-0.5,1,123.218286
-0.6666666666666666,1,123.225978
-0.5,1,123.232581
-0.4,1,123.237365
-0.75,1,123.241106
-0.4,1,123.245385
-0.75,1,123.250104
-1.0,1,123.253973
-0.5,1,123.257801
-0.6666666666666666,1,123.264619
-0.5,1,123.269306
-0.4,1,123.273465
-0.3333333333333333,1,123.277703
-0.2,1,123.281893
-0.12,1,123.286477
-0.06666666666666667,1,123.290599
-0.16666666666666666,1,123.294451
-0.2,1,123.299021
-0.2,1,123.303618
-0.2,1,123.307847
-0.25,1,123.31252
-0.3333333333333333,1,123.317509
-0.2,1,123.322203
-0.2222222222222222,1,123.326557
-0.16666666666666666,1,123.330944
-1.0,1,123.335758
-1.0,1,123.341216
-1.0,1,123.349759
-1.0,1,123.364875
-1.0,1,123.378198
-0.5,1,123.395257
-0.3333333333333333,1,123.402678
-0.5555555555555556,1,123.409405
-0.16666666666666666,1,123.413938
-0.25,1,123.418235
-0.2,1,123.422857
-0.2,1,123.42724
-0.2,1,123.430971
0.0,1,123.435805
-1.0,1,123.440122
-1.0,1,123.444161
-0.3333333333333333,1,123.448884
-0.3333333333333333,1,123.453369
-0.6666666666666666,1,123.457396
-0.5,1,123.462079
-0.6666666666666666,1,123.467822
-0.5,1,123.471727
-1.0,1,123.475899
-0.5,1,123.480676
-0.3333333333333333,1,123.484724
-0.25,1,123.488515
-0.3333333333333333,1,123.492163
-0.25,1,123.496397
-0.3333333333333333,1,123.500251
-0.5555555555555556,1,123.503869
-0.3333333333333333,1,123.507858
0.0,1,123.512059
-1.0,1,123.516113
-0.5,1,123.520179
-0.6666666666666666,1,123.523773
-0.25,1,123.527619
-0.3333333333333333,1,123.532019
-0.3333333333333333,1,123.536916
-0.3333333333333333,1,123.540928
-0.3333333333333333,1,123.546501
-0.3333333333333333,1,123.553331
-0.2,1,123.557369
-0.1,1,123.561084
-0.25,1,123.564953
-0.2,1,123.580639
-0.16666666666666666,1,123.589
-0.2,1,123.593636
-0.25,1,123.598063
-0.2,1,123.602748
-0.25,1,123.606893
-0.16666666666666666,1,123.61132
-0.5555555555555556,1,123.615828
-0.16666666666666666,1,123.620679
-0.125,1,123.624951
-0.3,1,123.630011
-0.125,1,123.634603
-0.3333333333333333,1,123.638828
-0.3333333333333333,1,123.643139
-0.3333333333333333,1,123.647631
0.0,1,123.652485
-1.0,1,123.656953
-1.0,1,123.661304
-0.6666666666666666,1,123.665639
-0.5,1,123.670516
-0.4,1,123.674866
-0.16666666666666666,1,123.678801
-0.2222222222222222,1,123.683763
-0.16666666666666666,1,123.688445
-0.2,1,123.692772
-0.12,1,123.698859
-0.2,1,123.70469
-0.12,1,123.709702
-0.2,1,123.714401
-0.25,1,123.718503
-0.2,1,123.722609
-0.2,1,123.72711
-0.3333333333333333,1,123.730881
-0.25,1,123.734781
-0.3333333333333333,1,123.738403
-0.2,1,123.742011
-0.2222222222222222,1,123.74632
-0.16666666666666666,1,123.750786
0.0,1,123.754654
-1.0,1,123.759357
-1.0,1,123.767215
-1.0,1,123.771118
-0.25,1,123.775008
-0.16666666666666666,1,123.780565
-0.5555555555555556,1,123.784745
-0.3333333333333333,1,123.789812
-0.5,1,123.794412
-0.3333333333333333,1,123.798647
-0.3333333333333333,1,123.803114
-0.6666666666666666,1,123.809437
-0.25,1,123.816241
-0.6666666666666666,1,123.821555
-0.5,1,123.826863
-0.3333333333333333,1,123.832417
-0.125,1,123.837346
-0.2,1,123.841045
-0.2,1,123.845693
-0.3333333333333333,1,123.850442
-0.5,1,123.85508
-1.0,1,123.86046
-1.0,1,123.865788
-0.4,1,123.869959
-1.0,1,123.874786
-0.2,1,123.879368
-0.16666666666666666,1,123.883987
-0.2222222222222222,1,123.887651
-0.16666666666666666,1,123.892253
0.0,1,123.89752
-1.0,1,123.902126
-1.0,1,123.906416
-1.0,1,123.911031
-1.0,1,123.918925
-0.6666666666666666,1,123.923379
-1.0,1,123.927636
-1.0,1,123.933018
-0.5,1,123.937401
-1.0,1,123.941154
-0.5,1,123.945277
-1.0,1,123.950136
-1.0,1,123.95527
-0.3333333333333333,1,123.959776
-0.3333333333333333,1,123.964132
-0.3333333333333333,1,123.968722
-0.2,1,123.972774
-0.3333333333333333,1,123.97694
-0.2,1,123.981934
-0.4,1,123.986786
-0.2,1,123.991077
-0.3333333333333333,1,123.995159
-0.3333333333333333,1,123.999616
-0.2,1,124.003538
-0.2,1,124.007766
-0.4,1,124.012592
-0.5,1,124.017799
-0.6666666666666666,1,124.022169
-0.3333333333333333,1,124.026078
-1.0,1,124.030651
-0.5,1,124.035738
-0.3333333333333333,1,124.040799
-0.3333333333333333,1,124.050822
-0.3333333333333333,1,124.055708
-0.5555555555555556,1,124.059916
-0.3333333333333333,1,124.068181
-0.25,1,124.073493
-0.16666666666666666,1,124.078884
-0.06666666666666667,1,124.084023
-0.16666666666666666,1,124.088158
-0.25,1,124.092174
-0.3333333333333333,1,124.096754
-1.0,1,124.10195
-0.6666666666666666,1,124.105856
-0.3333333333333333,1,124.110558
-0.16666666666666666,1,124.116518
-0.3333333333333333,1,124.120343
-0.3333333333333333,1,124.123833
-0.2,1,124.128046
-0.16666666666666666,1,124.132728
-0.2,1,124.136406
-0.4,1,124.140364
-0.06666666666666667,1,124.144803
-0.16666666666666666,1,124.149118
-0.125,1,124.157254
-0.3,1,124.163103
-0.25,1,124.167227
-0.3333333333333333,1,124.171213
-0.2,1,124.17561
-0.4,1,124.17983
-0.06666666666666667,1,124.184368
-0.2,1,124.192485
-0.12,1,124.199609
-0.3,1,124.20501
-0.16666666666666666,1,124.209037
-0.2222222222222222,1,124.213307
-0.3333333333333333,1,124.217583
-0.2222222222222222,1,124.221769
-0.16666666666666666,1,124.225805
0.0,1,124.229987
-1.0,1,124.234491
-1.0,1,124.238973
-1.0,1,124.243798
-1.0,1,124.248885
-1.0,1,124.255021
-0.5,1,124.261886
-0.4,1,124.268283
-0.06666666666666667,1,124.27283
-0.2,1,124.276857
-0.3333333333333333,1,124.281373
-0.3333333333333333,1,124.286121
-0.25,1,124.291235
-0.1,1,124.29793
-0.2,1,124.302322
-0.2,1,124.306783
-0.12,1,124.312061
-0.06666666666666667,1,124.319013
-0.16666666666666666,1,124.323479
-0.06666666666666667,1,124.327824
-0.16666666666666666,1,124.332093
-0.2,1,124.336486
-0.2,1,124.340852
-0.3333333333333333,1,124.345632
-0.3333333333333333,1,124.351239
-0.1,1,124.356176
-0.16666666666666666,1,124.36299
-0.1,1,124.367795
-0.16666666666666666,1,124.372204
-0.2,1,124.376581
-0.125,1,124.381069
-0.16666666666666666,1,124.385645
-0.125,1,124.389909
-0.3333333333333333,1,124.394412
-0.2,1,124.398737
-0.4,1,124.403232
-0.25,1,124.407247
-0.16666666666666666,1,124.411112
-0.5555555555555556,1,124.41545
-0.3333333333333333,1,124.419539
0.0,1,124.428323
-1.0,1,124.432958
-1.0,1,124.437476
-1.0,1,124.442333
-1.0,1,124.446202
-1.0,1,124.450175
-1.0,1,124.454938
-1.0,1,124.463526
-1.0,1,124.467753
-0.6666666666666666,1,124.481869
-0.75,1,124.496072
-0.4,1,124.50526
-0.16666666666666666,1,124.531029
-0.2222222222222222,1,124.543573
-0.16666666666666666,1,124.554445
0.0,1,124.563025
-1.0,1,124.568585
-0.5,1,124.57478
-0.3333333333333333,1,124.584064
-0.3333333333333333,1,124.591077
-0.3333333333333333,1,124.596186
-0.3333333333333333,1,124.600727
-0.3333333333333333,1,124.605421
-0.3333333333333333,1,124.609922
-0.2,1,124.613968
-0.25,1,124.618296
-0.3333333333333333,1,124.623046
-0.125,1,124.62713
-0.3,1,124.631217
-0.2,1,124.63536
-0.3,1,124.640432
-0.125,1,124.644853
-0.3,1,124.649182
-0.06666666666666667,1,124.653574
-0.16666666666666666,1,124.658717
-0.3333333333333333,1,124.663481
-0.1,1,124.667836
-0.2,1,124.672539
-0.2,1,124.677395
-0.12,1,124.681586
-0.06666666666666667,1,124.686375
-0.16666666666666666,1,124.690876
-0.06666666666666667,1,124.69665
-0.16666666666666666,1,124.701892
-0.2,1,124.706116
-0.3333333333333333,1,124.710251
-0.2222222222222222,1,124.714255
-0.2,1,124.71854
-0.16666666666666666,1,124.722444
-0.125,1,124.726952
-0.2,1,124.730609
-0.2,1,124.735444
-0.2222222222222222,1,124.739928
-0.16666666666666666,1,124.743897
-0.2222222222222222,1,124.748254
-0.2,1,124.752424
-0.3333333333333333,1,124.757269
-0.25,1,124.762396
-0.1,1,124.767141
-0.2,1,124.771976
-0.4,1,124.776103
-0.16666666666666666,1,124.780047
-0.2222222222222222,1,124.784037
-0.2,1,124.788406
-0.2,1,124.7931
-0.2,1,124.797028
-0.3333333333333333,1,124.800892
-0.25,1,124.805254
-0.1,1,124.809486
-0.3333333333333333,1,124.813919
-0.2,1,124.819901
-0.16666666666666666,1,124.82489
-0.2,1,124.82943
-0.16666666666666666,1,124.833438
-0.06666666666666667,1,124.837709
-0.16666666666666666,1,124.842556
-0.06666666666666667,1,124.847165
-0.16666666666666666,1,124.851164
-0.2222222222222222,1,124.855649
-0.3333333333333333,1,124.860039
-0.1,1,124.872386
-0.2,1,124.880683
-0.3333333333333333,1,124.886811
-0.25,1,124.89109
-0.3333333333333333,1,124.895239
-0.2,1,124.899538
-0.3333333333333333,1,124.904638
-0.5,1,124.909031
-0.4,1,124.91366
-0.5,1,124.91881
-0.4,1,124.923391
-0.75,1,124.927444
-0.4,1,124.931987
-0.5,1,124.936029
-0.16666666666666666,1,124.940577
-0.06666666666666667,1,124.944583
-0.4,1,124.948909
-1.0,1,124.952881
-0.2,1,124.957269
-1.0,1,124.961429
-0.4,1,124.965698
-0.06666666666666667,1,124.969802
-0.3,1,124.974111
-0.16666666666666666,1,124.978426
0.0,1,124.982637
-1.0,1,124.986382
-1.0,1,124.990669
-1.0,1,124.994744
-0.3333333333333333,1,124.998456
-0.3333333333333333,1,125.002322
-0.2,1,125.006263
-0.2,1,125.010546
-0.16666666666666666,1,125.014399
-0.06666666666666667,1,125.018303
-0.12,1,125.02208
-0.2,1,125.025825
-0.25,1,125.030857
-0.3,1,125.034992
-0.25,1,125.03841
-0.2,1,125.042859
-0.16666666666666666,1,125.048947
-0.1,1,125.054952
-0.125,1,125.059694
-0.16666666666666666,1,125.065833
-0.75,1,125.070313
-0.4,1,125.074272
-0.25,1,125.079442
-0.3333333333333333,1,125.084736
-0.2,1,125.088906
-0.3333333333333333,1,125.09321
-0.75,1,125.097791
-0.6666666666666666,1,125.103238
-0.7777777777777778,1,125.107563
-0.3333333333333333,1,125.111912
-0.2,1,125.116606
-0.3333333333333333,1,125.12098
-0.2,1,125.125298
-0.2,1,125.129703
-0.3333333333333333,1,125.135182
-0.1,1,125.13954
-0.2,1,125.143906
-0.3333333333333333,1,125.148497
-0.25,1,125.153249
-0.3333333333333333,1,125.157073
-0.25,1,125.160667
-0.6666666666666666,1,125.167064
-0.5,1,125.172734
-0.4,1,125.179546
-0.16666666666666666,1,125.183733
-0.2222222222222222,1,125.187405
-0.06666666666666667,1,125.191022
-0.3,1,125.196979
-0.125,1,125.201255
-0.3333333333333333,1,125.20498
-0.2,1,125.208413
-0.2,1,125.216831
-0.2,1,125.220805
-0.2,1,125.22454
-0.25,1,125.228863
-0.3333333333333333,1,125.233496
-0.3333333333333333,1,125.237813
-0.3333333333333333,1,125.241703
-0.5555555555555556,1,125.24656
-0.16666666666666666,1,125.251046
-0.06666666666666667,1,125.25496
-0.2,1,125.258675
-0.25,1,125.272449
-0.3,1,125.276254
-0.125,1,125.280111
-0.2,1,125.283901
-0.2,1,125.287595
-0.2222222222222222,1,125.29149
-0.16666666666666666,1,125.295592
-0.2222222222222222,1,125.300336
-0.3333333333333333,1,125.304281
-0.2,1,125.308481
-0.16666666666666666,1,125.313247
-0.2222222222222222,1,125.317938
-0.16666666666666666,1,125.322213
-0.4,1,125.326187
-0.75,1,125.330842
-0.6666666666666666,1,125.33549
-0.7777777777777778,1,125.340002
-0.3333333333333333,1,125.344272
-0.75,1,125.348715
-0.6666666666666666,1,125.354223
-1.0,1,125.358713
-0.6666666666666666,1,125.364809
-0.5,1,125.372839
-1.0,1,125.38244
-0.5555555555555556,1,125.396685
-0.16666666666666666,1,125.405101
-0.3333333333333333,1,125.409349
-0.1,1,125.413583
-0.3333333333333333,1,125.417549
-0.2,1,125.421282
-0.3333333333333333,1,125.424948
-0.1,1,125.429015
-0.16666666666666666,1,125.433633
-0.2,1,125.43725
-0.2,1,125.440743
-0.1,1,125.444774
-0.25,1,125.449089
-0.2,1,125.453456
-0.16666666666666666,1,125.457751
-0.2,1,125.461954
-0.16666666666666666,1,125.466179
-0.2,1,125.470226
0.0,1,125.479647
-1.0,1,125.487891
-1.0,1,125.493382
-0.6666666666666666,1,125.497689
-0.5,1,125.502612
-0.3333333333333333,1,125.507296
-0.2,1,125.511854
-0.3,1,125.516444
-0.16666666666666666,1,125.520792
0.0,1,125.524901
-1.0,1,125.529257
-1.0,1,125.533689
-0.6666666666666666,1,125.538016
-0.25,1,125.54216
-1.0,1,125.547374
-1.0,1,125.552231
-1.0,1,125.556584
-1.0,1,125.560751
-1.0,1,125.56506
-0.75,1,125.57018
-0.6666666666666666,1,125.574093
-0.3333333333333333,1,125.578333
-0.3333333333333333,1,125.582593
-0.5555555555555556,1,125.586639
-0.16666666666666666,1,125.590464
-0.25,1,125.594917
-0.2,1,125.600138
-0.12,1,125.604586
-0.06666666666666667,1,125.608413
-0.16666666666666666,1,125.612842
-0.06666666666666667,1,125.617268
-0.2,1,125.621779
-0.06666666666666667,1,125.625544
-0.16666666666666666,1,125.629954
-0.06666666666666667,1,125.634084
-0.12,1,125.637656
-0.3,1,125.641595
-0.16666666666666666,1,125.647625
-0.06666666666666667,1,125.652009
-0.16666666666666666,1,125.656035
-0.3,1,125.659831
-0.12,1,125.664148
-0.1,1,125.668571
-0.12,1,125.672861
-0.1,1,125.677354
-0.3333333333333333,1,125.681521
-0.2,1,125.685628
-0.16666666666666666,1,125.690274
-0.2,1,125.694489
-0.2,1,125.69865
-0.3333333333333333,1,125.702968
-0.3333333333333333,1,125.706974
-0.6666666666666666,1,125.710661
-0.3333333333333333,1,125.714443
-0.6666666666666666,1,125.718537
-1.0,1,125.723084
-0.6666666666666666,1,125.727383
-1.0,1,125.731934
-1.0,1,125.736574
-1.0,1,125.740478
-1.0,1,125.744342
-1.0,1,125.748119
-1.0,1,125.752739
-1.0,1,125.757035
-1.0,1,125.762116
-0.5,1,125.766629
-0.3333333333333333,1,125.772279
-0.06666666666666667,1,125.776342
-0.3333333333333333,1,125.781633
-0.25,1,125.786078
-0.3333333333333333,1,125.790074
-0.3333333333333333,1,125.796683
-0.1,1,125.801827
-0.25,1,125.806129
-0.3,1,125.809945
-0.2,1,125.814754
-0.2222222222222222,1,125.81886
-0.3333333333333333,1,125.822789
0.0,1,125.826117
-1.0,1,125.833247
-1.0,1,125.837247
-0.6666666666666666,1,125.841096
-0.5,1,125.845261
-0.4,1,125.850026
-0.16666666666666666,1,125.854316
-0.4,1,125.858528
-0.3333333333333333,1,125.864252
-0.1,1,125.868417
-0.2,1,125.872642
-0.06666666666666667,1,125.87723
-0.12,1,125.881405
-0.06666666666666667,1,125.885694
-0.2,1,125.889859
0.0,1,125.894905
-1.0,1,125.899139
-0.5,1,125.904058
-0.6666666666666666,1,125.908118
-0.25,1,125.913274
-0.2,1,125.918114
-0.3333333333333333,1,125.922344
-0.1,1,125.926049
-0.16666666666666666,1,125.930324
-0.2,1,125.93497
-0.2,1,125.939183
-0.2,1,125.943792
-0.25,1,125.947427
-0.6666666666666666,1,125.951388
-0.3333333333333333,1,125.95546
-0.3333333333333333,1,125.959623
-0.5,1,125.964071
-0.3333333333333333,1,125.968658
-0.5555555555555556,1,125.972937
-0.3333333333333333,1,125.976988
-0.25,1,125.980738
-0.3333333333333333,1,125.985062
-0.25,1,125.988575
-0.3,1,125.992074
-0.06666666666666667,1,125.996279
-0.2222222222222222,1,126.000978
-0.2,1,126.00504
-0.2,1,126.008653
-0.25,1,126.012572
-0.4,1,126.017976
-0.2,1,126.022278
-0.3333333333333333,1,126.025862
-0.3333333333333333,1,126.030597
-0.16666666666666666,1,126.035454
-0.25,1,126.039172
-0.3333333333333333,1,126.049018
-0.3333333333333333,1,126.059073
-0.6666666666666666,1,126.063429
-0.5,1,126.068453
-0.3333333333333333,1,126.073143
-0.25,1,126.078287
-0.3333333333333333,1,126.083064
-0.75,1,126.087839
-0.16666666666666666,1,126.092313
-0.06666666666666667,1,126.097272
-0.3,1,126.101964
-0.12,1,126.10617
-0.06666666666666667,1,126.110057
-0.16666666666666666,1,126.114238
-0.2,1,126.119261
-0.25,1,126.123731
-0.3333333333333333,1,126.12799
-0.125,1,126.132896
-0.3333333333333333,1,126.137467
-0.125,1,126.141894
-0.3333333333333333,1,126.146134
-0.25,1,126.151007
-0.2,1,126.15578
-0.25,1,126.159667
-0.2,1,126.163674
-0.25,1,126.168093
-0.3333333333333333,1,126.172455
-0.06666666666666667,1,126.176403
-0.3,1,126.180303
-0.06666666666666667,1,126.184754
-0.2,1,126.188954
-0.3333333333333333,1,126.192891
-0.1,1,126.196875
-0.25,1,126.201637
-0.3333333333333333,1,126.206295
-0.3333333333333333,1,126.210292
-0.2,1,126.214156
-0.25,1,126.218944
-0.3333333333333333,1,126.223275
-0.3333333333333333,1,126.227326
-0.3333333333333333,1,126.231806
-0.25,1,126.236126
-0.1,1,126.240211
-0.3333333333333333,1,126.24396
-0.3333333333333333,1,126.248735
-0.3333333333333333,1,126.253792
-0.6666666666666666,1,126.25794
-1.0,1,126.261819
-1.0,1,126.267807
-1.0,1,126.271779
-1.0,1,126.276196
-0.16666666666666666,1,126.280742
-0.2222222222222222,1,126.284932
-0.16666666666666666,1,126.288959
-0.1,1,126.293354
-0.2,1,126.297426
-0.2,1,126.302012
-0.12,1,126.306286
-0.06666666666666667,1,126.310194
-0.2,1,126.314828
-0.2,1,126.318698
-0.12,1,126.322586
-0.06666666666666667,1,126.326509
-0.16666666666666666,1,126.330429
-0.3,1,126.334929
-0.125,1,126.339057
-0.3333333333333333,1,126.343251
-0.2,1,126.347396
-0.4,1,126.351781
-0.5,1,126.356434
-0.3333333333333333,1,126.3603
-0.3333333333333333,1,126.365048
-0.3333333333333333,1,126.369269
-1.0,1,126.373481
-0.6666666666666666,1,126.377435
-1.0,1,126.389651
-1.0,1,126.394839
-1.0,1,126.40087
-1.0,1,126.411299
-1.0,1,126.43346
-1.0,1,126.438632
-0.5,1,126.443573
-1.0,1,126.45117
-1.0,1,126.461003
-1.0,1,126.470165
-1.0,1,126.478232
-0.6666666666666666,1,126.483111
-0.3333333333333333,1,126.487531
-0.3333333333333333,1,126.491775
-0.25,1,126.496021
-0.1,1,126.50075
-0.2,1,126.505127
-0.3333333333333333,1,126.509627
-0.7777777777777778,1,126.513774
-0.6666666666666666,1,126.518529
-1.0,1,126.522959
-0.6666666666666666,1,126.526964
-0.5,1,126.531882
-0.3333333333333333,1,126.536202
-0.125,1,126.540116
-0.3,1,126.544356
-0.25,1,126.54927
-0.2,1,126.55358
-0.2,1,126.559494
-0.1,1,126.56423
-0.25,1,126.568436
-0.3333333333333333,1,126.572756
-0.25,1,126.576603
-0.2,1,126.58089
-0.06666666666666667,1,126.585367
-0.2222222222222222,1,126.589421
-0.16666666666666666,1,126.593375
-0.2222222222222222,1,126.597685
-0.16666666666666666,1,126.602148
-0.4,1,126.606286
-0.2,1,126.610094
-0.2222222222222222,1,126.614404
-0.2,1,126.618498
-0.2,1,126.622473
-0.12,1,126.626433
-0.2,1,126.63011
-0.2,1,126.635035
-0.2,1,126.638849
-0.2,1,126.643177
-0.2,1,126.647345
-0.16666666666666666,1,126.651831
-0.06666666666666667,1,126.655725
-0.2,1,126.659264
0.0,1,126.669073
-1.0,1,126.677539
-1.0,1,126.684163
-1.0,1,126.688277
-1.0,1,126.692404
-0.6666666666666666,1,126.696597
-0.3333333333333333,1,126.700941
-0.6666666666666666,1,126.705301
-0.7777777777777778,1,126.709593
-0.3333333333333333,1,126.714366
-0.2,1,126.718976
-0.3,1,126.723329
-0.125,1,126.728313
-0.3333333333333333,1,126.733458
-0.2,1,126.737955
-0.2,1,126.742598
-0.25,1,126.747029
-0.1,1,126.752707
-0.2,1,126.757142
-0.4,1,126.761473
-0.2,1,126.765722
-0.3333333333333333,1,126.770563
-0.3333333333333333,1,126.77519
-0.3333333333333333,1,126.780463
-0.5,1,126.785105
-0.3333333333333333,1,126.789495
-0.5,1,126.793018
0.0,1,126.796561
-1.0,1,126.801014
-1.0,1,126.804984
-0.6666666666666666,1,126.808643
-0.3333333333333333,1,126.812483
-0.6666666666666666,1,126.817096
-0.3333333333333333,1,126.821692
-0.6666666666666666,1,126.825466
-0.3333333333333333,1,126.8297
-0.3333333333333333,1,126.834259
-0.5,1,126.838829
-0.3333333333333333,1,126.843449
-0.5,1,126.847225
-0.3333333333333333,1,126.851186
0.0,1,126.85554
-1.0,1,126.860331
-1.0,1,126.864418
-0.6666666666666666,1,126.868591
-0.3333333333333333,1,126.87267
-1.0,1,126.876529
-0.5555555555555556,1,126.880502
-1.0,1,126.88467
-0.75,1,126.891191
-0.3333333333333333,1,126.896136
-0.3333333333333333,1,126.90044
-0.3333333333333333,1,126.904539
-0.125,1,126.908309
-0.2,1,126.912645
-0.12,1,126.916378
-0.06666666666666667,1,126.920149
-0.16666666666666666,1,126.924311
-0.06666666666666667,1,126.9286
-0.2,1,126.932256
-0.2,1,126.935938
-0.25,1,126.940008
0.0,1,126.943783
-1.0,1,126.947396
-0.5,1,126.951249
-0.6666666666666666,1,126.95549
-0.5,1,126.959823
-1.0,1,126.965492
-1.0,1,126.969131
-1.0,1,126.97308
-1.0,1,126.976928
-1.0,1,126.980746
-0.16666666666666666,1,126.984703
-0.2,1,126.989037
-0.16666666666666666,1,126.993974
-1.0,1,126.997635
-1.0,1,127.001204
-0.4,1,127.005377
-0.2,1,127.009297
-0.2,1,127.016628
0.0,1,127.021178
-1.0,1,127.025074
-0.5,1,127.030087
-0.6666666666666666,1,127.034427
-0.5,1,127.039092
-0.16666666666666666,1,127.043147
-0.3333333333333333,1,127.047511
-1.0,1,127.051147
-0.75,1,127.055132
-0.16666666666666666,1,127.059378
-0.125,1,127.063383
-0.3,1,127.067507
-0.12,1,127.072853
-0.06666666666666667,1,127.077839
-0.16666666666666666,1,127.081861
-0.06666666666666667,1,127.08625
-0.16666666666666666,1,127.090787
-0.06666666666666667,1,127.095707
-0.12,1,127.099627
-0.2,1,127.10332
-0.12,1,127.107305
-0.06666666666666667,1,127.112043
-0.12,1,127.116637
-0.2,1,127.122645
-0.12,1,127.131451
-0.06666666666666667,1,127.137942
-0.2,1,127.142282
-0.2,1,127.146826
-0.2,1,127.151098
-0.2,1,127.155734
-0.16666666666666666,1,127.159921
-0.2,1,127.165228
-0.16666666666666666,1,127.169682
-0.2,1,127.174083
-0.25,1,127.179975
-0.1,1,127.184345
-0.25,1,127.189284
-0.3333333333333333,1,127.194283
-0.3333333333333333,1,127.198432
0.0,1,127.202783
-1.0,1,127.207728
-1.0,1,127.212533
-1.0,1,127.216871
-1.0,1,127.22107
-1.0,1,127.226143
-1.0,1,127.230285
-1.0,1,127.233821
-0.5,1,127.237926
-0.3333333333333333,1,127.253407
-0.3333333333333333,1,127.259757
-0.6666666666666666,1,127.2641
-1.0,1,127.269214
-0.6666666666666666,1,127.274256
-0.3333333333333333,1,127.278644
-0.16666666666666666,1,127.283187
-0.5555555555555556,1,127.28827
-0.16666666666666666,1,127.292992
-0.25,1,127.297478
-0.16666666666666666,1,127.30176
-0.125,1,127.30602
-0.3,1,127.310438
-0.06666666666666667,1,127.31477
-0.16666666666666666,1,127.319086
-0.06666666666666667,1,127.323725
-0.2,1,127.327991
-0.25,1,127.332133
-0.1,1,127.336267
-0.12,1,127.340599
-0.1,1,127.344782
-0.12,1,127.349426
-0.06666666666666667,1,127.353779
-0.16666666666666666,1,127.358304
-0.06666666666666667,1,127.362575
-0.12,1,127.366788
-0.2,1,127.371006
-0.2,1,127.375523
-0.06666666666666667,1,127.381713
-0.16666666666666666,1,127.386938
0.0,1,127.394899
-1.0,1,127.410073
-1.0,1,127.416809
-0.6666666666666666,1,127.442757
-0.3333333333333333,1,127.464031
0.0,1,127.47829
-1.0,1,127.49414
-0.5,1,127.502864
-0.6666666666666666,1,127.509441
-0.7777777777777778,1,127.5208
-0.3333333333333333,1,127.52498
-0.3333333333333333,1,127.531686
-0.16666666666666666,1,127.53762
-0.75,1,127.542394
-0.16666666666666666,1,127.547077
-0.06666666666666667,1,127.552317
-0.4,1,127.557117
-0.75,1,127.561346
-0.6666666666666666,1,127.566268
-0.5,1,127.57106
-0.3333333333333333,1,127.575083
-0.5,1,127.579418
-0.6666666666666666,1,127.584561
-1.0,1,127.588691
-0.6666666666666666,1,127.593346
-0.3333333333333333,1,127.598121
-0.16666666666666666,1,127.602615
-0.125,1,127.606657
-0.2,1,127.610727
-0.25,1,127.615028
0.0,1,127.623649
-1.0,1,127.63087
-0.5,1,127.637524
-0.6666666666666666,1,127.641607
-0.5,1,127.670681
-0.4,1,127.675794
-0.06666666666666667,1,127.680466
-0.3,1,127.684971
-0.2,1,127.689434
-0.4,1,127.694109
-0.5,1,127.698874
-0.2,1,127.703758
-0.5,1,127.721009
-0.3333333333333333,1,127.752803
-0.125,1,127.765791
-0.3333333333333333,1,127.770288
-0.2,1,127.774061
-0.2222222222222222,1,127.777703
-0.16666666666666666,1,127.781752
-0.2,1,127.785719
-0.25,1,127.789357
-0.3333333333333333,1,127.795159
-0.25,1,127.799752
-0.3333333333333333,1,127.803737
-0.25,1,127.807149
-0.3333333333333333,1,127.810798
-0.25,1,127.81479
-0.3333333333333333,1,127.819008
-0.25,1,127.822818
-0.4,1,127.826932
-0.25,1,127.831061
-1.0,1,127.835029
-0.5,1,127.838592
-0.3333333333333333,1,127.844347
-0.3333333333333333,1,127.849434
-0.1,1,127.853833
-0.125,1,127.858466
-0.1,1,127.862224
-0.25,1,127.866632
-0.1,1,127.870572
-0.16666666666666666,1,127.880755
-0.3,1,127.887701
-0.25,1,127.891755
-0.2,1,127.897878
-0.16666666666666666,1,127.903303
-0.2222222222222222,1,127.907474
-0.2,1,127.911596
-0.16666666666666666,1,127.915904
-0.25,1,127.929013
-0.3333333333333333,1,127.945291
-0.7777777777777778,1,127.956989
-0.3333333333333333,1,127.964952
-0.3333333333333333,1,127.977477
-0.3333333333333333,1,127.984
-0.3333333333333333,1,127.993618
-0.6666666666666666,1,128.000014
-0.3333333333333333,1,128.005787
-0.6666666666666666,1,128.013646
-0.3333333333333333,1,128.018345
-0.3333333333333333,1,128.022818
0.0,1,128.027134
-1.0,1,128.031386
-0.5,1,128.036227
-0.3333333333333333,1,128.040597
-1.0,1,128.046682
-0.6666666666666666,1,128.051448
-0.3333333333333333,1,128.056112
-0.3333333333333333,1,128.060185
-0.3333333333333333,1,128.069799
-0.1,1,128.077841
-0.2,1,128.087404
-0.3333333333333333,1,128.091965
-0.2,1,128.096272
-0.3,1,128.101391
-0.2,1,128.105465
-0.2,1,128.109512
-0.25,1,128.11356
-0.3333333333333333,1,128.118155
-0.3333333333333333,1,128.122186
-0.16666666666666666,1,128.126491
-0.125,1,128.130801
-0.2,1,128.135471
-0.12,1,128.139543
-0.2,1,128.143769
-0.12,1,128.148048
-0.3,1,128.152509
-0.12,1,128.156442
-0.06666666666666667,1,128.160505
-0.2,1,128.165494
-0.06666666666666667,1,128.170518
-0.16666666666666666,1,128.174991
-0.2222222222222222,1,128.179983
-0.16666666666666666,1,128.18519
-0.2222222222222222,1,128.189591
-0.16666666666666666,1,128.193408
-0.2222222222222222,1,128.198509
-0.16666666666666666,1,128.203573
-0.2,1,128.207976
-0.16666666666666666,1,128.212377
-0.06666666666666667,1,128.217222
-0.16666666666666666,1,128.221739
-0.06666666666666667,1,128.225706
-0.12,1,128.229731
-0.1,1,128.234251
-0.25,1,128.23882
-0.3333333333333333,1,128.243238
-0.3333333333333333,1,128.24746
-0.16666666666666666,1,128.251954
-0.25,1,128.256149
-0.3333333333333333,1,128.260829
-0.25,1,128.265328
-0.3333333333333333,1,128.270126
-0.5555555555555556,1,128.27425
-0.3333333333333333,1,128.278109
0.0,1,128.282895
-1.0,1,128.286868
-1.0,1,128.290675
-0.6666666666666666,1,128.294816
-0.5,1,128.300035
-0.3333333333333333,1,128.303957
-0.5,1,128.307685
-0.4,1,128.311222
-0.2,1,128.31587
-0.3333333333333333,1,128.320162
-0.25,1,128.323787
-0.3333333333333333,1,128.327378
-0.25,1,128.331315
-0.2,1,128.335521
-0.25,1,128.339487
-0.2,1,128.343333
-0.2,1,128.347063
-0.16666666666666666,1,128.351273
-0.2,1,128.355057
-0.2,1,128.358938
-0.2,1,128.363623
-0.16666666666666666,1,128.368401
-0.5555555555555556,1,128.372378
-0.16666666666666666,1,128.376449
-0.2,1,128.381536
-0.2,1,128.386028
-0.25,1,128.389646
-0.2,1,128.393356
-0.2,1,128.399908
-0.06666666666666667,1,128.404624
-0.12,1,128.408753
-0.1,1,128.413467
-0.125,1,128.418542
-0.3333333333333333,1,128.422442
-0.2,1,128.42622
-0.1,1,128.431666
-0.25,1,128.436547
-0.1,1,128.440934
-0.3333333333333333,1,128.445085
-0.4,1,128.449291
-0.16666666666666666,1,128.453542
-1.0,1,128.457402
-0.16666666666666666,1,128.465592
-1.0,1,128.469945
-1.0,1,128.47409
-1.0,1,128.477931
-0.5,1,128.48175
-1.0,1,128.485899
-0.3333333333333333,1,128.489661
-0.16666666666666666,1,128.494114
-0.2,1,128.498504
-0.4,1,128.503187
-0.5,1,128.507593
-0.4,1,128.512277
-0.5,1,128.516762
-0.2,1,128.520854
-0.16666666666666666,1,128.524526
-0.2222222222222222,1,128.528854
-0.16666666666666666,1,128.533843
-0.2222222222222222,1,128.538141
-0.16666666666666666,1,128.542018
-0.2222222222222222,1,128.545716
-0.16666666666666666,1,128.549422
-0.2222222222222222,1,128.553407
-0.16666666666666666,1,128.557667
-1.0,1,128.5668
-1.0,1,128.581726
-1.0,1,128.591944
-0.16666666666666666,1,128.605365
-0.4,1,128.619246
-0.06666666666666667,1,128.62399
-0.16666666666666666,1,128.630054
-0.125,1,128.6347
-0.16666666666666666,1,128.639158
-0.25,1,128.643859
0.0,1,128.650103
-1.0,1,128.654834
-0.5,1,128.658766
-1.0,1,128.663204
-1.0,1,128.667927
-0.6666666666666666,1,128.672367
-0.3333333333333333,1,128.677134
-0.3333333333333333,1,128.68634
-0.2,1,128.693007
-0.2222222222222222,1,128.698116
-0.16666666666666666,1,128.703196
-0.3,1,128.708039
-0.25,1,128.712801
-0.3333333333333333,1,128.717712
-0.2,1,128.722392
-0.3333333333333333,1,128.726877
-0.25,1,128.731434
-0.2,1,128.736959
-0.5,1,128.741522
-0.2,1,128.746148
-0.2,1,128.750865
-0.2,1,128.755247
-0.12,1,128.759907
-0.2,1,128.764216
-0.2,1,128.768647
-0.2222222222222222,1,128.773104
-0.16666666666666666,1,128.777582
-0.2,1,128.782964
-0.3333333333333333,1,128.787456
-0.2222222222222222,1,128.791605
-0.16666666666666666,1,128.796481
-0.2222222222222222,1,128.801065
-0.16666666666666666,1,128.805006
-0.4,1,128.808903
-0.06666666666666667,1,128.812952
-0.2,1,128.817957
-0.2,1,128.821992
-0.2222222222222222,1,128.825841
-0.16666666666666666,1,128.830761
-0.2222222222222222,1,128.834968
-0.2,1,128.838635
-0.2,1,128.842078
-0.2,1,128.846694
-0.3,1,128.85111
-0.16666666666666666,1,128.855537
-0.1,1,128.859461
-0.25,1,128.867555
-0.2,1,128.872594
-0.2,1,128.876882
-0.2,1,128.880948
-0.5,1,128.884985
-0.3333333333333333,1,128.888832
-0.2,1,128.892995
-0.3333333333333333,1,128.897079
-0.25,1,128.901266
-1.0,1,128.905171
-0.25,1,128.909867
-0.3333333333333333,1,128.913701
-0.25,1,128.917603
-0.3333333333333333,1,128.921301
-0.25,1,128.924859
-0.1,1,128.928551
-0.16666666666666666,1,128.932282
-0.2222222222222222,1,128.936646
-0.06666666666666667,1,128.94044
-0.2222222222222222,1,128.944922
-0.3333333333333333,1,128.948837
0.0,1,128.953265
-1.0,1,128.957092
-1.0,1,128.961184
-0.6666666666666666,1,128.965365
-0.3333333333333333,1,128.970123
-0.6666666666666666,1,128.97348
-0.5,1,128.977438
-0.3333333333333333,1,128.982268
0.0,1,128.986002
-1.0,1,128.989701
-1.0,1,128.993272
-1.0,1,128.99826
-1.0,1,129.002637
-1.0,1,129.006176
-1.0,1,129.009722
-0.3333333333333333,1,129.014185
-0.3333333333333333,1,129.018087
-0.3333333333333333,1,129.02174
-0.2,1,129.025263
-0.1,1,129.031178
-0.125,1,129.035604
-0.16666666666666666,1,129.039667
-0.25,1,129.043594
-0.3333333333333333,1,129.047523
-0.2,1,129.05199
-0.2,1,129.056285
-0.25,1,129.060493
-0.2,1,129.064568
-0.125,1,129.068691
-0.2,1,129.073017
-0.2,1,129.0774
-0.1,1,129.081593
-0.2,1,129.086383
-0.3333333333333333,1,129.090711
0.0,1,129.096731
-1.0,1,129.101163
-1.0,1,129.104959
-0.6666666666666666,1,129.10917
-0.3333333333333333,1,129.116764
-0.16666666666666666,1,129.122087
-0.25,1,129.126021
-0.2,1,129.130263
-0.2,1,129.134675
-0.3333333333333333,1,129.138766
-0.2,1,129.142709
-0.3,1,129.146693
-0.12,1,129.150601
-0.06666666666666667,1,129.154593
-0.2,1,129.158409
-0.2,1,129.162921
-0.12,1,129.168021
-0.2,1,129.172627
-0.2,1,129.176679
-0.06666666666666667,1,129.18074
-0.12,1,129.18556
-0.2,1,129.189282
-0.2,1,129.192937
-0.2,1,129.197402
-0.12,1,129.208647
-0.3,1,129.213681
-0.06666666666666667,1,129.219252
-0.16666666666666666,1,129.223744
-0.25,1,129.228093
-0.16666666666666666,1,129.232727
-0.125,1,129.237775
-0.16666666666666666,1,129.242822
-0.125,1,129.248037
-0.3,1,129.252579
-0.125,1,129.267543
-0.16666666666666666,1,129.274504
-0.25,1,129.27953
-0.2,1,129.284317
-0.16666666666666666,1,129.288954
-0.2,1,129.294261
-0.25,1,129.299019
-0.3333333333333333,1,129.303283
-0.25,1,129.307815
-0.16666666666666666,1,129.3127
-0.5,1,129.316823
-0.16666666666666666,1,129.320847
-0.06666666666666667,1,129.325085
-0.2,1,129.329278
-0.16666666666666666,1,129.3335
-0.2222222222222222,1,129.338456
-0.16666666666666666,1,129.342842
-0.2,1,129.347148
-0.2,1,129.351426
-0.2222222222222222,1,129.356546
-0.16666666666666666,1,129.361994
-0.06666666666666667,1,129.365599
-0.2,1,129.369156
-0.2,1,129.372884
-0.2,1,129.376563
-0.4,1,129.380127
-0.16666666666666666,1,129.383551
-1.0,1,129.388035
-0.16666666666666666,1,129.391587
-0.4,1,129.395593
-0.06666666666666667,1,129.398967
-0.3333333333333333,1,129.403404
0.0,1,129.407449
-1.0,1,129.411731
-1.0,1,129.416967
-0.6666666666666666,1,129.421326
-0.7777777777777778,1,129.42502
-0.3333333333333333,1,129.429084
-0.2,1,129.433121
-0.3333333333333333,1,129.43812
-0.125,1,129.442137
-0.3,1,129.446185
-0.12,1,129.450124
-0.2,1,129.454393
-0.16666666666666666,1,129.458169
-0.2,1,129.463175
0.0,1,129.467064
-1.0,1,129.470916
-1.0,1,129.475067
-0.6666666666666666,1,129.482043
-0.7777777777777778,1,129.488158
-0.3333333333333333,1,129.49351
-0.25,1,129.497511
-0.3333333333333333,1,129.501238
-0.3333333333333333,1,129.504971
-0.6666666666666666,1,129.509082
-0.5555555555555556,1,129.513158
-1.0,1,129.516968
-0.75,1,129.520631
-0.3333333333333333,1,129.524409
-0.2,1,129.528152
-0.2222222222222222,1,129.53189
-0.2,1,129.535975
-0.3333333333333333,1,129.540102
-0.2,1,129.543663
-0.4,1,129.547302
-0.75,1,129.551206
-0.16666666666666666,1,129.555922
-0.5555555555555556,1,129.559724
-1.0,1,129.563839
-1.0,1,129.567713
-0.6666666666666666,1,129.572642
-0.5,1,129.577278
-0.16666666666666666,1,129.580832
-0.75,1,129.584761
-0.3333333333333333,1,129.589447
-0.7777777777777778,1,129.593676
-0.3333333333333333,1,129.597463
-0.25,1,129.601496
-0.16666666666666666,1,129.605792
-0.25,1,129.609588
-1.0,1,129.613413
-0.5,1,129.617551
-0.6666666666666666,1,129.622635
-0.5,1,129.626912
-0.3333333333333333,1,129.630871
-0.3333333333333333,1,129.636605
-0.3333333333333333,1,129.656182
-0.3333333333333333,1,129.672043
-0.3333333333333333,1,129.676329
-0.2,1,129.683523
-0.2,1,129.689278
-0.2,1,129.693561
-0.2,1,129.698464
-0.12,1,129.704775
-0.2,1,129.709084
-0.12,1,129.713277
-0.06666666666666667,1,129.717716
-0.16666666666666666,1,129.722365
-0.06666666666666667,1,129.728273
-0.12,1,129.733106
-0.2,1,129.737994
-0.2,1,129.74232
-0.2,1,129.746574
-0.25,1,129.750074
-0.2,1,129.754167
-0.25,1,129.758059
0.0,1,129.762338
-1.0,1,129.766538
-1.0,1,129.770244
-0.6666666666666666,1,129.774451
-0.3333333333333333,1,129.778407
-0.6666666666666666,1,129.782481
-1.0,1,129.786734
-0.6666666666666666,1,129.791094
-0.7777777777777778,1,129.795726
-0.6666666666666666,1,129.800944
-0.3333333333333333,1,129.806481
-0.6666666666666666,1,129.810398
-0.5,1,129.814672
-1.0,1,129.821078
-1.0,1,129.824779
-1.0,1,129.82898
-0.5,1,129.833207
-0.6666666666666666,1,129.837529
-0.5,1,129.841613
-0.4,1,129.846573
-0.3333333333333333,1,129.850872
-0.3333333333333333,1,129.864334
-0.2,1,129.9135
-0.16666666666666666,1,129.918286
-0.25,1,129.92225
-0.2,1,129.926151
0.0,1,129.930794
-1.0,1,129.935532
-0.5,1,129.939607
-0.3333333333333333,1,129.943773
-1.0,1,129.94813
-1.0,1,129.953144
-0.5,1,129.958164
-0.4,1,129.96454
-0.25,1,129.969555
-0.3333333333333333,1,129.974677
-0.25,1,129.981454
-0.2,1,129.98561
-0.25,1,129.989967
-0.3333333333333333,1,129.993949
-0.3333333333333333,1,129.997893
-0.16666666666666666,1,130.002378
-0.3333333333333333,1,130.006049
-0.2,1,130.009763
-0.12,1,130.013608
-0.06666666666666667,1,130.018158
-0.16666666666666666,1,130.02217
-0.2222222222222222,1,130.026256
-0.16666666666666666,1,130.030308
-0.2222222222222222,1,130.034655
-0.2,1,130.038884
-0.4,1,130.043008
-0.75,1,130.046777
-0.6666666666666666,1,130.051445
-0.5,1,130.055822
-0.4,1,130.060112
-0.16666666666666666,1,130.064308
0.0,1,130.06879
-1.0,1,130.073393
-0.5,1,130.07755
-1.0,1,130.082253
-1.0,1,130.086577
-1.0,1,130.090793
-1.0,1,130.096124
-0.6666666666666666,1,130.102007
-1.0,1,130.109391
-0.6666666666666666,1,130.116065
-1.0,1,130.121595
-0.6666666666666666,1,130.126492
-1.0,1,130.130271
-0.6666666666666666,1,130.134306
-0.3333333333333333,1,130.138021
-0.6666666666666666,1,130.141495
-0.5,1,130.145051
-0.3333333333333333,1,130.149474
-0.3333333333333333,1,130.153194
-0.6666666666666666,1,130.157027
-0.5,1,130.161613
-0.6666666666666666,1,130.165993
-1.0,1,130.169731
-1.0,1,130.174054
-1.0,1,130.178073
-0.6666666666666666,1,130.182613
-0.5,1,130.186404
-0.6666666666666666,1,130.19027
-0.5,1,130.194029
-0.6666666666666666,1,130.197879
-0.3333333333333333,1,130.202183
-0.3333333333333333,1,130.20668
-0.3333333333333333,1,130.212716
0.0,1,130.22054
-1.0,1,130.226097
-1.0,1,130.230657
-1.0,1,130.235414
-0.3333333333333333,1,130.240625
-0.6666666666666666,1,130.244904
-0.3333333333333333,1,130.249449
-0.3333333333333333,1,130.253917
-0.25,1,130.258453
-0.3333333333333333,1,130.26324
-0.25,1,130.268326
-0.2,1,130.272993
-0.25,1,130.277784
-0.3,1,130.283275
-0.125,1,130.289139
-0.3,1,130.293898
-0.2,1,130.298708
-0.2222222222222222,1,130.303803
-0.16666666666666666,1,130.308522
-0.4,1,130.313392
-0.75,1,130.318078
-0.4,1,130.321999
-0.06666666666666667,1,130.326064
-0.2222222222222222,1,130.332749
-0.3333333333333333,1,130.336656
-0.2,1,130.340395
-1.0,1,130.344901
-0.4,1,130.34964
-0.06666666666666667,1,130.353679
-0.2222222222222222,1,130.357762
-0.2,1,130.36224
-0.16666666666666666,1,130.366696
-0.125,1,130.37064
-0.3333333333333333,1,130.374599
-0.25,1,130.378615
-0.3333333333333333,1,130.383712
-0.2,1,130.388304
-0.3333333333333333,1,130.392615
-0.75,1,130.39638
-0.4,1,130.400156
-0.2,1,130.403747
-0.2,1,130.408092
0.0,1,130.41233
-1.0,1,130.416723
-1.0,1,130.42091
-0.3333333333333333,1,130.425067
-0.3333333333333333,1,130.429646
-1.0,1,130.43414
-0.5,1,130.437899
-0.2,1,130.441358
-0.5,1,130.445516
-0.4,1,130.450584
-0.06666666666666667,1,130.45564
-0.4,1,130.459487
-0.5,1,130.467077
-0.6666666666666666,1,130.471128
-0.5,1,130.474967
-0.6666666666666666,1,130.479062
-0.3333333333333333,1,130.48405
-0.3333333333333333,1,130.500302
0.0,1,130.507623
-1.0,1,130.513096
-1.0,1,130.517688
-0.6666666666666666,1,130.522074
-0.5,1,130.526344
0.0,1,130.531262
-1.0,1,130.536548
-1.0,1,130.540955
-1.0,1,130.545759
-1.0,1,130.550732
-1.0,1,130.55498
-0.5,1,130.559364
-0.3333333333333333,1,130.563924
-0.3333333333333333,1,130.568573
-0.3333333333333333,1,130.572917
-0.25,1,130.577284
-0.3333333333333333,1,130.581584
-0.3333333333333333,1,130.585866
-0.3333333333333333,1,130.589803
-0.3333333333333333,1,130.593928
-0.2,1,130.597977
-0.16666666666666666,1,130.602355
-0.2222222222222222,1,130.606683
-0.2,1,130.610669
-0.2,1,130.615085
-0.16666666666666666,1,130.620117
-0.2222222222222222,1,130.624457
-0.16666666666666666,1,130.628878
-0.3,1,130.633748
-0.16666666666666666,1,130.637918
-0.06666666666666667,1,130.641791
-0.16666666666666666,1,130.645947
-0.06666666666666667,1,130.650558
-0.12,1,130.654902
-0.06666666666666667,1,130.658736
-0.12,1,130.662839
-0.3,1,130.667486
-0.16666666666666666,1,130.671021
-0.2222222222222222,1,130.674793
-0.3333333333333333,1,130.679688
0.0,1,130.684345
-1.0,1,130.68797
-1.0,1,130.691623
-1.0,1,130.696547
-1.0,1,130.701705
-1.0,1,130.706128
-0.5555555555555556,1,130.710828
-0.6666666666666666,1,130.723326
-0.5,1,130.730564
-0.4,1,130.736837
-0.5,1,130.741426
-0.2,1,130.747003
-0.25,1,130.7517
-0.3333333333333333,1,130.75608
-0.3333333333333333,1,130.760303
-0.3333333333333333,1,130.766799
-0.3333333333333333,1,130.771596
-0.3333333333333333,1,130.775409
-0.3333333333333333,1,130.779956
-0.2,1,130.784808
-0.16666666666666666,1,130.789491
-0.2,1,130.794238
-0.12,1,130.798871
-0.3,1,130.803775
-0.2,1,130.808291
-0.4,1,130.812643
-0.06666666666666667,1,130.81729
-0.3,1,130.821933
-0.12,1,130.826119
-0.2,1,130.831453
-0.16666666666666666,1,130.835862
-0.06666666666666667,1,130.839611
-0.12,1,130.843001
-0.2,1,130.846853
-0.16666666666666666,1,130.851175
-0.06666666666666667,1,130.855609
-0.16666666666666666,1,130.859829
-0.2222222222222222,1,130.863966
-0.3333333333333333,1,130.868145
-0.3333333333333333,1,130.871552
-0.3333333333333333,1,130.87496
-0.3333333333333333,1,130.878577
-0.25,1,130.883054
-0.3333333333333333,1,130.887496
-0.3333333333333333,1,130.891508
-0.1,1,130.896118
-0.2,1,130.900553
-0.06666666666666667,1,130.904697
-0.16666666666666666,1,130.908949
-0.06666666666666667,1,130.913487
-0.16666666666666666,1,130.918413
-0.2222222222222222,1,130.922434
-0.16666666666666666,1,130.926473
-0.2,1,130.930586
-0.25,1,130.936137
-0.16666666666666666,1,130.939975
-0.2,1,130.943736
-0.2,1,130.952983
-0.16666666666666666,1,130.964036
-0.2,1,130.971161
-0.12,1,130.984297
-0.2,1,130.995172
-0.12,1,131.006934
-0.06666666666666667,1,131.014124
-0.2,1,131.019173
-0.2,1,131.023211
-0.3333333333333333,1,131.028938
-0.1,1,131.034666
-0.16666666666666666,1,131.039362
-0.1,1,131.046617
-0.3333333333333333,1,131.053889
-0.2222222222222222,1,131.058292
-0.3333333333333333,1,131.062313
-0.2222222222222222,1,131.067002
-0.16666666666666666,1,131.071412
-0.4,1,131.076657
-0.16666666666666666,1,131.085099
-0.2,1,131.091515
-0.5,1,131.096158
-0.3333333333333333,1,131.100872
-0.2,1,131.11965
-0.2,1,131.134829
-0.2,1,131.165493
-0.1,1,131.180049
-0.16666666666666666,1,131.187861
-0.2,1,131.192624
-0.25,1,131.197991
-0.3333333333333333,1,131.2153
-0.3333333333333333,1,131.222658
-0.3333333333333333,1,131.22794
-0.25,1,131.232878
-0.3333333333333333,1,131.237815
-0.25,1,131.242402
-0.2,1,131.247717
-0.2,1,131.2523
0.0,1,131.256453
-1.0,1,131.261492
-1.0,1,131.266753
-0.6666666666666666,1,131.271636
-0.7777777777777778,1,131.276242
-0.3333333333333333,1,131.280977
-0.5,1,131.286091
-1.0,1,131.290195
-0.5,1,131.295337
0.0,1,131.300453
-1.0,1,131.304786
-0.5,1,131.310137
-0.3333333333333333,1,131.316253
-0.3333333333333333,1,131.320716
-0.3333333333333333,1,131.324642
-0.25,1,131.329191
-0.3333333333333333,1,131.334177
-0.25,1,131.355145
-0.16666666666666666,1,131.359705
-0.3333333333333333,1,131.363903
-0.3333333333333333,1,131.368715
-0.25,1,131.372734
-0.2,1,131.377085
-0.25,1,131.380844
-0.3,1,131.386216
-0.125,1,131.389859
-0.2,1,131.396966
-0.125,1,131.401366
-0.2,1,131.40499
-0.2,1,131.40886
-0.2,1,131.412605
-0.25,1,131.418119
-0.3333333333333333,1,131.422458
-0.5,1,131.42634
-0.4,1,131.431456
-0.16666666666666666,1,131.436322
-0.2222222222222222,1,131.440538
-0.2,1,131.444726
-0.3333333333333333,1,131.448796
-0.125,1,131.453754
-0.3,1,131.457844
-0.16666666666666666,1,131.462391
-0.2,1,131.466906
-0.16666666666666666,1,131.471076
-0.3,1,131.475776
-0.25,1,131.483601
-0.2,1,131.495866
-0.25,1,131.503387
-0.3333333333333333,1,131.512822
-0.5,1,131.53135
-0.3333333333333333,1,131.53741
-0.06666666666666667,1,131.542548
-0.3,1,131.547827
-0.125,1,131.553445
-0.3,1,131.557637
-0.12,1,131.561928
-0.06666666666666667,1,131.566283
-0.2,1,131.571017
-0.06666666666666667,1,131.575659
-0.12,1,131.586888
-0.3,1,131.601544
-0.25,1,131.60585
-0.3333333333333333,1,131.609872
-0.3333333333333333,1,131.614003
-0.6666666666666666,1,131.619054
-0.5,1,131.623757
-0.6666666666666666,1,131.628174
-0.3333333333333333,1,131.636585
-1.0,1,131.643236
-0.3333333333333333,1,131.647228
-0.3333333333333333,1,131.654995
-0.3333333333333333,1,131.659078
-0.3333333333333333,1,131.663727
-0.25,1,131.67061
-0.3333333333333333,1,131.675573
-0.3333333333333333,1,131.682485
-0.2,1,131.687107
-0.5,1,131.691467
-1.0,1,131.695774
-0.5,1,131.710665
-0.2,1,131.726581
-0.2,1,131.733722
-0.2,1,131.74116
-0.2,1,131.753806
-0.3333333333333333,1,131.7622
-0.25,1,131.771515
-0.4,1,131.777127
-0.16666666666666666,1,131.780928
-0.2,1,131.784776
-0.5,1,131.791646
-0.2,1,131.797645
-0.3333333333333333,1,131.803659
-0.3333333333333333,1,131.808923
-0.5,1,131.81354
-0.3333333333333333,1,131.818175
-0.3333333333333333,1,131.82243
-0.16666666666666666,1,131.826696
-0.25,1,131.830412
0.0,1,131.835797
-1.0,1,131.841044
-0.5,1,131.845168
-0.6666666666666666,1,131.849637
-1.0,1,131.853998
-1.0,1,131.858384
-0.5,1,131.862393
-0.3333333333333333,1,131.866157
-0.5555555555555556,1,131.870577
-0.3333333333333333,1,131.874755
-1.0,1,131.878863
-1.0,1,131.882836
-0.5,1,131.886466
-0.2,1,131.890659
-0.25,1,131.894593
-0.3333333333333333,1,131.898904
-0.3333333333333333,1,131.90294
-0.3333333333333333,1,131.907186
-0.25,1,131.911459
-0.3333333333333333,1,131.916278
-0.25,1,131.920122
-0.1,1,131.924604
-0.25,1,131.933524
-0.3333333333333333,1,131.942993
-0.25,1,131.947675
-0.2,1,131.95274
-0.2,1,131.957754
-0.1,1,131.96233
-0.12,1,131.967173
-0.1,1,131.97222
-0.3333333333333333,1,131.976605
-0.2,1,131.981045
-0.3333333333333333,1,131.985281
-0.2,1,131.98996
-0.25,1,131.99432
-0.2,1,131.99876
-0.25,1,132.00299
-0.2,1,132.008662
-0.3333333333333333,1,132.013546
-0.2222222222222222,1,132.017809
-0.2,1,132.02219
-0.2222222222222222,1,132.026506
-0.3333333333333333,1,132.031241
-0.3333333333333333,1,132.035799
-0.25,1,132.040835
-0.16666666666666666,1,132.045446
-0.5555555555555556,1,132.050008
-0.16666666666666666,1,132.05483
-0.25,1,132.059078
-0.3333333333333333,1,132.063004
-0.3333333333333333,1,132.0675
-0.6666666666666666,1,132.072276
-0.75,1,132.076325
-1.0,1,132.080866
-0.75,1,132.08497
-0.3333333333333333,1,132.089645
-0.75,1,132.093796
-0.3333333333333333,1,132.097992
-0.25,1,132.103822
-0.3333333333333333,1,132.108798
-0.25,1,132.113426
-0.1,1,132.118269
-0.2,1,132.12455
-0.3333333333333333,1,132.134572
-0.75,1,132.14889
-1.0,1,132.162938
-0.75,1,132.169267
-0.6666666666666666,1,132.175019
-0.3333333333333333,1,132.179581
-0.3333333333333333,1,132.18349
-0.25,1,132.188022
-1.0,1,132.192661
-0.75,1,132.197113
-1.0,1,132.20091
-0.3333333333333333,1,132.205325
-0.3333333333333333,1,132.209628
-0.3333333333333333,1,132.213811
-0.3333333333333333,1,132.217954
-0.25,1,132.222558
-0.2,1,132.226944
-0.25,1,132.232541
-0.3333333333333333,1,132.236868
-0.25,1,132.240897
-0.16666666666666666,1,132.247324
-0.75,1,132.251501
-0.3333333333333333,1,132.25508
-0.2,1,132.258744
-0.2,1,132.265221
-0.2,1,132.275548
-0.3333333333333333,1,132.27945
-0.06666666666666667,1,132.283696
-0.16666666666666666,1,132.287672
-0.5555555555555556,1,132.292084
-0.3333333333333333,1,132.296219
-0.5,1,132.301003
-0.2,1,132.308
-0.25,1,132.312682
-0.2,1,132.317435
-0.5,1,132.321307
-0.6666666666666666,1,132.325465
-0.5,1,132.329717
-0.6666666666666666,1,132.336777
-1.0,1,132.342792
-1.0,1,132.348844
-1.0,1,132.356749
-1.0,1,132.36349
-1.0,1,132.369476
-1.0,1,132.375499
-1.0,1,132.380076
-1.0,1,132.384429
-1.0,1,132.388581
-0.6666666666666666,1,132.392423
-0.5,1,132.396978
-0.4,1,132.401288
-0.2,1,132.405216
-0.2,1,132.409312
-0.3333333333333333,1,132.414841
-0.2222222222222222,1,132.420252
-0.16666666666666666,1,132.426052
-0.06666666666666667,1,132.430325
-0.16666666666666666,1,132.435051
-0.2,1,132.439524
-0.2,1,132.444106
-0.1,1,132.448645
-0.2,1,132.453068
-0.4,1,132.456636
-0.5,1,132.460843
-0.4,1,132.464653
-0.16666666666666666,1,132.468866
-0.4,1,132.472606
-0.16666666666666666,1,132.476053
-0.2,1,132.479729
-0.2,1,132.483957
-0.2,1,132.487733
-0.2,1,132.491923
-0.2,1,132.495887
-0.5,1,132.500188
-0.4,1,132.504188
-1.0,1,132.508204
-1.0,1,132.513794
-0.16666666666666666,1,132.518052
-1.0,1,132.521786
-0.16666666666666666,1,132.525754
-0.4,1,132.530313
-0.2,1,132.535295
-0.2,1,132.539587
-0.2,1,132.543873
-0.1,1,132.548388
-0.2,1,132.552914
-0.2222222222222222,1,132.556938
-0.16666666666666666,1,132.570194
-0.06666666666666667,1,132.576895
-0.12,1,132.580973
-0.2,1,132.585751
-0.3333333333333333,1,132.590738
-0.2222222222222222,1,132.595177
-0.2,1,132.600012
-0.3333333333333333,1,132.604428
0.0,1,132.608468
-1.0,1,132.613939
-0.5,1,132.618743
-1.0,1,132.623056
-1.0,1,132.627173
-0.3333333333333333,1,132.632288
-1.0,1,132.636607
-0.3333333333333333,1,132.641012
-0.5,1,132.645608
-0.6666666666666666,1,132.650514
-0.5,1,132.654783
-0.2,1,132.659335
-0.5,1,132.663729
-0.6666666666666666,1,132.668812
-0.5,1,132.672889
-0.3333333333333333,1,132.676932
-0.25,1,132.681467
-0.1,1,132.685783
-0.2,1,132.690361
-0.2,1,132.696099
-0.25,1,132.700897
0.0,1,132.705763
-1.0,1,132.709723
-1.0,1,132.714704
-1.0,1,132.719119
-0.5555555555555556,1,132.723608
-0.3333333333333333,1,132.727748
-0.3333333333333333,1,132.731767
-0.1,1,132.737135
-0.2,1,132.74089
-0.2,1,132.744945
-0.125,1,132.749672
-0.2,1,132.754558
-0.12,1,132.75824
-0.3,1,132.762648
-0.06666666666666667,1,132.767663
-0.3333333333333333,1,132.772114
-0.2,1,132.775777
-0.2,1,132.780109
-0.25,1,132.785227
-0.2,1,132.789129
-0.125,1,132.793604
-0.1,1,132.799195
-0.2,1,132.803745
-0.06666666666666667,1,132.80778
-0.16666666666666666,1,132.8119
-0.2222222222222222,1,132.817566
-0.16666666666666666,1,132.821723
-0.2222222222222222,1,132.825626
-0.16666666666666666,1,132.829499
-0.4,1,132.834077
-0.06666666666666667,1,132.838198
-0.2,1,132.842508
-0.12,1,132.846975
-0.06666666666666667,1,132.851768
-0.12,1,132.856655
-0.06666666666666667,1,132.877595
-0.12,1,132.89207
-0.2,1,132.898403
-0.2,1,132.906676
-0.2222222222222222,1,132.913867
-0.3333333333333333,1,132.921927
-0.2,1,132.928838
-0.25,1,132.935223
-0.2,1,132.939537
-0.16666666666666666,1,132.943519
-0.2,1,132.947701
-0.25,1,132.952466
-0.2,1,132.957223
-0.16666666666666666,1,132.961674
-0.2222222222222222,1,132.966721
-0.06666666666666667,1,132.970883
-0.2222222222222222,1,132.975229
-0.16666666666666666,1,132.979532
-0.2222222222222222,1,132.984332
-0.16666666666666666,1,132.988545
-0.2222222222222222,1,132.993039
-0.16666666666666666,1,132.997593
-0.2,1,133.00235
-0.25,1,133.006521
-0.3,1,133.014254
-0.125,1,133.019124
-0.16666666666666666,1,133.023057
-0.5,1,133.026614
-0.6666666666666666,1,133.033456
-0.3333333333333333,1,133.041481
-0.3333333333333333,1,133.046515
0.0,1,133.050961
-1.0,1,133.055092
-1.0,1,133.059802
-1.0,1,133.063654
-0.5,1,133.067639
-0.2,1,133.071497
-1.0,1,133.075107
-0.4,1,133.079633
-0.5,1,133.084101
-0.6666666666666666,1,133.088388
-0.5555555555555556,1,133.092548
-0.6666666666666666,1,133.096972
-0.5,1,133.101085
-0.3333333333333333,1,133.10535
-0.125,1,133.109668
-0.1,1,133.113524
-0.3333333333333333,1,133.117605
-0.2222222222222222,1,133.122009
-0.16666666666666666,1,133.125856
-0.2,1,133.129653
-0.12,1,133.133936
-0.2,1,133.138149
-0.125,1,133.142213
-0.3333333333333333,1,133.146457
-0.125,1,133.150975
-0.1,1,133.155346
-0.25,1,133.159353
-0.3333333333333333,1,133.163565
-0.3333333333333333,1,133.167989
-0.6666666666666666,1,133.171861
-0.3333333333333333,1,133.176376
-0.3333333333333333,1,133.180721
-0.3333333333333333,1,133.185075
-0.3333333333333333,1,133.201824
-0.25,1,133.206526
-0.3333333333333333,1,133.210537
-0.3333333333333333,1,133.214992
-0.3333333333333333,1,133.219798
-0.3333333333333333,1,133.224345
-0.3333333333333333,1,133.228822
-0.5555555555555556,1,133.233255
-0.16666666666666666,1,133.2376
-0.125,1,133.2419
-0.2,1,133.246397
-0.125,1,133.251494
-0.1,1,133.255634
-0.16666666666666666,1,133.259941
-0.06666666666666667,1,133.264057
-0.2,1,133.268525
-0.06666666666666667,1,133.272718
-0.16666666666666666,1,133.276722
-0.06666666666666667,1,133.281385
-0.2,1,133.286346
0.0,1,133.290936
-1.0,1,133.295533
-1.0,1,133.300478
-0.6666666666666666,1,133.305194
-1.0,1,133.30997
-0.6666666666666666,1,133.314306
-0.5,1,133.318746
-0.4,1,133.323401
-0.16666666666666666,1,133.331104
-0.4,1,133.33512
-0.5,1,133.338996
-0.4,1,133.342942
-0.06666666666666667,1,133.346972
-0.2,1,133.351122
-0.06666666666666667,1,133.355024
-0.2,1,133.359314
-0.06666666666666667,1,133.363228
-0.2222222222222222,1,133.367527
-0.16666666666666666,1,133.371593
-0.2222222222222222,1,133.375313
-0.16666666666666666,1,133.379821
-0.2,1,133.384702
-0.2,1,133.391883
-0.3333333333333333,1,133.398281
-0.25,1,133.405572
-1.0,1,133.414537
-0.25,1,133.420486
-1.0,1,133.42564
-0.75,1,133.430819
-0.4,1,133.435679
-0.25,1,133.439976
-0.3333333333333333,1,133.444169
-0.3333333333333333,1,133.44845
-0.3333333333333333,1,133.452563
-0.3333333333333333,1,133.456803
0.0,1,133.46132
-1.0,1,133.466303
-0.5,1,133.470613
-0.6666666666666666,1,133.474539
-1.0,1,133.479063
-1.0,1,133.483527
-0.3333333333333333,1,133.487383
-1.0,1,133.491292
-1.0,1,133.495175
-1.0,1,133.499938
-1.0,1,133.503908
-0.3333333333333333,1,133.507841
-0.3333333333333333,1,133.514742
-0.3333333333333333,1,133.521711
-0.5,1,133.52606
-0.4,1,133.53068
-0.2,1,133.534962
-0.4,1,133.538514
-0.06666666666666667,1,133.541898
-0.3,1,133.546683
-0.125,1,133.550976
-0.16666666666666666,1,133.554785
-0.3333333333333333,1,133.558677
-0.2,1,133.563576
-0.2,1,133.567702
-0.2222222222222222,1,133.571746
-0.2,1,133.575295
-0.3333333333333333,1,133.579866
-0.5,1,133.584385
-0.3333333333333333,1,133.588369
-0.2,1,133.592198
0.0,1,133.596174
-1.0,1,133.600118
-1.0,1,133.604003
-1.0,1,133.607515
-0.5,1,133.612166
-0.6666666666666666,1,133.61727
-1.0,1,133.621617
-0.6666666666666666,1,133.625683
-1.0,1,133.629746
-1.0,1,133.634801
-1.0,1,133.63872
-1.0,1,133.642765
-0.75,1,133.647158
-1.0,1,133.651206
-0.5,1,133.655017
-0.4,1,133.659042
-0.06666666666666667,1,133.665737
-0.2222222222222222,1,133.670369
-0.06666666666666667,1,133.674355
-0.16666666666666666,1,133.679016
-0.125,1,133.683997
-0.3333333333333333,1,133.688345
-0.125,1,133.692386
-0.1,1,133.696605
-0.25,1,133.700993
-0.3333333333333333,1,133.705044
-0.2,1,133.709033
-0.3,1,133.713281
-0.16666666666666666,1,133.718068
-0.2222222222222222,1,133.722374
-0.2,1,133.727041
-0.2222222222222222,1,133.731574
-0.2,1,133.736397
-0.3333333333333333,1,133.740923
-0.25,1,133.74697
-0.3333333333333333,1,133.752872
-0.25,1,133.757292
-0.2,1,133.761755
-0.2,1,133.766614
-0.06666666666666667,1,133.771025
-0.16666666666666666,1,133.775514
0.0,1,133.78005
-1.0,1,133.789041
-1.0,1,133.798571
-0.6666666666666666,1,133.803279
-0.7777777777777778,1,133.808321
-0.3333333333333333,1,133.813434
-0.3333333333333333,1,133.818245
-0.3333333333333333,1,133.82272
-0.3333333333333333,1,133.8268
-0.3333333333333333,1,133.830924
-0.25,1,133.835361
-0.2,1,133.839227
-0.25,1,133.843459
-0.3333333333333333,1,133.848076
-0.25,1,133.85311
-0.16666666666666666,1,133.857535
-0.5555555555555556,1,133.861675
-0.6666666666666666,1,133.866024
-0.5,1,133.870524
0.0,1,133.874399
-1.0,1,133.878398
-1.0,1,133.882945
-1.0,1,133.888034
-1.0,1,133.892267
-0.4,1,133.900297
-0.75,1,133.904455
-0.4,1,133.908571
-1.0,1,133.914365
-1.0,1,133.919448
-1.0,1,133.923808
-1.0,1,133.927904
-0.75,1,133.931966
-0.16666666666666666,1,133.936691
-0.2,1,133.940914
-0.2222222222222222,1,133.945554
-0.16666666666666666,1,133.94987
-0.06666666666666667,1,133.954193
-0.16666666666666666,1,133.958322
-0.06666666666666667,1,133.963027
-0.16666666666666666,1,133.976375
-0.2,1,133.981659
-0.25,1,133.986443
-0.2,1,133.991199
-0.2,1,133.995549
-0.3333333333333333,1,134.000187
-0.125,1,134.003889
-0.16666666666666666,1,134.007518
-0.3333333333333333,1,134.012986
-0.16666666666666666,1,134.01729
-0.25,1,134.021426
-0.2,1,134.025528
-0.2,1,134.029623
-0.2,1,134.034074
-0.2,1,134.039009
-0.3333333333333333,1,134.043458
-0.3333333333333333,1,134.047758
-0.3333333333333333,1,134.052189
-0.25,1,134.056282
-0.2,1,134.060834
-0.25,1,134.065167
0.0,1,134.069455
-1.0,1,134.073866
-1.0,1,134.078235
-1.0,1,134.082222
-0.5,1,134.087216
-0.3333333333333333,1,134.091584
-0.3333333333333333,1,134.095643
-0.3333333333333333,1,134.099969
-0.7777777777777778,1,134.104384
-0.6666666666666666,1,134.108284
-0.5,1,134.112784
0.0,1,134.118054
-1.0,1,134.123386
-1.0,1,134.128
-0.6666666666666666,1,134.133379
-0.3333333333333333,1,134.139473
-0.6666666666666666,1,134.143342
-0.5,1,134.147492
-1.0,1,134.151575
-1.0,1,134.155721
-1.0,1,134.160403
-1.0,1,134.164504
-1.0,1,134.168965
-0.5,1,134.17425
-0.3333333333333333,1,134.178657
-0.3333333333333333,1,134.182666
-0.6666666666666666,1,134.186735
-1.0,1,134.190843
-0.6666666666666666,1,134.194909
-1.0,1,134.198761
-1.0,1,134.203554
-0.5555555555555556,1,134.208082
-0.3333333333333333,1,134.212728
-0.3333333333333333,1,134.21675
-0.16666666666666666,1,134.220844
-0.25,1,134.225477
-0.3333333333333333,1,134.229581
0.0,1,134.233415
-1.0,1,134.238256
-0.5,1,134.241905
-1.0,1,134.246624
-1.0,1,134.251189
-0.6666666666666666,1,134.255345
-0.5,1,134.2593
-0.3333333333333333,1,134.264038
-0.3333333333333333,1,134.26825
-0.3333333333333333,1,134.272465
-0.5,1,134.276243
-0.3333333333333333,1,134.280037
-0.5,1,134.284146
-0.4,1,134.287875
-0.16666666666666666,1,134.291563
-0.2,1,134.297571
-0.2,1,134.304283
-0.2,1,134.312738
-0.16666666666666666,1,134.317127
-0.06666666666666667,1,134.320727
-0.16666666666666666,1,134.325433
-0.06666666666666667,1,134.332795
-0.12,1,134.3369
-0.2,1,134.341426
-0.12,1,134.346296
-0.06666666666666667,1,134.349773
-0.16666666666666666,1,134.353248
-0.2,1,134.357617
-0.25,1,134.363192
-0.2,1,134.367778
-0.2,1,134.371833
-0.2222222222222222,1,134.376579
-0.2,1,134.394238
-0.4,1,134.40091
-0.75,1,134.405709
-1.0,1,134.409431
-1.0,1,134.414087
-0.6666666666666666,1,134.418736
-0.75,1,134.423132
-1.0,1,134.427351
-0.5555555555555556,1,134.431914
-0.16666666666666666,1,134.437014
-0.25,1,134.441852
-0.2,1,134.445742
-0.2,1,134.449767
-0.2,1,134.454266
-0.2,1,134.458137
-0.2222222222222222,1,134.462088
-0.16666666666666666,1,134.46607
-0.06666666666666667,1,134.470366
-0.12,1,134.474584
-0.1,1,134.478948
-0.25,1,134.483366
-0.3333333333333333,1,134.488343
-0.125,1,134.492702
-0.3333333333333333,1,134.497068
-0.3333333333333333,1,134.50223
-1.0,1,134.506591
-0.5,1,134.511135
-1.0,1,134.515299
-1.0,1,134.519414
-1.0,1,134.52322
-0.5,1,134.526882
0.0,1,134.530509
-1.0,1,134.534209
-1.0,1,134.538342
-1.0,1,134.542656
-1.0,1,134.547255
-0.6666666666666666,1,134.550852
-1.0,1,134.554928
-1.0,1,134.558533
-1.0,1,134.562537
-0.6666666666666666,1,134.565903
-1.0,1,134.569408
-1.0,1,134.573309
-1.0,1,134.577586
-1.0,1,134.581103
-0.5,1,134.584368
-0.6666666666666666,1,134.58832
-0.25,1,134.591836
-0.3333333333333333,1,134.596418
-0.3333333333333333,1,134.610452
-0.3333333333333333,1,134.617321
-0.25,1,134.624515
-0.1,1,134.62909
-0.2,1,134.633117
-0.06666666666666667,1,134.637156
-0.16666666666666666,1,134.641132
-0.2222222222222222,1,134.66162
-0.16666666666666666,1,134.666116
-0.2222222222222222,1,134.670789
-0.16666666666666666,1,134.674701
-0.2222222222222222,1,134.679518
-0.16666666666666666,1,134.684686
-0.2222222222222222,1,134.690296
-0.16666666666666666,1,134.700194
-0.3,1,134.707147
-0.125,1,134.717989
-0.3,1,134.737018
-0.16666666666666666,1,134.742171
-0.2222222222222222,1,134.75938
-0.3333333333333333,1,134.767369
0.0,1,134.772198
-1.0,1,134.776571
-1.0,1,134.782039
-1.0,1,134.786743
-0.5,1,134.791157
-0.6666666666666666,1,134.798473
-1.0,1,134.808569
-0.6666666666666666,1,134.812861
-0.5,1,134.841591
-0.6666666666666666,1,134.846918
-1.0,1,134.866442
-0.6666666666666666,1,134.874652
-0.3333333333333333,1,134.881791
-0.3333333333333333,1,134.886667
-0.125,1,134.891282
-0.3,1,134.895445
-0.125,1,134.900726
-0.2,1,134.905395
-0.125,1,134.913233
-0.3333333333333333,1,134.917553
-0.2,1,134.921562
-0.2,1,134.925413
-0.06666666666666667,1,134.929526
-0.3333333333333333,1,134.933979
-0.25,1,134.937783
0.0,1,134.941725
-1.0,1,134.945602
-1.0,1,134.950239
-1.0,1,134.954512
-0.75,1,134.958251
-0.4,1,134.962301
-0.2,1,134.967215
-0.2,1,134.971071
-0.2,1,134.974559
-0.2222222222222222,1,134.980728
-0.3333333333333333,1,134.98505
0.0,1,134.988754
-1.0,1,134.992566
-1.0,1,134.999613
-1.0,1,135.004718
-1.0,1,135.008806
-1.0,1,135.014541
-0.5,1,135.019271
-0.6666666666666666,1,135.023782
-0.5,1,135.027943
-0.6666666666666666,1,135.034176
-0.5,1,135.038498
-0.4,1,135.044192
-0.2,1,135.053628
-0.3333333333333333,1,135.058172
-0.25,1,135.062992
-0.2,1,135.067673
-0.25,1,135.076666
-0.2,1,135.081152
-0.25,1,135.089328
-0.16666666666666666,1,135.095625
-0.5,1,135.102577
-0.16666666666666666,1,135.107791
-0.25,1,135.123641
-0.3333333333333333,1,135.130825
-0.3333333333333333,1,135.138182
-0.3333333333333333,1,135.143448
-0.25,1,135.148141
-0.2,1,135.152788
-0.25,1,135.157063
-0.2,1,135.161078
-0.16666666666666666,1,135.16522
-0.2222222222222222,1,135.170186
-0.16666666666666666,1,135.17463
-0.2222222222222222,1,135.179395
-0.2,1,135.18402
-0.1,1,135.188137
-0.2,1,135.191957
-0.4,1,135.196058
-0.2,1,135.200544
-0.3333333333333333,1,135.204555
-0.75,1,135.208386
-0.16666666666666666,1,135.213012
-0.06666666666666667,1,135.218136
-0.3333333333333333,1,135.22211
-0.5555555555555556,1,135.225782
-0.16666666666666666,1,135.230269
-0.125,1,135.23505
-0.1,1,135.239412
-0.2,1,135.243706
-0.3,1,135.253062
-0.25,1,135.257382
-0.2,1,135.261687
0.0,1,135.266322
-1.0,1,135.270794
-1.0,1,135.27484
-0.6666666666666666,1,135.278809
-0.3333333333333333,1,135.283385
-0.16666666666666666,1,135.287548
-0.125,1,135.291622
-0.3,1,135.295612
-0.16666666666666666,1,135.299989
-0.06666666666666667,1,135.304262
-0.2,1,135.308311
0.0,1,135.312648
-1.0,1,135.317412
-0.5,1,135.321203
-0.6666666666666666,1,135.324993
-0.3333333333333333,1,135.329889
-0.3333333333333333,1,135.339371
-0.06666666666666667,1,135.347264
-0.2222222222222222,1,135.352823
-0.06666666666666667,1,135.365382
-0.2222222222222222,1,135.376909
-0.16666666666666666,1,135.382548
-0.06666666666666667,1,135.387388
-0.2,1,135.391136
-0.2,1,135.395094
-0.2,1,135.399873
-0.2222222222222222,1,135.404112
-0.16666666666666666,1,135.407892
-0.06666666666666667,1,135.41215
-0.12,1,135.416077
-0.3,1,135.420424
-0.16666666666666666,1,135.42431
-0.2,1,135.429291
-0.2,1,135.433876
-0.16666666666666666,1,135.438
-0.75,1,135.441902
-0.4,1,135.44631
-0.16666666666666666,1,135.450932
-0.2222222222222222,1,135.455127
-0.06666666666666667,1,135.461862
-0.3,1,135.466481
-0.06666666666666667,1,135.471039
-0.16666666666666666,1,135.475773
-0.06666666666666667,1,135.482534
-0.4,1,135.489564
-0.2,1,135.495508
-0.2222222222222222,1,135.502014
-0.2,1,135.507709
-0.1,1,135.511767
-0.2,1,135.51605
-0.06666666666666667,1,135.520782
-0.2,1,135.524851
-0.06666666666666667,1,135.529143
-0.16666666666666666,1,135.533961
-0.06666666666666667,1,135.538189
-0.16666666666666666,1,135.542205
-0.06666666666666667,1,135.546461
-0.2,1,135.550801
-0.06666666666666667,1,135.554747
-0.16666666666666666,1,135.558913
-0.06666666666666667,1,135.563334
-0.16666666666666666,1,135.567863
-0.1,1,135.5718
-0.2,1,135.575919
-0.3333333333333333,1,135.582575
-0.7777777777777778,1,135.58691
-0.3333333333333333,1,135.591008
-0.5,1,135.595387
0.0,1,135.600291
-1.0,1,135.604221
-1.0,1,135.607787
-0.3333333333333333,1,135.612141
-0.3333333333333333,1,135.616863
-0.3333333333333333,1,135.621257
-0.3333333333333333,1,135.625388
-0.3333333333333333,1,135.630765
-0.5,1,135.635653
-0.3333333333333333,1,135.64016
-0.3333333333333333,1,135.644308
-0.6666666666666666,1,135.648375
-0.3333333333333333,1,135.65282
-0.16666666666666666,1,135.657172
-0.125,1,135.661747
-0.3333333333333333,1,135.666792
-0.3333333333333333,1,135.670964
-0.3333333333333333,1,135.675161
-0.5,1,135.679289
-0.3333333333333333,1,135.683921
-0.5,1,135.687947
-0.3333333333333333,1,135.691794
-0.5555555555555556,1,135.696388
-0.16666666666666666,1,135.700409
-0.3333333333333333,1,135.704059
-1.0,1,135.707874
-0.5555555555555556,1,135.713541
-0.16666666666666666,1,135.718168
-0.06666666666666667,1,135.722044
-0.2222222222222222,1,135.725672
-0.16666666666666666,1,135.738697
-0.2222222222222222,1,135.743511
-0.3333333333333333,1,135.748163
-0.2222222222222222,1,135.753257
-0.16666666666666666,1,135.757562
-0.2222222222222222,1,135.761944
-0.2,1,135.766736
-0.4,1,135.771373
-0.2,1,135.775648
-0.3333333333333333,1,135.780067
-0.25,1,135.785863
-0.3333333333333333,1,135.790477
-0.125,1,135.795035
-0.3333333333333333,1,135.800547
-0.25,1,135.805208
-0.1,1,135.809443
-0.25,1,135.813835
-0.1,1,135.819152
-0.125,1,135.823657
-0.3,1,135.828582
-0.2,1,135.833697
-0.3,1,135.84009
-0.12,1,135.843959
-0.3,1,135.847928
-0.12,1,135.852559
-0.2,1,135.856421
-0.12,1,135.860598
-0.2,1,135.864535
-0.2,1,135.868436
-0.3333333333333333,1,135.872039
0.0,1,135.875778
-1.0,1,135.884096
-1.0,1,135.888118
-0.6666666666666666,1,135.893225
-1.0,1,135.897482
-1.0,1,135.901334
-1.0,1,135.90494
-1.0,1,135.908353
-0.3333333333333333,1,135.91199
-0.3333333333333333,1,135.916359
-0.2,1,135.920659
0.0,1,135.924271
-1.0,1,135.928154
-1.0,1,135.932464
-1.0,1,135.937203
-1.0,1,135.941117
-1.0,1,135.945162
-1.0,1,135.949349
-1.0,1,135.953999
-0.5,1,135.95798
-1.0,1,135.962115
-0.25,1,135.966989
-0.3333333333333333,1,135.970968
-1.0,1,135.975027
-0.6666666666666666,1,135.97926
-1.0,1,135.984758
-0.6666666666666666,1,135.988745
-0.5,1,135.992844
-0.6666666666666666,1,135.99641
-0.3333333333333333,1,136.001218
-1.0,1,136.004782
-0.3333333333333333,1,136.008352
-0.3333333333333333,1,136.013261
-0.5,1,136.018192
-0.4,1,136.022587
-0.5,1,136.026702
-0.4,1,136.031667
-0.5,1,136.035912
-0.4,1,136.040059
-0.75,1,136.043939
-0.16666666666666666,1,136.048215
-0.25,1,136.052548
-0.3333333333333333,1,136.056691
-0.06666666666666667,1,136.061353
-0.3,1,136.065895
-0.06666666666666667,1,136.070385
-0.3,1,136.074265
-0.125,1,136.079046
-0.3333333333333333,1,136.083095
-0.3333333333333333,1,136.087192
-0.3333333333333333,1,136.091341
-0.2,1,136.096012
-0.2,1,136.100083
-0.25,1,136.103811
-0.16666666666666666,1,136.110931
-0.3333333333333333,1,136.138056
-0.3333333333333333,1,136.144353
-0.3333333333333333,1,136.153363
-0.3333333333333333,1,136.161292
-0.125,1,136.168497
-0.1,1,136.173729
-0.3333333333333333,1,136.18001
-0.2,1,136.185289
-0.25,1,136.190765
-0.16666666666666666,1,136.196306
-0.25,1,136.200719
-0.2,1,136.204803
-0.3333333333333333,1,136.20803
-0.2222222222222222,1,136.211642
-0.16666666666666666,1,136.215806
-0.06666666666666667,1,136.219891
-0.16666666666666666,1,136.223814
-0.3,1,136.227772
-0.12,1,136.232238
-0.3,1,136.236481
-0.125,1,136.240527
-0.3,1,136.244436
-0.06666666666666667,1,136.248952
-0.2222222222222222,1,136.253954
-0.06666666666666667,1,136.258168
-0.4,1,136.262655
-0.75,1,136.266657
-0.4,1,136.270802
-0.5,1,136.274452
-0.3333333333333333,1,136.279314
-0.3333333333333333,1,136.283685
-0.3333333333333333,1,136.287645
-0.3333333333333333,1,136.292046
-0.3333333333333333,1,136.296376
-0.5,1,136.300645
-1.0,1,136.304091
-0.75,1,136.307567
-1.0,1,136.313988
-0.3333333333333333,1,136.318762
-0.6666666666666666,1,136.323057
-1.0,1,136.332689
-0.3333333333333333,1,136.337088
-0.25,1,136.340695
-0.16666666666666666,1,136.350014
-0.25,1,136.355354
-0.3333333333333333,1,136.359172
-0.3333333333333333,1,136.373276
-0.2,1,136.377933
-0.25,1,136.382588
-0.3333333333333333,1,136.388231
-0.06666666666666667,1,136.392945
-0.2,1,136.397955
0.0,1,136.40298
-1.0,1,136.407691
-1.0,1,136.412005
-1.0,1,136.41635
-0.5555555555555556,1,136.420921
-0.3333333333333333,1,136.425055
-0.06666666666666667,1,136.429259
-0.4,1,136.433789
-0.16666666666666666,1,136.438494
-0.2,1,136.442641
-0.16666666666666666,1,136.44742
-0.4,1,136.451876
-0.2,1,136.456203
-0.2222222222222222,1,136.460613
-0.16666666666666666,1,136.464808
-0.06666666666666667,1,136.46975
-0.12,1,136.474078
-0.06666666666666667,1,136.477852
-0.16666666666666666,1,136.481947
-0.2,1,136.486103
-0.125,1,136.490596
-0.2,1,136.495129
-0.12,1,136.513051
-0.2,1,136.541266
-0.25,1,136.549663
-0.3333333333333333,1,136.55585
-0.5,1,136.563165
-0.4,1,136.568264
-0.06666666666666667,1,136.57287
-0.4,1,136.578993
-0.06666666666666667,1,136.583033
-0.4,1,136.587282
-0.25,1,136.591988
-0.2,1,136.59647
-0.16666666666666666,1,136.600658
-0.4,1,136.604981
-0.5,1,136.609179
-0.4,1,136.613945
-0.25,1,136.618051
-0.2,1,136.622313
-0.25,1,136.626731
-0.3333333333333333,1,136.631156
-0.25,1,136.635298
-0.4,1,136.639869
-0.25,1,136.644258
-0.3333333333333333,1,136.648601
-0.3333333333333333,1,136.653413
-0.16666666666666666,1,136.658556
-0.5555555555555556,1,136.663299
-1.0,1,136.667124
-1.0,1,136.671533
-0.6666666666666666,1,136.675442
-0.3333333333333333,1,136.680004
-0.6666666666666666,1,136.684146
-0.5,1,136.687879
-0.3333333333333333,1,136.692841
-0.3333333333333333,1,136.697058
-0.3333333333333333,1,136.701337
-0.5,1,136.705957
-0.3333333333333333,1,136.710279
-0.2,1,136.714785
-0.3333333333333333,1,136.718981
-0.3333333333333333,1,136.723508
0.0,1,136.727783
-1.0,1,136.731612
-1.0,1,136.735489
-0.6666666666666666,1,136.739661
-0.3333333333333333,1,136.744399
-0.6666666666666666,1,136.748669
-0.3333333333333333,1,136.753029
-0.16666666666666666,1,136.756933
-0.06666666666666667,1,136.761411
-0.16666666666666666,1,136.76543
-0.25,1,136.769927
-0.16666666666666666,1,136.774027
-0.125,1,136.780142
-0.2,1,136.784147
-0.2,1,136.788892
-0.16666666666666666,1,136.793113
-0.2,1,136.797136
-0.3333333333333333,1,136.80109
0.0,1,136.805789
-1.0,1,136.809755
-1.0,1,136.815253
-0.6666666666666666,1,136.819533
-0.3333333333333333,1,136.824106
-0.6666666666666666,1,136.827925
-0.3333333333333333,1,136.831823
-0.6666666666666666,1,136.8365
-1.0,1,136.840262
-1.0,1,136.843801
-1.0,1,136.848072
-1.0,1,136.852579
-1.0,1,136.856379
-0.4,1,136.860701
-0.2,1,136.864406
-0.2,1,136.868438
-0.2,1,136.873127
-0.3333333333333333,1,136.877334
-0.7777777777777778,1,136.881353
-0.3333333333333333,1,136.885921
0.0,1,136.890344
-1.0,1,136.89473
-1.0,1,136.898687
-0.6666666666666666,1,136.902385
-0.5555555555555556,1,136.906194
-0.16666666666666666,1,136.909942
-0.06666666666666667,1,136.914187
-0.16666666666666666,1,136.917977
-0.75,1,136.922429
-1.0,1,136.926688
-0.75,1,136.934277
-0.4,1,136.938864
-0.5,1,136.943629
-0.4,1,136.947405
-0.2,1,136.952107
-0.2,1,136.956755
-0.25,1,136.961216
0.0,1,136.965423
-1.0,1,136.975173
-1.0,1,136.982428
-0.6666666666666666,1,136.986831
-0.5,1,136.991523
-0.3333333333333333,1,136.996299
-0.5,1,137.000645
-1.0,1,137.005421
-1.0,1,137.009771
-1.0,1,137.014426
-1.0,1,137.018474
-0.6666666666666666,1,137.023415
-0.3333333333333333,1,137.02762
0.0,1,137.032108
-1.0,1,137.037089
-0.5,1,137.041158
-0.3333333333333333,1,137.04564
-0.5,1,137.050692
-0.4,1,137.054881
-0.2,1,137.058911
-0.3333333333333333,1,137.063367
-0.5555555555555556,1,137.067953
-1.0,1,137.072364
-1.0,1,137.076728
-0.3333333333333333,1,137.081751
-0.5555555555555556,1,137.08637
-1.0,1,137.090548
-1.0,1,137.094768
-1.0,1,137.09885
-0.75,1,137.103135
-0.6666666666666666,1,137.106744
-0.75,1,137.110268
-0.4,1,137.114751
-0.75,1,137.118723
-0.3333333333333333,1,137.122256
-0.2,1,137.126437
-0.2,1,137.13077
-0.125,1,137.134885
-0.2,1,137.13865
-0.125,1,137.142321
-0.16666666666666666,1,137.147403
-0.5,1,137.152159
-0.6666666666666666,1,137.15621
-0.3333333333333333,1,137.160678
-0.3333333333333333,1,137.164702
-0.5,1,137.169293
-0.16666666666666666,1,137.17332
-0.25,1,137.17901
-0.1,1,137.183753
-0.25,1,137.187839
-0.3333333333333333,1,137.194745
-0.3333333333333333,1,137.206997
-0.3333333333333333,1,137.220273
-0.2,1,137.235048
-0.3333333333333333,1,137.241483
0.0,1,137.247279
-1.0,1,137.25176
-1.0,1,137.256344
-0.6666666666666666,1,137.260554
-0.3333333333333333,1,137.264731
-0.6666666666666666,1,137.269695
-0.3333333333333333,1,137.274388
-0.3333333333333333,1,137.278859
-0.2,1,137.286319
-0.2222222222222222,1,137.293238
-0.16666666666666666,1,137.299661
-1.0,1,137.305515
-1.0,1,137.310062
-1.0,1,137.314903
-1.0,1,137.319236
-1.0,1,137.323403
-1.0,1,137.327126
-0.6666666666666666,1,137.332871
-0.5,1,137.336991
-1.0,1,137.340875
-1.0,1,137.345569
-1.0,1,137.350625
-1.0,1,137.355348
-0.6666666666666666,1,137.359757
-0.25,1,137.364524
-0.2,1,137.368732
-0.2,1,137.373071
-0.4,1,137.377352
-0.5,1,137.381258
-0.4,1,137.385785
-0.5,1,137.390108
-0.6666666666666666,1,137.396127
-0.5,1,137.40172
-1.0,1,137.406078
-0.5555555555555556,1,137.411332
-1.0,1,137.416046
-1.0,1,137.421145
-0.6666666666666666,1,137.425826
-0.5,1,137.430242
-0.4,1,137.434787
-1.0,1,137.438887
-1.0,1,137.44323
-1.0,1,137.447915
-0.6666666666666666,1,137.45434
-0.75,1,137.459527
-0.3333333333333333,1,137.463997
-0.5,1,137.468572
-0.3333333333333333,1,137.473371
-0.2,1,137.479233
-0.2,1,137.486226
-0.2,1,137.490331
-0.4,1,137.497128
-0.06666666666666667,1,137.504166
-0.3,1,137.51
-0.25,1,137.515881
-0.3,1,137.522008
-0.12,1,137.527619
-0.2,1,137.534297
-0.12,1,137.540155
-0.3,1,137.5463
-0.125,1,137.553545
-0.3333333333333333,1,137.563632
-0.7777777777777778,1,137.569637
-0.3333333333333333,1,137.574024
-0.5,1,137.579714
-0.3333333333333333,1,137.586639
-0.7777777777777778,1,137.592324
-0.6666666666666666,1,137.597987
-1.0,1,137.604684
-0.6666666666666666,1,137.610675
-0.5,1,137.617783
-0.3333333333333333,1,137.625788
-0.25,1,137.632798
-0.3,1,137.639545
-0.25,1,137.648788
-0.2,1,137.660075
-0.25,1,137.666682
-0.3333333333333333,1,137.673089
-0.5,1,137.678464
-0.6666666666666666,1,137.684024
-0.5,1,137.689819
-0.6666666666666666,1,137.694376
-0.25,1,137.700849
-1.0,1,137.706753
-1.0,1,137.712327
-1.0,1,137.718609
-0.75,1,137.723037
-1.0,1,137.727006
-1.0,1,137.731201
-1.0,1,137.735883
-0.5555555555555556,1,137.740606
-0.3333333333333333,1,137.744672
0.0,1,137.749194
-1.0,1,137.753979
-1.0,1,137.758137
-1.0,1,137.762456
-1.0,1,137.768383
-0.6666666666666666,1,137.772314
-0.5,1,137.776471
-0.6666666666666666,1,137.780625
-0.5,1,137.784868
-0.6666666666666666,1,137.788956
-0.5,1,137.792784
-0.3333333333333333,1,137.798411
-0.5555555555555556,1,137.803011
-0.3333333333333333,1,137.807293
-0.3333333333333333,1,137.81174
-0.3333333333333333,1,137.816477
-0.3333333333333333,1,137.82045
-0.3333333333333333,1,137.82404
-0.125,1,137.82937
-0.3,1,137.83423
-0.25,1,137.838077
-0.3,1,137.841731
-0.25,1,137.84593
-0.16666666666666666,1,137.850185
-0.75,1,137.855143
-1.0,1,137.859769
-0.75,1,137.864693
-1.0,1,137.869103
-0.5,1,137.87291
-1.0,1,137.87741
-1.0,1,137.882074
-0.2,1,137.886794
-0.2,1,137.891332
-0.3,1,137.895894
-0.12,1,137.900751
-0.2,1,137.905077
-0.3333333333333333,1,137.909405
-0.1,1,137.913288
-0.12,1,137.917951
-0.1,1,137.921958
-0.25,1,137.925871
0.0,1,137.930642
-1.0,1,137.935211
-0.5,1,137.939139
-0.3333333333333333,1,137.943008
-1.0,1,137.94746
-0.6666666666666666,1,137.951777
-1.0,1,137.956121
-1.0,1,137.95969
-0.5,1,137.963461
-0.4,1,137.967454
-0.5,1,137.971481
-0.3333333333333333,1,137.975001
-0.5,1,137.979338
0.0,1,137.984156
-1.0,1,137.988037
-1.0,1,137.991924
-1.0,1,137.996012
-1.0,1,138.000461
-1.0,1,138.004908
-0.5555555555555556,1,138.008693
-1.0,1,138.01414
-0.3333333333333333,1,138.019444
-0.6666666666666666,1,138.02409
-1.0,1,138.028572
-1.0,1,138.033824
-1.0,1,138.038225
-0.4,1,138.042937
-1.0,1,138.048302
-0.2,1,138.054477
-0.3333333333333333,1,138.06281
-0.3333333333333333,1,138.070881
-0.3333333333333333,1,138.076409
-0.3333333333333333,1,138.080297
-0.3333333333333333,1,138.08589
-0.3333333333333333,1,138.094687
-0.25,1,138.102863
-0.1,1,138.107194
-0.25,1,138.113663
-0.3333333333333333,1,138.119407
-0.2,1,138.125194
-0.1,1,138.131202
-0.25,1,138.13758
-0.2,1,138.142297
-0.16666666666666666,1,138.148221
-0.2222222222222222,1,138.156016
-0.2,1,138.162965
-0.3333333333333333,1,138.168622
-0.2,1,138.175305
-0.2,1,138.180798
-0.16666666666666666,1,138.186054
0.0,1,138.190255
-1.0,1,138.19437
-1.0,1,138.199364
-0.6666666666666666,1,138.204206
-0.75,1,138.20864
-1.0,1,138.213289
-1.0,1,138.234002
-0.3333333333333333,1,138.238483
-0.3333333333333333,1,138.26098
-0.3333333333333333,1,138.273746
0.0,1,138.287781
-1.0,1,138.293803
-1.0,1,138.300623
-0.6666666666666666,1,138.307188
-1.0,1,138.31294
-0.3333333333333333,1,138.317845
-0.5555555555555556,1,138.322141
-0.3333333333333333,1,138.326656
-0.25,1,138.33113
-0.2,1,138.345991
-0.2,1,138.350762
-0.4,1,138.356083
-0.75,1,138.360686
-0.4,1,138.365249
-0.75,1,138.370012
-0.3333333333333333,1,138.374339
-0.75,1,138.37868
-0.16666666666666666,1,138.383866
-0.125,1,138.388575
-0.16666666666666666,1,138.393558
-0.75,1,138.398293
-0.16666666666666666,1,138.402977
-0.75,1,138.407173
-1.0,1,138.413072
-0.3333333333333333,1,138.41838
-0.3333333333333333,1,138.422763
-0.25,1,138.426978
-0.3,1,138.43333
-0.125,1,138.437688
-0.3,1,138.441742
-0.25,1,138.446475
-0.2,1,138.451266
-0.25,1,138.455461
-0.3333333333333333,1,138.461338
-0.3333333333333333,1,138.466004
-0.3333333333333333,1,138.471077
0.0,1,138.475447
-1.0,1,138.480406
-1.0,1,138.485393
-1.0,1,138.490031
-1.0,1,138.494383
-0.6666666666666666,1,138.498748
-0.7777777777777778,1,138.502871
-0.3333333333333333,1,138.506821
-0.25,1,138.510771
-0.3333333333333333,1,138.515646
-0.2,1,138.519938
-0.3333333333333333,1,138.523847
0.0,1,138.527795
-1.0,1,138.531839
-1.0,1,138.536204
-1.0,1,138.540518
-0.5,1,138.546939
-0.6666666666666666,1,138.568363
-0.5,1,138.573034
-0.3333333333333333,1,138.577457
-0.25,1,138.581498
-0.3333333333333333,1,138.585753
-0.25,1,138.590066
-0.3333333333333333,1,138.593679
-0.25,1,138.597852
0.0,1,138.602361
-1.0,1,138.606161
-1.0,1,138.609952
-0.6666666666666666,1,138.621133
-0.3333333333333333,1,138.626007
-0.6666666666666666,1,138.631305
-0.5,1,138.636171
-0.16666666666666666,1,138.642278
-0.125,1,138.64887
-0.2,1,138.656164
-0.2,1,138.665177
-0.16666666666666666,1,138.670618
-0.5555555555555556,1,138.674701
-0.3333333333333333,1,138.678741
-0.2,1,138.691008
-0.3333333333333333,1,138.695013
-0.3333333333333333,1,138.69903
-0.1,1,138.703432
-0.12,1,138.707312
-0.3,1,138.711538
-0.12,1,138.715547
-0.3,1,138.719906
-0.12,1,138.723894
-0.06666666666666667,1,138.728218
-0.16666666666666666,1,138.732609
-0.06666666666666667,1,138.736992
-0.12,1,138.747066
-0.3,1,138.752028
-0.125,1,138.755998
-0.3,1,138.759916
-0.25,1,138.764436
-0.16666666666666666,1,138.769023
-0.125,1,138.773353
-0.2,1,138.780083
-0.25,1,138.786211
-0.3333333333333333,1,138.792942
-0.5555555555555556,1,138.798506
-0.16666666666666666,1,138.811468
-0.5,1,138.819441
-0.2,1,138.828351
-1.0,1,138.843329
-0.4,1,138.848534
-0.06666666666666667,1,138.852837
-0.3,1,138.857252
-0.16666666666666666,1,138.861035
-0.06666666666666667,1,138.865901
-0.12,1,138.873263
-0.3,1,138.878352
-0.25,1,138.882529
-0.16666666666666666,1,138.886589
-0.06666666666666667,1,138.890912
-0.3,1,138.904638
-0.125,1,138.910433
-0.16666666666666666,1,138.915337
-0.06666666666666667,1,138.919612
-0.3333333333333333,1,138.923942
-0.3333333333333333,1,138.930252
-0.4,1,138.940335
-0.3333333333333333,1,138.951026
-0.3333333333333333,1,138.956333
-0.3333333333333333,1,138.960243
-0.3333333333333333,1,138.964442
-0.2,1,138.968972
-0.4,1,138.973377
-0.25,1,138.977938
-1.0,1,138.982202
-0.25,1,138.98703
-0.3333333333333333,1,138.991076
-0.25,1,138.995332
-0.3333333333333333,1,138.99946
-0.7777777777777778,1,139.005014
-0.3333333333333333,1,139.009466
-0.25,1,139.01358
-0.1,1,139.017689
-0.125,1,139.021329
-0.3,1,139.025688
-0.16666666666666666,1,139.041872
-0.3,1,139.050255
-0.12,1,139.055676
-0.3,1,139.060186
-0.125,1,139.064754
-0.16666666666666666,1,139.069113
-0.25,1,139.073664
-0.3,1,139.078096
-0.06666666666666667,1,139.082455
-0.3,1,139.086933
-0.25,1,139.091208
-0.1,1,139.095519
-0.25,1,139.099442
-0.1,1,139.103477
-0.2,1,139.108055
-0.2,1,139.112705
-0.2,1,139.117132
-0.4,1,139.121497
-1.0,1,139.12617
-0.4,1,139.13064
-0.25,1,139.134869
-0.3333333333333333,1,139.139489
-1.0,1,139.143572
-1.0,1,139.147302
-1.0,1,139.151272
-0.6666666666666666,1,139.155621
-0.5,1,139.160366
-0.3333333333333333,1,139.166287
-0.3333333333333333,1,139.171448
-0.3333333333333333,1,139.175762
-0.2,1,139.180254
-0.2,1,139.184519
-0.12,1,139.189341
-0.2,1,139.193781
-0.2,1,139.197567
-0.3333333333333333,1,139.201333
-0.25,1,139.2074
-0.3333333333333333,1,139.211695
-0.3333333333333333,1,139.215436
-0.1,1,139.219913
-0.12,1,139.223855
-0.2,1,139.22758
-0.12,1,139.231128
-0.06666666666666667,1,139.234895
-0.16666666666666666,1,139.238662
-0.2,1,139.242765
-0.2,1,139.246834
-0.2,1,139.251052
-0.2,1,139.255902
-0.1,1,139.260097
-0.125,1,139.263855
-0.16666666666666666,1,139.267747
-0.25,1,139.272464
-0.2,1,139.276526
-0.2,1,139.280469
0.0,1,139.285089
-1.0,1,139.289389
-1.0,1,139.29368
-1.0,1,139.297639
-0.5,1,139.301927
-0.6666666666666666,1,139.30617
-0.5,1,139.310612
-0.3333333333333333,1,139.317504
-0.3333333333333333,1,139.322089
-0.3333333333333333,1,139.326483
-0.7777777777777778,1,139.330872
-0.3333333333333333,1,139.335045
-0.5,1,139.339216
-0.6666666666666666,1,139.343523
-0.5555555555555556,1,139.347356
-0.16666666666666666,1,139.351087
-0.125,1,139.355563
-0.2,1,139.376018
-0.25,1,139.383294
-0.3,1,139.392977
-0.125,1,139.399143
-0.3333333333333333,1,139.405321
-0.2,1,139.410983
-0.3,1,139.415759
-0.2,1,139.421388
0.0,1,139.433586
-1.0,1,139.438102
-1.0,1,139.442091
-1.0,1,139.448788
-1.0,1,139.454941
-1.0,1,139.459319
-1.0,1,139.465007
-0.4,1,139.469562
-0.5,1,139.474234
-0.4,1,139.478511
-0.5,1,139.483722
-0.3333333333333333,1,139.487989
-0.5,1,139.492524
-1.0,1,139.496987
-0.3333333333333333,1,139.501285
0.0,1,139.505631
-1.0,1,139.509743
-1.0,1,139.514344
-1.0,1,139.523196
-0.5555555555555556,1,139.527588
-0.3333333333333333,1,139.532018
-0.5555555555555556,1,139.537645
-0.16666666666666666,1,139.541484
-0.3333333333333333,1,139.546145
-0.2,1,139.550451
-0.2,1,139.554099
-0.3333333333333333,1,139.558402
-0.3333333333333333,1,139.562828
-0.16666666666666666,1,139.567202
-0.06666666666666667,1,139.571368
-0.3333333333333333,1,139.575804
-0.5,1,139.579943
-0.3333333333333333,1,139.584285
-0.5555555555555556,1,139.589061
-0.3333333333333333,1,139.593093
-0.3333333333333333,1,139.59742
-0.3333333333333333,1,139.602604
-0.25,1,139.606454
-0.2,1,139.610372
-0.16666666666666666,1,139.61552
-0.06666666666666667,1,139.620016
-0.16666666666666666,1,139.624045
0.0,1,139.628492
-1.0,1,139.632704
-1.0,1,139.636853
-1.0,1,139.640705
-1.0,1,139.645332
-1.0,1,139.649703
-0.75,1,139.663958
-0.3333333333333333,1,139.671991
-0.75,1,139.677864
-0.16666666666666666,1,139.683717
-0.125,1,139.688348
-0.1,1,139.692726
-0.2,1,139.697412
-0.3333333333333333,1,139.70181
-0.7777777777777778,1,139.706203
-0.6666666666666666,1,139.710558
-0.25,1,139.715187
-0.3333333333333333,1,139.720361
-0.2,1,139.724472
-0.3333333333333333,1,139.72881
-0.75,1,139.733097
-0.3333333333333333,1,139.737357
-0.25,1,139.74131
-0.2,1,139.745633
-0.16666666666666666,1,139.750748
-0.06666666666666667,1,139.755185
-0.16666666666666666,1,139.759309
-0.2,1,139.764293
-0.25,1,139.769023
-0.2,1,139.773063
-0.16666666666666666,1,139.777905
0.0,1,139.784064
-1.0,1,139.789135
-1.0,1,139.793157
-1.0,1,139.797444
-0.5,1,139.801831
-0.3333333333333333,1,139.806683
-0.25,1,139.810574
-0.3333333333333333,1,139.814953
-0.25,1,139.819662
-0.3,1,139.824173
-0.2,1,139.82891
-0.2222222222222222,1,139.834578
-0.2,1,139.839291
-0.3333333333333333,1,139.843557
-0.25,1,139.847955
-0.1,1,139.852583
-0.2,1,139.857205
0.0,1,139.862244
-1.0,1,139.866888
-0.5,1,139.870743
-1.0,1,139.874932
-1.0,1,139.879655
-1.0,1,139.884385
-1.0,1,139.888709
-0.6666666666666666,1,139.893147
-0.5,1,139.897088
-0.6666666666666666,1,139.902041
-0.5,1,139.90572
-0.3333333333333333,1,139.909351
-0.25,1,139.914002
-0.3333333333333333,1,139.918384
-0.25,1,139.922598
-0.3333333333333333,1,139.926903
-0.25,1,139.931315
-0.3333333333333333,1,139.935539
-0.5555555555555556,1,139.939646
-0.3333333333333333,1,139.943947
-0.25,1,139.948776
-0.3,1,139.952841
-0.12,1,139.956851
-0.2,1,139.96096
-0.25,1,139.96485
-0.2,1,139.968938
-0.16666666666666666,1,139.97314
0.0,1,139.977261
-1.0,1,139.981825
-1.0,1,139.985848
-1.0,1,139.989915
-1.0,1,139.993861
-1.0,1,139.998062
-1.0,1,140.002572
-0.6666666666666666,1,140.006523
-0.75,1,140.010206
-0.6666666666666666,1,140.01449
-1.0,1,140.018359
-0.6666666666666666,1,140.022536
-1.0,1,140.028396
-0.3333333333333333,1,140.034865
-1.0,1,140.038962
-1.0,1,140.04311
-0.25,1,140.047552
-0.3333333333333333,1,140.051545
-0.25,1,140.05581
-0.2,1,140.05942
-0.12,1,140.063569
-0.3,1,140.067917
-0.16666666666666666,1,140.071907
-0.2,1,140.075758
-0.2,1,140.079789
-0.3333333333333333,1,140.084546
-0.25,1,140.088614
-0.1,1,140.092621
-0.25,1,140.096997
-0.1,1,140.101869
-0.25,1,140.105828
-0.3333333333333333,1,140.109762
-0.2,1,140.113818
-0.2,1,140.118136
-0.2,1,140.121796
-0.2,1,140.125303
-0.2,1,140.131138
-0.4,1,140.135417
-0.2,1,140.139391
-0.2,1,140.143361
-0.25,1,140.147326
-0.3333333333333333,1,140.152054
-0.2,1,140.156496
-0.2,1,140.160889
-1.0,1,140.16525
-1.0,1,140.170113
-0.16666666666666666,1,140.174
-0.2,1,140.178278
-1.0,1,140.185961
-1.0,1,140.19378
-0.16666666666666666,1,140.197898
-0.2222222222222222,1,140.202631
-0.3333333333333333,1,140.206892
-0.1,1,140.211054
-0.12,1,140.215389
-0.2,1,140.219956
-0.16666666666666666,1,140.224089
-0.06666666666666667,1,140.229349
-0.16666666666666666,1,140.234553
-0.2,1,140.242368
-0.16666666666666666,1,140.250634
-0.06666666666666667,1,140.255316
-0.16666666666666666,1,140.259976
-0.2222222222222222,1,140.264283
-0.06666666666666667,1,140.268895
-0.4,1,140.273399
-0.5,1,140.277529
-0.6666666666666666,1,140.282008
-0.5,1,140.286511
-0.16666666666666666,1,140.290719
-0.5555555555555556,1,140.295042
-0.3333333333333333,1,140.299795
-0.5555555555555556,1,140.304066
-0.3333333333333333,1,140.308293
-0.5555555555555556,1,140.312656
-0.6666666666666666,1,140.317293
-0.5555555555555556,1,140.321869
-0.3333333333333333,1,140.326761
-0.5,1,140.33102
-0.4,1,140.335514
-0.75,1,140.339711
-0.16666666666666666,1,140.343826
-0.75,1,140.348025
-0.4,1,140.352372
-0.75,1,140.356324
-1.0,1,140.360735
-0.5,1,140.365289
-0.4,1,140.369911
-0.75,1,140.373924
-0.16666666666666666,1,140.379429
-0.2,1,140.384293
-0.2222222222222222,1,140.388424
-0.2,1,140.392554
-0.16666666666666666,1,140.397905
-0.125,1,140.402396
-0.2,1,140.406578
-0.25,1,140.410582
-0.3333333333333333,1,140.414725
-0.25,1,140.418964
-0.16666666666666666,1,140.423333
-0.3333333333333333,1,140.428184
-0.3333333333333333,1,140.437901
-0.3333333333333333,1,140.452759
-0.3333333333333333,1,140.458438
-0.5,1,140.465577
-0.3333333333333333,1,140.474351
-0.2,1,140.48653
-0.2222222222222222,1,140.49061
-0.2,1,140.494517
-0.4,1,140.498438
-0.5,1,140.503106
-0.3333333333333333,1,140.507369
-0.5,1,140.511312
-0.3333333333333333,1,140.51585
0.0,1,140.520787
-1.0,1,140.525301
-1.0,1,140.530027
-1.0,1,140.535258
-1.0,1,140.539776
-0.6666666666666666,1,140.544275
-0.25,1,140.548975
-0.3333333333333333,1,140.553591
-0.2,1,140.557896
-0.2222222222222222,1,140.562176
-0.3333333333333333,1,140.566933
-0.2222222222222222,1,140.571343
-0.16666666666666666,1,140.575976
-0.2222222222222222,1,140.580421
-0.3333333333333333,1,140.58454
0.0,1,140.588687
-1.0,1,140.592846
-1.0,1,140.59677
-1.0,1,140.600677
-0.5,1,140.604409
0.0,1,140.608621
-1.0,1,140.612811
-1.0,1,140.616989
-1.0,1,140.621025
-1.0,1,140.624861
-0.2,1,140.630042
-0.3333333333333333,1,140.63527
-0.2,1,140.639871
-0.16666666666666666,1,140.644528
-0.2,1,140.651183
-0.2,1,140.655483
-0.3,1,140.659507
-0.2,1,140.665751
-0.2,1,140.670481
-0.16666666666666666,1,140.674297
-0.06666666666666667,1,140.678255
-0.16666666666666666,1,140.682353
-0.2222222222222222,1,140.686781
-0.16666666666666666,1,140.690705
0.0,1,140.695259
-1.0,1,140.700836
-1.0,1,140.705367
-0.3333333333333333,1,140.71013
-0.3333333333333333,1,140.715835
-0.3333333333333333,1,140.722399
-0.3333333333333333,1,140.727242
-0.2222222222222222,1,140.734124
-0.16666666666666666,1,140.740249
0.0,1,140.745385
-1.0,1,140.749572
-0.5,1,140.754131
-0.3333333333333333,1,140.758176
-0.5555555555555556,1,140.762578
-1.0,1,140.767374
-1.0,1,140.771198
-0.6666666666666666,1,140.775226
-0.5,1,140.779911
-0.3333333333333333,1,140.78438
-0.3333333333333333,1,140.788337
-0.3333333333333333,1,140.792045
-0.25,1,140.796932
-0.3333333333333333,1,140.801347
-0.25,1,140.805561
0.0,1,140.809966
-1.0,1,140.814723
-0.5,1,140.819079
-0.6666666666666666,1,140.823414
-0.5555555555555556,1,140.828146
-1.0,1,140.832747
-0.5,1,140.837664
-0.3333333333333333,1,140.841534
-0.25,1,140.845271
-0.2,1,140.849976
-0.3333333333333333,1,140.859452
-0.2,1,140.865322
-0.12,1,140.869547
-0.3,1,140.873923
-0.16666666666666666,1,140.877971
-0.2222222222222222,1,140.882463
-0.2,1,140.8869
-0.3333333333333333,1,140.891119
-0.25,1,140.895293
-0.3333333333333333,1,140.900244
-0.3333333333333333,1,140.904883
-0.1,1,140.908972
-0.2,1,140.913558
-0.1,1,140.918358
-0.25,1,140.92259
-0.3333333333333333,1,140.926909
-0.3333333333333333,1,140.931079
-0.3333333333333333,1,140.93541
-0.125,1,140.939695
-0.16666666666666666,1,140.943835
-0.125,1,140.948221
-0.3,1,140.95271
-0.16666666666666666,1,140.956556
-0.3,1,140.960592
-0.2,1,140.965078
0.0,1,140.969621
-1.0,1,140.973696
-1.0,1,140.97764
-0.6666666666666666,1,140.981441
-0.3333333333333333,1,140.985575
-0.3333333333333333,1,140.989482
-0.2,1,140.993126
-0.3333333333333333,1,140.997008
-0.5,1,141.001473
-0.3333333333333333,1,141.005355
0.0,1,141.009019
-1.0,1,141.01322
-1.0,1,141.018514
-0.6666666666666666,1,141.024477
-0.5,1,141.029178
-0.2,1,141.033962
-0.2,1,141.038069
-0.2,1,141.041962
-0.5,1,141.046583
-0.3333333333333333,1,141.05056
-0.3333333333333333,1,141.054679
-0.3333333333333333,1,141.059011
-0.25,1,141.06344
-0.2,1,141.067597
-0.25,1,141.071205
-0.3,1,141.0757
-0.125,1,141.079999
-0.16666666666666666,1,141.084252
-0.125,1,141.088122
-0.3,1,141.092148
-0.06666666666666667,1,141.096239
-0.3,1,141.100749
-0.25,1,141.104541
-0.3333333333333333,1,141.1083
-0.5,1,141.112257
-0.6666666666666666,1,141.117004
-0.3333333333333333,1,141.120997
-0.3333333333333333,1,141.124687
-0.3333333333333333,1,141.128782
-0.16666666666666666,1,141.133318
-0.75,1,141.138818
-0.3333333333333333,1,141.142924
-0.3333333333333333,1,141.147402
-0.16666666666666666,1,141.151873
-0.25,1,141.155759
-0.3333333333333333,1,141.159495
-0.5,1,141.164307
-0.3333333333333333,1,141.168793
-0.2,1,141.172541
-0.3,1,141.176692
-0.2,1,141.18095
-0.3333333333333333,1,141.185265
-0.5,1,141.18956
-0.3333333333333333,1,141.193436
-0.7777777777777778,1,141.19747
-0.6666666666666666,1,141.202172
-0.7777777777777778,1,141.206603
-0.6666666666666666,1,141.210791
-0.7777777777777778,1,141.214953
-0.6666666666666666,1,141.218849
-1.0,1,141.222901
-0.6666666666666666,1,141.226716
-0.5,1,141.230205
-1.0,1,141.233726
-0.5,1,141.237941
-0.6666666666666666,1,141.242198
-1.0,1,141.246955
-0.3333333333333333,1,141.250822
-0.3333333333333333,1,141.25497
-0.6666666666666666,1,141.258972
-0.3333333333333333,1,141.264324
-0.3333333333333333,1,141.271987
-0.25,1,141.276855
-0.3333333333333333,1,141.280884
-0.06666666666666667,1,141.28477
-0.2,1,141.28897
0.0,1,141.293166
-1.0,1,141.29758
-1.0,1,141.301532
-1.0,1,141.305673
-0.5555555555555556,1,141.309859
-0.3333333333333333,1,141.313623
-0.25,1,141.317619
-0.2,1,141.321825
-0.12,1,141.326576
-0.2,1,141.330529
-0.3333333333333333,1,141.334516
-0.1,1,141.33941
-0.2,1,141.344203
-0.1,1,141.349561
-0.3333333333333333,1,141.354184
-0.4,1,141.358215
-0.06666666666666667,1,141.362832
-0.4,1,141.366758
-1.0,1,141.373521
-1.0,1,141.377704
-1.0,1,141.381734
-1.0,1,141.385913
-1.0,1,141.390256
-1.0,1,141.394547
-0.25,1,141.399085
-0.4,1,141.403643
-0.2,1,141.408049
-0.1,1,141.420434
-0.2,1,141.425113
-0.06666666666666667,1,141.430665
-0.2,1,141.435378
-0.06666666666666667,1,141.439979
-0.16666666666666666,1,141.444321
-0.2222222222222222,1,141.448843
-0.2,1,141.453291
-0.2,1,141.457882
-0.2,1,141.462358
-0.3333333333333333,1,141.466642
-0.3333333333333333,1,141.471052
-0.3333333333333333,1,141.475355
-0.125,1,141.480014
-0.16666666666666666,1,141.484581
-0.125,1,141.48943
-0.2,1,141.493894
-0.2,1,141.498289
-0.06666666666666667,1,141.502832
-0.12,1,141.507414
-0.3,1,141.512053
-0.2,1,141.51659
-0.2,1,141.521191
-0.16666666666666666,1,141.526567
-0.2222222222222222,1,141.530973
-0.16666666666666666,1,141.535061
-0.06666666666666667,1,141.539848
-0.16666666666666666,1,141.544205
-0.2222222222222222,1,141.548508
-0.3333333333333333,1,141.552575
-0.2222222222222222,1,141.55697
-0.2,1,141.562037
-0.3333333333333333,1,141.566475
-0.7777777777777778,1,141.5704
-0.6666666666666666,1,141.574371
-0.25,1,141.579621
-0.4,1,141.583698
-0.5,1,141.588253
0.0,1,141.592865
-1.0,1,141.596675
-1.0,1,141.601096
-0.6666666666666666,1,141.60536
-0.5,1,141.609665
-0.6666666666666666,1,141.613914
-0.3333333333333333,1,141.618506
-0.3333333333333333,1,141.622769
-0.5,1,141.62692
-0.6666666666666666,1,141.63068
-0.5,1,141.635143
-0.3333333333333333,1,141.639679
-0.5,1,141.6438
-1.0,1,141.648077
-0.5,1,141.651892
-0.4,1,141.656172
-0.25,1,141.660455
-0.3333333333333333,1,141.664897
-0.125,1,141.669125
-0.16666666666666666,1,141.673809
-0.06666666666666667,1,141.678005
-0.4,1,141.681902
-0.2,1,141.685992
-0.2222222222222222,1,141.690433
-0.2,1,141.694661
-0.4,1,141.698878
-0.06666666666666667,1,141.703475
-0.3333333333333333,1,141.708016
-0.06666666666666667,1,141.712334
-0.2222222222222222,1,141.716307
-0.16666666666666666,1,141.720428
-0.06666666666666667,1,141.724607
-0.12,1,141.728634
-0.06666666666666667,1,141.732642
-0.16666666666666666,1,141.736515
0.0,1,141.742439
-1.0,1,141.749094
-1.0,1,141.753864
-0.6666666666666666,1,141.758515
-0.5,1,141.763249
0.0,1,141.767653
-1.0,1,141.772125
-1.0,1,141.776513
-0.3333333333333333,1,141.78079
-0.25,1,141.784793
-0.6666666666666666,1,141.791248
-1.0,1,141.796152
-1.0,1,141.814983
-1.0,1,141.82003
-0.6666666666666666,1,141.824734
-0.5,1,141.828888
-0.3333333333333333,1,141.834548
-0.3333333333333333,1,141.838761
-0.3333333333333333,1,141.844762
-0.3333333333333333,1,141.850542
-0.3333333333333333,1,141.854651
-0.5,1,141.858896
-0.4,1,141.864588
-0.75,1,141.869872
-0.4,1,141.874024
-0.16666666666666666,1,141.879023
-0.2222222222222222,1,141.885147
-0.2,1,141.889033
-0.16666666666666666,1,141.89291
-0.5555555555555556,1,141.898567
-0.3333333333333333,1,141.910677
-0.5,1,141.926179
-0.3333333333333333,1,141.944986
0.0,1,141.949797
-1.0,1,141.953993
-1.0,1,141.96082
-1.0,1,141.974748
-1.0,1,141.987993
-1.0,1,141.998044
-0.16666666666666666,1,142.00353
0.0,1,142.018523
-1.0,1,142.028379
-1.0,1,142.044298
-1.0,1,142.049879
-1.0,1,142.061731
-1.0,1,142.071669
-1.0,1,142.077861
-1.0,1,142.082745
-1.0,1,142.088317
-0.3333333333333333,1,142.096701
-0.25,1,142.101734
-0.2,1,142.106365
-0.16666666666666666,1,142.11126
-0.2,1,142.11615
-0.5,1,142.122663
-0.2,1,142.143366
-0.2,1,142.151299
-0.2,1,142.156452
-0.16666666666666666,1,142.161494
-0.06666666666666667,1,142.166401
-0.16666666666666666,1,142.171039
-0.2222222222222222,1,142.175416
-0.16666666666666666,1,142.179557
-0.2222222222222222,1,142.184588
-0.16666666666666666,1,142.189144
-0.2,1,142.193379
-0.12,1,142.19803
-0.3,1,142.202788
-0.125,1,142.207161
-0.16666666666666666,1,142.211538
-0.25,1,142.216503
-0.3333333333333333,1,142.220869
-0.25,1,142.225192
-0.3333333333333333,1,142.229325
-0.5,1,142.234088
-0.4,1,142.23891
-0.5,1,142.243442
-0.3333333333333333,1,142.24874
-0.25,1,142.254129
-0.2,1,142.258638
-0.2,1,142.262804
-0.4,1,142.267858
-0.5,1,142.271959
-0.3333333333333333,1,142.276405
-0.5,1,142.281465
-0.2,1,142.293253
-0.5,1,142.303305
-0.6666666666666666,1,142.313487
-0.5,1,142.34561
0.0,1,142.353723
-1.0,1,142.359284
-1.0,1,142.36715
-0.6666666666666666,1,142.371412
-0.7777777777777778,1,142.378264
-0.6666666666666666,1,142.38263
-0.75,1,142.386889
-0.4,1,142.390691
-0.16666666666666666,1,142.397953
-0.4,1,142.402931
-0.75,1,142.407673
-0.4,1,142.41233
-0.5,1,142.416748
-0.3333333333333333,1,142.421287
-0.3333333333333333,1,142.42742
-0.3333333333333333,1,142.43187
-0.25,1,142.436392
-0.3333333333333333,1,142.448184
-0.3333333333333333,1,142.458336
-0.3333333333333333,1,142.464287
-0.5,1,142.475163
-0.6666666666666666,1,142.48578
-0.25,1,142.494019
-0.6666666666666666,1,142.499864
-0.5,1,142.513544
-0.6666666666666666,1,142.529109
-0.3333333333333333,1,142.543329
-0.3333333333333333,1,142.549313
-0.3333333333333333,1,142.554931
-0.3333333333333333,1,142.559667
-0.25,1,142.563748
-0.3333333333333333,1,142.568647
-0.3333333333333333,1,142.572948
0.0,1,142.577262
-1.0,1,142.582383
-1.0,1,142.586578
-1.0,1,142.590451
-1.0,1,142.594676
-0.3333333333333333,1,142.610215
-0.5,1,142.616731
-0.6666666666666666,1,142.62132
-0.3333333333333333,1,142.625467
-0.3333333333333333,1,142.629221
-0.25,1,142.638913
-0.3333333333333333,1,142.643428
-0.3333333333333333,1,142.64875
-0.4,1,142.653138
-0.5,1,142.659695
-0.3333333333333333,1,142.66421
-0.5,1,142.669091
-0.3333333333333333,1,142.674037
-0.5,1,142.678559
-0.2,1,142.682978
-0.3333333333333333,1,142.687393
-0.3333333333333333,1,142.691776
-0.25,1,142.696071
-0.1,1,142.701113
-0.16666666666666666,1,142.705745
-0.2,1,142.710226
-0.2,1,142.714444
-0.2222222222222222,1,142.719222
-0.3333333333333333,1,142.726999
0.0,1,142.731118
-1.0,1,142.735753
-1.0,1,142.739994
-0.6666666666666666,1,142.744008
-0.5,1,142.748384
-0.3333333333333333,1,142.752857
-0.5555555555555556,1,142.75713
-0.16666666666666666,1,142.761799
-0.5555555555555556,1,142.766404
-0.3333333333333333,1,142.77101
-0.25,1,142.775232
-0.3333333333333333,1,142.78073
-0.5,1,142.786359
-0.2,1,142.792584
-0.25,1,142.798705
-0.6666666666666666,1,142.804869
-0.3333333333333333,1,142.809508
-0.3333333333333333,1,142.814079
-0.25,1,142.818831
-0.3333333333333333,1,142.823622
-0.3333333333333333,1,142.830263
-0.16666666666666666,1,142.835169
-0.06666666666666667,1,142.839605
-0.3,1,142.843964
-0.125,1,142.848496
-0.3,1,142.853759
-0.2,1,142.858591
-0.1,1,142.863047
-0.25,1,142.867389
-0.3333333333333333,1,142.871465
-0.25,1,142.875772
-0.1,1,142.880191
-0.25,1,142.892469
-0.16666666666666666,1,142.901534
-0.25,1,142.905568
-0.2,1,142.909642
-0.06666666666666667,1,142.915193
-0.2,1,142.92116
-0.06666666666666667,1,142.925341
-0.2222222222222222,1,142.930475
-0.16666666666666666,1,142.935591
-0.2,1,142.940036
-0.06666666666666667,1,142.944372
-0.3,1,142.948986
-0.06666666666666667,1,142.953452
-0.2,1,142.957507
-0.2,1,142.961969
-0.2,1,142.966273
-0.125,1,142.970863
-0.3,1,142.974702
-0.06666666666666667,1,142.978955
-0.2,1,142.983837
-0.2,1,142.988015
-0.2222222222222222,1,142.991814
-0.06666666666666667,1,142.996562
-0.16666666666666666,1,143.000809
-0.3333333333333333,1,143.004796
-0.3333333333333333,1,143.008907
-0.3333333333333333,1,143.013331
-0.2,1,143.017807
-0.16666666666666666,1,143.022041
-0.2222222222222222,1,143.026512
-0.06666666666666667,1,143.031279
-0.2,1,143.035657
-0.16666666666666666,1,143.039294
-0.06666666666666667,1,143.043259
-0.16666666666666666,1,143.047651
-0.2,1,143.051654
-0.25,1,143.055413
-0.3333333333333333,1,143.059541
-0.3333333333333333,1,143.063931
-0.6666666666666666,1,143.068285
-0.75,1,143.072315
-0.16666666666666666,1,143.076303
-0.25,1,143.080373
-0.3,1,143.084779
-0.12,1,143.088922
-0.2,1,143.093157
-0.2,1,143.097202
-0.2,1,143.101734
-0.5,1,143.106025
-0.4,1,143.113734
-0.06666666666666667,1,143.118641
-0.3333333333333333,1,143.122796
-0.5555555555555556,1,143.126766
-0.3333333333333333,1,143.131361
-0.5555555555555556,1,143.136598
-0.3333333333333333,1,143.140797
-0.3333333333333333,1,143.144799
-0.3333333333333333,1,143.150038
-0.3333333333333333,1,143.154109
-0.1,1,143.158421
-0.25,1,143.163167
-0.3333333333333333,1,143.168044
-0.3333333333333333,1,143.172315
-0.3333333333333333,1,143.176206
-0.5,1,143.18012
-0.4,1,143.184599
-0.2,1,143.188751
-0.2222222222222222,1,143.192907
-0.16666666666666666,1,143.197828
-0.2222222222222222,1,143.202285
-0.16666666666666666,1,143.206397
-0.2222222222222222,1,143.21085
-0.16666666666666666,1,143.215452
0.0,1,143.2199
-1.0,1,143.223807
-1.0,1,143.229167
-0.3333333333333333,1,143.234945
-0.3333333333333333,1,143.239391
-0.3333333333333333,1,143.243358
-0.3333333333333333,1,143.247619
-1.0,1,143.251885
-0.5555555555555556,1,143.256042
-0.3333333333333333,1,143.259773
-0.06666666666666667,1,143.267328
-0.2,1,143.271227
-0.12,1,143.275879
-0.06666666666666667,1,143.279756
-0.12,1,143.284115
-0.3,1,143.288377
-0.06666666666666667,1,143.292671
-0.2,1,143.297067
-0.2,1,143.301182
-0.06666666666666667,1,143.305255
-0.2,1,143.309763
-0.2,1,143.313637
-0.2,1,143.317879
-0.1,1,143.321733
-0.25,1,143.325689
-0.1,1,143.329666
-0.25,1,143.334591
-0.3333333333333333,1,143.338683
-0.125,1,143.343068
-0.2,1,143.347234
-0.16666666666666666,1,143.351724
0.0,1,143.355828
-1.0,1,143.360509
-1.0,1,143.366067
-1.0,1,143.370463
-0.5,1,143.37439
0.0,1,143.379211
-1.0,1,143.38371
-0.5,1,143.387747
-1.0,1,143.39164
-1.0,1,143.396649
-1.0,1,143.401137
-0.5,1,143.404881
-0.3333333333333333,1,143.408566
-0.5555555555555556,1,143.413458
-0.16666666666666666,1,143.417637
-0.2,1,143.42218
-0.2,1,143.426817
-0.3333333333333333,1,143.431044
-0.2,1,143.435151
-1.0,1,143.439124
-0.4,1,143.443047
-0.2,1,143.447624
-0.4,1,143.4518
-0.2,1,143.455611
-0.1,1,143.468848
-0.2,1,143.473994
-0.06666666666666667,1,143.478993
-0.16666666666666666,1,143.484266
-0.2,1,143.488592
-0.25,1,143.492835
-0.3333333333333333,1,143.497276
-0.3333333333333333,1,143.502041
-0.4,1,143.506626
-0.3333333333333333,1,143.510791
-0.3333333333333333,1,143.514965
-0.2,1,143.520053
-0.4,1,143.524026
-0.16666666666666666,1,143.528324
-0.2222222222222222,1,143.53309
-0.3333333333333333,1,143.537569
-0.4,1,143.541739
-0.2,1,143.546199
-0.3333333333333333,1,143.550763
-0.3333333333333333,1,143.555026
-0.3333333333333333,1,143.559406
-0.3333333333333333,1,143.564323
-0.3333333333333333,1,143.569323
-0.5555555555555556,1,143.573764
-0.16666666666666666,1,143.578436
-0.25,1,143.582427
-0.3333333333333333,1,143.586905
-0.3333333333333333,1,143.590994
-0.6666666666666666,1,143.59559
-0.25,1,143.600798
-0.3333333333333333,1,143.607136
-0.5,1,143.612555
-0.6666666666666666,1,143.617784
-1.0,1,143.621863
-0.6666666666666666,1,143.625731
-0.5,1,143.63004
-1.0,1,143.6343
-1.0,1,143.63886
-0.6666666666666666,1,143.642849
-0.5555555555555556,1,143.649152
-0.16666666666666666,1,143.653283
-0.75,1,143.657719
-0.16666666666666666,1,143.663633
-0.5555555555555556,1,143.671733
-0.16666666666666666,1,143.676505
-0.3333333333333333,1,143.69325
-0.3333333333333333,1,143.704509
-0.7777777777777778,1,143.712375
-0.6666666666666666,1,143.72242
-0.25,1,143.727745
-0.16666666666666666,1,143.73367
-0.06666666666666667,1,143.73803
-0.2,1,143.742538
-0.16666666666666666,1,143.746729
0.0,1,143.750922
-1.0,1,143.75615
-1.0,1,143.760594
-1.0,1,143.764912
-0.75,1,143.769184
-0.4,1,143.773747
-0.5,1,143.778476
-0.4,1,143.782245
-0.2,1,143.786037
-0.3333333333333333,1,143.790027
-0.25,1,143.79374
-0.16666666666666666,1,143.797366
-0.06666666666666667,1,143.800905
-0.2222222222222222,1,143.805282
-0.16666666666666666,1,143.809397
-0.2,1,143.813555
-0.16666666666666666,1,143.817617
-0.1,1,143.821857
-0.2,1,143.825554
-0.2,1,143.830321
-0.25,1,143.834332
-0.2,1,143.838669
-0.12,1,143.842931
-0.2,1,143.848564
-0.16666666666666666,1,143.852845
-0.2222222222222222,1,143.8571
-0.16666666666666666,1,143.860939
-0.2222222222222222,1,143.864562
-0.3333333333333333,1,143.868487
0.0,1,143.873033
-1.0,1,143.87815
-1.0,1,143.882045
-0.3333333333333333,1,143.886059
-0.25,1,143.890172
-0.3333333333333333,1,143.893826
-0.2,1,143.897863
-0.3333333333333333,1,143.90193
-0.125,1,143.905687
-0.3,1,143.909799
-0.125,1,143.914534
-0.1,1,143.91854
-0.16666666666666666,1,143.922755
-0.2,1,143.930697
-0.2,1,143.934938
0.0,1,143.939869
-1.0,1,143.947282
-1.0,1,143.951056
-1.0,1,143.955984
-1.0,1,143.960076
-0.6666666666666666,1,143.96455
-0.5555555555555556,1,143.972033
-1.0,1,143.977082
-0.5,1,143.982305
0.0,1,143.987138
-1.0,1,143.991534
-1.0,1,143.996076
-0.6666666666666666,1,144.000236
-0.3333333333333333,1,144.004282
-0.3333333333333333,1,144.008833
-0.3333333333333333,1,144.013375
-0.3333333333333333,1,144.01794
-0.5,1,144.02229
-0.2,1,144.026662
-0.2,1,144.030668
-0.16666666666666666,1,144.034932
-0.125,1,144.039183
-0.16666666666666666,1,144.043443
-0.2,1,144.048148
-0.2222222222222222,1,144.052395
-0.3333333333333333,1,144.056846
-0.3333333333333333,1,144.061028
-0.25,1,144.065139
-0.2,1,144.068966
-0.2,1,144.075165
-0.06666666666666667,1,144.087387
-0.2,1,144.095592
-0.06666666666666667,1,144.100782
-0.12,1,144.105303
-0.2,1,144.110657
-0.2,1,144.114971
-0.2222222222222222,1,144.119306
-0.16666666666666666,1,144.123717
0.0,1,144.128091
-1.0,1,144.132777
-1.0,1,144.137132
-1.0,1,144.141712
-0.5,1,144.146605
-0.6666666666666666,1,144.150883
-0.3333333333333333,1,144.155408
-1.0,1,144.159618
-0.5555555555555556,1,144.164482
-0.16666666666666666,1,144.168687
-0.5555555555555556,1,144.173726
-0.3333333333333333,1,144.178487
-0.25,1,144.183439
0.0,1,144.187995
-1.0,1,144.192196
-1.0,1,144.196349
-0.6666666666666666,1,144.200544
-0.5,1,144.205818
-0.16666666666666666,1,144.210144
-0.5555555555555556,1,144.214288
-0.3333333333333333,1,144.218769
-0.5,1,144.223475
-0.2,1,144.227546
-0.3333333333333333,1,144.232008
-0.2222222222222222,1,144.236506
-0.3333333333333333,1,144.241069
0.0,1,144.245528
-1.0,1,144.250838
-1.0,1,144.255243
-0.6666666666666666,1,144.259581
-0.3333333333333333,1,144.264315
-0.3333333333333333,1,144.26898
-0.125,1,144.273774
-0.16666666666666666,1,144.278133
-0.125,1,144.28286
-0.3333333333333333,1,144.287134
-0.2,1,144.291214
-0.3333333333333333,1,144.295232
-0.2,1,144.30004
0.0,1,144.304441
-1.0,1,144.308394
-1.0,1,144.313005
-0.6666666666666666,1,144.317317
-0.3333333333333333,1,144.321512
-0.6666666666666666,1,144.325942
-0.5,1,144.330346
-0.16666666666666666,1,144.334619
-0.125,1,144.338855
-0.2,1,144.343027
-0.2,1,144.348052
-0.2222222222222222,1,144.354593
-0.16666666666666666,1,144.3584
-0.4,1,144.362874
-0.75,1,144.366945
-0.4,1,144.370707
-0.16666666666666666,1,144.375208
-0.4,1,144.379423
-0.75,1,144.384763
-0.3333333333333333,1,144.389278
-0.3333333333333333,1,144.393855
-0.16666666666666666,1,144.398507
-0.25,1,144.403444
-0.3,1,144.407608
-0.16666666666666666,1,144.412829
-0.2222222222222222,1,144.417564
-0.06666666666666667,1,144.421404
-0.2,1,144.425233
-0.16666666666666666,1,144.429968
-0.2,1,144.434398
-0.12,1,144.438472
-0.06666666666666667,1,144.442414
-0.16666666666666666,1,144.447353
-0.06666666666666667,1,144.451838
-0.16666666666666666,1,144.455516
-0.06666666666666667,1,144.459102
-0.2,1,144.464925
-0.2,1,144.470334
-0.25,1,144.473848
-0.3333333333333333,1,144.478518
-0.25,1,144.483617
0.0,1,144.487872
-1.0,1,144.491818
-1.0,1,144.496821
-1.0,1,144.501792
-1.0,1,144.505627
-1.0,1,144.509506
-1.0,1,144.514018
-1.0,1,144.517991
-0.5,1,144.521935
-1.0,1,144.52644
-0.5,1,144.536126
-0.16666666666666666,1,144.540716
-0.25,1,144.544286
-0.16666666666666666,1,144.548512
-0.125,1,144.553118
-0.2,1,144.557364
-0.12,1,144.560985
-0.1,1,144.564913
-0.25,1,144.569187
-0.2,1,144.573315
-0.2,1,144.577173
-0.3,1,144.5824
-0.25,1,144.588765
-0.3,1,144.594239
-0.12,1,144.600861
-0.2,1,144.604904
-0.25,1,144.608495
-0.3,1,144.612291
-0.125,1,144.616471
-0.1,1,144.620795
-0.125,1,144.624635
-0.3,1,144.628574
-0.125,1,144.634004
-0.1,1,144.638004
-0.125,1,144.641835
-0.2,1,144.646843
-0.16666666666666666,1,144.65177
-0.3,1,144.655928
-0.2,1,144.66029
0.0,1,144.664442
-1.0,1,144.680662
-1.0,1,144.685335
-1.0,1,144.690187
-0.5,1,144.694226
-0.3333333333333333,1,144.698649
-0.3333333333333333,1,144.703377
-0.3333333333333333,1,144.707676
-0.5,1,144.712054
-0.3333333333333333,1,144.716936
-0.5,1,144.720957
-0.3333333333333333,1,144.724916
-0.2,1,144.729462
-0.2,1,144.734349
-0.16666666666666666,1,144.738926
-0.3,1,144.744279
-0.125,1,144.749303
-0.16666666666666666,1,144.754392
-0.5555555555555556,1,144.759011
-0.3333333333333333,1,144.764172
-0.5,1,144.768494
-0.6666666666666666,1,144.772718
-1.0,1,144.776838
-1.0,1,144.788594
-0.75,1,144.798842
-1.0,1,144.806648
-0.75,1,144.814605
-0.4,1,144.819088
-1.0,1,144.823283
-0.4,1,144.827424
-0.06666666666666667,1,144.831378
-0.3333333333333333,1,144.836513
-0.5555555555555556,1,144.840901
-0.3333333333333333,1,144.845142
0.0,1,144.849679
-1.0,1,144.854007
-1.0,1,144.857701
-1.0,1,144.861729
-1.0,1,144.866269
-1.0,1,144.871107
-0.25,1,144.881857
-0.3333333333333333,1,144.889018
-0.3333333333333333,1,144.894354
-0.3333333333333333,1,144.900067
-0.3333333333333333,1,144.90463
0.0,1,144.911734
-1.0,1,144.915937
-1.0,1,144.920024
-0.6666666666666666,1,144.923776
-0.5555555555555556,1,144.927378
-0.3333333333333333,1,144.930961
-0.3333333333333333,1,144.935175
-0.3333333333333333,1,144.939137
-0.3333333333333333,1,144.942761
-0.16666666666666666,1,144.946852
-0.5555555555555556,1,144.951261
-1.0,1,144.955429
-1.0,1,144.959388
-1.0,1,144.964208
-1.0,1,144.968849
-0.6666666666666666,1,144.972718
-0.3333333333333333,1,144.97687
-0.3333333333333333,1,144.98069
-0.25,1,144.984986
-0.3333333333333333,1,144.989053
-0.3333333333333333,1,144.993987
-0.6666666666666666,1,144.997883
-0.5,1,145.002031
-0.6666666666666666,1,145.005634
-1.0,1,145.011237
-1.0,1,145.016794
-0.3333333333333333,1,145.020586
0.0,1,145.024794
-1.0,1,145.028446
-1.0,1,145.032769
-0.6666666666666666,1,145.036347
-0.25,1,145.040025
-0.6666666666666666,1,145.043438
-0.7777777777777778,1,145.047591
-0.3333333333333333,1,145.051184
-0.7777777777777778,1,145.055166
-0.6666666666666666,1,145.058513
-1.0,1,145.062301
-1.0,1,145.066997
-1.0,1,145.071748
-1.0,1,145.078798
-0.75,1,145.084112
-0.4,1,145.087708
-0.5,1,145.091497
-0.6666666666666666,1,145.095731
-0.3333333333333333,1,145.100015
-0.16666666666666666,1,145.10375
-0.3333333333333333,1,145.1081
-0.3333333333333333,1,145.112586
-0.25,1,145.116874
-0.2,1,145.120391
-0.3333333333333333,1,145.124091
-0.3333333333333333,1,145.128107
-0.5,1,145.132872
-0.6666666666666666,1,145.1367
-1.0,1,145.140155
-0.6666666666666666,1,145.143615
-1.0,1,145.147564
-0.3333333333333333,1,145.151681
-0.3333333333333333,1,145.155174
-0.6666666666666666,1,145.158625
-1.0,1,145.16223
-1.0,1,145.165845
-0.75,1,145.170035
-1.0,1,145.173389
-0.5555555555555556,1,145.177428
-1.0,1,145.180969
-0.5555555555555556,1,145.184958
-0.3333333333333333,1,145.18851
-0.3333333333333333,1,145.192812
-1.0,1,145.197396
-1.0,1,145.203242
-1.0,1,145.208145
-1.0,1,145.213917
-0.6666666666666666,1,145.218746
-1.0,1,145.222606
-0.3333333333333333,1,145.227473
-0.25,1,145.232288
-0.3333333333333333,1,145.237199
-0.5,1,145.241576
-0.3333333333333333,1,145.245847
-0.25,1,145.249948
-0.6666666666666666,1,145.254477
-0.5,1,145.258213
-0.6666666666666666,1,145.268254
-0.3333333333333333,1,145.273375
-1.0,1,145.277482
-0.5,1,145.282808
-0.6666666666666666,1,145.288287
-0.5,1,145.292194
-1.0,1,145.296144
-1.0,1,145.300649
-1.0,1,145.304686
-1.0,1,145.30879
-1.0,1,145.313601
-0.5555555555555556,1,145.318759
-0.16666666666666666,1,145.322643
-0.3333333333333333,1,145.326465
-0.3333333333333333,1,145.331326
-0.5,1,145.33536
-0.3333333333333333,1,145.33919
-0.2,1,145.343548
-0.2,1,145.347834
-0.2,1,145.352375
-0.2,1,145.356124
-0.2,1,145.360334
-0.2,1,145.364385
-0.25,1,145.368693
-0.1,1,145.372496
-0.2,1,145.376433
-0.3333333333333333,1,145.380764
-0.2,1,145.389622
-0.2,1,145.407435
-0.3333333333333333,1,145.414564
-0.2,1,145.421885
-0.06666666666666667,1,145.441007
-0.16666666666666666,1,145.447489
-0.06666666666666667,1,145.453884
-0.3,1,145.468502
-0.2,1,145.475214
-0.2,1,145.490307
-0.2,1,145.504901
-0.1,1,145.509545
-0.12,1,145.514428
-0.06666666666666667,1,145.534024
-0.16666666666666666,1,145.548106
-0.06666666666666667,1,145.565481
-0.12,1,145.572913
-0.06666666666666667,1,145.578551
-0.12,1,145.588898
-0.06666666666666667,1,145.594445
-0.2,1,145.604682
0.0,1,145.610045
-1.0,1,145.615638
-1.0,1,145.620642
-0.6666666666666666,1,145.625042
-0.3333333333333333,1,145.6298
-0.3333333333333333,1,145.635095
-0.25,1,145.640017
-0.3333333333333333,1,145.646627
-0.125,1,145.651626
-0.3,1,145.65597
-0.12,1,145.660914
-0.3,1,145.666099
-0.2,1,145.670928
-0.3333333333333333,1,145.675785
-0.25,1,145.680855
-0.3333333333333333,1,145.686096
-0.3333333333333333,1,145.691871
-0.3333333333333333,1,145.696334
-0.25,1,145.70119
-0.3333333333333333,1,145.705467
-0.25,1,145.720107
-0.2,1,145.739936
-0.25,1,145.74387
-0.2,1,145.748084
-0.12,1,145.753159
-0.06666666666666667,1,145.757298
-0.16666666666666666,1,145.761281
-0.2,1,145.765884
-0.25,1,145.770096
-0.2,1,145.774002
-0.25,1,145.77833
-0.2,1,145.782928
-0.16666666666666666,1,145.787455
-0.2,1,145.791719
-0.25,1,145.796222
-0.2,1,145.800936
-0.2,1,145.804957
-0.2,1,145.809353
-0.2,1,145.814881
-0.3333333333333333,1,145.821032
-0.25,1,145.8257
-0.4,1,145.834354
-0.2,1,145.843126
-0.3,1,145.848964
-0.125,1,145.854506
-0.2,1,145.858397
-0.25,1,145.862717
-0.1,1,145.867766
-0.25,1,145.873154
0.0,1,145.878139
-1.0,1,145.883286
-1.0,1,145.887145
-1.0,1,145.891648
-0.5,1,145.895764
-0.3333333333333333,1,145.899793
-0.06666666666666667,1,145.903988
-0.16666666666666666,1,145.908146
-0.3333333333333333,1,145.912105
-0.3333333333333333,1,145.916227
-0.3333333333333333,1,145.920536
-0.3333333333333333,1,145.92453
-0.25,1,145.928876
-0.3333333333333333,1,145.934021
-0.25,1,145.940201
-0.3333333333333333,1,145.945831
-0.25,1,145.952156
-0.1,1,145.956171
-0.25,1,145.959666
-0.1,1,145.964128
-0.2,1,145.968483
-0.2,1,145.971794
-0.16666666666666666,1,145.975073
-0.2222222222222222,1,145.981885
-0.16666666666666666,1,145.986449
-0.2222222222222222,1,145.989744
-0.06666666666666667,1,145.99326
-0.4,1,145.997785
-0.2,1,146.00205
-0.4,1,146.005644
-0.2,1,146.00918
-0.2,1,146.026872
-0.06666666666666667,1,146.031621
-0.2,1,146.038587
-0.25,1,146.042875
-0.3333333333333333,1,146.047009
-0.25,1,146.050945
-0.2,1,146.055212
-0.16666666666666666,1,146.059659
-0.2222222222222222,1,146.06398
-0.16666666666666666,1,146.068131
-0.2,1,146.072375
-0.12,1,146.07629
-0.2,1,146.080355
-0.25,1,146.08404
-0.1,1,146.087979
-0.125,1,146.091855
-0.3333333333333333,1,146.096342
-0.2,1,146.100565
-0.3333333333333333,1,146.104787
-0.2,1,146.109107
-0.2222222222222222,1,146.113305
-0.16666666666666666,1,146.117489
-1.0,1,146.122303
-0.16666666666666666,1,146.126405
-0.2222222222222222,1,146.13104
-0.16666666666666666,1,146.13544
-0.4,1,146.140697
-0.06666666666666667,1,146.145368
-0.16666666666666666,1,146.149376
-0.3333333333333333,1,146.153394
-0.3333333333333333,1,146.157595
-0.5,1,146.162483
-0.6666666666666666,1,146.167236
-0.5555555555555556,1,146.171701
-0.16666666666666666,1,146.176421
-0.125,1,146.180689
-0.16666666666666666,1,146.18523
-0.06666666666666667,1,146.189669
-0.3333333333333333,1,146.19391
-0.5555555555555556,1,146.198043
-0.6666666666666666,1,146.202203
-0.5,1,146.207013
-0.16666666666666666,1,146.210726
-0.5555555555555556,1,146.214931
-0.3333333333333333,1,146.218817
-0.5,1,146.223155
-1.0,1,146.226773
-0.3333333333333333,1,146.230615
-0.16666666666666666,1,146.234274
-0.25,1,146.23825
-0.3333333333333333,1,146.242147
-0.3333333333333333,1,146.246999
-0.3333333333333333,1,146.250899
-0.5,1,146.255361
-0.3333333333333333,1,146.259223
-0.25,1,146.263374
-0.16666666666666666,1,146.267091
-0.125,1,146.271387
-0.16666666666666666,1,146.275378
-0.75,1,146.279801
-0.16666666666666666,1,146.284122
-0.06666666666666667,1,146.287946
-0.2,1,146.292221
-0.16666666666666666,1,146.296159
-0.2,1,146.300973
-0.3333333333333333,1,146.305645
-0.16666666666666666,1,146.310547
-0.5,1,146.317303
-0.16666666666666666,1,146.322402
-0.5,1,146.326093
-0.6666666666666666,1,146.329839
-0.5,1,146.333856
-0.16666666666666666,1,146.33862
-0.5,1,146.342723
-0.3333333333333333,1,146.347179
-0.3333333333333333,1,146.35113
-0.3333333333333333,1,146.356249
-0.25,1,146.360874
-0.6666666666666666,1,146.364687
-0.3333333333333333,1,146.369056
-0.6666666666666666,1,146.373221
-0.3333333333333333,1,146.377782
-0.3333333333333333,1,146.38201
-0.25,1,146.386369
-0.3333333333333333,1,146.390737
-0.3333333333333333,1,146.396084
-0.2,1,146.401165
-0.16666666666666666,1,146.405589
-0.2,1,146.409882
-0.25,1,146.414267
-0.2,1,146.418427
-0.25,1,146.423192
-0.16666666666666666,1,146.427248
-0.06666666666666667,1,146.432123
-0.2,1,146.436076
-0.2,1,146.440149
-0.2,1,146.443913
-0.12,1,146.44768
-0.2,1,146.451827
-0.16666666666666666,1,146.45632
-0.2,1,146.460575
-0.25,1,146.464438
-0.2,1,146.468662
-0.16666666666666666,1,146.472934
-0.06666666666666667,1,146.477479
-0.12,1,146.481677
-0.2,1,146.485818
-0.12,1,146.490791
-0.06666666666666667,1,146.495116
-0.12,1,146.499444
-0.3,1,146.5036
-0.12,1,146.508553
-0.3,1,146.512906
-0.125,1,146.516754
-0.16666666666666666,1,146.521174
-0.3333333333333333,1,146.525292
-0.6666666666666666,1,146.529608
-0.3333333333333333,1,146.533692
-0.3333333333333333,1,146.538196
-0.25,1,146.542375
-0.2,1,146.546943
-0.2,1,146.550871
-0.2222222222222222,1,146.555047
-0.16666666666666666,1,146.559138
-0.1,1,146.563263
-0.2,1,146.567772
-0.2,1,146.572574
-0.25,1,146.576309
-0.3333333333333333,1,146.588699
-0.25,1,146.595863
-0.2,1,146.600802
-0.2,1,146.605365
-0.2,1,146.610515
0.0,1,146.615419
-1.0,1,146.619306
-1.0,1,146.623894
-0.6666666666666666,1,146.628313
-1.0,1,146.633334
-0.6666666666666666,1,146.637947
-0.7777777777777778,1,146.642328
-0.6666666666666666,1,146.646689
-0.5,1,146.65106
-0.16666666666666666,1,146.655285
-0.25,1,146.659386
-0.3,1,146.663723
-0.25,1,146.668088
-0.2,1,146.67223
-0.3333333333333333,1,146.676362
-0.3333333333333333,1,146.681063
-0.5555555555555556,1,146.68628
-0.3333333333333333,1,146.690822
-0.25,1,146.695262
-0.3333333333333333,1,146.70266
-0.25,1,146.717751
-0.3333333333333333,1,146.729688
-0.2,1,146.740041
-0.2,1,146.745141
-0.25,1,146.753963
-0.2,1,146.758276
-0.2,1,146.762619
-0.06666666666666667,1,146.767464
-0.16666666666666666,1,146.771832
-0.06666666666666667,1,146.776014
-0.2,1,146.780335
-0.2,1,146.785002
-0.2,1,146.789399
-0.2,1,146.793664
-0.5,1,146.797742
-0.3333333333333333,1,146.804343
-0.5,1,146.810441
-0.6666666666666666,1,146.816325
-0.3333333333333333,1,146.820245
-0.6666666666666666,1,146.824198
-0.5,1,146.82809
-0.3333333333333333,1,146.832264
-0.25,1,146.836618
-0.3333333333333333,1,146.840358
-0.25,1,146.844291
-0.2,1,146.848532
-0.12,1,146.852852
-0.1,1,146.856759
-0.3333333333333333,1,146.861307
-0.1,1,146.866985
-0.2,1,146.870968
-0.2,1,146.874667
-0.25,1,146.878889
-0.3333333333333333,1,146.883837
-0.3333333333333333,1,146.88799
-0.3333333333333333,1,146.891982
-0.3333333333333333,1,146.896213
-0.3333333333333333,1,146.900959
-0.2,1,146.904937
-0.3,1,146.922194
-0.06666666666666667,1,146.927406
-0.16666666666666666,1,146.935588
-0.3333333333333333,1,146.940515
-0.2,1,146.945028
-0.12,1,146.949392
-0.2,1,146.958423
-0.25,1,146.965168
-0.1,1,146.972283
-0.16666666666666666,1,146.980006
-0.2,1,146.98496
-0.12,1,146.988777
-0.06666666666666667,1,146.992366
-0.12,1,146.996992
-0.3,1,147.001376
-0.06666666666666667,1,147.005565
-0.3333333333333333,1,147.009506
-0.3333333333333333,1,147.016311
0.0,1,147.020961
-1.0,1,147.025
-1.0,1,147.029236
-1.0,1,147.033406
-1.0,1,147.037004
-1.0,1,147.040617
-1.0,1,147.045778
-1.0,1,147.050563
-1.0,1,147.054655
-1.0,1,147.058522
-1.0,1,147.063635
-0.6666666666666666,1,147.0681
-0.7777777777777778,1,147.072099
-0.3333333333333333,1,147.075815
-0.3333333333333333,1,147.080299
-0.3333333333333333,1,147.084184
-0.5,1,147.088308
-0.3333333333333333,1,147.092633
-0.3333333333333333,1,147.096945
-0.3333333333333333,1,147.101207
-0.06666666666666667,1,147.1051
-0.2,1,147.109723
-0.16666666666666666,1,147.114111
-0.06666666666666667,1,147.118298
-0.12,1,147.122322
-0.06666666666666667,1,147.126513
-0.12,1,147.130306
-0.2,1,147.134434
-0.2,1,147.138233
-0.2,1,147.142147
-0.25,1,147.146589
-0.3,1,147.150688
-0.12,1,147.155615
-0.06666666666666667,1,147.16097
-0.16666666666666666,1,147.165601
-0.2222222222222222,1,147.171694
-0.2,1,147.193829
-0.1,1,147.198453
-0.12,1,147.20335
-0.3,1,147.207899
-0.16666666666666666,1,147.212086
-0.1,1,147.215762
-0.2,1,147.21962
-0.3333333333333333,1,147.223461
-0.2,1,147.227095
-0.3,1,147.231757
-0.16666666666666666,1,147.24722
0.0,1,147.253704
-1.0,1,147.259108
-1.0,1,147.264084
-0.6666666666666666,1,147.271013
-0.3333333333333333,1,147.275411
-0.3333333333333333,1,147.280431
-0.25,1,147.285898
-0.3333333333333333,1,147.290059
-0.25,1,147.294572
-0.16666666666666666,1,147.299537
-0.25,1,147.304325
-0.1,1,147.308767
-0.25,1,147.313305
-0.1,1,147.318439
-0.3333333333333333,1,147.323195
-0.3333333333333333,1,147.327513
-0.25,1,147.332211
-0.2,1,147.336534
-0.25,1,147.340575
-0.3,1,147.344761
-0.16666666666666666,1,147.349969
-0.1,1,147.354557
-0.25,1,147.358948
-0.16666666666666666,1,147.363405
-0.2,1,147.367799
-0.4,1,147.372005
-0.2,1,147.376492
-0.2222222222222222,1,147.380575
-0.2,1,147.38482
-0.2,1,147.389071
-0.2,1,147.392918
-0.2222222222222222,1,147.397247
-0.3333333333333333,1,147.401731
-0.3333333333333333,1,147.405643
-0.25,1,147.409921
-0.3333333333333333,1,147.414693
-0.3333333333333333,1,147.419152
-0.6666666666666666,1,147.422895
-0.5,1,147.428098
-0.2,1,147.432827
-0.2,1,147.437776
-0.2,1,147.44131
-0.2,1,147.445095
-0.2222222222222222,1,147.449949
-0.16666666666666666,1,147.453973
-0.2222222222222222,1,147.457552
-0.16666666666666666,1,147.461217
-0.2,1,147.465533
-0.25,1,147.47005
-0.3333333333333333,1,147.474037
-0.25,1,147.478285
-0.2,1,147.484415
-0.2,1,147.488469
-0.4,1,147.492288
-0.06666666666666667,1,147.496735
-0.2,1,147.500861
-0.12,1,147.504687
-0.06666666666666667,1,147.508563
-0.16666666666666666,1,147.514725
-0.06666666666666667,1,147.519076
-0.16666666666666666,1,147.52311
-0.06666666666666667,1,147.526519
-0.12,1,147.530223
-0.3,1,147.534621
-0.16666666666666666,1,147.538435
-0.06666666666666667,1,147.542613
-0.12,1,147.546245
-0.2,1,147.550329
-0.16666666666666666,1,147.554004
-0.2222222222222222,1,147.557767
-0.2,1,147.561379
-0.2222222222222222,1,147.56494
-0.16666666666666666,1,147.569028
-0.2222222222222222,1,147.572839
-0.06666666666666667,1,147.576752
-0.3,1,147.580586
-0.125,1,147.584852
-0.3333333333333333,1,147.589136
-0.25,1,147.593035
-0.3333333333333333,1,147.596975
-0.125,1,147.601178
-0.3,1,147.605017
-0.12,1,147.608926
-0.2,1,147.613257
-0.12,1,147.617748
-0.1,1,147.62189
-0.2,1,147.626039
-0.3333333333333333,1,147.632695
-0.3333333333333333,1,147.638911
-0.6666666666666666,1,147.6443
-1.0,1,147.651553
-0.6666666666666666,1,147.655427
-0.75,1,147.659153
-0.3333333333333333,1,147.663232
-0.25,1,147.667533
-0.3333333333333333,1,147.670979
-0.5,1,147.67436
-0.6666666666666666,1,147.679706
-0.5,1,147.683998
-1.0,1,147.688032
-1.0,1,147.692249
-0.6666666666666666,1,147.69626
-0.5,1,147.700665
-0.3333333333333333,1,147.704638
-0.2,1,147.708632
-0.2,1,147.713204
-0.2,1,147.71768
-0.2222222222222222,1,147.72152
-0.2,1,147.725443
-0.3333333333333333,1,147.730943
-0.5,1,147.735385
-0.3333333333333333,1,147.739225
-0.25,1,147.743454
-0.2,1,147.74766
-0.25,1,147.751838
-0.2,1,147.755574
-0.125,1,147.759493
-0.1,1,147.764179
-0.25,1,147.768629
-0.2,1,147.772596
-0.25,1,147.776391
-0.2,1,147.780966
-0.12,1,147.785428
-0.2,1,147.789314
-0.06666666666666667,1,147.793468
-0.2222222222222222,1,147.798225
-0.3333333333333333,1,147.802411
-0.1,1,147.814092
-0.2,1,147.818953
-0.06666666666666667,1,147.824578
-0.16666666666666666,1,147.828925
-0.2,1,147.833038
-0.125,1,147.838181
-0.3333333333333333,1,147.842453
-0.7777777777777778,1,147.847182
-0.3333333333333333,1,147.852797
-0.3333333333333333,1,147.857202
-0.16666666666666666,1,147.861487
-0.125,1,147.865788
-0.3,1,147.870731
-0.125,1,147.874788
-0.3333333333333333,1,147.879332
-0.5,1,147.884424
-0.3333333333333333,1,147.88896
-0.3333333333333333,1,147.893256
-0.2222222222222222,1,147.897943
-0.16666666666666666,1,147.902732
-0.2,1,147.907107
-0.2,1,147.911191
-0.3,1,147.91715
-0.16666666666666666,1,147.921913
-0.1,1,147.926342
-0.25,1,147.931127
-0.16666666666666666,1,147.935773
-0.75,1,147.939899
-0.3333333333333333,1,147.944229
-0.25,1,147.948435
-0.3333333333333333,1,147.952901
-0.7777777777777778,1,147.957212
-0.3333333333333333,1,147.961687
-0.2,1,147.966744
-0.1,1,147.971418
-0.25,1,147.975789
-0.1,1,147.980641
-0.2,1,147.985074
-0.3333333333333333,1,147.989471
-0.5,1,147.993798
-0.3333333333333333,1,147.998154
-0.2,1,148.002839
-0.16666666666666666,1,148.007527
-0.25,1,148.012834
-0.3333333333333333,1,148.018277
-0.25,1,148.023197
-0.3333333333333333,1,148.027493
-0.3333333333333333,1,148.032738
-0.16666666666666666,1,148.037088
-0.06666666666666667,1,148.040779
-0.16666666666666666,1,148.044425
-0.3333333333333333,1,148.048792
-0.4,1,148.05309
-0.3333333333333333,1,148.05828
-0.2,1,148.063425
-0.06666666666666667,1,148.067507
-0.4,1,148.071466
-0.16666666666666666,1,148.075375
-0.2222222222222222,1,148.079705
-0.3333333333333333,1,148.084096
-0.2,1,148.08825
0.0,1,148.092273
-1.0,1,148.096664
-1.0,1,148.101439
-1.0,1,148.105528
-1.0,1,148.109649
-1.0,1,148.113873
-1.0,1,148.118343
-1.0,1,148.122625
-1.0,1,148.12682
-1.0,1,148.131798
-0.3333333333333333,1,148.136493
-0.3333333333333333,1,148.140777
-0.2,1,148.144754
-0.2,1,148.148681
-0.25,1,148.153164
-0.1,1,148.156901
-0.25,1,148.161084
-0.1,1,148.164969
-0.3333333333333333,1,148.1691
-0.16666666666666666,1,148.173177
-0.25,1,148.177572
-0.1,1,148.181914
-0.25,1,148.186492
-0.2,1,148.190565
-0.2,1,148.194376
-0.3333333333333333,1,148.198511
-0.2,1,148.202455
-0.3333333333333333,1,148.206529
-0.25,1,148.2102
-0.16666666666666666,1,148.214185
-0.125,1,148.218728
-0.16666666666666666,1,148.223191
-0.25,1,148.22741
-0.2,1,148.23159
-0.16666666666666666,1,148.236117
-0.2,1,148.240075
-0.25,1,148.244055
-0.2,1,148.248078
-0.25,1,148.252294
-0.2,1,148.256405
0.0,1,148.261161
-1.0,1,148.266636
-1.0,1,148.270893
-1.0,1,148.274542
-1.0,1,148.278857
-1.0,1,148.28315
-1.0,1,148.287243
-0.2,1,148.290875
-0.5,1,148.295441
-0.3333333333333333,1,148.299398
-0.3333333333333333,1,148.303621
-0.2,1,148.307738
-0.16666666666666666,1,148.312037
-0.2222222222222222,1,148.316193
-0.2,1,148.320632
-0.3333333333333333,1,148.324794
-0.125,1,148.330136
-0.2,1,148.33482
-0.16666666666666666,1,148.338942
-0.3,1,148.343158
-0.16666666666666666,1,148.347298
-0.2,1,148.351674
-0.16666666666666666,1,148.355864
-0.06666666666666667,1,148.359549
-0.12,1,148.365016
-0.06666666666666667,1,148.369205
-0.2,1,148.373364
-0.1,1,148.385719
-0.2,1,148.390213
-0.1,1,148.39676
-0.16666666666666666,1,148.401477
-0.2,1,148.405546
-0.25,1,148.409614
0.0,1,148.41408
-1.0,1,148.419166
-0.5,1,148.423597
-0.6666666666666666,1,148.427489
-1.0,1,148.432105
-0.6666666666666666,1,148.436934
-1.0,1,148.441937
-1.0,1,148.446751
-0.3333333333333333,1,148.451152
-0.6666666666666666,1,148.455764
-0.5555555555555556,1,148.460201
-0.3333333333333333,1,148.464498
-0.3333333333333333,1,148.468864
-0.1,1,148.473689
-0.3333333333333333,1,148.478082
-0.3333333333333333,1,148.483048
-0.3333333333333333,1,148.487687
-0.6666666666666666,1,148.492146
-0.75,1,148.496505
-1.0,1,148.500583
-0.75,1,148.506536
-1.0,1,148.510347
-0.3333333333333333,1,148.51451
-0.3333333333333333,1,148.518348
-0.25,1,148.523226
-0.16666666666666666,1,148.527624
-0.2,1,148.532176
-0.2222222222222222,1,148.536443
-0.16666666666666666,1,148.540979
-0.2,1,148.545144
-0.3333333333333333,1,148.549414
-0.2222222222222222,1,148.553766
-0.16666666666666666,1,148.558167
-0.4,1,148.562881
-0.75,1,148.567044
-0.3333333333333333,1,148.571116
-0.25,1,148.575316
0.0,1,148.579796
-1.0,1,148.584348
-1.0,1,148.588896
-1.0,1,148.592969
-1.0,1,148.597479
-0.6666666666666666,1,148.601221
-0.25,1,148.605564
-0.3333333333333333,1,148.609556
-0.25,1,148.613604
-0.3333333333333333,1,148.617359
-0.3333333333333333,1,148.622236
-0.3333333333333333,1,148.626262
-0.2,1,148.631579
-0.2222222222222222,1,148.639148
-0.16666666666666666,1,148.643055
-0.2222222222222222,1,148.647209
-0.3333333333333333,1,148.651129
-0.2222222222222222,1,148.656014
-0.16666666666666666,1,148.659441
-0.2222222222222222,1,148.663607
-0.06666666666666667,1,148.66736
-0.16666666666666666,1,148.670864
-0.06666666666666667,1,148.675431
-0.4,1,148.679576
-0.2,1,148.683378
-0.2,1,148.687517
-0.16666666666666666,1,148.691368
-0.4,1,148.695589
-0.16666666666666666,1,148.699486
-0.2222222222222222,1,148.703351
-0.2,1,148.707707
-0.4,1,148.711811
-0.5,1,148.716036
-0.6666666666666666,1,148.720816
-1.0,1,148.724733
-1.0,1,148.728407
-0.3333333333333333,1,148.732197
-0.3333333333333333,1,148.73599
-0.7777777777777778,1,148.740674
-0.3333333333333333,1,148.744791
-0.25,1,148.748591
-0.3333333333333333,1,148.753381
-0.125,1,148.757601
-0.3333333333333333,1,148.762057
-0.25,1,148.766065
-1.0,1,148.769762
-1.0,1,148.773907
-0.2,1,148.778429
-0.2,1,148.783071
-0.2222222222222222,1,148.786754
-0.16666666666666666,1,148.791086
-0.2,1,148.796028
-0.16666666666666666,1,148.8
-0.2,1,148.804166
-0.12,1,148.808521
-0.2,1,148.813415
-0.25,1,148.817212
-0.3333333333333333,1,148.821499
-0.125,1,148.826077
-0.16666666666666666,1,148.830941
-0.3333333333333333,1,148.835202
-0.6666666666666666,1,148.839881
-0.25,1,148.843764
-0.4,1,148.847728
-0.16666666666666666,1,148.852501
-0.4,1,148.856883
-0.3333333333333333,1,148.860826
-0.2222222222222222,1,148.864449
-0.16666666666666666,1,148.868199
-0.2,1,148.872684
-0.12,1,148.877461
-0.06666666666666667,1,148.882093
-0.2,1,148.88785
-0.2,1,148.892565
-0.2,1,148.89701
-0.2,1,148.900892
-0.16666666666666666,1,148.905845
-0.4,1,148.910338
-0.2,1,148.914299
-0.3,1,148.918115
-0.06666666666666667,1,148.922767
-0.3333333333333333,1,148.926824
-0.25,1,148.930909
-0.3333333333333333,1,148.934864
-0.2,1,148.939719
-0.3333333333333333,1,148.957102
-0.25,1,148.964489
-0.3,1,148.971461
-0.12,1,148.980133
-0.3,1,148.98496
-0.06666666666666667,1,148.989611
-0.2,1,148.993997
-0.25,1,148.998355
-0.2,1,149.002692
-0.25,1,149.007367
-0.3333333333333333,1,149.01155
-0.25,1,149.016604
-0.2,1,149.021774
-0.16666666666666666,1,149.026428
-0.2,1,149.031612
-0.06666666666666667,1,149.036108
-0.2222222222222222,1,149.040141
-0.16666666666666666,1,149.044107
-0.2,1,149.048712
-0.16666666666666666,1,149.053899
-0.2,1,149.058186
-0.2,1,149.06366
-0.2222222222222222,1,149.071038
-0.16666666666666666,1,149.077281
-1.0,1,149.086406
-1.0,1,149.095641
-0.2,1,149.105202
-0.2,1,149.111423
-0.2,1,149.119431
-0.12,1,149.124673
-0.2,1,149.130551
-0.12,1,149.136033
-0.06666666666666667,1,149.140702
-0.2,1,149.145126
0.0,1,149.151081
-1.0,1,149.156786
-1.0,1,149.161685
-0.6666666666666666,1,149.166769
-0.25,1,149.171512
-1.0,1,149.175773
-1.0,1,149.180472
-1.0,1,149.185396
-0.25,1,149.189615
-0.2,1,149.19421
-0.2,1,149.199156
-0.2,1,149.204004
-0.5,1,149.207797
-0.3333333333333333,1,149.21228
-0.2,1,149.216981
-0.2,1,149.221502
-0.16666666666666666,1,149.225934
-0.2222222222222222,1,149.231076
-0.16666666666666666,1,149.235801
-0.2222222222222222,1,149.239809
-0.06666666666666667,1,149.243802
-0.4,1,149.250025
-0.75,1,149.254042
-1.0,1,149.258093
-0.25,1,149.262336
-0.6666666666666666,1,149.268193
-0.7777777777777778,1,149.272171
-0.3333333333333333,1,149.277218
-0.5,1,149.281486
-0.3333333333333333,1,149.286512
-0.5,1,149.290642
-1.0,1,149.294486
-0.25,1,149.298715
-0.3333333333333333,1,149.302984
-0.75,1,149.306945
-0.3333333333333333,1,149.316174
-0.7777777777777778,1,149.325245
-0.3333333333333333,1,149.332985
-0.25,1,149.343625
-0.3333333333333333,1,149.352015
-0.125,1,149.359698
-0.2,1,149.36454
-0.2,1,149.368946
-0.3333333333333333,1,149.373533
0.0,1,149.377401
-1.0,1,149.381129
-1.0,1,149.385467
-1.0,1,149.389515
-0.75,1,149.393448
-0.6666666666666666,1,149.397026
-1.0,1,149.401143
-1.0,1,149.405406
-1.0,1,149.408957
-1.0,1,149.412874
-1.0,1,149.41724
-1.0,1,149.421278
-1.0,1,149.425056
-1.0,1,149.429336
-0.5,1,149.443518
-0.3333333333333333,1,149.448086
-0.3333333333333333,1,149.461583
-0.3333333333333333,1,149.466746
-0.3333333333333333,1,149.478576
-0.3333333333333333,1,149.492745
-0.3333333333333333,1,149.498185
-0.3333333333333333,1,149.50677
0.0,1,149.512312
-1.0,1,149.524785
-1.0,1,149.532401
-0.6666666666666666,1,149.544842
-0.3333333333333333,1,149.551503
-1.0,1,149.558422
-0.5,1,149.564123
0.0,1,149.57099
-1.0,1,149.576494
-1.0,1,149.582507
-1.0,1,149.590516
-1.0,1,149.596525
-1.0,1,149.60224
-0.75,1,149.608049
-0.6666666666666666,1,149.61774
-0.5,1,149.62391
-0.6666666666666666,1,149.631388
-0.75,1,149.637673
-0.4,1,149.641895
-0.75,1,149.646104
-0.6666666666666666,1,149.652612
-0.3333333333333333,1,149.657092
-0.3333333333333333,1,149.661758
-0.25,1,149.667179
-0.3333333333333333,1,149.671669
-0.125,1,149.675927
-0.3,1,149.681736
-0.06666666666666667,1,149.686719
-0.4,1,149.696984
-0.5,1,149.701971
-0.3333333333333333,1,149.706033
-0.25,1,149.7103
-0.2,1,149.715337
-0.25,1,149.720674
-0.2,1,149.725363
-0.16666666666666666,1,149.729717
-0.06666666666666667,1,149.734435
-0.12,1,149.738742
-0.2,1,149.74347
-0.25,1,149.747886
-0.3333333333333333,1,149.752468
-0.2,1,149.756725
-0.2,1,149.761029
-0.25,1,149.765722
-0.3333333333333333,1,149.770747
-0.3333333333333333,1,149.774873
-0.2222222222222222,1,149.779372
-0.3333333333333333,1,149.784484
-0.2,1,149.789055
-0.16666666666666666,1,149.79365
-0.2,1,149.797832
-0.06666666666666667,1,149.803016
-0.3333333333333333,1,149.807564
-0.5555555555555556,1,149.812259
-0.16666666666666666,1,149.816968
-0.5555555555555556,1,149.821146
-1.0,1,149.825268
-1.0,1,149.829948
-0.6666666666666666,1,149.834975
-0.3333333333333333,1,149.839057
-0.6666666666666666,1,149.843196
-0.3333333333333333,1,149.846917
-0.16666666666666666,1,149.851245
-0.25,1,149.855592
-0.16666666666666666,1,149.859739
-0.25,1,149.865132
-0.2,1,149.869455
0.0,1,149.873468
-1.0,1,149.87707
-0.5,1,149.881361
-0.6666666666666666,1,149.885425
-0.5555555555555556,1,149.889214
-0.16666666666666666,1,149.893203
-0.25,1,149.898299
-0.3333333333333333,1,149.903093
-0.3333333333333333,1,149.907148
-0.3333333333333333,1,149.913954
-0.3333333333333333,1,149.918222
-0.6666666666666666,1,149.921881
-0.3333333333333333,1,149.925328
-0.16666666666666666,1,149.929015
-0.75,1,149.935404
-0.6666666666666666,1,149.939298
-0.7777777777777778,1,149.942649
-0.3333333333333333,1,149.946208
-0.2,1,149.950327
-0.2222222222222222,1,149.95431
-0.16666666666666666,1,149.961577
-0.06666666666666667,1,149.967694
-0.2,1,149.972242
-0.1,1,149.976483
-0.125,1,149.980159
-0.3,1,149.984537
-0.06666666666666667,1,149.988902
-0.2222222222222222,1,149.993079
-0.3333333333333333,1,149.99865
-0.4,1,150.003939
-0.3333333333333333,1,150.00798
-0.2,1,150.012624
-0.25,1,150.017569
-0.1,1,150.022024
-0.2,1,150.026366
-0.3333333333333333,1,150.030137
-0.25,1,150.034909
-0.4,1,150.038634
-0.75,1,150.042309
-0.4,1,150.046331
-0.75,1,150.050828
-0.6666666666666666,1,150.054422
-0.5,1,150.057871
-0.2,1,150.061718
-0.3333333333333333,1,150.066683
-0.2222222222222222,1,150.070761
-0.16666666666666666,1,150.07479
-0.3,1,150.079197
-0.25,1,150.0834
-0.2,1,150.08723
-0.25,1,150.091032
-0.3333333333333333,1,150.094695
-0.25,1,150.099242
-0.3333333333333333,1,150.103942
-0.3333333333333333,1,150.108409
-0.4,1,150.112948
-0.06666666666666667,1,150.118365
-0.2,1,150.124661
-0.2,1,150.134466
-0.1,1,150.140011
-0.25,1,150.144149
-0.1,1,150.149221
-0.25,1,150.153143
-0.3333333333333333,1,150.173634
-0.7777777777777778,1,150.185941
-0.3333333333333333,1,150.191343
-0.25,1,150.201338
-0.3333333333333333,1,150.208267
-0.3333333333333333,1,150.216443
-0.6666666666666666,1,150.228269
-0.7777777777777778,1,150.234946
-0.6666666666666666,1,150.239063
-0.3333333333333333,1,150.244639
-0.3333333333333333,1,150.249165
-0.25,1,150.255221
-0.3333333333333333,1,150.262243
-0.125,1,150.268495
-0.2,1,150.272305
-0.2,1,150.276166
-0.2,1,150.280541
-0.25,1,150.285259
-0.16666666666666666,1,150.289773
-0.2,1,150.294502
-0.2,1,150.298743
-0.2,1,150.303788
-0.06666666666666667,1,150.308218
-0.16666666666666666,1,150.313509
-0.06666666666666667,1,150.318164
-0.2,1,150.32246
-0.06666666666666667,1,150.331228
-0.2,1,150.341214
-0.06666666666666667,1,150.346349
-0.12,1,150.351066
-0.3,1,150.355238
-0.2,1,150.360636
0.0,1,150.364959
-1.0,1,150.3693
-1.0,1,150.373733
-1.0,1,150.377806
-1.0,1,150.382133
-1.0,1,150.386791
-1.0,1,150.390865
-1.0,1,150.395105
-1.0,1,150.399654
-0.2,1,150.404231
-1.0,1,150.408503
-1.0,1,150.412955
-0.16666666666666666,1,150.417549
-0.4,1,150.421695
-0.25,1,150.425509
-0.3333333333333333,1,150.429324
-0.3333333333333333,1,150.434032
-0.16666666666666666,1,150.438032
-0.5555555555555556,1,150.441965
-0.16666666666666666,1,150.446667
-0.25,1,150.45101
-0.2,1,150.454819
0.0,1,150.458859
-1.0,1,150.462844
-1.0,1,150.467608
-1.0,1,150.47187
-0.75,1,150.476
-0.16666666666666666,1,150.481008
-0.3333333333333333,1,150.485569
-0.6666666666666666,1,150.489709
-0.5,1,150.494019
-0.6666666666666666,1,150.497737
-0.5,1,150.501867
-0.3333333333333333,1,150.505815
-0.7777777777777778,1,150.509595
-0.3333333333333333,1,150.513927
-0.25,1,150.518224
-0.2,1,150.522261
-0.2,1,150.526006
-0.3333333333333333,1,150.530411
-0.25,1,150.535095
0.0,1,150.539037
-1.0,1,150.543636
-1.0,1,150.548487
-1.0,1,150.553003
-0.5,1,150.557181
-0.3333333333333333,1,150.560956
-0.3333333333333333,1,150.56526
-0.3333333333333333,1,150.569179
-0.25,1,150.573514
-0.3333333333333333,1,150.5773
-0.25,1,150.583727
-0.16666666666666666,1,150.587532
-0.06666666666666667,1,150.591341
-0.16666666666666666,1,150.595156
-0.06666666666666667,1,150.599971
-0.3,1,150.604728
-0.2,1,150.608514
-0.1,1,150.612441
-0.2,1,150.616721
-0.06666666666666667,1,150.620833
-0.2,1,150.624237
-0.06666666666666667,1,150.627742
-0.12,1,150.631203
-0.2,1,150.635372
-0.25,1,150.638868
-0.2,1,150.643038
-0.12,1,150.64765
-0.2,1,150.652255
-0.12,1,150.656161
-0.2,1,150.66013
0.0,1,150.664416
-1.0,1,150.668471
-1.0,1,150.672888
-1.0,1,150.677251
-1.0,1,150.681933
-1.0,1,150.686392
-1.0,1,150.690353
-1.0,1,150.694338
-0.5555555555555556,1,150.700002
-0.3333333333333333,1,150.704549
-0.5555555555555556,1,150.708402
-1.0,1,150.715087
-0.5555555555555556,1,150.719922
-1.0,1,150.724256
-0.3333333333333333,1,150.728266
-0.3333333333333333,1,150.733062
-0.3333333333333333,1,150.737301
-0.3333333333333333,1,150.741988
-0.25,1,150.748803
-0.2,1,150.753747
-0.25,1,150.757652
-0.3333333333333333,1,150.762602
-0.3333333333333333,1,150.766878
-0.2222222222222222,1,150.771002
-0.2,1,150.774951
-0.2222222222222222,1,150.780311
-0.16666666666666666,1,150.785064
-0.2222222222222222,1,150.789442
-0.16666666666666666,1,150.793795
-0.2,1,150.797474
-0.2,1,150.801684
-0.2222222222222222,1,150.805882
-0.3333333333333333,1,150.810529
0.0,1,150.817431
-1.0,1,150.82139
-1.0,1,150.825424
-0.6666666666666666,1,150.831507
-0.3333333333333333,1,150.835831
-0.6666666666666666,1,150.840017
-0.3333333333333333,1,150.843705
-0.3333333333333333,1,150.847875
-0.25,1,150.851883
-0.2,1,150.85607
-0.12,1,150.859821
-0.06666666666666667,1,150.863378
-0.12,1,150.866807
-0.3,1,150.871581
-0.12,1,150.875504
-0.06666666666666667,1,150.879353
-0.16666666666666666,1,150.883589
-0.06666666666666667,1,150.888684
-0.16666666666666666,1,150.90189
-0.06666666666666667,1,150.909118
-0.16666666666666666,1,150.914465
-0.06666666666666667,1,150.919142
-0.12,1,150.923511
-0.2,1,150.927843
-0.25,1,150.93217
-0.2,1,150.936667
-0.16666666666666666,1,150.941338
-0.06666666666666667,1,150.946127
-0.16666666666666666,1,150.951166
0.0,1,150.955827
-1.0,1,150.959874
-1.0,1,150.964085
-0.6666666666666666,1,150.968221
-0.5555555555555556,1,150.97283
-0.3333333333333333,1,150.977097
-1.0,1,150.981353
-1.0,1,150.986968
-0.5555555555555556,1,150.991527
-0.16666666666666666,1,150.99591
-0.5,1,151.000119
-0.6666666666666666,1,151.004348
-0.5,1,151.008507
-0.16666666666666666,1,151.012466
-0.25,1,151.017738
-0.2,1,151.021817
-0.16666666666666666,1,151.025862
-0.2222222222222222,1,151.029592
-0.3333333333333333,1,151.03383
0.0,1,151.038645
-1.0,1,151.043162
-1.0,1,151.047099
-1.0,1,151.052051
-1.0,1,151.05636
-0.2,1,151.060035
-0.5,1,151.06383
-0.16666666666666666,1,151.067878
-0.5555555555555556,1,151.072689
-1.0,1,151.076651
-0.3333333333333333,1,151.080522
-0.3333333333333333,1,151.084011
-0.25,1,151.088887
-0.2,1,151.092912
-0.16666666666666666,1,151.096746
-0.2222222222222222,1,151.100787
-0.3333333333333333,1,151.105994
-0.1,1,151.110128
-0.25,1,151.114064
-0.16666666666666666,1,151.118423
-0.3333333333333333,1,151.122422
-0.2222222222222222,1,151.126626
-0.16666666666666666,1,151.130557
-0.4,1,151.134832
-0.75,1,151.139224
-1.0,1,151.143796
-1.0,1,151.147777
-0.6666666666666666,1,151.151769
-0.3333333333333333,1,151.155732
0.0,1,151.159667
-1.0,1,151.16468
-1.0,1,151.171553
-0.6666666666666666,1,151.178347
-0.5,1,151.184916
-0.16666666666666666,1,151.190459
-0.5555555555555556,1,151.195298
-0.3333333333333333,1,151.199721
-0.06666666666666667,1,151.203849
-0.2,1,151.208645
-0.2,1,151.213209
-0.06666666666666667,1,151.21762
-0.16666666666666666,1,151.222129
-0.1,1,151.226327
-0.2,1,151.230456
-0.1,1,151.234842
-0.3333333333333333,1,151.239774
-0.3333333333333333,1,151.244649
-0.3333333333333333,1,151.251382
-0.2222222222222222,1,151.258399
-0.06666666666666667,1,151.263569
-0.16666666666666666,1,151.267974
-0.75,1,151.272188
-0.4,1,151.277471
-0.16666666666666666,1,151.281415
-0.4,1,151.285122
-0.5,1,151.290106
-0.4,1,151.294376
-0.16666666666666666,1,151.301332
-0.2,1,151.306566
-0.3333333333333333,1,151.310531
-0.2222222222222222,1,151.315384
-0.2,1,151.320213
-0.4,1,151.324217
-0.5,1,151.32847
-0.6666666666666666,1,151.33255
-0.3333333333333333,1,151.336524
-0.3333333333333333,1,151.340729
-0.3333333333333333,1,151.344721
-0.6666666666666666,1,151.351265
-1.0,1,151.355505
-1.0,1,151.359425
-1.0,1,151.363467
-1.0,1,151.367466
-1.0,1,151.371314
-0.6666666666666666,1,151.375024
-0.7777777777777778,1,151.380063
-0.3333333333333333,1,151.384465
-0.7777777777777778,1,151.388639
-0.3333333333333333,1,151.392494
-0.3333333333333333,1,151.396794
-0.6666666666666666,1,151.400639
-0.3333333333333333,1,151.405336
0.0,1,151.409474
-1.0,1,151.413968
-1.0,1,151.418376
-0.6666666666666666,1,151.422864
-0.5555555555555556,1,151.428349
-1.0,1,151.436601
-0.5555555555555556,1,151.443046
-0.3333333333333333,1,151.450021
0.0,1,151.454319
-1.0,1,151.457931
-1.0,1,151.46168
-0.6666666666666666,1,151.465664
-0.7777777777777778,1,151.469842
-0.6666666666666666,1,151.473574
-0.3333333333333333,1,151.479562
-0.3333333333333333,1,151.483799
-0.2,1,151.499326
-0.16666666666666666,1,151.50715
-0.3333333333333333,1,151.511932
-0.3333333333333333,1,151.516904
-0.3333333333333333,1,151.521285
-0.16666666666666666,1,151.525181
-0.25,1,151.529978
-0.2,1,151.534565
-0.25,1,151.53916
-0.3333333333333333,1,151.543482
-0.25,1,151.547739
-0.16666666666666666,1,151.552324
-0.06666666666666667,1,151.556521
-0.3,1,151.560598
-0.2,1,151.565106
-0.2,1,151.569264
-0.5,1,151.573308
-0.3333333333333333,1,151.577552
-0.5555555555555556,1,151.582025
-1.0,1,151.586941
-0.3333333333333333,1,151.590983
-0.3333333333333333,1,151.595328
-0.2,1,151.599474
-0.3333333333333333,1,151.603852
-0.5,1,151.607997
-0.3333333333333333,1,151.612764
-0.25,1,151.617572
-0.2,1,151.621835
-0.12,1,151.626439
-0.3,1,151.63057
-0.125,1,151.634781
-0.3,1,151.638823
-0.12,1,151.642966
-0.3,1,151.647825
-0.125,1,151.652228
-0.2,1,151.656131
-0.125,1,151.660896
-0.16666666666666666,1,151.664708
-0.3333333333333333,1,151.669484
-0.3333333333333333,1,151.673425
-0.5555555555555556,1,151.677383
-0.6666666666666666,1,151.6814
-0.5,1,151.686297
-0.6666666666666666,1,151.690195
-0.5,1,151.694896
-1.0,1,151.698642
-0.5555555555555556,1,151.703145
-0.3333333333333333,1,151.707078
-0.25,1,151.711251
-0.2,1,151.721097
-0.16666666666666666,1,151.725426
-0.06666666666666667,1,151.729319
-0.2,1,151.734164
-0.06666666666666667,1,151.738784
-0.16666666666666666,1,151.743006
-0.06666666666666667,1,151.747541
-0.16666666666666666,1,151.751689
-0.2222222222222222,1,151.7562
-0.3333333333333333,1,151.759902
-0.2,1,151.763697
-0.06666666666666667,1,151.767644
-0.16666666666666666,1,151.775117
-0.3333333333333333,1,151.78562
-0.6666666666666666,1,151.789643
-0.5555555555555556,1,151.793703
-0.16666666666666666,1,151.797528
-0.5555555555555556,1,151.802839
-0.3333333333333333,1,151.807012
-0.25,1,151.810849
0.0,1,151.815643
-1.0,1,151.819989
-0.5,1,151.823695
-0.3333333333333333,1,151.827442
-0.3333333333333333,1,151.831667
-0.3333333333333333,1,151.835875
-0.5555555555555556,1,151.839392
-0.3333333333333333,1,151.843074
-0.25,1,151.847473
-0.3333333333333333,1,151.851429
-0.5,1,151.855085
-1.0,1,151.858641
-0.5,1,151.863666
-0.3333333333333333,1,151.868926
-0.5555555555555556,1,151.87314
-1.0,1,151.877597
-0.5,1,151.882016
-0.3333333333333333,1,151.886704
-0.3333333333333333,1,151.890608
-0.3333333333333333,1,151.896102
-0.5,1,151.900984
-0.3333333333333333,1,151.905184
-0.3333333333333333,1,151.909009
-0.3333333333333333,1,151.913074
-0.3333333333333333,1,151.917218
-0.3333333333333333,1,151.921099
-0.3333333333333333,1,151.924777
-0.3333333333333333,1,151.929223
-0.25,1,151.933914
-0.3333333333333333,1,151.93804
-0.3333333333333333,1,151.94195
-0.3333333333333333,1,151.946411
-0.25,1,151.950678
-0.3333333333333333,1,151.954896
-0.2,1,151.958631
-0.2,1,151.96258
-0.16666666666666666,1,151.966913
-0.2222222222222222,1,151.970991
-0.16666666666666666,1,151.974375
-1.0,1,151.978364
-1.0,1,151.982939
-1.0,1,151.987174
-0.75,1,151.990931
-0.16666666666666666,1,151.994684
-0.06666666666666667,1,151.999892
-0.3,1,152.005023
-0.2,1,152.009095
-0.2,1,152.013324
-0.25,1,152.01779
-0.2,1,152.021942
-0.2,1,152.025964
-0.06666666666666667,1,152.031713
-0.16666666666666666,1,152.036921
-0.06666666666666667,1,152.040876
-0.16666666666666666,1,152.045042
0.0,1,152.049505
-1.0,1,152.053938
-0.5,1,152.057766
-1.0,1,152.062031
-0.5,1,152.080691
-0.6666666666666666,1,152.087747
-0.3333333333333333,1,152.093217
-0.3333333333333333,1,152.097596
-1.0,1,152.102243
-0.6666666666666666,1,152.106879
-0.3333333333333333,1,152.111528
-0.3333333333333333,1,152.115791
-0.2,1,152.120467
-0.2,1,152.124458
-0.2,1,152.128957
-0.2222222222222222,1,152.133694
-0.3333333333333333,1,152.137847
0.0,1,152.141919
-1.0,1,152.146759
-1.0,1,152.151391
-0.3333333333333333,1,152.155915
-0.5,1,152.160725
-0.3333333333333333,1,152.165045
-0.5555555555555556,1,152.169557
-0.3333333333333333,1,152.173957
0.0,1,152.177959
-1.0,1,152.182269
-0.5,1,152.186393
-0.6666666666666666,1,152.19084
-0.5,1,152.195519
-1.0,1,152.200116
-1.0,1,152.204544
-1.0,1,152.207912
-1.0,1,152.212057
-1.0,1,152.216119
-0.5,1,152.221159
-1.0,1,152.22497
-0.5555555555555556,1,152.231526
-0.16666666666666666,1,152.24035
-0.5555555555555556,1,152.247259
-0.16666666666666666,1,152.251965
-0.06666666666666667,1,152.256682
-0.2222222222222222,1,152.260986
-0.16666666666666666,1,152.265273
-0.06666666666666667,1,152.269775
-0.16666666666666666,1,152.273601
-0.2,1,152.277653
-0.25,1,152.282363
-0.16666666666666666,1,152.286751
-0.25,1,152.290699
-0.2,1,152.295273
-0.2,1,152.300006
-0.3,1,152.30406
-0.125,1,152.307983
-0.3,1,152.312042
-0.25,1,152.331766
-0.3333333333333333,1,152.345448
-0.5555555555555556,1,152.35435
-0.16666666666666666,1,152.363191
-0.125,1,152.371538
-0.3333333333333333,1,152.379302
-0.25,1,152.386105
0.0,1,152.390965
-1.0,1,152.394825
-1.0,1,152.399611
-1.0,1,152.404238
-1.0,1,152.408565
-1.0,1,152.413421
-1.0,1,152.41858
-0.4,1,152.423217
-0.16666666666666666,1,152.427482
-0.4,1,152.431671
-0.2,1,152.436635
-0.2,1,152.44127
-0.06666666666666667,1,152.445778
-0.16666666666666666,1,152.450791
-0.06666666666666667,1,152.455196
-0.16666666666666666,1,152.459581
-0.5555555555555556,1,152.463779
-0.6666666666666666,1,152.468439
-1.0,1,152.472513
-1.0,1,152.476832
-0.5,1,152.481198
-0.3333333333333333,1,152.486128
-0.5,1,152.490632
-0.3333333333333333,1,152.494408
-0.3333333333333333,1,152.498546
-0.6666666666666666,1,152.503873
-0.25,1,152.507686
-1.0,1,152.512203
-1.0,1,152.516891
-1.0,1,152.520976
-0.25,1,152.524775
-1.0,1,152.528425
-1.0,1,152.533266
-1.0,1,152.536992
-0.5,1,152.540611
-0.6666666666666666,1,152.544559
-0.5,1,152.549604
-0.6666666666666666,1,152.553545
-0.3333333333333333,1,152.557144
-0.3333333333333333,1,152.560982
-0.2,1,152.566782
-0.3333333333333333,1,152.571406
-0.5,1,152.575634
-0.3333333333333333,1,152.579407
-0.25,1,152.583984
-0.2,1,152.588133
-0.12,1,152.59238
-0.3,1,152.59692
-0.16666666666666666,1,152.6015
0.0,1,152.605576
-1.0,1,152.611276
-1.0,1,152.617701
-0.6666666666666666,1,152.628321
-0.5,1,152.646189
-0.6666666666666666,1,152.661242
-0.3333333333333333,1,152.701288
-0.6666666666666666,1,152.71968
-0.5,1,152.735201
-0.6666666666666666,1,152.74361
-0.3333333333333333,1,152.752722
-0.16666666666666666,1,152.758958
-0.2,1,152.765425
-0.3333333333333333,1,152.770606
-0.3333333333333333,1,152.775203
-0.2,1,152.780628
-0.25,1,152.785034
-0.3333333333333333,1,152.789608
-0.25,1,152.794182
-0.2,1,152.799003
-0.2,1,152.80422
-0.2,1,152.815235
-0.25,1,152.820815
-0.16666666666666666,1,152.825369
-0.25,1,152.830266
-0.3333333333333333,1,152.835356
-0.2,1,152.840287
-0.2222222222222222,1,152.844487
-0.16666666666666666,1,152.849452
-0.2222222222222222,1,152.854413
-0.2,1,152.858936
-0.4,1,152.864143
-0.5,1,152.868762
-0.3333333333333333,1,152.873312
-0.2,1,152.877915
-0.3333333333333333,1,152.882366
-0.3333333333333333,1,152.886734
-1.0,1,152.891148
-0.5,1,152.895394
-0.2,1,152.899944
-1.0,1,152.904152
-0.4,1,152.908326
-0.5,1,152.912808
-0.4,1,152.917345
-0.5,1,152.921181
-0.2,1,152.925089
-0.5,1,152.929372
-0.2,1,152.933633
-0.2,1,152.948622
-0.3,1,152.956752
-0.2,1,152.960599
-0.1,1,152.964587
-0.2,1,152.969611
-0.3333333333333333,1,152.973678
-0.2,1,152.977799
-0.3333333333333333,1,152.982833
-0.25,1,152.987508
-0.3333333333333333,1,152.991552
-0.3333333333333333,1,152.995517
-0.16666666666666666,1,153.001127
-0.25,1,153.005191
-0.3333333333333333,1,153.009483
-0.3333333333333333,1,153.014563
-0.2222222222222222,1,153.019045
-0.06666666666666667,1,153.023599
-0.3333333333333333,1,153.02808
-0.06666666666666667,1,153.034171
-0.3333333333333333,1,153.046927
-0.25,1,153.058857
0.0,1,153.065464
-1.0,1,153.079848
-0.5,1,153.090451
-0.6666666666666666,1,153.101161
-0.5,1,153.115384
-0.16666666666666666,1,153.12081
-0.125,1,153.126485
-0.3,1,153.131289
-0.06666666666666667,1,153.136334
-0.4,1,153.140686
-0.75,1,153.145323
-0.6666666666666666,1,153.150495
-0.3333333333333333,1,153.155275
-0.3333333333333333,1,153.159758
-0.125,1,153.166618
-0.2,1,153.180003
-0.12,1,153.193394
-0.06666666666666667,1,153.203364
-0.2,1,153.22181
-0.06666666666666667,1,153.234535
-0.12,1,153.24015
-0.06666666666666667,1,153.24571
-0.2,1,153.249691
-0.2,1,153.254123
-0.25,1,153.258451
-0.3333333333333333,1,153.265275
-0.2,1,153.273205
-0.1,1,153.277822
-0.2,1,153.281863
-0.3333333333333333,1,153.285613
-0.2,1,153.289896
-0.4,1,153.294005
-0.2,1,153.298551
-0.3,1,153.302989
-0.16666666666666666,1,153.307609
0.0,1,153.312332
-1.0,1,153.316707
-0.5,1,153.321543
-0.6666666666666666,1,153.325988
-0.3333333333333333,1,153.330515
-0.6666666666666666,1,153.334768
-0.5,1,153.339596
-1.0,1,153.344116
-0.5,1,153.348188
-0.6666666666666666,1,153.351977
-0.5,1,153.356696
0.0,1,153.361537
-1.0,1,153.36539
-1.0,1,153.369245
-1.0,1,153.373527
-1.0,1,153.377304
-1.0,1,153.381354
-1.0,1,153.38549
-1.0,1,153.389778
-1.0,1,153.393745
-1.0,1,153.39759
-1.0,1,153.402515
-0.6666666666666666,1,153.430573
-0.3333333333333333,1,153.435247
-0.16666666666666666,1,153.445767
-0.06666666666666667,1,153.450274
-0.4,1,153.45417
-0.2,1,153.461146
-0.4,1,153.465552
-0.3333333333333333,1,153.471273
-0.2222222222222222,1,153.477818
-0.16666666666666666,1,153.482183
-0.1,1,153.486299
-0.16666666666666666,1,153.491041
-0.06666666666666667,1,153.49691
-0.12,1,153.501059
-0.2,1,153.50566
0.0,1,153.510148
-1.0,1,153.514233
-0.5,1,153.518233
-0.6666666666666666,1,153.523026
-0.3333333333333333,1,153.527501
-0.3333333333333333,1,153.531613
-0.3333333333333333,1,153.535354
-0.6666666666666666,1,153.539445
-0.3333333333333333,1,153.555534
0.0,1,153.56043
-1.0,1,153.564395
-0.5,1,153.568866
-0.3333333333333333,1,153.573738
-0.5,1,153.578071
-0.2,1,153.582367
-0.5,1,153.587229
-0.4,1,153.591967
-0.06666666666666667,1,153.596735
-0.16666666666666666,1,153.600874
-0.5555555555555556,1,153.605148
-0.3333333333333333,1,153.609355
-0.3333333333333333,1,153.613894
-0.3333333333333333,1,153.618985
-0.25,1,153.623979
-0.3333333333333333,1,153.628281
-0.3333333333333333,1,153.632667
-0.3333333333333333,1,153.637176
-0.5,1,153.641555
-0.4,1,153.645869
-1.0,1,153.650289
-0.4,1,153.65512
-0.75,1,153.659511
-0.3333333333333333,1,153.663429
-0.2,1,153.667396
-0.2,1,153.671596
-0.12,1,153.675603
-0.06666666666666667,1,153.679585
-0.16666666666666666,1,153.683246
-0.06666666666666667,1,153.686688
-0.2,1,153.690668
-0.06666666666666667,1,153.694563
-0.16666666666666666,1,153.701016
-0.06666666666666667,1,153.705579
-0.16666666666666666,1,153.710489
-0.06666666666666667,1,153.71472
-0.16666666666666666,1,153.719325
-0.06666666666666667,1,153.723899
-0.16666666666666666,1,153.728959
-0.06666666666666667,1,153.734688
-0.12,1,153.739591
-0.3,1,153.747817
-0.125,1,153.751666
-0.2,1,153.756803
-0.2,1,153.76073
-0.2222222222222222,1,153.766824
-0.16666666666666666,1,153.775129
-0.06666666666666667,1,153.784353
-0.2,1,153.788862
-0.06666666666666667,1,153.793045
-0.12,1,153.797416
-0.1,1,153.801599
-0.25,1,153.806011
-0.2,1,153.810306
-0.12,1,153.814382
-0.2,1,153.819057
-0.25,1,153.823092
-0.1,1,153.827222
-0.2,1,153.831675
-0.06666666666666667,1,153.838776
-0.2,1,153.843827
-0.06666666666666667,1,153.847764
-0.16666666666666666,1,153.852102
-0.06666666666666667,1,153.856013
-0.16666666666666666,1,153.859816
-0.06666666666666667,1,153.864786
-0.12,1,153.869434
-0.2,1,153.873388
-0.25,1,153.87679
-0.2,1,153.882029
-0.25,1,153.886434
-0.3333333333333333,1,153.890182
-0.3333333333333333,1,153.894372
-0.2,1,153.898742
-0.2,1,153.90321
-0.06666666666666667,1,153.907598
-0.16666666666666666,1,153.911575
-0.06666666666666667,1,153.915255
-0.16666666666666666,1,153.919209
-0.3,1,153.923188
-0.25,1,153.926913
-0.2,1,153.930708
-0.12,1,153.935078
-0.3,1,153.938847
-0.16666666666666666,1,153.942657
-0.06666666666666667,1,153.946316
-0.16666666666666666,1,153.950803
0.0,1,153.954873
-1.0,1,153.959164
-1.0,1,153.963687
-0.6666666666666666,1,153.967757
-0.3333333333333333,1,153.972447
-0.3333333333333333,1,153.977177
-0.2,1,153.980918
-0.3,1,153.985997
-0.06666666666666667,1,153.99453
-0.3,1,154.000567
-0.16666666666666666,1,154.006309
-0.06666666666666667,1,154.010588
-0.12,1,154.01536
-0.2,1,154.020099
-0.25,1,154.024112
0.0,1,154.028464
-1.0,1,154.033524
-1.0,1,154.03815
-0.6666666666666666,1,154.04695
-0.3333333333333333,1,154.053933
-0.6666666666666666,1,154.061474
-0.25,1,154.068506
-0.4,1,154.074663
-0.75,1,154.08145
-0.16666666666666666,1,154.087911
-0.125,1,154.094184
-0.1,1,154.098384
-0.125,1,154.103204
-0.3333333333333333,1,154.110004
-0.2,1,154.11593
-0.2222222222222222,1,154.122082
-0.16666666666666666,1,154.128255
-0.2,1,154.134832
-0.2,1,154.14121
-0.3333333333333333,1,154.147277
-0.06666666666666667,1,154.156651
-0.16666666666666666,1,154.160985
-0.25,1,154.171378
-0.16666666666666666,1,154.176921
-0.25,1,154.187353
-1.0,1,154.205075
-0.5,1,154.212996
-0.6666666666666666,1,154.218188
-0.3333333333333333,1,154.222759
-0.3333333333333333,1,154.226638
-0.2,1,154.23058
-0.3333333333333333,1,154.234953
0.0,1,154.238679
-1.0,1,154.242963
-0.5,1,154.246599
-0.3333333333333333,1,154.250816
-0.5555555555555556,1,154.254551
-0.3333333333333333,1,154.25857
-0.3333333333333333,1,154.2625
-0.6666666666666666,1,154.266809
-0.5,1,154.270362
-0.6666666666666666,1,154.273833
-0.5,1,154.277413
-0.6666666666666666,1,154.281007
-0.3333333333333333,1,154.285244
-0.3333333333333333,1,154.289116
-0.2,1,154.292743
-0.3,1,154.296357
-0.12,1,154.300739
-0.06666666666666667,1,154.304567
-0.2,1,154.308366
0.0,1,154.314229
-1.0,1,154.318967
-1.0,1,154.3227
-1.0,1,154.326308
-1.0,1,154.330326
-0.6666666666666666,1,154.334182
-0.5,1,154.337826
-0.6666666666666666,1,154.341567
-0.3333333333333333,1,154.346246
-0.6666666666666666,1,154.350727
-0.3333333333333333,1,154.354548
-0.3333333333333333,1,154.358313
-0.25,1,154.362124
-0.3333333333333333,1,154.366126
-0.75,1,154.369776
-0.3333333333333333,1,154.373339
-0.2,1,154.377395
-0.2222222222222222,1,154.381019
-0.16666666666666666,1,154.384906
-0.2,1,154.388562
-0.2,1,154.39217
-0.2,1,154.395998
-0.16666666666666666,1,154.400204
0.0,1,154.403905
-1.0,1,154.407761
-1.0,1,154.411278
-1.0,1,154.415406
-0.5,1,154.419056
-1.0,1,154.42295
-0.25,1,154.426903
-0.3333333333333333,1,154.430746
-0.3333333333333333,1,154.434666
-0.3333333333333333,1,154.438375
-0.25,1,154.441966
-0.16666666666666666,1,154.446669
-0.5555555555555556,1,154.450916
-0.3333333333333333,1,154.454615
-0.5,1,154.458009
-0.6666666666666666,1,154.461663
-0.5,1,154.466354
-0.4,1,154.470246
-0.75,1,154.474726
-0.16666666666666666,1,154.478807
-0.25,1,154.483226
-0.3333333333333333,1,154.500697
-0.5,1,154.517811
-0.6666666666666666,1,154.522386
-1.0,1,154.530975
-1.0,1,154.535166
-1.0,1,154.538741
-0.6666666666666666,1,154.547291
-0.25,1,154.55191
-0.4,1,154.555955
-1.0,1,154.559847
-1.0,1,154.564026
-1.0,1,154.568079
-0.2,1,154.571857
-0.2,1,154.575313
-0.2,1,154.579359
-0.2,1,154.58356
-0.1,1,154.587612
-0.16666666666666666,1,154.591209
-0.3,1,154.595923
-0.12,1,154.600031
-0.3,1,154.604182
-0.125,1,154.607714
-0.3,1,154.611113
-0.25,1,154.614778
-0.2,1,154.619184
0.0,1,154.62269
-1.0,1,154.626268
-1.0,1,154.630061
-1.0,1,154.634167
-0.5,1,154.637813
-0.4,1,154.641264
-1.0,1,154.644816
-1.0,1,154.648836
-1.0,1,154.652525
-1.0,1,154.656345
-0.16666666666666666,1,154.659796
-0.2222222222222222,1,154.663348
-0.06666666666666667,1,154.667121
-0.16666666666666666,1,154.670849
-0.3333333333333333,1,154.676232
-0.3333333333333333,1,154.681376
-0.06666666666666667,1,154.685144
-0.2222222222222222,1,154.688389
-0.16666666666666666,1,154.691678
-0.2222222222222222,1,154.696019
-0.2,1,154.700183
-0.3333333333333333,1,154.703853
-0.2,1,154.707402
-0.3333333333333333,1,154.710948
-0.5,1,154.716038
-0.3333333333333333,1,154.720482
-0.2,1,154.72411
-0.2,1,154.728092
-0.3333333333333333,1,154.732414
-0.16666666666666666,1,154.736398
-0.125,1,154.740079
-0.2,1,154.743714
-0.2,1,154.750957
-0.3333333333333333,1,154.765682
-0.2,1,154.771386
-0.1,1,154.775499
-0.25,1,154.779921
-0.2,1,154.784823
-0.3333333333333333,1,154.788729
-0.3333333333333333,1,154.792531
-0.25,1,154.797059
-0.3333333333333333,1,154.802846
-0.25,1,154.806837
-0.1,1,154.81203
-0.25,1,154.816375
-0.2,1,154.820368
-0.12,1,154.824143
-0.3,1,154.828048
-0.2,1,154.832361
-0.2,1,154.836438
-0.2,1,154.840159
-0.4,1,154.843936
-0.2,1,154.847771
-0.3,1,154.851738
-0.12,1,154.855915
-0.06666666666666667,1,154.859669
-0.12,1,154.86505
-0.06666666666666667,1,154.869229
-0.16666666666666666,1,154.873328
-0.3,1,154.878631
-0.12,1,154.882944
-0.2,1,154.886718
-0.25,1,154.890341
0.0,1,154.894352
-1.0,1,154.899167
-1.0,1,154.903888
-1.0,1,154.907709
-1.0,1,154.91146
-1.0,1,154.916988
-0.16666666666666666,1,154.921427
0.0,1,154.925922
-1.0,1,154.930189
-1.0,1,154.934535
-1.0,1,154.940203
-0.3333333333333333,1,154.94413
-0.6666666666666666,1,154.948502
-0.5,1,154.952703
-0.3333333333333333,1,154.956336
0.0,1,154.960397
-1.0,1,154.964693
-1.0,1,154.969942
-0.3333333333333333,1,154.9737
-0.3333333333333333,1,154.978044
-0.3333333333333333,1,154.983076
-0.3333333333333333,1,154.987427
-0.3333333333333333,1,154.991301
-0.3333333333333333,1,154.99633
-0.3333333333333333,1,155.000932
-0.5,1,155.004644
-0.3333333333333333,1,155.008411
-0.25,1,155.014175
-0.6666666666666666,1,155.018471
-0.3333333333333333,1,155.022288
-0.3333333333333333,1,155.026138
-0.2,1,155.030031
-0.2222222222222222,1,155.034381
-0.16666666666666666,1,155.038142
0.0,1,155.042456
-1.0,1,155.049397
-1.0,1,155.054121
-0.6666666666666666,1,155.058097
-0.7777777777777778,1,155.062692
-0.6666666666666666,1,155.067004
-1.0,1,155.070836
-1.0,1,155.074659
-0.5555555555555556,1,155.078418
-0.3333333333333333,1,155.082861
-0.3333333333333333,1,155.08659
-0.6666666666666666,1,155.090434
-1.0,1,155.093733
-1.0,1,155.097242
-1.0,1,155.100997
-1.0,1,155.104722
-1.0,1,155.10799
-0.6666666666666666,1,155.112125
-0.25,1,155.116126
-0.4,1,155.119592
-0.25,1,155.122931
-0.3333333333333333,1,155.126167
-0.25,1,155.130553
-0.3333333333333333,1,155.134865
-0.25,1,155.138507
-0.3333333333333333,1,155.141958
-0.125,1,155.146425
-0.16666666666666666,1,155.150349
-0.5555555555555556,1,155.153759
-0.16666666666666666,1,155.156976
-0.125,1,155.160567
-0.3,1,155.166175
-0.25,1,155.170061
0.0,1,155.173558
-1.0,1,155.177021
-1.0,1,155.181239
-0.6666666666666666,1,155.185427
-0.3333333333333333,1,155.188993
-0.6666666666666666,1,155.192939
-0.3333333333333333,1,155.197219
-0.3333333333333333,1,155.200882
0.0,1,155.204269
-1.0,1,155.20763
-1.0,1,155.211148
-1.0,1,155.215874
-1.0,1,155.219857
-1.0,1,155.22324
-1.0,1,155.228048
-1.0,1,155.232623
-1.0,1,155.236046
-0.6666666666666666,1,155.239356
-0.5555555555555556,1,155.242982
-0.16666666666666666,1,155.246629
-0.25,1,155.250872
-0.3,1,155.254318
-0.25,1,155.25775
-0.2,1,155.261914
-0.2,1,155.265834
-0.2,1,155.269428
-0.12,1,155.272948
-0.3,1,155.277509
-0.12,1,155.284932
-0.3,1,155.290864
-0.125,1,155.29522
-0.3,1,155.308794
-0.25,1,155.315556
-0.3333333333333333,1,155.320044
-0.5555555555555556,1,155.323965
-1.0,1,155.327668
-1.0,1,155.331805
-1.0,1,155.33577
-1.0,1,155.339612
-1.0,1,155.343696
-0.5,1,155.347983
-0.3333333333333333,1,155.352913
-0.3333333333333333,1,155.35689
-0.16666666666666666,1,155.360874
-0.75,1,155.365384
-1.0,1,155.36967
-1.0,1,155.373327
-1.0,1,155.377178
-0.75,1,155.381542
-0.3333333333333333,1,155.386002
-0.2,1,155.39
-0.1,1,155.394136
-0.16666666666666666,1,155.398849
-0.06666666666666667,1,155.402981
-0.12,1,155.406754
-0.2,1,155.410367
-0.16666666666666666,1,155.414577
-0.2222222222222222,1,155.419174
-0.2,1,155.422872
0.0,1,155.426864
-1.0,1,155.431346
-0.5,1,155.435395
-1.0,1,155.439058
-1.0,1,155.442835
-1.0,1,155.446386
-0.75,1,155.450169
-0.3333333333333333,1,155.453814
-0.7777777777777778,1,155.45773
-0.6666666666666666,1,155.461661
-0.25,1,155.466287
-0.16666666666666666,1,155.470223
-0.25,1,155.474275
0.0,1,155.478771
-1.0,1,155.483572
-1.0,1,155.48787
-1.0,1,155.492382
-1.0,1,155.496495
-1.0,1,155.500993
-1.0,1,155.505527
-0.6666666666666666,1,155.509701
-0.5,1,155.513907
-0.3333333333333333,1,155.519326
-0.25,1,155.524031
-0.1,1,155.529128
-0.2,1,155.534481
-0.3333333333333333,1,155.538256
-0.125,1,155.543148
-0.3333333333333333,1,155.547932
-0.3333333333333333,1,155.552445
-0.6666666666666666,1,155.556575
-0.75,1,155.56167
-0.16666666666666666,1,155.573636
-0.3333333333333333,1,155.581635
-0.3333333333333333,1,155.591331
-0.25,1,155.597789
-0.3333333333333333,1,155.602175
-0.3333333333333333,1,155.60727
-0.3333333333333333,1,155.611451
-0.06666666666666667,1,155.619094
-0.2222222222222222,1,155.623628
-0.16666666666666666,1,155.627548
-0.2222222222222222,1,155.631777
-0.16666666666666666,1,155.635967
-0.2222222222222222,1,155.640587
-0.16666666666666666,1,155.644512
-0.2,1,155.648744
-0.2,1,155.65324
-0.16666666666666666,1,155.658326
-0.3333333333333333,1,155.662847
-0.3333333333333333,1,155.667253
-0.5555555555555556,1,155.671956
-0.3333333333333333,1,155.676005
-0.5,1,155.680555
-0.3333333333333333,1,155.685004
-0.25,1,155.689745
-0.3333333333333333,1,155.694056
-0.2,1,155.698
-0.3333333333333333,1,155.701709
-0.5,1,155.705992
-0.16666666666666666,1,155.709904
-0.3333333333333333,1,155.714216
-0.2,1,155.717693
-0.2,1,155.722555
-0.3333333333333333,1,155.726214
-0.2,1,155.730137
-0.4,1,155.733754
-0.3333333333333333,1,155.738962
-0.2,1,155.743003
-0.25,1,155.746597
-0.16666666666666666,1,155.74971
-0.75,1,155.753517
-0.4,1,155.757172
-0.06666666666666667,1,155.761391
-0.4,1,155.764843
-0.75,1,155.768508
-0.4,1,155.773489
-0.5,1,155.78024
-0.3333333333333333,1,155.784249
-0.5,1,155.789254
-0.3333333333333333,1,155.793733
-0.125,1,155.798147
-0.3,1,155.802624
-0.25,1,155.806508
-0.2,1,155.809784
-0.25,1,155.825045
-0.3333333333333333,1,155.829055
-0.3333333333333333,1,155.83253
-0.3333333333333333,1,155.836021
-0.25,1,155.839581
-0.2,1,155.844072
-0.25,1,155.847987
-0.2,1,155.851927
-0.25,1,155.855529
-0.2,1,155.859027
-0.2,1,155.862637
-0.2,1,155.866728
-0.16666666666666666,1,155.870919
-0.06666666666666667,1,155.874321
-0.16666666666666666,1,155.878525
-0.2222222222222222,1,155.892706
-0.3333333333333333,1,155.900116
0.0,1,155.905328
-1.0,1,155.910276
-1.0,1,155.914518
-0.6666666666666666,1,155.918614
-1.0,1,155.92352
-1.0,1,155.928021
-1.0,1,155.932424
-0.3333333333333333,1,155.93668
-0.25,1,155.940948
-0.3333333333333333,1,155.944765
-0.25,1,155.948786
-0.2,1,155.953019
-0.2,1,155.95726
-0.4,1,155.961123
-0.25,1,155.965398
-0.3333333333333333,1,155.969655
-0.25,1,155.973949
-0.3333333333333333,1,155.977958
-0.25,1,155.981629
-0.3333333333333333,1,155.98579
-0.5,1,155.989835
-0.3333333333333333,1,155.993663
-0.3333333333333333,1,155.997721
-0.6666666666666666,1,156.002757
-0.3333333333333333,1,156.011273
-0.3333333333333333,1,156.015658
-0.5,1,156.019147
-0.16666666666666666,1,156.023034
-0.25,1,156.027071
-0.2,1,156.031408
-0.2,1,156.035389
-0.4,1,156.039396
-0.2,1,156.042958
-0.3333333333333333,1,156.046714
-0.75,1,156.050607
-1.0,1,156.055358
-0.25,1,156.058874
-0.3333333333333333,1,156.06295
-0.2,1,156.066858
-0.2222222222222222,1,156.071011
-0.16666666666666666,1,156.074584
-0.2222222222222222,1,156.078841
-0.16666666666666666,1,156.082946
-0.4,1,156.08859
-0.06666666666666667,1,156.09292
-0.16666666666666666,1,156.097107
-0.06666666666666667,1,156.101274
-0.3,1,156.10547
-0.12,1,156.109723
-0.06666666666666667,1,156.113743
-0.16666666666666666,1,156.117551
-0.06666666666666667,1,156.122576
-0.12,1,156.128318
-0.06666666666666667,1,156.151064
-0.12,1,156.158106
-0.2,1,156.185485
-0.2,1,156.216026
-0.06666666666666667,1,156.258756
-0.16666666666666666,1,156.265501
-0.2222222222222222,1,156.2707
-0.3333333333333333,1,156.275597
-0.1,1,156.27995
-0.2,1,156.284176
-0.06666666666666667,1,156.288378
-0.16666666666666666,1,156.293258
-0.2,1,156.311596
-0.25,1,156.320869
-0.1,1,156.341018
-0.12,1,156.353922
-0.3,1,156.358801
-0.125,1,156.364904
-0.16666666666666666,1,156.375127
-0.3333333333333333,1,156.381526
0.0,1,156.38814
-1.0,1,156.393434
-1.0,1,156.398013
-0.6666666666666666,1,156.404099
-0.3333333333333333,1,156.408244
-0.3333333333333333,1,156.413336
-0.5555555555555556,1,156.418103
-0.3333333333333333,1,156.425946
-0.25,1,156.432359
-0.3333333333333333,1,156.441983
-0.25,1,156.450523
-0.2,1,156.462409
-0.12,1,156.479951
-0.1,1,156.500276
-0.125,1,156.506998
-0.16666666666666666,1,156.516141
-0.06666666666666667,1,156.52028
-0.3,1,156.524357
-0.12,1,156.529276
-0.06666666666666667,1,156.533552
-0.12,1,156.537796
-0.2,1,156.541647
-0.16666666666666666,1,156.545987
-0.2222222222222222,1,156.550249
-0.2,1,156.55513
-0.3333333333333333,1,156.560092
-0.3333333333333333,1,156.564009
-0.6666666666666666,1,156.568702
-1.0,1,156.57315
-0.3333333333333333,1,156.577911
-0.5,1,156.582543
-0.6666666666666666,1,156.587605
-0.5,1,156.592672
-0.4,1,156.596976
-1.0,1,156.601856
-0.4,1,156.606097
-0.5,1,156.610215
-0.3333333333333333,1,156.61517
-0.3333333333333333,1,156.620136
0.0,1,156.624479
-1.0,1,156.630708
-1.0,1,156.637477
-0.6666666666666666,1,156.646502
-0.75,1,156.654084
-0.16666666666666666,1,156.659719
-0.25,1,156.667595
-0.3333333333333333,1,156.674036
-0.25,1,156.678525
-0.2,1,156.683421
-0.06666666666666667,1,156.688398
-0.2222222222222222,1,156.696495
-0.16666666666666666,1,156.701854
-0.2222222222222222,1,156.707029
-0.16666666666666666,1,156.71879
-0.2222222222222222,1,156.722802
-0.16666666666666666,1,156.726209
-0.06666666666666667,1,156.73229
-0.12,1,156.737372
-0.2,1,156.742319
-0.125,1,156.747039
-0.2,1,156.751921
-0.2,1,156.755966
-0.2222222222222222,1,156.760132
-0.16666666666666666,1,156.764322
-0.2222222222222222,1,156.768766
-0.16666666666666666,1,156.772977
-0.4,1,156.777339
-0.2,1,156.78122
-0.2,1,156.785842
-0.25,1,156.790178
-0.2,1,156.794758
-0.12,1,156.799542
-0.06666666666666667,1,156.804078
-0.12,1,156.809011
-0.2,1,156.81442
-0.2,1,156.819693
-0.2,1,156.823803
-0.12,1,156.827567
-0.2,1,156.833572
-0.2,1,156.838082
-0.2,1,156.842237
-0.16666666666666666,1,156.846621
-0.2,1,156.851217
-0.12,1,156.856158
-0.06666666666666667,1,156.863136
-0.16666666666666666,1,156.867916
-0.2222222222222222,1,156.871954
-0.3333333333333333,1,156.87595
0.0,1,156.880137
-1.0,1,156.8846
-1.0,1,156.889204
-1.0,1,156.893558
-1.0,1,156.897781
-1.0,1,156.902822
-1.0,1,156.90708
-0.3333333333333333,1,156.911309
-0.5,1,156.916533
-0.3333333333333333,1,156.921263
-0.5,1,156.925521
-0.6666666666666666,1,156.933995
-1.0,1,156.938651
-0.6666666666666666,1,156.942903
-1.0,1,156.947366
-0.6666666666666666,1,156.951962
-0.25,1,156.956441
-0.6666666666666666,1,156.96562
-0.7777777777777778,1,156.984215
-0.3333333333333333,1,156.98862
-0.125,1,156.992694
-0.16666666666666666,1,156.997112
-0.5,1,157.002706
-1.0,1,157.00708
-0.25,1,157.0116
-0.3333333333333333,1,157.01611
-0.3333333333333333,1,157.02098
-0.6666666666666666,1,157.025866
-0.3333333333333333,1,157.029878
-0.16666666666666666,1,157.034221
-0.25,1,157.038727
-0.16666666666666666,1,157.042574
-0.75,1,157.046432
-0.3333333333333333,1,157.050591
-0.2,1,157.054248
-0.3333333333333333,1,157.05779
-0.3333333333333333,1,157.062197
-0.3333333333333333,1,157.066455
-0.75,1,157.070824
-0.4,1,157.074185
-0.75,1,157.07783
-1.0,1,157.081513
-0.75,1,157.086775
-0.16666666666666666,1,157.090487
-0.25,1,157.094044
-0.16666666666666666,1,157.097632
-0.25,1,157.101837
-0.16666666666666666,1,157.105823
-0.3333333333333333,1,157.109642
-0.2222222222222222,1,157.114162
-0.2,1,157.119223
-0.3333333333333333,1,157.125507
-0.3333333333333333,1,157.129306
-0.2,1,157.133371
-0.16666666666666666,1,157.137694
-0.2,1,157.141514
-0.16666666666666666,1,157.146703
-0.06666666666666667,1,157.15134
-0.16666666666666666,1,157.155679
-0.2,1,157.15944
-0.12,1,157.163386
-0.06666666666666667,1,157.16759
-0.2,1,157.171816
-0.2,1,157.176293
-0.3333333333333333,1,157.18031
-0.3333333333333333,1,157.184562
-0.25,1,157.188687
-0.3333333333333333,1,157.192694
-0.5,1,157.197114
-0.16666666666666666,1,157.201823
-0.5,1,157.206024
-0.3333333333333333,1,157.20993
-0.3333333333333333,1,157.214235
-0.3333333333333333,1,157.218574
-0.25,1,157.222951
-0.1,1,157.226883
-0.2,1,157.230628
-0.2,1,157.234619
-0.12,1,157.238833
-0.3,1,157.243292
-0.16666666666666666,1,157.249897
-0.1,1,157.253639
-0.16666666666666666,1,157.257473
-0.06666666666666667,1,157.261106
-0.2,1,157.265625
-0.1,1,157.26926
-0.16666666666666666,1,157.273099
-0.1,1,157.276443
-0.25,1,157.280595
-0.1,1,157.284465
-0.3333333333333333,1,157.288379
-0.2222222222222222,1,157.292216
-0.16666666666666666,1,157.2958
-0.2222222222222222,1,157.305995
-0.2,1,157.318178
-0.16666666666666666,1,157.32309
-0.125,1,157.327995
-0.3,1,157.333728
-0.125,1,157.338237
-0.16666666666666666,1,157.342722
-0.2,1,157.347169
-0.3333333333333333,1,157.35207
-0.25,1,157.356195
-0.16666666666666666,1,157.360298
-0.06666666666666667,1,157.365054
-0.2222222222222222,1,157.370766
-0.3333333333333333,1,157.374805
-0.2222222222222222,1,157.379594
-0.16666666666666666,1,157.384754
-0.2,1,157.388756
-1.0,1,157.392721
-0.4,1,157.397549
-0.2,1,157.402046
-0.3333333333333333,1,157.406503
-0.2,1,157.411811
-0.3333333333333333,1,157.41838
-0.3333333333333333,1,157.426379
-0.3333333333333333,1,157.431128
-0.25,1,157.437685
0.0,1,157.443877
-1.0,1,157.44897
-1.0,1,157.453476
-1.0,1,157.457326
-0.5,1,157.461061
-0.3333333333333333,1,157.464785
-0.5555555555555556,1,157.468887
-0.3333333333333333,1,157.47281
-0.5,1,157.477056
-0.3333333333333333,1,157.480839
-0.5,1,157.484785
-0.3333333333333333,1,157.488844
-0.2,1,157.493071
-0.2,1,157.496691
-0.12,1,157.500602
-0.2,1,157.504419
-0.25,1,157.508374
-0.1,1,157.513747
-0.3333333333333333,1,157.518161
-0.2,1,157.522231
-0.25,1,157.526577
-0.2,1,157.53047
-0.16666666666666666,1,157.534739
-0.2,1,157.538461
0.0,1,157.542604
-1.0,1,157.549011
-1.0,1,157.55335
-1.0,1,157.557536
-0.3333333333333333,1,157.56172
-0.3333333333333333,1,157.56705
-0.25,1,157.570779
-0.16666666666666666,1,157.57478
-0.5555555555555556,1,157.579023
-0.3333333333333333,1,157.583369
-0.5,1,157.58789
-0.3333333333333333,1,157.591814
0.0,1,157.596845
-1.0,1,157.601487
-1.0,1,157.605366
-1.0,1,157.609674
-1.0,1,157.614399
-1.0,1,157.61828
-0.5,1,157.622175
-0.3333333333333333,1,157.626201
-0.3333333333333333,1,157.630616
-0.6666666666666666,1,157.634896
-1.0,1,157.638974
-1.0,1,157.642956
-1.0,1,157.646613
-1.0,1,157.65075
-0.5,1,157.654824
-1.0,1,157.658897
-0.75,1,157.663395
-0.16666666666666666,1,157.667635
-0.25,1,157.67181
-0.3333333333333333,1,157.675715
-0.06666666666666667,1,157.681224
-0.3333333333333333,1,157.685255
0.0,1,157.689004
-1.0,1,157.692673
-1.0,1,157.698283
-1.0,1,157.703049
-1.0,1,157.710514
-1.0,1,157.723991
-1.0,1,157.729837
-0.3333333333333333,1,157.735096
-0.3333333333333333,1,157.74047
-0.3333333333333333,1,157.74474
-0.125,1,157.749574
-0.16666666666666666,1,157.753871
-0.75,1,157.76191
-0.4,1,157.770247
-0.25,1,157.774677
-0.6666666666666666,1,157.778405
-0.25,1,157.782706
-0.16666666666666666,1,157.787227
-0.25,1,157.79134
-0.3333333333333333,1,157.79622
-0.5,1,157.801026
-1.0,1,157.805075
-1.0,1,157.809289
-1.0,1,157.814025
-1.0,1,157.818739
-1.0,1,157.822762
-1.0,1,157.827313
-1.0,1,157.831522
-0.5,1,157.835344
-0.3333333333333333,1,157.839185
-0.2,1,157.8437
-0.2,1,157.849653
-0.2,1,157.855009
-0.2,1,157.859543
-1.0,1,157.863884
-1.0,1,157.868526
-0.75,1,157.872901
-0.16666666666666666,1,157.878352
-0.3333333333333333,1,157.883084
-0.16666666666666666,1,157.88759
-0.3333333333333333,1,157.891697
-1.0,1,157.895911
-1.0,1,157.900266
-1.0,1,157.90463
-1.0,1,157.911618
-1.0,1,157.920597
-0.25,1,157.925177
-0.6666666666666666,1,157.929817
-0.3333333333333333,1,157.935044
-0.6666666666666666,1,157.939602
-0.75,1,157.943905
-0.6666666666666666,1,157.9481
-0.3333333333333333,1,157.952768
-0.16666666666666666,1,157.957087
-0.125,1,157.961511
-0.3,1,157.966441
-0.12,1,157.971122
-0.3,1,157.974897
-0.16666666666666666,1,157.979105
-0.3,1,157.98405
-0.16666666666666666,1,157.988492
-0.2,1,157.992713
-0.125,1,157.99754
-0.3333333333333333,1,158.002037
-0.25,1,158.006099
-0.3333333333333333,1,158.010238
-0.3333333333333333,1,158.014007
-0.3333333333333333,1,158.018352
-0.5555555555555556,1,158.022242
-1.0,1,158.026093
-0.3333333333333333,1,158.030249
0.0,1,158.034295
-1.0,1,158.038466
-1.0,1,158.042146
-0.6666666666666666,1,158.046612
-0.75,1,158.050647
-0.6666666666666666,1,158.055241
-0.75,1,158.059703
-1.0,1,158.063681
-1.0,1,158.067677
-0.4,1,158.071959
-0.2,1,158.076112
-0.2,1,158.080137
-0.2,1,158.08427
0.0,1,158.088064
-1.0,1,158.092319
-1.0,1,158.097003
-1.0,1,158.100669
-1.0,1,158.105149
-0.6666666666666666,1,158.109289
-0.75,1,158.113571
-0.3333333333333333,1,158.11756
-0.75,1,158.121616
-1.0,1,158.12561
-1.0,1,158.130021
-0.3333333333333333,1,158.135006
-0.5,1,158.139428
-0.3333333333333333,1,158.143533
-0.3333333333333333,1,158.146955
-0.3333333333333333,1,158.150988
-0.25,1,158.155239
-0.3333333333333333,1,158.159523
-0.5,1,158.164555
-0.3333333333333333,1,158.169134
-0.25,1,158.173242
-0.3333333333333333,1,158.177158
-0.3333333333333333,1,158.180895
-0.6666666666666666,1,158.187771
-1.0,1,158.192611
-1.0,1,158.196753
-1.0,1,158.202103
-0.6666666666666666,1,158.206384
-0.3333333333333333,1,158.21041
-0.3333333333333333,1,158.215861
-0.25,1,158.220513
-0.3333333333333333,1,158.224693
-0.3333333333333333,1,158.230171
-0.3333333333333333,1,158.234373
-0.3333333333333333,1,158.23888
0.0,1,158.242907
-1.0,1,158.246841
-1.0,1,158.251742
-0.3333333333333333,1,158.256067
-0.3333333333333333,1,158.260573
-0.3333333333333333,1,158.264279
-0.3333333333333333,1,158.267984
-1.0,1,158.272321
-0.3333333333333333,1,158.276012
-0.3333333333333333,1,158.2802
-0.2,1,158.283971
-0.2222222222222222,1,158.288308
-0.2,1,158.292622
-0.3333333333333333,1,158.296467
-0.2,1,158.300183
0.0,1,158.304316
-1.0,1,158.308602
-1.0,1,158.312907
-0.3333333333333333,1,158.317109
-1.0,1,158.321634
-1.0,1,158.3263
-0.5,1,158.330439
-0.16666666666666666,1,158.335452
-0.125,1,158.340054
-0.1,1,158.344606
-0.16666666666666666,1,158.348308
-0.2222222222222222,1,158.352411
-0.2,1,158.356561
-0.3333333333333333,1,158.360108
-0.3333333333333333,1,158.363995
-0.2,1,158.368561
-0.25,1,158.372214
-0.6666666666666666,1,158.376078
-0.3333333333333333,1,158.380067
0.0,1,158.383962
-1.0,1,158.38759
-1.0,1,158.39109
-1.0,1,158.39555
-0.3333333333333333,1,158.399295
-0.3333333333333333,1,158.402963
-0.2,1,158.407164
-0.2222222222222222,1,158.411099
-0.16666666666666666,1,158.414728
-0.06666666666666667,1,158.41864
-0.2,1,158.423268
-0.1,1,158.427311
-0.2,1,158.431567
-0.06666666666666667,1,158.437267
-0.16666666666666666,1,158.441193
-0.2222222222222222,1,158.445146
-0.2,1,158.448809
-0.4,1,158.453192
-0.5,1,158.457058
-0.6666666666666666,1,158.469389
-0.5555555555555556,1,158.474928
-0.3333333333333333,1,158.482771
0.0,1,158.487476
-1.0,1,158.492592
-1.0,1,158.496676
-1.0,1,158.500974
-0.5,1,158.505587
-0.3333333333333333,1,158.509799
-0.3333333333333333,1,158.513939
-0.3333333333333333,1,158.518446
-0.5,1,158.523231
-0.6666666666666666,1,158.527811
-0.5,1,158.532279
-0.4,1,158.537258
-0.16666666666666666,1,158.541597
-0.2,1,158.546021
-0.5,1,158.550415
-0.2,1,158.55463
-0.3333333333333333,1,158.559438
-0.2,1,158.563851
-0.5,1,158.56834
-0.3333333333333333,1,158.572963
-0.3333333333333333,1,158.577501
-0.3333333333333333,1,158.581743
-0.25,1,158.586284
-0.2,1,158.590284
-0.16666666666666666,1,158.594243
-0.2222222222222222,1,158.59786
-0.16666666666666666,1,158.601624
-0.06666666666666667,1,158.605788
-0.16666666666666666,1,158.609519
-0.06666666666666667,1,158.613425
-0.12,1,158.617143
-0.06666666666666667,1,158.621066
-0.12,1,158.624572
-0.06666666666666667,1,158.628345
-0.16666666666666666,1,158.632382
-0.06666666666666667,1,158.637069
-0.16666666666666666,1,158.641335
-0.1,1,158.64552
-0.2,1,158.649315
-0.2,1,158.653677
-0.5,1,158.657457
-0.3333333333333333,1,158.661637
-0.3333333333333333,1,158.666242
0.0,1,158.670673
-1.0,1,158.674852
-1.0,1,158.678802
-1.0,1,158.683815
-1.0,1,158.687945
-0.6666666666666666,1,158.692664
-1.0,1,158.697025
-1.0,1,158.701646
-1.0,1,158.705762
-0.4,1,158.711179
-0.2,1,158.715602
-0.2,1,158.720993
-0.125,1,158.72503
-0.16666666666666666,1,158.729227
-0.5555555555555556,1,158.734081
-0.3333333333333333,1,158.739128
-0.25,1,158.743547
-0.3333333333333333,1,158.74949
-0.25,1,158.754725
-0.2,1,158.758809
-0.12,1,158.763652
-0.1,1,158.768505
-0.16666666666666666,1,158.772859
-0.1,1,158.778167
-0.16666666666666666,1,158.782196
-0.2222222222222222,1,158.789122
-0.16666666666666666,1,158.799316
-0.3,1,158.813754
-0.125,1,158.819225
-0.3333333333333333,1,158.823569
-0.2,1,158.827312
0.0,1,158.833887
-1.0,1,158.840811
-0.5,1,158.845148
-0.6666666666666666,1,158.849097
-0.5,1,158.853518
0.0,1,158.858243
-1.0,1,158.86371
-1.0,1,158.869642
-0.6666666666666666,1,158.873725
-1.0,1,158.882324
-1.0,1,158.886757
-1.0,1,158.890873
-1.0,1,158.895093
-0.5,1,158.8997
-0.3333333333333333,1,158.903823
-0.5,1,158.908311
-0.3333333333333333,1,158.912226
-0.2,1,158.916348
-0.2222222222222222,1,158.920639
-0.2,1,158.924597
-0.2222222222222222,1,158.928693
-0.16666666666666666,1,158.933077
-0.2222222222222222,1,158.937634
-0.2,1,158.941031
-0.4,1,158.945168
-1.0,1,158.94945
-1.0,1,158.953977
-0.16666666666666666,1,158.957531
-0.2222222222222222,1,158.961505
-0.16666666666666666,1,158.965616
-0.2,1,158.969394
-1.0,1,158.973051
-1.0,1,158.976758
-1.0,1,158.980875
-1.0,1,158.985193
-1.0,1,158.988956
-1.0,1,158.99262
-1.0,1,158.996848
-1.0,1,159.0017
-0.16666666666666666,1,159.005371
-1.0,1,159.009481
-0.16666666666666666,1,159.014798
-0.4,1,159.024667
-0.5,1,159.028655
-0.6666666666666666,1,159.033743
-0.75,1,159.037984
-0.3333333333333333,1,159.041874
-0.2,1,159.046506
-0.2222222222222222,1,159.050921
-0.16666666666666666,1,159.055204
-0.2222222222222222,1,159.059283
-0.16666666666666666,1,159.068709
-0.4,1,159.073425
-0.25,1,159.079492
-0.6666666666666666,1,159.085198
-0.7777777777777778,1,159.089334
-0.3333333333333333,1,159.09334
-0.7777777777777778,1,159.09754
-0.3333333333333333,1,159.102211
-0.7777777777777778,1,159.106519
-0.6666666666666666,1,159.110935
-1.0,1,159.115491
-0.3333333333333333,1,159.120287
-0.3333333333333333,1,159.124858
-0.6666666666666666,1,159.129443
-0.3333333333333333,1,159.134267
-0.16666666666666666,1,159.138475
-0.5,1,159.14273
-1.0,1,159.147346
-1.0,1,159.151958
-1.0,1,159.156213
-1.0,1,159.160556
-1.0,1,159.16482
-0.75,1,159.169109
-0.4,1,159.173522
-0.5,1,159.182038
-0.3333333333333333,1,159.18662
-0.3333333333333333,1,159.193796
-0.4,1,159.20029
-0.75,1,159.204411
-1.0,1,159.208542
-1.0,1,159.21305
-1.0,1,159.217173
-1.0,1,159.221315
-0.6666666666666666,1,159.225141
-0.3333333333333333,1,159.228944
-0.3333333333333333,1,159.234258
-0.2,1,159.238166
0.0,1,159.241844
-1.0,1,159.246194
-1.0,1,159.252571
-1.0,1,159.256581
-1.0,1,159.260495
-0.6666666666666666,1,159.264232
-0.75,1,159.268356
-0.4,1,159.272194
-0.16666666666666666,1,159.276048
-0.4,1,159.280118
-0.5,1,159.285323
-0.3333333333333333,1,159.289154
-0.25,1,159.2928
-0.2,1,159.297151
-0.16666666666666666,1,159.301172
-0.2,1,159.305063
-0.25,1,159.309482
-0.3333333333333333,1,159.314415
0.0,1,159.319455
-1.0,1,159.324073
-1.0,1,159.328775
-0.3333333333333333,1,159.333267
-0.5,1,159.337214
-0.6666666666666666,1,159.341191
-1.0,1,159.345972
-0.6666666666666666,1,159.350637
-0.75,1,159.354657
-0.4,1,159.358473
-0.06666666666666667,1,159.362565
-0.16666666666666666,1,159.36712
-0.06666666666666667,1,159.370918
-0.2222222222222222,1,159.375496
-0.16666666666666666,1,159.379923
-0.2222222222222222,1,159.384131
-0.2,1,159.387963
-0.2,1,159.391568
-0.12,1,159.395546
-0.2,1,159.399672
-0.25,1,159.403517
0.0,1,159.40744
-1.0,1,159.411047
-1.0,1,159.415257
-0.6666666666666666,1,159.419598
-0.5,1,159.423671
-0.3333333333333333,1,159.428368
-0.75,1,159.432678
-0.16666666666666666,1,159.437638
-0.3333333333333333,1,159.441445
-0.6666666666666666,1,159.450734
-0.5,1,159.45663
-0.3333333333333333,1,159.465562
-0.3333333333333333,1,159.474138
-0.3333333333333333,1,159.486465
-1.0,1,159.494152
-1.0,1,159.501253
-1.0,1,159.506322
-1.0,1,159.513755
-1.0,1,159.518317
-0.6666666666666666,1,159.522432
-0.3333333333333333,1,159.52696
-0.6666666666666666,1,159.530837
-0.75,1,159.535066
-0.3333333333333333,1,159.538924
-0.25,1,159.543249
-0.1,1,159.547457
-0.25,1,159.552139
-0.3,1,159.556152
-0.125,1,159.560335
-0.3333333333333333,1,159.567203
-0.25,1,159.571874
-0.3333333333333333,1,159.576055
-0.3333333333333333,1,159.579898
-0.6666666666666666,1,159.584323
-1.0,1,159.588539
-0.6666666666666666,1,159.592754
-0.25,1,159.597413
-0.3333333333333333,1,159.601688
-0.3333333333333333,1,159.605527
-0.2,1,159.609529
-0.12,1,159.614749
-0.2,1,159.618884
-0.25,1,159.623109
-0.3333333333333333,1,159.626836
-0.25,1,159.630944
0.0,1,159.63557
-1.0,1,159.639572
-1.0,1,159.643675
-1.0,1,159.649749
-1.0,1,159.654133
-1.0,1,159.657881
-0.5555555555555556,1,159.661665
-0.3333333333333333,1,159.669873
-0.5,1,159.681894
-0.3333333333333333,1,159.688391
-0.25,1,159.693137
-0.2,1,159.697712
-0.16666666666666666,1,159.702476
-0.2,1,159.707114
0.0,1,159.711308
-1.0,1,159.716079
-1.0,1,159.720425
-1.0,1,159.724453
-0.5,1,159.728811
0.0,1,159.733665
-1.0,1,159.738064
-1.0,1,159.742425
-1.0,1,159.747008
-0.5,1,159.751777
-0.6666666666666666,1,159.755777
-0.5,1,159.760319
-0.2,1,159.764954
-0.16666666666666666,1,159.769622
-0.2222222222222222,1,159.773656
-0.16666666666666666,1,159.79383
-0.06666666666666667,1,159.813936
-0.12,1,159.836185
-0.06666666666666667,1,159.860415
-0.12,1,159.883872
-0.2,1,159.890529
-0.16666666666666666,1,159.898641
-0.2,1,159.903546
0.0,1,159.907561
-1.0,1,159.912894
-1.0,1,159.917782
-0.6666666666666666,1,159.92178
-0.5,1,159.925318
-0.6666666666666666,1,159.92995
-0.5,1,159.934744
-0.3333333333333333,1,159.939055
-0.25,1,159.943437
-0.16666666666666666,1,159.947949
-0.75,1,159.953668
-0.3333333333333333,1,159.957719
-0.3333333333333333,1,159.96206
-0.6666666666666666,1,159.967097
-0.5,1,159.971314
-0.6666666666666666,1,159.975229
-0.3333333333333333,1,159.980749
-0.6666666666666666,1,159.985372
-0.7777777777777778,1,159.98958
-0.6666666666666666,1,159.99886
-0.5,1,160.009307
-0.3333333333333333,1,160.026733
-0.06666666666666667,1,160.047457
-0.3333333333333333,1,160.060085
0.0,1,160.067108
-1.0,1,160.07235
-1.0,1,160.077785
-0.6666666666666666,1,160.08276
-0.3333333333333333,1,160.087763
-0.3333333333333333,1,160.103058
-0.2,1,160.117521
-0.3333333333333333,1,160.123173
-0.25,1,160.127279
-0.3333333333333333,1,160.132112
-0.3333333333333333,1,160.136636
-0.3333333333333333,1,160.140458
-0.2,1,160.1445
-0.2,1,160.148306
-0.06666666666666667,1,160.151996
-0.16666666666666666,1,160.158928
-0.5555555555555556,1,160.16302
-0.3333333333333333,1,160.17461
-0.5,1,160.187186
0.0,1,160.193455
-1.0,1,160.198137
-1.0,1,160.2021
-1.0,1,160.205817
-1.0,1,160.209846
-1.0,1,160.214369
-1.0,1,160.218912
-1.0,1,160.222771
-1.0,1,160.226681
-0.6666666666666666,1,160.230952
-1.0,1,160.235101
-1.0,1,160.238916
-1.0,1,160.242571
-1.0,1,160.24685
-0.75,1,160.251258
-0.16666666666666666,1,160.255267
-0.25,1,160.259566
-0.3333333333333333,1,160.264184
-0.3333333333333333,1,160.26907
-1.0,1,160.27346
-0.5555555555555556,1,160.277663
-0.16666666666666666,1,160.282183
-0.2,1,160.286647
-0.16666666666666666,1,160.292473
-0.06666666666666667,1,160.297383
-0.3333333333333333,1,160.30132
-0.25,1,160.30565
-0.3,1,160.309615
-0.16666666666666666,1,160.314093
-0.2,1,160.319567
-0.25,1,160.326665
-0.2,1,160.332022
-0.2,1,160.33901
-0.2,1,160.344859
-0.3333333333333333,1,160.351791
-0.16666666666666666,1,160.355951
-0.5,1,160.3603
-0.3333333333333333,1,160.365442
-0.3333333333333333,1,160.36953
0.0,1,160.373353
-1.0,1,160.377318
-1.0,1,160.381339
-1.0,1,160.385322
-1.0,1,160.389289
-1.0,1,160.393063
-1.0,1,160.397366
-1.0,1,160.401704
-1.0,1,160.406281
-0.6666666666666666,1,160.410637
-0.5,1,160.414632
-0.6666666666666666,1,160.419162
-0.5,1,160.423281
-0.6666666666666666,1,160.429478
-0.7777777777777778,1,160.437618
-0.6666666666666666,1,160.442582
-0.5,1,160.455648
-0.6666666666666666,1,160.462607
-0.3333333333333333,1,160.46743
-0.3333333333333333,1,160.472168
-0.25,1,160.476511
-0.2,1,160.48111
-0.25,1,160.486247
-0.2,1,160.490928
-0.25,1,160.495613
-0.3333333333333333,1,160.499984
-0.5,1,160.504852
-0.3333333333333333,1,160.509601
-0.5555555555555556,1,160.513898
-0.16666666666666666,1,160.518038
-0.5555555555555556,1,160.522202
-0.16666666666666666,1,160.526725
-0.5555555555555556,1,160.530685
-0.3333333333333333,1,160.535073
-0.3333333333333333,1,160.539278
-1.0,1,160.543155
-0.75,1,160.547367
-0.6666666666666666,1,160.552615
-0.5,1,160.559257
-0.3333333333333333,1,160.566587
-0.125,1,160.570957
-0.3333333333333333,1,160.575632
-0.25,1,160.579889
-0.2,1,160.584327
-0.12,1,160.589064
-0.3,1,160.593769
-0.16666666666666666,1,160.598633
-0.1,1,160.602865
-0.2,1,160.608006
-0.1,1,160.613004
-0.25,1,160.617502
-0.2,1,160.62235
-0.12,1,160.62699
-0.3,1,160.631156
-0.16666666666666666,1,160.635317
0.0,1,160.640057
-1.0,1,160.644727
-0.5,1,160.64901
-0.6666666666666666,1,160.652771
-0.3333333333333333,1,160.656997
-0.3333333333333333,1,160.661977
-0.3333333333333333,1,160.66579
-0.3333333333333333,1,160.669482
-0.25,1,160.673676
-0.2,1,160.679517
-0.12,1,160.684794
-0.2,1,160.689357
-0.25,1,160.69306
-0.3333333333333333,1,160.696788
-0.3333333333333333,1,160.700812
-0.3333333333333333,1,160.70504
-0.25,1,160.709371
-0.3,1,160.712953
-0.12,1,160.716427
-0.2,1,160.720782
-0.2,1,160.724999
-0.2222222222222222,1,160.72937
-0.16666666666666666,1,160.733403
-0.2222222222222222,1,160.737297
-0.3333333333333333,1,160.741045
0.0,1,160.744659
-1.0,1,160.748232
-1.0,1,160.752562
-1.0,1,160.756533
-1.0,1,160.76065
-0.3333333333333333,1,160.764238
-1.0,1,160.767675
-0.6666666666666666,1,160.771364
-0.5555555555555556,1,160.774938
-0.16666666666666666,1,160.778646
-0.06666666666666667,1,160.7822
-0.16666666666666666,1,160.785871
-0.3333333333333333,1,160.789786
-0.3333333333333333,1,160.794113
-0.3333333333333333,1,160.797929
-0.3333333333333333,1,160.802254
-0.25,1,160.806257
-0.1,1,160.809647
-0.2,1,160.813823
-0.06666666666666667,1,160.81743
-0.12,1,160.821041
-0.2,1,160.824635
-0.125,1,160.832443
-0.16666666666666666,1,160.838464
-0.5555555555555556,1,160.842929
-0.16666666666666666,1,160.84676
-0.125,1,160.8505
-0.16666666666666666,1,160.854613
-0.5555555555555556,1,160.859237
-0.16666666666666666,1,160.863573
-0.25,1,160.868646
-0.2,1,160.872837
-0.5,1,160.876621
-0.6666666666666666,1,160.880132
-0.5,1,160.884593
-0.3333333333333333,1,160.889154
-0.2,1,160.892827
-0.3333333333333333,1,160.899218
-0.2,1,160.903363
-0.4,1,160.908057
-1.0,1,160.912663
-1.0,1,160.91696
-0.5,1,160.922713
-0.6666666666666666,1,160.927431
-0.5,1,160.931949
-0.3333333333333333,1,160.937367
-0.3333333333333333,1,160.94198
-0.3333333333333333,1,160.948151
-0.3333333333333333,1,160.952785
-0.16666666666666666,1,160.957325
-0.06666666666666667,1,160.962768
-0.3333333333333333,1,160.970651
-0.5555555555555556,1,160.976954
-0.3333333333333333,1,160.982647
-0.2,1,160.991019
-0.2,1,161.003047
-0.2,1,161.008948
-0.2222222222222222,1,161.013147
-0.16666666666666666,1,161.017138
-1.0,1,161.021472
-1.0,1,161.025066
-0.2,1,161.029425
-0.25,1,161.034105
-0.16666666666666666,1,161.038284
-0.3333333333333333,1,161.047467
-0.3333333333333333,1,161.053194
-0.5,1,161.06002
0.0,1,161.065248
-1.0,1,161.070124
-1.0,1,161.074346
-0.6666666666666666,1,161.078931
-0.3333333333333333,1,161.083883
-0.3333333333333333,1,161.088146
-0.75,1,161.092492
-0.16666666666666666,1,161.096751
-0.25,1,161.101439
-0.3333333333333333,1,161.105757
-0.3333333333333333,1,161.109818
-0.3333333333333333,1,161.114039
-0.25,1,161.118629
-0.2,1,161.123241
-0.3333333333333333,1,161.127474
-0.3333333333333333,1,161.131894
-0.25,1,161.136378
-0.3333333333333333,1,161.140422
-0.3333333333333333,1,161.144765
-0.6666666666666666,1,161.149121
-0.3333333333333333,1,161.15337
-0.6666666666666666,1,161.15772
-0.5,1,161.162816
-0.6666666666666666,1,161.167315
-0.5,1,161.173508
-1.0,1,161.180608
-1.0,1,161.186528
-0.6666666666666666,1,161.190637
-0.3333333333333333,1,161.194821
-0.6666666666666666,1,161.199335
-0.3333333333333333,1,161.204044
-0.3333333333333333,1,161.207888
-0.3333333333333333,1,161.21232
-0.3333333333333333,1,161.216544
-0.3333333333333333,1,161.22112
-0.1,1,161.225174
-0.2,1,161.229615
-0.06666666666666667,1,161.234082
-0.16666666666666666,1,161.237886
0.0,1,161.241509
-1.0,1,161.245944
-1.0,1,161.250396
-1.0,1,161.254144
-1.0,1,161.257865
-0.3333333333333333,1,161.261809
-0.25,1,161.266066
-0.3333333333333333,1,161.270568
-0.125,1,161.27391
-0.3333333333333333,1,161.277725
-0.25,1,161.282231
-0.1,1,161.286289
-0.2,1,161.290288
-0.06666666666666667,1,161.296162
-0.2,1,161.301298
-0.2,1,161.305859
-0.2,1,161.31011
-0.2,1,161.314259
-0.25,1,161.318395
-0.2,1,161.322314
-0.3333333333333333,1,161.326297
-0.2222222222222222,1,161.330006
-0.16666666666666666,1,161.334482
-0.2,1,161.339244
0.0,1,161.34312
-1.0,1,161.346872
-1.0,1,161.351388
-1.0,1,161.356118
-1.0,1,161.360239
-1.0,1,161.364535
-1.0,1,161.368998
-1.0,1,161.373096
-0.5,1,161.376572
-0.3333333333333333,1,161.380555
-0.3333333333333333,1,161.385164
-0.16666666666666666,1,161.389805
-0.06666666666666667,1,161.393293
-0.2222222222222222,1,161.397134
-0.16666666666666666,1,161.401266
-0.2222222222222222,1,161.40487
-0.3333333333333333,1,161.408272
0.0,1,161.411934
-1.0,1,161.416709
-1.0,1,161.421094
-0.3333333333333333,1,161.425786
-0.25,1,161.429555
-0.3333333333333333,1,161.434552
-0.25,1,161.438781
-0.2,1,161.442571
0.0,1,161.447759
-1.0,1,161.45158
-1.0,1,161.455297
-0.6666666666666666,1,161.459147
-0.3333333333333333,1,161.465229
-0.3333333333333333,1,161.469737
-0.3333333333333333,1,161.473907
-0.16666666666666666,1,161.480032
-0.3333333333333333,1,161.484592
-0.16666666666666666,1,161.488217
-0.125,1,161.491697
-0.16666666666666666,1,161.495795
-0.25,1,161.500223
-0.3333333333333333,1,161.504281
-0.25,1,161.507864
-0.3333333333333333,1,161.511736
-0.2,1,161.51566
-0.2,1,161.520085
-0.12,1,161.524016
-0.06666666666666667,1,161.527632
-0.2,1,161.531362
-0.2,1,161.535729
-0.16666666666666666,1,161.539897
-0.2,1,161.544144
-0.2,1,161.550931
-0.1,1,161.557763
-0.2,1,161.561962
-0.1,1,161.566272
-0.2,1,161.570646
-0.1,1,161.574963
-0.2,1,161.579628
-0.06666666666666667,1,161.584287
-0.16666666666666666,1,161.588289
-0.06666666666666667,1,161.591954
-0.12,1,161.596129
-0.2,1,161.60039
0.0,1,161.6047
-1.0,1,161.61956
-1.0,1,161.624515
-0.6666666666666666,1,161.630318
-0.3333333333333333,1,161.635321
-0.3333333333333333,1,161.639645
-0.25,1,161.644375
-0.3333333333333333,1,161.649392
-0.2,1,161.654381
-0.4,1,161.65886
-0.06666666666666667,1,161.663827
-0.2,1,161.66855
-0.12,1,161.672842
-0.1,1,161.67714
-0.25,1,161.681678
-0.3333333333333333,1,161.68629
-0.25,1,161.690279
-0.3333333333333333,1,161.694423
-0.3333333333333333,1,161.699738
-0.3333333333333333,1,161.704111
-0.25,1,161.708129
-0.1,1,161.712435
-0.2,1,161.716603
-0.06666666666666667,1,161.721115
-0.2,1,161.726601
-0.06666666666666667,1,161.730259
-0.2,1,161.735313
-0.06666666666666667,1,161.739149
-0.12,1,161.743501
-0.2,1,161.748039
-0.125,1,161.752538
-0.2,1,161.756803
-0.16666666666666666,1,161.761453
-0.2,1,161.765322
-0.25,1,161.769444
-0.2,1,161.77396
-0.25,1,161.778249
-0.2,1,161.783133
0.0,1,161.787194
-1.0,1,161.79096
-1.0,1,161.797526
-1.0,1,161.802315
-1.0,1,161.80634
-1.0,1,161.81069
-1.0,1,161.814912
0.0,1,161.819479
-1.0,1,161.823306
-1.0,1,161.826937
-0.6666666666666666,1,161.830808
-0.3333333333333333,1,161.834811
-0.3333333333333333,1,161.838971
-0.5,1,161.842792
-0.3333333333333333,1,161.84748
-0.25,1,161.852019
-0.3333333333333333,1,161.855961
-0.25,1,161.86005
-0.3333333333333333,1,161.864195
-0.5,1,161.868294
-0.3333333333333333,1,161.872278
-0.3333333333333333,1,161.876034
-0.2222222222222222,1,161.880595
-0.16666666666666666,1,161.885777
-0.2,1,161.889604
-0.25,1,161.893963
-0.2,1,161.902795
-0.3333333333333333,1,161.906832
-0.2,1,161.913436
-0.16666666666666666,1,161.919074
-0.4,1,161.923608
-0.5,1,161.927473
-0.4,1,161.931857
-0.5,1,161.935875
-1.0,1,161.939782
-0.5,1,161.943726
-0.3333333333333333,1,161.947843
-0.5,1,161.951822
-0.6666666666666666,1,161.956264
-0.3333333333333333,1,161.960332
-0.6666666666666666,1,161.964522
-0.5,1,161.968814
-0.6666666666666666,1,161.977788
-1.0,1,161.982458
-1.0,1,162.002697
-1.0,1,162.01401
-0.6666666666666666,1,162.021846
-0.3333333333333333,1,162.026848
-0.6666666666666666,1,162.033939
-0.75,1,162.040443
-0.3333333333333333,1,162.045822
-0.7777777777777778,1,162.051285
-0.3333333333333333,1,162.058636
-0.3333333333333333,1,162.062645
-1.0,1,162.067294
-1.0,1,162.071873
-0.6666666666666666,1,162.076301
-0.3333333333333333,1,162.080983
0.0,1,162.085373
-1.0,1,162.090178
-1.0,1,162.095203
-1.0,1,162.10045
-1.0,1,162.104973
-0.3333333333333333,1,162.109324
-0.3333333333333333,1,162.113828
-0.3333333333333333,1,162.11855
-0.2,1,162.12318
-0.2222222222222222,1,162.12778
-0.06666666666666667,1,162.132296
-0.3333333333333333,1,162.137346
-0.5,1,162.141259
-0.3333333333333333,1,162.146427
-0.2,1,162.151121
-0.2,1,162.154728
-0.2,1,162.160097
-0.2222222222222222,1,162.165833
-0.16666666666666666,1,162.171341
-0.2,1,162.175122
-0.12,1,162.179447
-0.2,1,162.183918
-0.2,1,162.187802
-0.2,1,162.191909
-0.16666666666666666,1,162.196378
-0.2,1,162.201077
-0.2,1,162.205324
-0.06666666666666667,1,162.209055
-0.16666666666666666,1,162.216211
-0.2,1,162.22225
-0.25,1,162.226049
-0.16666666666666666,1,162.230604
-0.5555555555555556,1,162.234775
-0.3333333333333333,1,162.248585
0.0,1,162.255764
-1.0,1,162.260232
-1.0,1,162.265292
-0.6666666666666666,1,162.269984
-0.5,1,162.274015
-0.3333333333333333,1,162.278357
-1.0,1,162.284003
-0.6666666666666666,1,162.288257
-0.5,1,162.29225
-0.2,1,162.296229
-0.2,1,162.300699
-0.2,1,162.30465
-0.3333333333333333,1,162.308536
-0.3333333333333333,1,162.313284
-0.25,1,162.317949
-0.1,1,162.322254
-0.2,1,162.326496
-0.3333333333333333,1,162.33083
-0.75,1,162.335299
-0.3333333333333333,1,162.339232
-0.2,1,162.343288
-0.3333333333333333,1,162.347466
-0.125,1,162.351571
-0.16666666666666666,1,162.355649
-0.25,1,162.359529
-0.3333333333333333,1,162.363642
-0.25,1,162.367623
-0.16666666666666666,1,162.371361
-0.5555555555555556,1,162.376394
-0.3333333333333333,1,162.38045
-0.25,1,162.384739
-0.2,1,162.38861
-0.25,1,162.392473
-0.16666666666666666,1,162.396768
-0.75,1,162.401035
-1.0,1,162.404973
-1.0,1,162.40994
-1.0,1,162.414799
-1.0,1,162.419583
-0.6666666666666666,1,162.423552
-0.5,1,162.427424
-1.0,1,162.431502
-0.75,1,162.436079
-0.16666666666666666,1,162.439925
-0.2,1,162.443677
-0.3333333333333333,1,162.447957
-0.3333333333333333,1,162.452307
-0.3333333333333333,1,162.455976
-0.2,1,162.459656
-0.3333333333333333,1,162.463927
-0.5,1,162.469261
-0.4,1,162.473435
-0.5,1,162.477547
-0.4,1,162.482189
-0.2,1,162.486349
-0.4,1,162.490119
-0.5,1,162.494965
0.0,1,162.499648
-1.0,1,162.503682
-1.0,1,162.507575
-0.6666666666666666,1,162.512241
-1.0,1,162.516851
-1.0,1,162.520665
-0.5,1,162.524541
-0.4,1,162.531097
-0.2,1,162.535446
-0.1,1,162.539274
-0.16666666666666666,1,162.543387
-0.2222222222222222,1,162.547611
-0.3333333333333333,1,162.551604
0.0,1,162.555107
-1.0,1,162.559443
-1.0,1,162.564035
-1.0,1,162.568783
-1.0,1,162.572892
-1.0,1,162.577212
-1.0,1,162.582106
-1.0,1,162.586071
-1.0,1,162.589949
-1.0,1,162.594077
-0.5555555555555556,1,162.597579
-1.0,1,162.601499
-1.0,1,162.605154
-1.0,1,162.608622
-0.3333333333333333,1,162.612534
-0.16666666666666666,1,162.616057
-0.25,1,162.620252
-0.16666666666666666,1,162.623701
-0.5555555555555556,1,162.630797
-0.16666666666666666,1,162.635311
-0.125,1,162.639071
-0.3,1,162.643731
-0.25,1,162.649462
-0.3,1,162.656422
-0.125,1,162.661778
-0.3,1,162.666718
-0.125,1,162.670691
-0.3,1,162.674662
-0.25,1,162.680039
-0.16666666666666666,1,162.685252
-0.125,1,162.689417
-0.1,1,162.695458
-0.25,1,162.700443
-0.16666666666666666,1,162.704618
-0.75,1,162.708519
-1.0,1,162.712997
-1.0,1,162.717561
-1.0,1,162.721432
-1.0,1,162.725124
-0.4,1,162.730214
-0.2,1,162.735012
-0.2222222222222222,1,162.739116
-0.2,1,162.742973
-0.1,1,162.747451
-0.2,1,162.751579
-0.1,1,162.755633
-0.2,1,162.759702
-0.2222222222222222,1,162.7639
-0.2,1,162.767775
-0.3,1,162.771655
-0.12,1,162.775829
-0.2,1,162.78651
-0.2,1,162.790916
-0.1,1,162.795307
-0.25,1,162.799733
-0.3333333333333333,1,162.804114
-0.25,1,162.808233
-0.2,1,162.821349
-0.25,1,162.828867
-0.2,1,162.833085
-0.12,1,162.83766
-0.2,1,162.842044
-0.25,1,162.846571
-0.3333333333333333,1,162.850926
-0.2,1,162.855304
-0.16666666666666666,1,162.85971
-0.06666666666666667,1,162.864541
-0.16666666666666666,1,162.869179
-0.5,1,162.873771
-1.0,1,162.878061
-0.5,1,162.882375
-0.4,1,162.886623
-0.5,1,162.891234
-0.3333333333333333,1,162.895495
-0.2,1,162.900921
-0.2,1,162.905643
-0.16666666666666666,1,162.909912
-0.2222222222222222,1,162.914231
-0.16666666666666666,1,162.918736
-0.06666666666666667,1,162.923323
-0.16666666666666666,1,162.927847
-0.2222222222222222,1,162.93204
-0.16666666666666666,1,162.935802
-0.2,1,162.940033
-0.16666666666666666,1,162.944181
-0.06666666666666667,1,162.949039
-0.2,1,162.953126
-0.2,1,162.957924
0.0,1,162.962434
-1.0,1,162.966519
-1.0,1,162.970762
-0.6666666666666666,1,162.975384
-0.3333333333333333,1,162.979389
-0.3333333333333333,1,162.983301
-0.2,1,162.98752
-0.3333333333333333,1,162.991927
-0.2,1,162.995989
-0.4,1,162.99971
-1.0,1,163.003381
-1.0,1,163.007425
-1.0,1,163.011062
-1.0,1,163.015651
-1.0,1,163.020716
-0.6666666666666666,1,163.025587
-0.3333333333333333,1,163.029842
-0.3333333333333333,1,163.033916
-0.25,1,163.037892
-0.2,1,163.041828
-0.5,1,163.046329
-0.3333333333333333,1,163.050122
-0.3333333333333333,1,163.053887
-0.3333333333333333,1,163.058024
-0.25,1,163.063098
-0.3333333333333333,1,163.066855
-0.25,1,163.070978
-0.3333333333333333,1,163.075753
-0.75,1,163.080585
-0.16666666666666666,1,163.084846
-0.2,1,163.091069
-0.2,1,163.099665
-0.2,1,163.10591
-0.3333333333333333,1,163.115763
-0.25,1,163.124335
0.0,1,163.130477
-1.0,1,163.135579
-1.0,1,163.142582
-1.0,1,163.149809
-1.0,1,163.15496
-1.0,1,163.159542
-0.75,1,163.164441
-0.16666666666666666,1,163.168601
-0.25,1,163.177176
-0.2,1,163.180921
-0.25,1,163.185039
-0.3333333333333333,1,163.191854
-0.25,1,163.197135
-0.3333333333333333,1,163.201285
0.0,1,163.20544
-1.0,1,163.20962
-1.0,1,163.213712
-0.3333333333333333,1,163.217196
-0.25,1,163.221902
-0.16666666666666666,1,163.225905
-0.25,1,163.230021
-0.2,1,163.234186
-0.25,1,163.238962
-0.2,1,163.243452
-0.12,1,163.24747
-0.3,1,163.250962
-0.12,1,163.255654
-0.3,1,163.25996
-0.06666666666666667,1,163.264075
-0.16666666666666666,1,163.268116
-0.06666666666666667,1,163.273116
-0.2222222222222222,1,163.277168
-0.16666666666666666,1,163.281152
-0.4,1,163.285309
-0.2,1,163.289463
-0.3333333333333333,1,163.293501
-0.3333333333333333,1,163.297263
0.0,1,163.301216
-1.0,1,163.305338
-1.0,1,163.309826
-1.0,1,163.316466
-0.5,1,163.320683
-0.6666666666666666,1,163.325285
-0.3333333333333333,1,163.33035
-0.16666666666666666,1,163.335488
-0.06666666666666667,1,163.340226
-0.16666666666666666,1,163.344172
-0.75,1,163.348629
-1.0,1,163.353183
-1.0,1,163.357499
-0.3333333333333333,1,163.364702
-0.5,1,163.368872
-0.6666666666666666,1,163.373905
-0.3333333333333333,1,163.37875
-0.6666666666666666,1,163.394271
-0.3333333333333333,1,163.404865
-0.3333333333333333,1,163.409534
-0.125,1,163.413849
-0.3333333333333333,1,163.41824
-0.7777777777777778,1,163.422626
-0.3333333333333333,1,163.426561
-0.5,1,163.430811
-0.4,1,163.441057
-0.75,1,163.44861
-0.16666666666666666,1,163.453721
-0.25,1,163.467256
-0.3,1,163.471425
-0.25,1,163.47548
-0.2,1,163.479939
-0.12,1,163.484637
-0.2,1,163.488731
-0.25,1,163.493255
0.0,1,163.497687
-1.0,1,163.502339
-1.0,1,163.506316
-0.6666666666666666,1,163.51044
-1.0,1,163.515209
-0.6666666666666666,1,163.520321
-0.3333333333333333,1,163.524214
-0.3333333333333333,1,163.528136
-0.25,1,163.53293
-0.1,1,163.53729
-0.25,1,163.541663
-0.1,1,163.546154
-0.12,1,163.550973
-0.1,1,163.555345
-0.2,1,163.559437
-0.2,1,163.580406
-0.25,1,163.59316
-0.2,1,163.615778
-0.06666666666666667,1,163.630235
-0.3333333333333333,1,163.648222
-0.3333333333333333,1,163.654843
-0.3333333333333333,1,163.659295
-0.25,1,163.663931
-0.3333333333333333,1,163.668465
-0.3333333333333333,1,163.672798
-0.3333333333333333,1,163.677346
-0.5,1,163.683076
-0.3333333333333333,1,163.688318
-0.3333333333333333,1,163.693165
-0.3333333333333333,1,163.699733
-0.125,1,163.704596
-0.2,1,163.709018
-0.12,1,163.713542
-0.2,1,163.718622
-0.125,1,163.723369
-0.1,1,163.727486
-0.12,1,163.731359
-0.06666666666666667,1,163.736084
-0.2,1,163.741024
-0.2,1,163.746786
-0.16666666666666666,1,163.751623
0.0,1,163.755605
-1.0,1,163.759429
-1.0,1,163.763322
-1.0,1,163.768047
-1.0,1,163.772302
-1.0,1,163.776134
-0.5,1,163.780821
-0.4,1,163.784949
-0.75,1,163.788742
-0.4,1,163.792768
-0.16666666666666666,1,163.796954
-0.2222222222222222,1,163.811378
-0.16666666666666666,1,163.816925
-0.2,1,163.821177
-0.125,1,163.825288
-0.3333333333333333,1,163.830684
-0.25,1,163.845378
-0.3333333333333333,1,163.850388
-0.3333333333333333,1,163.854777
-0.2,1,163.859128
-0.5,1,163.866654
-1.0,1,163.87061
-0.3333333333333333,1,163.875297
-1.0,1,163.879246
-0.75,1,163.883647
-0.3333333333333333,1,163.887728
-0.2,1,163.892329
-0.2,1,163.898478
-0.5,1,163.904469
-0.16666666666666666,1,163.908451
-0.125,1,163.912293
-0.16666666666666666,1,163.916035
-0.25,1,163.919978
-0.3333333333333333,1,163.92392
-0.25,1,163.929197
-0.3333333333333333,1,163.933854
-0.2,1,163.937707
-0.3333333333333333,1,163.941065
-0.5555555555555556,1,163.944713
-0.3333333333333333,1,163.948474
-0.5,1,163.953128
-0.4,1,163.956867
-0.16666666666666666,1,163.96025
-0.2,1,163.964596
-0.5,1,163.975071
-0.3333333333333333,1,163.990775
-0.25,1,163.999559
-0.2,1,164.004891
-0.25,1,164.009661
-0.3333333333333333,1,164.014782
-0.5,1,164.019067
-0.2,1,164.022746
-1.0,1,164.026251
-1.0,1,164.030417
-1.0,1,164.035002
-0.4,1,164.03919
-0.5,1,164.042866
-0.3333333333333333,1,164.047006
-0.5,1,164.051218
-0.2,1,164.055635
-0.25,1,164.059533
-0.3333333333333333,1,164.064465
-0.3333333333333333,1,164.069161
-0.6666666666666666,1,164.073363
-1.0,1,164.07756
-0.6666666666666666,1,164.082
-0.5,1,164.087033
-1.0,1,164.091002
-1.0,1,164.094995
-1.0,1,164.099027
-1.0,1,164.103289
-1.0,1,164.107169
-0.5,1,164.111012
-0.6666666666666666,1,164.115393
-0.3333333333333333,1,164.120098
-0.3333333333333333,1,164.124112
-0.06666666666666667,1,164.130183
-0.2222222222222222,1,164.145637
-0.06666666666666667,1,164.153835
-0.2222222222222222,1,164.160936
-0.16666666666666666,1,164.166564
-0.06666666666666667,1,164.171584
-0.12,1,164.176617
-0.2,1,164.181231
-0.2,1,164.186191
-0.4,1,164.190333
-0.75,1,164.194207
-0.3333333333333333,1,164.198219
-0.3333333333333333,1,164.203334
-0.3333333333333333,1,164.207523
-0.25,1,164.211623
-0.3,1,164.215857
-0.16666666666666666,1,164.220366
-0.3,1,164.22454
-0.16666666666666666,1,164.228718
-0.2222222222222222,1,164.23345
-0.2,1,164.237802
-0.2,1,164.242047
-0.2,1,164.246355
-0.2,1,164.251935
-0.25,1,164.256239
-0.2,1,164.260065
-0.12,1,164.267023
-0.3,1,164.270915
-0.06666666666666667,1,164.274891
-0.4,1,164.28019
-0.16666666666666666,1,164.284711
-0.2222222222222222,1,164.288613
-0.16666666666666666,1,164.292549
-0.3,1,164.296438
-0.16666666666666666,1,164.300755
-0.1,1,164.304924
-0.25,1,164.30896
-0.3333333333333333,1,164.312973
-0.3333333333333333,1,164.316909
-0.6666666666666666,1,164.321067
-0.75,1,164.325229
-1.0,1,164.32905
-0.75,1,164.333724
-0.6666666666666666,1,164.338193
-0.3333333333333333,1,164.342795
-0.6666666666666666,1,164.346692
-1.0,1,164.351497
-0.6666666666666666,1,164.355978
-1.0,1,164.360122
-1.0,1,164.364606
-1.0,1,164.369326
-0.6666666666666666,1,164.373667
-0.3333333333333333,1,164.38009
-0.6666666666666666,1,164.384575
-0.3333333333333333,1,164.388808
-0.6666666666666666,1,164.393285
-0.5,1,164.399218
-0.6666666666666666,1,164.403952
-0.5,1,164.408095
-0.3333333333333333,1,164.412684
-0.7777777777777778,1,164.417194
-0.3333333333333333,1,164.421126
-0.75,1,164.425492
-0.16666666666666666,1,164.429731
-0.25,1,164.434623
-0.1,1,164.438663
-0.125,1,164.44287
-0.3333333333333333,1,164.446956
-0.2,1,164.451598
-0.2222222222222222,1,164.455897
-0.16666666666666666,1,164.460124
-0.06666666666666667,1,164.465579
-0.12,1,164.470666
-0.2,1,164.474863
-0.12,1,164.479207
-0.06666666666666667,1,164.483205
-0.2,1,164.487682
0.0,1,164.49174
-1.0,1,164.496763
-0.5,1,164.501024
-0.6666666666666666,1,164.504414
-1.0,1,164.508185
-0.6666666666666666,1,164.515245
-0.3333333333333333,1,164.520236
0.0,1,164.525193
-1.0,1,164.529773
-0.5,1,164.53423
-0.3333333333333333,1,164.538773
-0.3333333333333333,1,164.543416
-1.0,1,164.547446
-0.75,1,164.551989
-0.16666666666666666,1,164.555944
-0.2,1,164.559759
-0.4,1,164.563709
-0.2,1,164.568108
-0.2222222222222222,1,164.57233
-0.3333333333333333,1,164.57647
0.0,1,164.580292
-1.0,1,164.584612
-1.0,1,164.589247
-1.0,1,164.592835
-0.75,1,164.596706
-0.4,1,164.600665
-0.2,1,164.604499
-0.4,1,164.608383
-0.06666666666666667,1,164.612929
-0.2222222222222222,1,164.617697
-0.06666666666666667,1,164.622093
-0.4,1,164.625732
-0.3333333333333333,1,164.629782
-0.1,1,164.634453
-0.2,1,164.639832
-0.06666666666666667,1,164.643748
-0.2,1,164.648047
-0.06666666666666667,1,164.652676
-0.12,1,164.656681
-0.3,1,164.660981
-0.125,1,164.665414
-0.2,1,164.669944
-0.12,1,164.673827
-0.06666666666666667,1,164.677678
-0.12,1,164.681922
-0.06666666666666667,1,164.686145
-0.16666666666666666,1,164.689963
-0.2222222222222222,1,164.693875
-0.2,1,164.698398
-0.2,1,164.703081
-0.2,1,164.706998
-0.2222222222222222,1,164.712846
-0.2,1,164.723842
-0.2,1,164.732241
-0.125,1,164.736999
-0.3,1,164.741255
-0.125,1,164.745728
-0.16666666666666666,1,164.750196
-0.25,1,164.754642
-0.2,1,164.759072
-0.12,1,164.763504
-0.2,1,164.767901
-0.25,1,164.772061
-0.3333333333333333,1,164.775927
-0.3333333333333333,1,164.780226
-0.1,1,164.784729
-0.3333333333333333,1,164.788813
-0.1,1,164.792925
-0.25,1,164.797167
-0.3333333333333333,1,164.801437
-0.25,1,164.805465
-0.3333333333333333,1,164.810119
-0.25,1,164.814477
-0.6666666666666666,1,164.81942
-0.25,1,164.823355
-0.3333333333333333,1,164.827374
-0.125,1,164.831625
-0.2,1,164.835962
-0.25,1,164.840169
-0.3333333333333333,1,164.844661
-0.5,1,164.850024
-0.6666666666666666,1,164.854468
-1.0,1,164.858127
-1.0,1,164.8643
-1.0,1,164.868403
-1.0,1,164.872374
-0.5,1,164.876434
-0.3333333333333333,1,164.881265
-0.3333333333333333,1,164.886413
-0.3333333333333333,1,164.892277
-0.2,1,164.896809
-0.2222222222222222,1,164.901364
-0.2,1,164.905197
-0.2,1,164.909572
-0.06666666666666667,1,164.913959
-0.4,1,164.918473
-0.25,1,164.922951
-0.16666666666666666,1,164.926542
-0.75,1,164.930929
-0.16666666666666666,1,164.935167
-0.125,1,164.939469
-0.2,1,164.943494
-0.2,1,164.947811
-0.2222222222222222,1,164.951855
-0.2,1,164.955948
-0.3333333333333333,1,164.963941
-0.3333333333333333,1,164.968779
-1.0,1,164.972949
-0.5555555555555556,1,164.977163
-0.3333333333333333,1,164.981207
-0.2,1,164.985238
-0.2,1,164.989483
-0.2,1,164.993676
-0.3333333333333333,1,164.997664
-0.2,1,165.002123
-0.3333333333333333,1,165.006478
0.0,1,165.010796
-1.0,1,165.018299
-1.0,1,165.024681
-0.6666666666666666,1,165.028755
-0.3333333333333333,1,165.033586
-0.6666666666666666,1,165.037841
-0.3333333333333333,1,165.041963
0.0,1,165.046533
-1.0,1,165.051015
-1.0,1,165.055486
-1.0,1,165.059503
-1.0,1,165.06386
-0.3333333333333333,1,165.067996
-1.0,1,165.072833
-0.6666666666666666,1,165.077475
-0.7777777777777778,1,165.081969
-0.3333333333333333,1,165.086874
-0.2,1,165.091069
-0.4,1,165.095164
-0.5,1,165.099849
-0.4,1,165.103928
-0.3333333333333333,1,165.107771
-0.16666666666666666,1,165.112073
-0.5,1,165.116853
-0.6666666666666666,1,165.120717
-0.5,1,165.124185
-1.0,1,165.128217
-1.0,1,165.133024
-0.4,1,165.137576
-0.2,1,165.14092
-0.2,1,165.144642
-0.25,1,165.14904
-0.3333333333333333,1,165.153499
-0.3333333333333333,1,165.157398
-0.2,1,165.16204
-0.16666666666666666,1,165.16613
0.0,1,165.170648
-1.0,1,165.17478
-1.0,1,165.179452
-1.0,1,165.184147
-0.3333333333333333,1,165.188533
-0.3333333333333333,1,165.192867
-0.125,1,165.197116
-0.16666666666666666,1,165.201809
-0.75,1,165.205878
-0.16666666666666666,1,165.209935
-0.5555555555555556,1,165.214924
-0.16666666666666666,1,165.219228
-0.125,1,165.23734
-0.3333333333333333,1,165.25057
-0.25,1,165.255681
-0.3333333333333333,1,165.260061
-0.125,1,165.264087
-0.16666666666666666,1,165.269773
-0.25,1,165.275321
-0.3333333333333333,1,165.279872
-0.25,1,165.285453
-0.2,1,165.294683
-0.25,1,165.299747
-0.3333333333333333,1,165.303761
-0.2,1,165.307915
-0.2,1,165.312251
-0.25,1,165.319268
-0.2,1,165.323735
-0.12,1,165.337018
-0.3,1,165.34603
-0.12,1,165.351017
-0.2,1,165.355824
-0.2,1,165.360525
-0.1,1,165.365309
-0.12,1,165.370088
-0.2,1,165.374899
-0.25,1,165.379747
-0.3333333333333333,1,165.384789
-0.25,1,165.389306
-0.3333333333333333,1,165.393392
-0.5555555555555556,1,165.398051
-0.16666666666666666,1,165.40258
-0.25,1,165.407388
-0.2,1,165.411925
-0.3333333333333333,1,165.416109
-0.1,1,165.420496
-0.2,1,165.424955
-0.2,1,165.429373
-0.12,1,165.433642
-0.2,1,165.438063
-0.12,1,165.442913
-0.2,1,165.446909
-0.25,1,165.450604
-0.16666666666666666,1,165.454858
-0.3333333333333333,1,165.45882
-0.6666666666666666,1,165.462892
-0.5,1,165.466367
-0.4,1,165.470803
-0.5,1,165.474574
-0.4,1,165.478966
-0.2,1,165.483001
-0.2,1,165.487044
-0.25,1,165.491326
-0.16666666666666666,1,165.495618
-0.75,1,165.49926
-0.4,1,165.503742
-0.75,1,165.509144
-0.6666666666666666,1,165.515343
-0.3333333333333333,1,165.520336
-0.6666666666666666,1,165.52475
-0.5,1,165.529273
-0.6666666666666666,1,165.53324
-0.25,1,165.537045
-0.3333333333333333,1,165.541817
-0.25,1,165.545725
-0.2,1,165.550069
-0.16666666666666666,1,165.55377
-0.4,1,165.557234
-0.2,1,165.560688
-0.2,1,165.564456
-0.12,1,165.568483
-0.3,1,165.572666
-0.25,1,165.576486
-0.2,1,165.580502
-0.16666666666666666,1,165.58426
-0.2,1,165.58838
-0.06666666666666667,1,165.591851
-0.16666666666666666,1,165.596945
-0.125,1,165.600912
-0.2,1,165.604808
-0.125,1,165.608973
-0.3,1,165.61382
-0.16666666666666666,1,165.617961
-0.1,1,165.622215
-0.2,1,165.626237
-0.06666666666666667,1,165.631309
-0.2,1,165.635889
-0.1,1,165.640178
-0.2,1,165.643942
-0.06666666666666667,1,165.647187
-0.16666666666666666,1,165.650566
-0.2,1,165.654387
-0.125,1,165.658206
-0.2,1,165.661872
-0.2,1,165.665424
0.0,1,165.669222
-1.0,1,165.673258
-1.0,1,165.676833
-0.6666666666666666,1,165.680674
-0.3333333333333333,1,165.684585
-0.3333333333333333,1,165.689739
-0.3333333333333333,1,165.693676
-0.3333333333333333,1,165.697443
-0.125,1,165.701183
-0.3333333333333333,1,165.705337
-0.2,1,165.709716
0.0,1,165.713838
-1.0,1,165.717419
-0.5,1,165.722614
-0.6666666666666666,1,165.728105
-1.0,1,165.732437
-1.0,1,165.738544
-1.0,1,165.743102
-1.0,1,165.747114
-1.0,1,165.751485
-1.0,1,165.757187
-1.0,1,165.763187
-0.6666666666666666,1,165.770444
-0.3333333333333333,1,165.777313
-0.3333333333333333,1,165.784651
-0.3333333333333333,1,165.789035
-0.3333333333333333,1,165.793342
-0.5,1,165.797377
-0.3333333333333333,1,165.801411
-0.5,1,165.806036
0.0,1,165.810196
-1.0,1,165.815159
-1.0,1,165.822894
-1.0,1,165.827622
-1.0,1,165.831563
-1.0,1,165.835947
-1.0,1,165.840426
-0.6666666666666666,1,165.8447
-0.5,1,165.848849
-0.4,1,165.853439
-0.2,1,165.857867
-0.3333333333333333,1,165.863825
-0.3333333333333333,1,165.868718
0.0,1,165.872413
-1.0,1,165.87717
-1.0,1,165.882426
-1.0,1,165.888477
-1.0,1,165.892271
-1.0,1,165.896989
-0.75,1,165.901778
-0.4,1,165.905492
-0.5,1,165.916875
-0.4,1,165.922374
-0.2,1,165.92909
-0.16666666666666666,1,165.934097
-0.3333333333333333,1,165.938574
-0.3333333333333333,1,165.943669
-0.3333333333333333,1,165.948182
-0.6666666666666666,1,165.952702
-0.5,1,165.956713
-0.3333333333333333,1,165.960812
-0.3333333333333333,1,165.965221
-0.6666666666666666,1,165.969522
-0.5,1,165.973742
-1.0,1,165.977861
-1.0,1,165.98236
-0.6666666666666666,1,165.987117
-0.5,1,165.991283
-0.3333333333333333,1,165.995573
-0.25,1,166.001046
-0.2,1,166.005291
-0.3333333333333333,1,166.0093
-0.2,1,166.014064
-0.2,1,166.018702
-0.3,1,166.022545
-0.125,1,166.026464
-0.3,1,166.031104
-0.2,1,166.035237
-0.2222222222222222,1,166.039154
-0.16666666666666666,1,166.043134
-0.4,1,166.048743
-0.06666666666666667,1,166.053599
-0.4,1,166.05729
-0.75,1,166.060973
-0.4,1,166.064955
-0.06666666666666667,1,166.068646
-0.4,1,166.072169
-0.3333333333333333,1,166.075773
-0.2,1,166.080018
-0.25,1,166.084403
0.0,1,166.088379
-1.0,1,166.092082
-1.0,1,166.096105
-0.6666666666666666,1,166.100525
-0.3333333333333333,1,166.104569
-0.6666666666666666,1,166.108654
-0.3333333333333333,1,166.112606
0.0,1,166.116603
-1.0,1,166.121329
-1.0,1,166.126742
-0.6666666666666666,1,166.131037
-0.5,1,166.135516
-0.3333333333333333,1,166.139111
-0.3333333333333333,1,166.142596
-0.3333333333333333,1,166.146902
-0.3333333333333333,1,166.150776
-0.3333333333333333,1,166.154592
-0.25,1,166.157814
-0.4,1,166.161315
-0.2,1,166.165061
-0.2,1,166.169333
-0.3333333333333333,1,166.172792
-0.1,1,166.176008
-0.2,1,166.180078
-0.2,1,166.184173
-0.25,1,166.187611
-0.2,1,166.191069
-0.16666666666666666,1,166.194552
0.0,1,166.198074
-1.0,1,166.20205
-1.0,1,166.206059
-0.3333333333333333,1,166.209667
-1.0,1,166.213347
-0.6666666666666666,1,166.217055
-0.5,1,166.220724
-0.16666666666666666,1,166.224322
-0.06666666666666667,1,166.228928
-0.2,1,166.233791
-0.16666666666666666,1,166.237652
-0.2222222222222222,1,166.241081
-0.2,1,166.246517
-0.2222222222222222,1,166.255064
-0.16666666666666666,1,166.26358
-0.2222222222222222,1,166.268519
-0.16666666666666666,1,166.272858
-0.4,1,166.283591
-0.3333333333333333,1,166.28837
-0.3333333333333333,1,166.292129
-0.2,1,166.300715
-0.3333333333333333,1,166.304453
-0.3333333333333333,1,166.308959
-0.16666666666666666,1,166.313973
-0.06666666666666667,1,166.322255
-0.3,1,166.333854
-0.25,1,166.338788
-0.16666666666666666,1,166.345698
-0.3333333333333333,1,166.359173
-0.2,1,166.368228
-0.5,1,166.372551
-0.16666666666666666,1,166.377661
-0.25,1,166.383719
-0.3333333333333333,1,166.38791
-0.5555555555555556,1,166.391768
-1.0,1,166.395245
-0.75,1,166.399786
-0.3333333333333333,1,166.403711
-0.25,1,166.407133
-0.3333333333333333,1,166.410951
-0.2,1,166.414946
-0.2222222222222222,1,166.418584
-0.16666666666666666,1,166.421963
0.0,1,166.4255
-1.0,1,166.429453
-0.5,1,166.434359
-0.3333333333333333,1,166.437945
-0.25,1,166.441796
-0.16666666666666666,1,166.447172
-0.2,1,166.450988
-0.16666666666666666,1,166.454316
-0.2,1,166.457799
-0.2,1,166.461214
-0.12,1,166.465188
-0.2,1,166.469228
-0.06666666666666667,1,166.472625
-0.16666666666666666,1,166.476531
-0.06666666666666667,1,166.480426
-0.16666666666666666,1,166.484149
-0.06666666666666667,1,166.487647
-0.4,1,166.49191
-0.06666666666666667,1,166.502004
-0.3,1,166.512285
-0.12,1,166.518378
-0.06666666666666667,1,166.522982
-0.16666666666666666,1,166.52715
-0.2222222222222222,1,166.531431
-0.06666666666666667,1,166.53547
-0.3333333333333333,1,166.5393
-0.3333333333333333,1,166.543345
-0.3333333333333333,1,166.547342
-0.25,1,166.551485
-0.2,1,166.555131
-0.2,1,166.558827
-0.3333333333333333,1,166.563114
-0.3333333333333333,1,166.567366
-0.2222222222222222,1,166.571165
-0.16666666666666666,1,166.574819
-0.2,1,166.578856
-0.12,1,166.583772
-0.2,1,166.587964
-0.2,1,166.591742
-0.06666666666666667,1,166.595825
-0.2,1,166.600858
0.0,1,166.604999
-1.0,1,166.608943
-1.0,1,166.61301
-1.0,1,166.617735
-1.0,1,166.621477
-0.3333333333333333,1,166.625329
-1.0,1,166.629838
-0.6666666666666666,1,166.634538
-1.0,1,166.638747
-1.0,1,166.642776
-1.0,1,166.647139
-1.0,1,166.65135
-1.0,1,166.655143
-1.0,1,166.658642
-0.25,1,166.663196
-0.2,1,166.667282
-0.25,1,166.670708
-0.6666666666666666,1,166.674591
-0.5,1,166.678559
-0.6666666666666666,1,166.68241
-1.0,1,166.686524
-1.0,1,166.689782
-1.0,1,166.693178
-1.0,1,166.696805
-1.0,1,166.700945
-1.0,1,166.704173
-1.0,1,166.707374
-1.0,1,166.711014
-1.0,1,166.715121
-0.6666666666666666,1,166.718737
-0.3333333333333333,1,166.721972
-0.3333333333333333,1,166.725343
0.0,1,166.730123
-1.0,1,166.734407
-1.0,1,166.738896
-1.0,1,166.74237
-1.0,1,166.746459
-1.0,1,166.753221
-0.16666666666666666,1,166.75766
-0.2222222222222222,1,166.762283
-0.16666666666666666,1,166.766419
-0.1,1,166.770258
-0.2,1,166.773777
-0.2,1,166.781909
-0.16666666666666666,1,166.786106
-0.2,1,166.789761
-0.16666666666666666,1,166.793731
-0.06666666666666667,1,166.798344
-0.16666666666666666,1,166.802874
-0.1,1,166.806685
-0.25,1,166.81135
0.0,1,166.818524
-1.0,1,166.823142
-1.0,1,166.827798
-1.0,1,166.833696
-1.0,1,166.837178
-1.0,1,166.840784
-1.0,1,166.844724
-0.3333333333333333,1,166.848809
-0.3333333333333333,1,166.854215
-0.3333333333333333,1,166.857997
-0.25,1,166.862661
0.0,1,166.869026
-1.0,1,166.87376
-1.0,1,166.884148
-0.6666666666666666,1,166.893358
-0.3333333333333333,1,166.900232
-0.6666666666666666,1,166.909516
-0.25,1,166.913897
-0.2,1,166.918503
-0.5,1,166.922789
-0.6666666666666666,1,166.926906
-0.5,1,166.931659
-0.3333333333333333,1,166.936682
-0.2,1,166.943782
-0.2,1,166.954694
-0.5,1,166.95906
0.0,1,166.963416
-1.0,1,166.967932
-1.0,1,166.972218
-1.0,1,166.976192
-1.0,1,166.989808
-1.0,1,166.994766
-0.3333333333333333,1,167.000216
-0.3333333333333333,1,167.008408
-0.2,1,167.013615
-0.3,1,167.018218
-0.12,1,167.025036
-0.2,1,167.028657
-0.06666666666666667,1,167.033469
-0.4,1,167.037828
-1.0,1,167.041779
-1.0,1,167.04693
-0.5,1,167.052658
-0.4,1,167.056545
-0.5,1,167.060175
-0.3333333333333333,1,167.064587
-0.2,1,167.068541
-0.3333333333333333,1,167.072184
-0.5,1,167.076156
0.0,1,167.081233
-1.0,1,167.086623
-1.0,1,167.090402
-1.0,1,167.094695
-0.75,1,167.099093
-0.3333333333333333,1,167.110872
-0.125,1,167.119403
-0.16666666666666666,1,167.124372
-0.5555555555555556,1,167.128773
-0.3333333333333333,1,167.133868
-0.25,1,167.1382
-0.16666666666666666,1,167.142596
-0.25,1,167.147174
-0.16666666666666666,1,167.151804
-0.25,1,167.155763
-0.1,1,167.160214
-0.25,1,167.164528
-0.2,1,167.169148
-0.16666666666666666,1,167.176121
-0.2222222222222222,1,167.182146
-0.16666666666666666,1,167.18715
-0.2222222222222222,1,167.192192
-0.2,1,167.197279
-0.16666666666666666,1,167.202623
-0.25,1,167.206564
-0.6666666666666666,1,167.210756
-1.0,1,167.215245
-1.0,1,167.22012
-0.5,1,167.224118
-1.0,1,167.232119
-1.0,1,167.237993
-1.0,1,167.242465
-0.16666666666666666,1,167.24703
-0.2222222222222222,1,167.251799
-0.16666666666666666,1,167.256147
-0.06666666666666667,1,167.260606
-0.16666666666666666,1,167.265352
-0.06666666666666667,1,167.270439
-0.12,1,167.275004
-0.3,1,167.280042
-0.16666666666666666,1,167.285181
0.0,1,167.289741
-1.0,1,167.295046
-0.5,1,167.299743
-0.3333333333333333,1,167.304532
-0.5,1,167.308728
-0.6666666666666666,1,167.314114
-0.5,1,167.31841
-0.2,1,167.322451
-0.5,1,167.328828
-0.2,1,167.339294
-0.25,1,167.35141
-0.3333333333333333,1,167.358575
-0.2,1,167.367348
-0.2222222222222222,1,167.371451
-0.06666666666666667,1,167.375455
-0.3333333333333333,1,167.379409
-0.5555555555555556,1,167.384186
-0.6666666666666666,1,167.388792
-0.5,1,167.395109
-0.4,1,167.40539
-0.3333333333333333,1,167.41796
-0.1,1,167.422304
-0.3333333333333333,1,167.426454
-0.2,1,167.430658
-0.2,1,167.435282
-0.2,1,167.44171
-0.25,1,167.446288
-0.16666666666666666,1,167.450203
-0.125,1,167.453689
-0.3,1,167.460155
-0.06666666666666667,1,167.46392
-0.4,1,167.468006
-0.16666666666666666,1,167.471431
-0.2222222222222222,1,167.474747
-0.3333333333333333,1,167.479766
-0.1,1,167.485666
-0.2,1,167.489264
-0.2,1,167.492831
-0.12,1,167.496858
-0.3,1,167.500802
-0.16666666666666666,1,167.504329
-0.06666666666666667,1,167.507639
-0.16666666666666666,1,167.511241
-0.2,1,167.515232
-0.16666666666666666,1,167.519165
-0.2,1,167.522597
0.0,1,167.526256
-1.0,1,167.533011
-1.0,1,167.54071
-1.0,1,167.544818
-0.5,1,167.549456
-0.6666666666666666,1,167.553777
-0.5555555555555556,1,167.559851
-0.3333333333333333,1,167.56723
-0.25,1,167.577253
-0.2,1,167.590033
-0.25,1,167.597301
-0.3333333333333333,1,167.603281
-0.2,1,167.612501
-0.3333333333333333,1,167.621397
-0.25,1,167.629242
-0.3333333333333333,1,167.638372
-0.2,1,167.652957
-0.3333333333333333,1,167.660855
0.0,1,167.668699
-1.0,1,167.683021
-1.0,1,167.69974
-0.6666666666666666,1,167.729129
-0.5,1,167.735569
-0.3333333333333333,1,167.742208
-0.5,1,167.746523
-1.0,1,167.758827
-0.5,1,167.763492
-0.6666666666666666,1,167.76752
-0.5,1,167.77178
-0.3333333333333333,1,167.77612
-0.7777777777777778,1,167.781039
-0.3333333333333333,1,167.785408
-0.3333333333333333,1,167.789872
-0.3333333333333333,1,167.794739
-0.5,1,167.798773
-0.3333333333333333,1,167.803088
-0.5555555555555556,1,167.808046
-0.16666666666666666,1,167.814257
-0.125,1,167.818654
-0.3,1,167.823756
-0.12,1,167.828195
-0.06666666666666667,1,167.832556
-0.16666666666666666,1,167.837
-0.2222222222222222,1,167.84261
-0.16666666666666666,1,167.846799
-0.2222222222222222,1,167.850438
-0.16666666666666666,1,167.862189
0.0,1,167.869636
-1.0,1,167.874228
-1.0,1,167.879646
-1.0,1,167.884216
-1.0,1,167.889226
-0.6666666666666666,1,167.893614
-0.3333333333333333,1,167.898032
-0.6666666666666666,1,167.90234
-0.3333333333333333,1,167.906723
-0.3333333333333333,1,167.910884
-0.2,1,167.915096
-0.2,1,167.919181
-0.2,1,167.923411
-0.3,1,167.92751
-0.16666666666666666,1,167.931931
-0.2222222222222222,1,167.93658
-0.16666666666666666,1,167.941097
-0.06666666666666667,1,167.945382
-0.2,1,167.949676
0.0,1,167.953449
-1.0,1,167.957744
-0.5,1,167.962067
-0.3333333333333333,1,167.966502
-1.0,1,167.970551
-0.6666666666666666,1,167.974814
-0.7777777777777778,1,167.979995
-0.3333333333333333,1,167.984182
-0.2,1,167.988267
-0.3333333333333333,1,167.992396
-0.3333333333333333,1,167.997015
-0.3333333333333333,1,168.000975
-0.3333333333333333,1,168.00502
-0.16666666666666666,1,168.009682
-0.5555555555555556,1,168.014241
-0.16666666666666666,1,168.018203
-0.06666666666666667,1,168.022239
-0.2222222222222222,1,168.026694
-0.16666666666666666,1,168.031016
-0.06666666666666667,1,168.034988
-0.16666666666666666,1,168.039055
-0.06666666666666667,1,168.043593
-0.12,1,168.049453
-0.2,1,168.053224
-0.3333333333333333,1,168.057498
-0.3333333333333333,1,168.0616
-0.3333333333333333,1,168.065214
-0.3333333333333333,1,168.068981
-0.3333333333333333,1,168.073668
0.0,1,168.077658
-1.0,1,168.08157
-1.0,1,168.085475
-1.0,1,168.092743
-1.0,1,168.105572
-1.0,1,168.116243
-0.5,1,168.121231
-0.3333333333333333,1,168.125944
-0.2,1,168.130499
-0.2,1,168.134624
-0.12,1,168.138872
-0.06666666666666667,1,168.143414
-0.16666666666666666,1,168.147877
-0.06666666666666667,1,168.152036
-0.2,1,168.156453
-0.2,1,168.161072
-0.16666666666666666,1,168.165639
-0.2222222222222222,1,168.169888
-0.3333333333333333,1,168.174561
-0.2222222222222222,1,168.179151
-0.2,1,168.184332
-0.2222222222222222,1,168.18914
-0.06666666666666667,1,168.193896
-0.3,1,168.198178
-0.16666666666666666,1,168.202912
-0.2222222222222222,1,168.207743
-0.16666666666666666,1,168.212435
-0.4,1,168.219841
-0.16666666666666666,1,168.224856
-0.2,1,168.228897
-0.16666666666666666,1,168.233665
-0.2222222222222222,1,168.237619
-0.2,1,168.241136
-0.2222222222222222,1,168.245676
-0.16666666666666666,1,168.249995
-0.2,1,168.2542
-0.5,1,168.258134
-1.0,1,168.26176
-1.0,1,168.265567
-1.0,1,168.269507
-1.0,1,168.273612
-0.6666666666666666,1,168.277026
-1.0,1,168.280742
-0.6666666666666666,1,168.284609
-0.3333333333333333,1,168.288435
-0.3333333333333333,1,168.29233
-0.5,1,168.296902
-0.3333333333333333,1,168.301514
-0.3333333333333333,1,168.305842
-0.3333333333333333,1,168.309546
-0.5,1,168.313588
-1.0,1,168.318463
-0.75,1,168.322495
-0.3333333333333333,1,168.326488
-0.3333333333333333,1,168.330319
-0.3333333333333333,1,168.335442
-0.25,1,168.341731
-0.3333333333333333,1,168.34819
-0.2,1,168.354317
-0.2,1,168.358298
-0.5,1,168.362276
-0.6666666666666666,1,168.366712
-0.25,1,168.370216
-0.3333333333333333,1,168.374097
-0.25,1,168.378363
-0.3333333333333333,1,168.382248
-0.25,1,168.386252
-0.6666666666666666,1,168.389894
-0.3333333333333333,1,168.393845
-0.3333333333333333,1,168.397763
0.0,1,168.40147
-1.0,1,168.405325
-1.0,1,168.409266
-0.6666666666666666,1,168.414133
-0.3333333333333333,1,168.418411
0.0,1,168.422233
-1.0,1,168.425892
-1.0,1,168.430372
-1.0,1,168.435
-1.0,1,168.44735
-1.0,1,168.454398
-1.0,1,168.458839
-1.0,1,168.463448
-0.75,1,168.468215
-0.16666666666666666,1,168.472634
-0.75,1,168.477705
-0.16666666666666666,1,168.482455
-0.2,1,168.486649
-0.4,1,168.490806
-0.5,1,168.494764
-0.4,1,168.499171
-0.16666666666666666,1,168.503814
-0.4,1,168.50793
-0.2,1,168.512246
-0.2222222222222222,1,168.51698
-0.2,1,168.521111
-0.2,1,168.52509
-0.12,1,168.529623
-0.06666666666666667,1,168.534503
-0.16666666666666666,1,168.53909
-0.06666666666666667,1,168.543485
-0.2,1,168.547827
-0.2,1,168.552351
-0.06666666666666667,1,168.556611
-0.16666666666666666,1,168.560699
-0.25,1,168.564938
-0.1,1,168.569959
-0.2,1,168.573803
-0.2,1,168.578388
-0.12,1,168.582206
-0.06666666666666667,1,168.587157
-0.12,1,168.591206
-0.06666666666666667,1,168.596114
-0.2,1,168.601202
-0.1,1,168.605609
-0.3333333333333333,1,168.609466
-0.3333333333333333,1,168.615399
-0.5,1,168.619801
-1.0,1,168.624108
-1.0,1,168.629362
-1.0,1,168.636368
-0.5,1,168.640537
-0.3333333333333333,1,168.644743
-0.5555555555555556,1,168.648546
-0.3333333333333333,1,168.653443
0.0,1,168.657318
-1.0,1,168.661733
-0.5,1,168.66609
-1.0,1,168.669774
-1.0,1,168.673164
-1.0,1,168.677006
-1.0,1,168.681149
-1.0,1,168.685334
-1.0,1,168.689264
-0.6666666666666666,1,168.693287
-0.5,1,168.697321
-0.6666666666666666,1,168.701438
-0.5,1,168.705535
-0.3333333333333333,1,168.710331
-0.2,1,168.716168
-0.2222222222222222,1,168.721144
-0.16666666666666666,1,168.724751
-0.06666666666666667,1,168.72908
-0.12,1,168.733072
-0.2,1,168.737199
-0.25,1,168.740927
-0.3333333333333333,1,168.744915
-0.2,1,168.748939
-0.2,1,168.753318
-0.2,1,168.75803
-0.2222222222222222,1,168.762206
-0.16666666666666666,1,168.766644
-0.2222222222222222,1,168.770485
-0.16666666666666666,1,168.774385
0.0,1,168.77883
-1.0,1,168.783331
-1.0,1,168.7875
-1.0,1,168.791544
-0.5,1,168.795608
-0.3333333333333333,1,168.800225
-0.25,1,168.803953
-0.2,1,168.807515
-0.12,1,168.811159
-0.2,1,168.815933
-0.06666666666666667,1,168.820152
-0.2,1,168.823934
-0.12,1,168.827759
-0.06666666666666667,1,168.832898
-0.2,1,168.838634
-0.06666666666666667,1,168.842873
-0.2,1,168.847731
-0.06666666666666667,1,168.851894
-0.16666666666666666,1,168.856493
-0.2,1,168.86057
0.0,1,168.864689
-1.0,1,168.868986
-0.5,1,168.872863
-0.6666666666666666,1,168.87675
-0.3333333333333333,1,168.880612
-0.3333333333333333,1,168.884697
-0.7777777777777778,1,168.88818
-0.6666666666666666,1,168.892095
-0.3333333333333333,1,168.898942
-1.0,1,168.906819
-0.75,1,168.9111
-0.3333333333333333,1,168.918956
-0.7777777777777778,1,168.924736
-0.6666666666666666,1,168.931429
-0.3333333333333333,1,168.935629
-0.3333333333333333,1,168.939611
-0.25,1,168.943481
-0.2,1,168.947678
-0.25,1,168.952619
-0.2,1,168.957296
-0.25,1,168.962465
-0.3333333333333333,1,168.967846
0.0,1,168.97227
-1.0,1,168.976425
-1.0,1,168.980357
-0.3333333333333333,1,168.985191
-0.3333333333333333,1,168.989688
-0.6666666666666666,1,168.993613
-0.5,1,168.997455
-0.3333333333333333,1,169.002281
0.0,1,169.00639
-1.0,1,169.01032
-1.0,1,169.015438
-1.0,1,169.031402
-1.0,1,169.038731
-1.0,1,169.043902
-1.0,1,169.048205
-1.0,1,169.053375
-0.75,1,169.05755
-0.4,1,169.062063
-0.06666666666666667,1,169.067138
-0.2,1,169.071331
-0.12,1,169.075368
-0.3,1,169.079985
-0.125,1,169.085189
-0.3,1,169.089288
-0.12,1,169.093423
-0.2,1,169.097592
-0.25,1,169.102103
-0.2,1,169.106074
-0.12,1,169.110418
-0.06666666666666667,1,169.114745
-0.12,1,169.118963
-0.06666666666666667,1,169.123344
-0.12,1,169.127303
-0.3,1,169.131829
-0.25,1,169.136718
-0.2,1,169.145708
-0.16666666666666666,1,169.150696
0.0,1,169.155591
-1.0,1,169.159735
-1.0,1,169.165032
-0.6666666666666666,1,169.169511
-0.5555555555555556,1,169.174484
-0.16666666666666666,1,169.178525
-0.25,1,169.182958
-0.16666666666666666,1,169.186828
-0.125,1,169.190258
-0.16666666666666666,1,169.194178
-0.3333333333333333,1,169.198938
-0.3333333333333333,1,169.203322
-1.0,1,169.207458
-1.0,1,169.211793
-1.0,1,169.215919
-0.6666666666666666,1,169.221438
-0.5555555555555556,1,169.22615
-0.16666666666666666,1,169.23107
-0.125,1,169.235749
-0.2,1,169.239875
-0.25,1,169.244082
0.0,1,169.248092
-1.0,1,169.252326
-0.5,1,169.256745
-1.0,1,169.26084
-1.0,1,169.264968
-1.0,1,169.269144
-1.0,1,169.273178
-1.0,1,169.277105
-0.5,1,169.281142
-0.2,1,169.284946
-0.5,1,169.289063
-0.16666666666666666,1,169.29268
-0.25,1,169.296946
-0.1,1,169.301147
-0.2,1,169.305134
-0.06666666666666667,1,169.308996
-0.2,1,169.313619
0.0,1,169.31807
-1.0,1,169.322211
-1.0,1,169.331242
-1.0,1,169.336006
-1.0,1,169.342195
-1.0,1,169.346141
-0.5555555555555556,1,169.350139
-1.0,1,169.354169
-0.3333333333333333,1,169.358119
0.0,1,169.362551
-1.0,1,169.366449
-1.0,1,169.370123
-0.6666666666666666,1,169.373993
-0.3333333333333333,1,169.378501
-1.0,1,169.38329
-0.3333333333333333,1,169.38779
-1.0,1,169.391316
-1.0,1,169.396072
-0.6666666666666666,1,169.400598
-0.5,1,169.404582
-0.6666666666666666,1,169.408232
-0.3333333333333333,1,169.412797
-0.3333333333333333,1,169.416963
-0.5,1,169.421206
-0.6666666666666666,1,169.42514
-0.25,1,169.429389
-0.6666666666666666,1,169.434131
-0.3333333333333333,1,169.438469
-1.0,1,169.442396
-1.0,1,169.447057
-1.0,1,169.452421
-0.5,1,169.456374
-1.0,1,169.462137
-1.0,1,169.467536
-1.0,1,169.472035
-0.5,1,169.475515
-1.0,1,169.479583
-0.75,1,169.483727
-0.16666666666666666,1,169.487586
-0.75,1,169.491141
-0.4,1,169.4949
-0.2,1,169.499191
-0.2222222222222222,1,169.503082
-0.16666666666666666,1,169.506428
-0.2222222222222222,1,169.510007
-0.16666666666666666,1,169.513822
-0.3,1,169.518087
-0.25,1,169.521717
-0.3333333333333333,1,169.525237
-0.25,1,169.529234
-0.16666666666666666,1,169.53319
-0.2,1,169.536509
-0.2,1,169.539609
-0.125,1,169.542924
-0.16666666666666666,1,169.558607
-0.125,1,169.575747
-0.3,1,169.582248
-0.12,1,169.587274
-0.3,1,169.591601
-0.125,1,169.596938
-0.2,1,169.604864
-0.125,1,169.608341
-0.2,1,169.612603
-0.16666666666666666,1,169.617226
-0.2222222222222222,1,169.630444
-0.16666666666666666,1,169.635971
-0.4,1,169.639773
-0.16666666666666666,1,169.644071
-0.2222222222222222,1,169.648422
-0.2,1,169.653672
-0.3333333333333333,1,169.657894
-0.25,1,169.662642
-0.2,1,169.667271
-0.2,1,169.671733
-0.2222222222222222,1,169.676045
-0.2,1,169.680702
-0.2,1,169.685586
-0.16666666666666666,1,169.689949
-0.06666666666666667,1,169.69411
-0.2,1,169.698778
-0.06666666666666667,1,169.703691
-0.12,1,169.707597
-0.2,1,169.711474
-0.25,1,169.716852
-0.16666666666666666,1,169.721416
-0.125,1,169.725646
-0.2,1,169.730345
-0.16666666666666666,1,169.734982
-0.3,1,169.739077
-0.2,1,169.742925
-0.2222222222222222,1,169.747129
-0.16666666666666666,1,169.751515
-0.4,1,169.756024
-0.06666666666666667,1,169.760414
-0.2222222222222222,1,169.764961
-0.16666666666666666,1,169.769221
-0.2,1,169.773474
-0.16666666666666666,1,169.777992
-0.2222222222222222,1,169.782746
-0.2,1,169.78697
-0.2,1,169.790612
-0.2,1,169.794584
-0.2,1,169.798517
-0.12,1,169.802886
-0.06666666666666667,1,169.806636
-0.16666666666666666,1,169.810269
-0.2222222222222222,1,169.813998
-0.2,1,169.81824
-0.2,1,169.821938
-0.3333333333333333,1,169.826161
-0.16666666666666666,1,169.831908
-0.06666666666666667,1,169.836778
-0.3333333333333333,1,169.841043
-0.5,1,169.844986
-1.0,1,169.848526
-1.0,1,169.852618
-1.0,1,169.856519
-1.0,1,169.860207
-1.0,1,169.864547
-0.5,1,169.869115
-0.6666666666666666,1,169.872931
-1.0,1,169.876697
-1.0,1,169.880308
-0.5,1,169.884451
-0.16666666666666666,1,169.88835
-0.75,1,169.892367
-0.3333333333333333,1,169.896721
-0.7777777777777778,1,169.900952
-0.6666666666666666,1,169.904992
-0.5,1,169.908647
-0.6666666666666666,1,169.912776
-0.3333333333333333,1,169.920736
-1.0,1,169.926703
-0.5555555555555556,1,169.930583
-0.16666666666666666,1,169.937764
-0.125,1,169.941565
-0.3,1,169.945435
-0.25,1,169.950877
-0.3333333333333333,1,169.957803
-0.25,1,169.962746
-0.3333333333333333,1,169.967197
-0.25,1,169.970749
-0.3333333333333333,1,169.974493
-0.3333333333333333,1,169.979312
-0.6666666666666666,1,169.98401
-0.5,1,169.98814
-0.3333333333333333,1,169.992574
-0.5,1,169.997559
-0.6666666666666666,1,170.002187
-0.3333333333333333,1,170.006435
0.0,1,170.010519
-1.0,1,170.014398
-1.0,1,170.018944
-1.0,1,170.02358
-1.0,1,170.028561
-0.6666666666666666,1,170.033159
-0.25,1,170.037897
-0.3333333333333333,1,170.042546
-0.2,1,170.047003
-0.2,1,170.051114
-0.16666666666666666,1,170.055861
-0.4,1,170.059912
-0.2,1,170.063865
-0.3333333333333333,1,170.06825
-0.75,1,170.07335
-1.0,1,170.079582
-1.0,1,170.085275
-1.0,1,170.090141
-1.0,1,170.094345
-1.0,1,170.098493
-1.0,1,170.10263
-1.0,1,170.106576
-1.0,1,170.110302
-1.0,1,170.114242
-1.0,1,170.117672
-1.0,1,170.121119
-0.5,1,170.125091
-0.6666666666666666,1,170.129311
-0.5,1,170.133078
-0.4,1,170.136994
-0.16666666666666666,1,170.14136
-0.2222222222222222,1,170.148373
-0.06666666666666667,1,170.156155
-0.2222222222222222,1,170.160116
-0.16666666666666666,1,170.164125
-0.1,1,170.16929
-0.25,1,170.1735
-0.2,1,170.177303
-0.25,1,170.181369
0.0,1,170.187208
-1.0,1,170.191512
-1.0,1,170.195152
-0.6666666666666666,1,170.203425
-0.3333333333333333,1,170.208203
-0.3333333333333333,1,170.21499
-0.25,1,170.219151
-0.1,1,170.223818
-0.12,1,170.228319
-0.06666666666666667,1,170.232622
-0.2,1,170.237017
-0.1,1,170.241502
-0.25,1,170.246006
-0.3333333333333333,1,170.249998
-0.25,1,170.254192
-0.3,1,170.258343
-0.125,1,170.262923
-0.3333333333333333,1,170.267228
-0.2,1,170.272088
-0.3333333333333333,1,170.276694
-0.25,1,170.280731
-0.6666666666666666,1,170.285002
-1.0,1,170.289343
-1.0,1,170.293371
-1.0,1,170.2974
-0.4,1,170.301628
-0.5,1,170.306304
-0.2,1,170.310279
-0.5,1,170.315307
-0.4,1,170.319034
-0.16666666666666666,1,170.323451
-0.2222222222222222,1,170.328336
-0.3333333333333333,1,170.334343
-0.3333333333333333,1,170.339126
-0.5,1,170.343032
-0.3333333333333333,1,170.346887
-0.2,1,170.350218
-0.3333333333333333,1,170.355074
0.0,1,170.360581
-1.0,1,170.364562
-0.5,1,170.370493
-0.6666666666666666,1,170.374211
-0.5,1,170.377845
-0.3333333333333333,1,170.381876
-0.3333333333333333,1,170.385699
-0.3333333333333333,1,170.389622
-0.3333333333333333,1,170.393798
-0.3333333333333333,1,170.400272
-0.3333333333333333,1,170.40574
-0.3333333333333333,1,170.410464
-0.25,1,170.415293
-0.2,1,170.422837
-0.25,1,170.427799
-0.3333333333333333,1,170.434122
-0.3333333333333333,1,170.439237
-0.3333333333333333,1,170.443265
-0.3333333333333333,1,170.448369
-0.2,1,170.454247
-0.06666666666666667,1,170.460783
-0.16666666666666666,1,170.465683
-0.125,1,170.472226
-0.3333333333333333,1,170.476725
-0.25,1,170.482773
-0.3333333333333333,1,170.487532
-0.3333333333333333,1,170.49199
-0.3333333333333333,1,170.510949
-0.5,1,170.515649
-1.0,1,170.519843
-0.5,1,170.524177
0.0,1,170.529069
-1.0,1,170.53406
-1.0,1,170.538725
-0.6666666666666666,1,170.542839
-0.25,1,170.556874
-0.4,1,170.571566
-0.25,1,170.582424
-0.2,1,170.590289
-0.2,1,170.629338
-0.2,1,170.637062
-0.125,1,170.648073
-0.1,1,170.661386
-0.25,1,170.667041
-0.3333333333333333,1,170.674062
-0.06666666666666667,1,170.679123
-0.4,1,170.68355
-0.2,1,170.687657
-0.2,1,170.692011
-0.16666666666666666,1,170.697722
-0.1,1,170.702836
-0.16666666666666666,1,170.709726
-0.2,1,170.722817
-0.2,1,170.728371
-0.2,1,170.732455
-0.12,1,170.737199
-0.3,1,170.741934
-0.12,1,170.747459
-0.3,1,170.752842
-0.25,1,170.76219
-0.3333333333333333,1,170.779142
-0.3333333333333333,1,170.793066
-0.3333333333333333,1,170.819479
-0.3333333333333333,1,170.826665
-0.3333333333333333,1,170.834569
-0.5,1,170.847333
-0.4,1,170.86275
-0.5,1,170.868936
-0.4,1,170.876491
-0.2,1,170.881324
-0.2222222222222222,1,170.88642
-0.16666666666666666,1,170.890914
0.0,1,170.895673
-1.0,1,170.900843
-1.0,1,170.90504
-0.6666666666666666,1,170.909436
-0.75,1,170.915869
-0.16666666666666666,1,170.920561
-0.75,1,170.9248
-1.0,1,170.929586
-1.0,1,170.934394
-0.6666666666666666,1,170.94255
-1.0,1,170.950962
-0.6666666666666666,1,170.956049
-0.5,1,170.97413
-0.4,1,170.978396
-0.16666666666666666,1,170.982401
-0.4,1,170.9866
-0.75,1,170.991251
-1.0,1,170.998652
-0.3333333333333333,1,171.003111
-0.3333333333333333,1,171.007877
-0.2,1,171.012389
-0.2222222222222222,1,171.020574
-0.16666666666666666,1,171.028757
-0.2,1,171.035269
-0.16666666666666666,1,171.039667
-0.2222222222222222,1,171.04373
-0.16666666666666666,1,171.047647
-0.4,1,171.05256
-0.2,1,171.057048
-0.3333333333333333,1,171.061317
-0.3333333333333333,1,171.065942
-0.3333333333333333,1,171.071039
-0.5,1,171.075189
-0.16666666666666666,1,171.07988
-0.5,1,171.084753
-0.4,1,171.088905
-1.0,1,171.0928
-1.0,1,171.096557
-1.0,1,171.100786
-0.4,1,171.104769
-0.16666666666666666,1,171.108591
-0.2222222222222222,1,171.112552
-0.16666666666666666,1,171.116888
-0.2222222222222222,1,171.120869
-0.16666666666666666,1,171.125115
-0.06666666666666667,1,171.130869
-0.12,1,171.135361
-0.2,1,171.139589
-0.25,1,171.143683
-0.2,1,171.149662
-0.12,1,171.154184
-0.3,1,171.158074
-0.12,1,171.161987
-0.06666666666666667,1,171.166133
-0.16666666666666666,1,171.170217
-0.1,1,171.173668
-0.25,1,171.17976
-0.3333333333333333,1,171.185056
-0.25,1,171.188928
-0.2,1,171.192903
-0.2,1,171.198611
-0.06666666666666667,1,171.204481
-0.12,1,171.20831
-0.06666666666666667,1,171.212425
-0.2,1,171.216893
-0.06666666666666667,1,171.220982
-0.12,1,171.225469
-0.2,1,171.230657
-0.12,1,171.234983
-0.06666666666666667,1,171.239485
-0.16666666666666666,1,171.244309
-0.3,1,171.249266
-0.16666666666666666,1,171.254153
-0.2222222222222222,1,171.258003
-0.16666666666666666,1,171.263073
-0.2,1,171.268001
-0.12,1,171.271969
-0.1,1,171.277778
-0.3333333333333333,1,171.282017
-0.4,1,171.286487
-0.16666666666666666,1,171.290298
-0.2222222222222222,1,171.294523
-0.3333333333333333,1,171.299392
-0.2222222222222222,1,171.303945
-0.3333333333333333,1,171.307901
0.0,1,171.311939
-1.0,1,171.316583
-1.0,1,171.32196
-0.6666666666666666,1,171.329673
-1.0,1,171.334269
-0.6666666666666666,1,171.338033
-1.0,1,171.341858
-1.0,1,171.352741
-0.3333333333333333,1,171.359324
-0.3333333333333333,1,171.369614
-0.25,1,171.373881
-0.1,1,171.37802
-0.25,1,171.383125
-0.1,1,171.38737
-0.2,1,171.391377
-0.2,1,171.397095
-0.06666666666666667,1,171.402271
-0.3333333333333333,1,171.40631
-0.3333333333333333,1,171.413431
-0.3333333333333333,1,171.418324
-0.3333333333333333,1,171.422049
-0.16666666666666666,1,171.426159
-0.25,1,171.430044
-0.2,1,171.433821
-0.2,1,171.437424
-0.2,1,171.440924
-0.25,1,171.44575
-0.3333333333333333,1,171.450104
-0.3333333333333333,1,171.454095
-0.6666666666666666,1,171.457714
-0.3333333333333333,1,171.461698
-0.3333333333333333,1,171.465955
-0.3333333333333333,1,171.470215
-0.3333333333333333,1,171.47405
-0.5,1,171.477544
-0.2,1,171.481631
-0.16666666666666666,1,171.485901
-0.4,1,171.489462
-0.5,1,171.493307
-0.3333333333333333,1,171.496956
-0.2,1,171.501927
-0.1,1,171.506057
-0.16666666666666666,1,171.509721
-0.3,1,171.513759
-0.125,1,171.518336
-0.16666666666666666,1,171.52207
-0.5555555555555556,1,171.525951
-0.3333333333333333,1,171.529812
-0.2,1,171.534579
-0.2,1,171.538729
-0.16666666666666666,1,171.54285
-0.2222222222222222,1,171.547122
-0.2,1,171.551108
-0.3333333333333333,1,171.554866
-0.2,1,171.559038
-0.3333333333333333,1,171.563695
-0.7777777777777778,1,171.570912
-0.6666666666666666,1,171.575378
-0.3333333333333333,1,171.580034
-0.3333333333333333,1,171.584271
-0.25,1,171.588019
-0.16666666666666666,1,171.591919
-0.3333333333333333,1,171.596143
-0.16666666666666666,1,171.600495
-0.5555555555555556,1,171.609566
-1.0,1,171.617963
-0.5555555555555556,1,171.622034
-1.0,1,171.626115
-1.0,1,171.630608
-1.0,1,171.635572
-1.0,1,171.640105
-0.2,1,171.643887
-0.5,1,171.648337
-1.0,1,171.652997
-0.75,1,171.657372
-0.4,1,171.661564
-0.2,1,171.666888
-0.1,1,171.671872
-0.3333333333333333,1,171.676087
-0.3333333333333333,1,171.680488
-0.3333333333333333,1,171.685225
-0.6666666666666666,1,171.689914
-0.3333333333333333,1,171.694025
-0.16666666666666666,1,171.699616
-0.125,1,171.705114
-0.3333333333333333,1,171.709037
-0.5,1,171.714009
-0.6666666666666666,1,171.729444
-0.3333333333333333,1,171.736165
-0.6666666666666666,1,171.741017
-1.0,1,171.746871
-1.0,1,171.751578
-0.75,1,171.755718
-0.6666666666666666,1,171.759447
-0.3333333333333333,1,171.764257
-0.3333333333333333,1,171.768504
-0.7777777777777778,1,171.773031
-0.6666666666666666,1,171.777372
-0.7777777777777778,1,171.782618
-0.3333333333333333,1,171.786857
-0.5,1,171.790903
-0.6666666666666666,1,171.795132
-0.5,1,171.799139
-0.6666666666666666,1,171.803795
-0.75,1,171.80814
-0.16666666666666666,1,171.812421
-0.125,1,171.818859
-0.3,1,171.824458
-0.12,1,171.829411
-0.2,1,171.83403
-0.16666666666666666,1,171.838233
-0.2,1,171.842711
-0.25,1,171.849998
-0.2,1,171.854113
-0.25,1,171.858
-0.3333333333333333,1,171.863552
-0.5,1,171.867934
-0.3333333333333333,1,171.872273
-0.25,1,171.876585
-0.3333333333333333,1,171.880804
-0.2,1,171.887414
-0.3333333333333333,1,171.892142
-0.25,1,171.896246
-0.1,1,171.900575
-0.16666666666666666,1,171.904851
0.0,1,171.908271
-1.0,1,171.91316
-1.0,1,171.917294
-0.6666666666666666,1,171.921061
-0.3333333333333333,1,171.924377
-0.3333333333333333,1,171.928249
-0.25,1,171.932715
-0.16666666666666666,1,171.937335
-0.125,1,171.942096
-0.16666666666666666,1,171.947102
-0.125,1,171.951493
-0.2,1,171.955186
-0.12,1,171.958758
-0.3,1,171.963604
-0.125,1,171.967805
-0.3,1,171.971401
-0.125,1,171.974818
-0.16666666666666666,1,171.978798
-0.125,1,171.983327
-0.3,1,171.987888
-0.125,1,171.991586
-0.2,1,171.995317
-0.25,1,171.999847
-0.2,1,172.003931
-0.2,1,172.00793
-0.1,1,172.014129
-0.2,1,172.018492
-0.2,1,172.022535
-0.25,1,172.026672
-0.2,1,172.031862
-0.12,1,172.039813
-0.06666666666666667,1,172.045219
-0.2,1,172.051508
-0.06666666666666667,1,172.056468
-0.16666666666666666,1,172.063774
-0.06666666666666667,1,172.069755
-0.16666666666666666,1,172.074104
-0.2222222222222222,1,172.078601
-0.3333333333333333,1,172.082502
-0.2222222222222222,1,172.086769
-0.06666666666666667,1,172.090729
-0.3333333333333333,1,172.094305
-0.25,1,172.098482
-0.3333333333333333,1,172.1028
0.0,1,172.106882
-1.0,1,172.112129
-1.0,1,172.118392
-1.0,1,172.122835
-1.0,1,172.127079
-1.0,1,172.131427
-1.0,1,172.135852
-0.2,1,172.13992
-0.5,1,172.148278
-0.16666666666666666,1,172.15298
-0.5,1,172.15733
-0.6666666666666666,1,172.16127
-0.5,1,172.165244
-0.6666666666666666,1,172.171022
-0.3333333333333333,1,172.175419
-1.0,1,172.179959
-0.75,1,172.184802
-0.16666666666666666,1,172.190831
-0.5555555555555556,1,172.195494
-0.3333333333333333,1,172.200515
-0.5,1,172.204572
-0.6666666666666666,1,172.208539
-0.3333333333333333,1,172.214652
-0.3333333333333333,1,172.229147
-0.3333333333333333,1,172.237045
-0.3333333333333333,1,172.241403
-0.25,1,172.24614
-0.3333333333333333,1,172.251198
-0.25,1,172.255669
-0.2,1,172.259852
-0.25,1,172.264226
0.0,1,172.268351
-1.0,1,172.272462
-1.0,1,172.276635
-0.3333333333333333,1,172.2808
-0.25,1,172.285332
-0.4,1,172.289678
-0.06666666666666667,1,172.293879
-0.4,1,172.298404
-0.25,1,172.302765
-0.3333333333333333,1,172.306435
-0.25,1,172.310166
-0.1,1,172.313987
-0.2,1,172.318138
-0.2,1,172.322184
-0.16666666666666666,1,172.325875
-0.2222222222222222,1,172.330901
-0.16666666666666666,1,172.335215
0.0,1,172.339462
-1.0,1,172.343425
-1.0,1,172.347576
-0.6666666666666666,1,172.352769
-1.0,1,172.356538
-1.0,1,172.360305
-0.3333333333333333,1,172.364944
-0.16666666666666666,1,172.36945
-0.25,1,172.37324
0.0,1,172.37731
-1.0,1,172.380985
-1.0,1,172.385536
-1.0,1,172.389495
-0.5,1,172.393754
-0.3333333333333333,1,172.397784
-0.25,1,172.40204
-0.16666666666666666,1,172.405894
-0.75,1,172.40968
-1.0,1,172.414073
-0.5,1,172.421923
-1.0,1,172.426051
-0.5,1,172.43206
-0.3333333333333333,1,172.436224
-0.3333333333333333,1,172.449567
-0.3333333333333333,1,172.454172
-0.75,1,172.45894
-1.0,1,172.463283
-0.3333333333333333,1,172.467436
-0.3333333333333333,1,172.47144
-0.25,1,172.475686
-0.3333333333333333,1,172.479664
-0.25,1,172.483755
-0.2,1,172.487721
-0.16666666666666666,1,172.492276
-0.2,1,172.496103
-0.25,1,172.500728
0.0,1,172.504949
-1.0,1,172.50926
-1.0,1,172.513479
-0.3333333333333333,1,172.517495
-0.5,1,172.521255
0.0,1,172.525786
-1.0,1,172.529924
-1.0,1,172.534081
-0.6666666666666666,1,172.538188
-0.25,1,172.54271
-0.6666666666666666,1,172.546625
-0.3333333333333333,1,172.550313
-0.3333333333333333,1,172.554068
-0.2,1,172.559091
-0.2,1,172.563729
-0.25,1,172.56733
-0.3333333333333333,1,172.57192
0.0,1,172.576158
-1.0,1,172.580481
-1.0,1,172.584406
-0.6666666666666666,1,172.588808
-0.5,1,172.593177
-0.3333333333333333,1,172.597576
-0.2,1,172.601807
-0.1,1,172.605315
-0.16666666666666666,1,172.608616
0.0,1,172.612936
-1.0,1,172.617402
-1.0,1,172.62122
-0.6666666666666666,1,172.624776
-1.0,1,172.628431
-0.6666666666666666,1,172.632596
-1.0,1,172.636002
-1.0,1,172.639715
-1.0,1,172.643529
-1.0,1,172.646944
-1.0,1,172.650468
-0.3333333333333333,1,172.653816
-1.0,1,172.65754
-0.6666666666666666,1,172.661492
-1.0,1,172.666176
-1.0,1,172.671357
-0.3333333333333333,1,172.675321
-0.16666666666666666,1,172.680472
-0.25,1,172.684397
-0.16666666666666666,1,172.688972
-0.3333333333333333,1,172.693462
-0.3333333333333333,1,172.697989
-0.25,1,172.701696
-0.3333333333333333,1,172.706106
-0.125,1,172.710175
-0.3,1,172.714348
-0.125,1,172.718261
-0.16666666666666666,1,172.723059
-0.5555555555555556,1,172.727207
-1.0,1,172.731371
-0.5,1,172.735109
-0.4,1,172.739219
-0.16666666666666666,1,172.743902
-0.2222222222222222,1,172.747689
-0.3333333333333333,1,172.751577
0.0,1,172.756086
-1.0,1,172.764817
-1.0,1,172.781971
-1.0,1,172.791396
-0.5,1,172.80064
-0.6666666666666666,1,172.807536
-0.75,1,172.821703
-0.4,1,172.832503
-0.5,1,172.840158
-1.0,1,172.845297
-1.0,1,172.850106
-1.0,1,172.854915
-1.0,1,172.859506
-1.0,1,172.864106
-1.0,1,172.868423
-0.2,1,172.872962
-0.25,1,172.877292
-0.3333333333333333,1,172.881499
-0.25,1,172.885817
-0.3333333333333333,1,172.890228
-0.25,1,172.894531
-0.3333333333333333,1,172.898529
-0.125,1,172.903284
-0.3333333333333333,1,172.907777
-0.7777777777777778,1,172.912677
-0.3333333333333333,1,172.917103
-0.3333333333333333,1,172.921277
-0.6666666666666666,1,172.925052
-0.5,1,172.928972
-0.3333333333333333,1,172.932578
-0.5,1,172.935939
-0.4,1,172.939777
-0.16666666666666666,1,172.944294
-0.4,1,172.947894
-0.3333333333333333,1,172.951897
-0.1,1,172.95595
-0.16666666666666666,1,172.960081
-0.06666666666666667,1,172.963835
-0.12,1,172.967523
-0.2,1,172.971587
-0.16666666666666666,1,172.975944
-0.06666666666666667,1,172.979878
-0.12,1,172.984036
-0.3,1,172.988511
-0.06666666666666667,1,172.992886
-0.2,1,172.996936
0.0,1,173.001408
-1.0,1,173.006513
-1.0,1,173.010372
-0.3333333333333333,1,173.013769
-0.5,1,173.018207
-0.6666666666666666,1,173.022075
-0.5,1,173.02567
-0.6666666666666666,1,173.029028
-0.5,1,173.033032
-0.6666666666666666,1,173.037038
-0.3333333333333333,1,173.040534
-0.6666666666666666,1,173.044085
-0.5,1,173.048208
-0.2,1,173.052323
-0.2,1,173.056395
-0.3333333333333333,1,173.060115
-0.3333333333333333,1,173.064545
0.0,1,173.068692
-1.0,1,173.07227
-0.5,1,173.076208
-0.6666666666666666,1,173.080845
-1.0,1,173.084909
-1.0,1,173.089254
-1.0,1,173.093236
-0.6666666666666666,1,173.099454
-0.3333333333333333,1,173.106875
0.0,1,173.112533
-1.0,1,173.117135
-1.0,1,173.121176
-1.0,1,173.125313
-0.75,1,173.130027
-0.6666666666666666,1,173.134503
-0.3333333333333333,1,173.138484
-0.3333333333333333,1,173.142858
-0.3333333333333333,1,173.147753
-0.16666666666666666,1,173.151762
-0.3333333333333333,1,173.156072
-0.3333333333333333,1,173.160076
-0.5555555555555556,1,173.166511
-0.3333333333333333,1,173.170974
-0.3333333333333333,1,173.174573
-0.2,1,173.178322
-0.12,1,173.182992
-0.3,1,173.18763
-0.25,1,173.191518
-0.3,1,173.195605
-0.12,1,173.199968
-0.2,1,173.204444
0.0,1,173.208482
-1.0,1,173.212679
-1.0,1,173.217431
-1.0,1,173.221185
-1.0,1,173.224963
-0.6666666666666666,1,173.231988
-0.5,1,173.237482
-0.4,1,173.241884
-0.5,1,173.246783
-0.4,1,173.251602
-0.06666666666666667,1,173.255457
-0.3,1,173.259298
-0.06666666666666667,1,173.263187
-0.16666666666666666,1,173.268225
-0.125,1,173.272193
-0.3,1,173.275895
-0.12,1,173.280922
-0.06666666666666667,1,173.285462
-0.12,1,173.289636
-0.06666666666666667,1,173.294333
-0.16666666666666666,1,173.298905
0.0,1,173.303492
-1.0,1,173.307212
-1.0,1,173.31173
-0.6666666666666666,1,173.316574
-0.75,1,173.320557
-0.4,1,173.323886
-0.5,1,173.327656
-1.0,1,173.331936
-0.5,1,173.336739
-0.6666666666666666,1,173.340595
-0.25,1,173.344394
-0.3333333333333333,1,173.348664
-0.25,1,173.352858
-0.1,1,173.357041
-0.2,1,173.360782
-0.2,1,173.365076
-0.125,1,173.369637
-0.16666666666666666,1,173.373741
-0.3333333333333333,1,173.377422
-0.3333333333333333,1,173.389085
-0.3333333333333333,1,173.396433
-0.2,1,173.400992
-0.2,1,173.405446
-0.2,1,173.409712
-0.2,1,173.414363
-0.06666666666666667,1,173.418862
-0.16666666666666666,1,173.422778
-0.06666666666666667,1,173.427143
-0.12,1,173.431425
-0.06666666666666667,1,173.436098
-0.12,1,173.439861
-0.06666666666666667,1,173.443793
-0.12,1,173.44807
-0.2,1,173.453069
-0.25,1,173.457445
0.0,1,173.461659
-1.0,1,173.466645
-1.0,1,173.470989
-1.0,1,173.475181
-1.0,1,173.479891
-1.0,1,173.484646
-1.0,1,173.489169
-1.0,1,173.493324
-1.0,1,173.497879
-0.6666666666666666,1,173.503227
-1.0,1,173.509792
-1.0,1,173.514316
-1.0,1,173.518976
-1.0,1,173.523717
-1.0,1,173.528602
-0.6666666666666666,1,173.533513
-0.5,1,173.537899
-0.3333333333333333,1,173.542474
-0.2,1,173.548027
-0.3333333333333333,1,173.553378
-0.3333333333333333,1,173.557843
-1.0,1,173.563435
-0.3333333333333333,1,173.568196
-0.3333333333333333,1,173.572442
-0.3333333333333333,1,173.576999
-0.3333333333333333,1,173.581213
-0.75,1,173.585378
-0.4,1,173.589613
-0.75,1,173.593546
-0.16666666666666666,1,173.599498
-0.125,1,173.604258
-0.3333333333333333,1,173.60823
-0.25,1,173.611759
-0.3333333333333333,1,173.615558
-0.3333333333333333,1,173.619198
-0.3333333333333333,1,173.622968
-0.25,1,173.626097
-0.2,1,173.629948
0.0,1,173.634371
-1.0,1,173.638015
-1.0,1,173.641504
-0.6666666666666666,1,173.64672
-0.7777777777777778,1,173.650916
-0.6666666666666666,1,173.655813
-0.25,1,173.659576
-0.16666666666666666,1,173.663681
-0.25,1,173.668292
-0.6666666666666666,1,173.672164
-0.7777777777777778,1,173.675976
-0.3333333333333333,1,173.679842
-0.125,1,173.684287
-0.3,1,173.688173
-0.16666666666666666,1,173.692092
-0.06666666666666667,1,173.696659
-0.16666666666666666,1,173.701215
0.0,1,173.70554
-1.0,1,173.709888
-1.0,1,173.7158
-1.0,1,173.720125
-0.75,1,173.723938
-0.16666666666666666,1,173.728811
-0.3333333333333333,1,173.733877
-0.16666666666666666,1,173.738077
-0.06666666666666667,1,173.74221
-0.3333333333333333,1,173.747837
-0.3333333333333333,1,173.752043
-0.2222222222222222,1,173.756197
-0.16666666666666666,1,173.760547
-0.4,1,173.764301
-0.5,1,173.768204
-0.3333333333333333,1,173.771839
-0.25,1,173.775592
-0.1,1,173.779517
-0.12,1,173.785892
-0.06666666666666667,1,173.790418
-0.16666666666666666,1,173.794265
-0.06666666666666667,1,173.79848
-0.16666666666666666,1,173.8028
-0.2222222222222222,1,173.806992
-0.06666666666666667,1,173.811198
-0.16666666666666666,1,173.815081
-0.5555555555555556,1,173.819247
-0.16666666666666666,1,173.823642
-0.25,1,173.827526
-0.3333333333333333,1,173.831785
-0.2,1,173.836342
-0.2222222222222222,1,173.840543
-0.16666666666666666,1,173.844811
-0.2,1,173.848461
-1.0,1,173.852746
-1.0,1,173.858966
-0.75,1,173.86717
-0.4,1,173.876061
-0.75,1,173.884643
-1.0,1,173.897588
-1.0,1,173.903713
-1.0,1,173.908216
-1.0,1,173.916359
-1.0,1,173.920342
-0.5,1,173.923932
-0.6666666666666666,1,173.92745
-0.5,1,173.931474
-0.2,1,173.93532
-0.3333333333333333,1,173.939187
-0.3333333333333333,1,173.943149
-0.3333333333333333,1,173.948128
-0.3333333333333333,1,173.952619
-1.0,1,173.956768
-1.0,1,173.962526
-0.75,1,173.967425
-1.0,1,173.971213
-1.0,1,173.975586
-0.4,1,173.984559
-1.0,1,173.991039
-1.0,1,173.996474
-1.0,1,174.001166
-1.0,1,174.005644
-0.5,1,174.009688
-0.3333333333333333,1,174.014706
-0.3333333333333333,1,174.019137
-0.3333333333333333,1,174.023686
-0.5,1,174.028544
-0.6666666666666666,1,174.033179
-0.3333333333333333,1,174.037912
-0.6666666666666666,1,174.042561
-0.3333333333333333,1,174.047372
-0.16666666666666666,1,174.051989
-0.25,1,174.056368
-0.3333333333333333,1,174.06056
-0.25,1,174.064918
-0.3333333333333333,1,174.069488
-0.3333333333333333,1,174.073408
-0.3333333333333333,1,174.077579
-0.2,1,174.082023
-0.2222222222222222,1,174.08703
-0.16666666666666666,1,174.090886
-0.06666666666666667,1,174.094744
-0.2,1,174.099203
0.0,1,174.104359
-1.0,1,174.10809
-1.0,1,174.118584
-0.6666666666666666,1,174.124856
-0.5,1,174.130997
-0.3333333333333333,1,174.139046
-0.5555555555555556,1,174.144443
-0.3333333333333333,1,174.152182
-0.5,1,174.156175
-1.0,1,174.159914
-1.0,1,174.163965
-1.0,1,174.167939
-0.5,1,174.171821
-0.4,1,174.175272
-0.75,1,174.179487
-0.4,1,174.183749
-0.06666666666666667,1,174.187845
-0.16666666666666666,1,174.191804
-0.2,1,174.19625
-0.2,1,174.200744
-0.2,1,174.204427
-0.2222222222222222,1,174.209994
-0.3333333333333333,1,174.215207
-0.2222222222222222,1,174.22006
-0.2,1,174.224457
-0.2,1,174.230162
-0.12,1,174.234613
-0.06666666666666667,1,174.239134
-0.2,1,174.24336
0.0,1,174.251248
-1.0,1,174.256599
-1.0,1,174.260849
-0.6666666666666666,1,174.264847
-1.0,1,174.269336
-1.0,1,174.274028
-0.75,1,174.278047
-0.3333333333333333,1,174.281904
-0.3333333333333333,1,174.285484
-1.0,1,174.289266
-0.5555555555555556,1,174.292929
-1.0,1,174.296741
-0.3333333333333333,1,174.301891
-0.6666666666666666,1,174.306558
-0.3333333333333333,1,174.311599
-0.3333333333333333,1,174.316176
0.0,1,174.320843
-1.0,1,174.324691
-1.0,1,174.328997
-1.0,1,174.333593
-0.5,1,174.350316
-0.3333333333333333,1,174.365805
-0.25,1,174.380907
-0.2,1,174.386843
-0.12,1,174.394735
-0.2,1,174.403183
-0.16666666666666666,1,174.429251
-0.2,1,174.460164
-0.25,1,174.474095
-0.2,1,174.47915
-0.12,1,174.496194
-0.06666666666666667,1,174.504976
-0.2,1,174.511662
0.0,1,174.520099
-1.0,1,174.528737
-1.0,1,174.533725
-1.0,1,174.540205
-1.0,1,174.544365
-1.0,1,174.548834
-0.3333333333333333,1,174.553483
-0.6666666666666666,1,174.557524
-0.3333333333333333,1,174.563551
-0.3333333333333333,1,174.569052
-0.3333333333333333,1,174.573493
-0.6666666666666666,1,174.578001
-0.3333333333333333,1,174.582444
-0.3333333333333333,1,174.587864
-0.3333333333333333,1,174.592435
-0.3333333333333333,1,174.597201
-0.25,1,174.602257
0.0,1,174.606895
-1.0,1,174.611197
-0.5,1,174.616291
-0.3333333333333333,1,174.621075
-0.3333333333333333,1,174.625462
-0.3333333333333333,1,174.630817
-0.3333333333333333,1,174.635536
-0.3333333333333333,1,174.639645
-0.06666666666666667,1,174.64337
-0.3333333333333333,1,174.647145
-0.5,1,174.651327
-0.4,1,174.655195
-0.16666666666666666,1,174.659121
-1.0,1,174.66294
-0.16666666666666666,1,174.667098
-0.4,1,174.671219
-0.75,1,174.675111
-0.3333333333333333,1,174.679232
-0.125,1,174.683446
-0.3333333333333333,1,174.68723
-0.125,1,174.690982
-0.16666666666666666,1,174.695692
-0.75,1,174.699868
-0.4,1,174.711549
-0.3333333333333333,1,174.718539
-0.3333333333333333,1,174.723233
-0.25,1,174.727965
-0.2,1,174.73269
-0.25,1,174.737828
-0.2,1,174.742043
0.0,1,174.746519
-1.0,1,174.751103
-1.0,1,174.755651
-1.0,1,174.760015
-1.0,1,174.764065
-0.6666666666666666,1,174.768576
-0.5,1,174.772817
-0.4,1,174.776629
-1.0,1,174.780747
-0.4,1,174.785186
-0.2,1,174.789468
-0.4,1,174.794106
-0.2,1,174.798448
-0.3333333333333333,1,174.80298
-0.25,1,174.812805
-0.2,1,174.821203
-0.16666666666666666,1,174.83126
-0.2,1,174.842359
-0.3333333333333333,1,174.84967
-0.2,1,174.854281
-0.2,1,174.873504
-0.2,1,174.877935
-0.3333333333333333,1,174.882596
-0.1,1,174.88643
-0.25,1,174.89108
-0.3333333333333333,1,174.909091
-0.3333333333333333,1,174.917389
-0.6666666666666666,1,174.922516
-0.5555555555555556,1,174.930151
-0.3333333333333333,1,174.938988
-0.5555555555555556,1,174.943989
-0.16666666666666666,1,174.948928
-0.2,1,174.953065
-0.4,1,174.957608
-0.25,1,174.962489
-0.2,1,174.966676
-1.0,1,174.971365
-1.0,1,174.97553
-1.0,1,174.979366
-1.0,1,174.983519
-0.16666666666666666,1,174.987511
-0.4,1,174.991555
-0.16666666666666666,1,174.995965
-0.2222222222222222,1,174.999837
-0.16666666666666666,1,175.004246
-0.2222222222222222,1,175.008278
-0.16666666666666666,1,175.012552
-0.06666666666666667,1,175.017665
-0.12,1,175.022018
-0.3,1,175.025582
-0.16666666666666666,1,175.029101
-0.1,1,175.032799
-0.3333333333333333,1,175.037451
-0.1,1,175.04147
-0.3333333333333333,1,175.045089
-0.3333333333333333,1,175.048609
-0.3333333333333333,1,175.052789
-0.3333333333333333,1,175.056881
-0.25,1,175.060737
-0.2,1,175.064556
-0.125,1,175.068517
-0.3,1,175.073224
-0.16666666666666666,1,175.077436
-0.06666666666666667,1,175.081794
-0.12,1,175.086036
-0.1,1,175.090809
-0.2,1,175.094958
-0.2,1,175.099043
-0.125,1,175.103473
-0.3333333333333333,1,175.107485
-0.125,1,175.11279
-0.1,1,175.116872
-0.12,1,175.121565
-0.2,1,175.127048
-0.06666666666666667,1,175.132272
-0.16666666666666666,1,175.13605
-0.25,1,175.140406
-0.2,1,175.145675
-0.12,1,175.149858
-0.2,1,175.153992
-0.12,1,175.158731
-0.1,1,175.163362
-0.125,1,175.167541
-0.16666666666666666,1,175.171942
-0.25,1,175.176668
-0.1,1,175.180741
-0.25,1,175.185054
-0.3333333333333333,1,175.189889
-0.25,1,175.193859
-0.3333333333333333,1,175.197722
-0.3333333333333333,1,175.202259
-0.3333333333333333,1,175.206335
-0.25,1,175.210152
-0.1,1,175.213684
-0.2,1,175.21722
-0.2222222222222222,1,175.221736
-0.2,1,175.225319
-0.2222222222222222,1,175.229677
-0.2,1,175.233873
-0.2222222222222222,1,175.239192
-0.16666666666666666,1,175.243924
-0.2222222222222222,1,175.248054
-0.16666666666666666,1,175.252068
-0.1,1,175.25638
-0.16666666666666666,1,175.260446
-0.2222222222222222,1,175.266813
-0.2,1,175.271543
-0.4,1,175.275656
-0.75,1,175.280006
-0.6666666666666666,1,175.284467
-0.3333333333333333,1,175.289661
-0.16666666666666666,1,175.293931
-0.125,1,175.298355
-0.3333333333333333,1,175.302378
-0.25,1,175.306188
-0.2,1,175.310108
-0.2,1,175.31396
-0.2,1,175.317593
-0.2,1,175.321693
-0.4,1,175.325427
-0.5,1,175.329325
-0.6666666666666666,1,175.342929
-0.3333333333333333,1,175.350045
-0.3333333333333333,1,175.354325
-0.25,1,175.358948
-0.3333333333333333,1,175.363361
-0.25,1,175.367605
-0.3333333333333333,1,175.372549
-0.3333333333333333,1,175.377571
-0.6666666666666666,1,175.382208
-0.3333333333333333,1,175.386641
-0.3333333333333333,1,175.391788
-0.25,1,175.396425
-0.3333333333333333,1,175.400853
-0.3333333333333333,1,175.405456
-0.3333333333333333,1,175.409843
-0.3333333333333333,1,175.415268
-0.3333333333333333,1,175.419995
-0.25,1,175.424355
-0.2,1,175.428612
-0.12,1,175.433571
-0.2,1,175.43769
-0.25,1,175.44122
-0.3333333333333333,1,175.446976
-0.3333333333333333,1,175.451854
-0.3333333333333333,1,175.455594
-0.3333333333333333,1,175.459689
-0.3333333333333333,1,175.464045
-0.5,1,175.468594
-0.3333333333333333,1,175.472385
-0.3333333333333333,1,175.476444
-0.3333333333333333,1,175.480929
-0.5555555555555556,1,175.486402
-1.0,1,175.490442
-1.0,1,175.495136
-0.3333333333333333,1,175.500643
-0.3333333333333333,1,175.504347
-0.16666666666666666,1,175.508422
-0.75,1,175.51239
-0.3333333333333333,1,175.517437
-0.25,1,175.521169
-0.2,1,175.524666
-0.16666666666666666,1,175.528378
-0.2222222222222222,1,175.532965
-0.2,1,175.536771
-0.16666666666666666,1,175.540664
-0.25,1,175.544219
-0.2,1,175.548495
-0.25,1,175.552755
-0.3333333333333333,1,175.556258
-0.25,1,175.559589
-0.1,1,175.563354
-0.25,1,175.567771
-0.2,1,175.571741
-0.12,1,175.575141
-0.2,1,175.57936
-0.3333333333333333,1,175.583626
-0.2,1,175.587525
-0.2,1,175.591273
-0.06666666666666667,1,175.595533
-0.16666666666666666,1,175.599753
-0.06666666666666667,1,175.604004
-0.16666666666666666,1,175.607907
-0.2222222222222222,1,175.612553
-0.16666666666666666,1,175.618425
-0.1,1,175.623101
-0.2,1,175.627049
-0.2,1,175.631132
-0.2,1,175.635375
-0.2,1,175.639832
-0.16666666666666666,1,175.645943
-0.2222222222222222,1,175.650414
-0.16666666666666666,1,175.654247
0.0,1,175.657662
-1.0,1,175.661468
-1.0,1,175.665164
-1.0,1,175.66968
-1.0,1,175.673831
-0.3333333333333333,1,175.677567
-0.5,1,175.68148
0.0,1,175.685781
-1.0,1,175.689009
-0.5,1,175.692384
-0.6666666666666666,1,175.696151
-0.3333333333333333,1,175.701038
-0.6666666666666666,1,175.704928
-1.0,1,175.708427
-0.6666666666666666,1,175.715768
-0.5,1,175.720246
-0.3333333333333333,1,175.724021
-0.25,1,175.728107
-0.2,1,175.732852
-0.12,1,175.736847
-0.06666666666666667,1,175.740934
-0.16666666666666666,1,175.745407
-0.06666666666666667,1,175.749175
-0.16666666666666666,1,175.753397
-0.3,1,175.75701
-0.16666666666666666,1,175.761008
0.0,1,175.765296
-1.0,1,175.76952
-1.0,1,175.773302
-0.3333333333333333,1,175.778286
-0.3333333333333333,1,175.782902
-0.3333333333333333,1,175.78731
-0.5,1,175.791281
-0.3333333333333333,1,175.795166
-0.06666666666666667,1,175.80062
-0.4,1,175.804642
-0.06666666666666667,1,175.808535
-0.4,1,175.81327
-0.5,1,175.81776
-0.16666666666666666,1,175.821687
-0.3333333333333333,1,175.825175
-0.2,1,175.829811
-0.16666666666666666,1,175.834072
-0.2222222222222222,1,175.837888
-0.06666666666666667,1,175.841643
-0.2,1,175.847027
-0.06666666666666667,1,175.851229
-0.3,1,175.856124
-0.06666666666666667,1,175.860513
-0.2222222222222222,1,175.865284
-0.3333333333333333,1,175.86983
-0.2222222222222222,1,175.873578
-0.3333333333333333,1,175.877738
-0.3333333333333333,1,175.881205
-0.3333333333333333,1,175.885084
-0.3333333333333333,1,175.888628
-0.3333333333333333,1,175.904669
-0.3333333333333333,1,175.910698
-0.2,1,175.916464
-0.4,1,175.921297
-0.2,1,175.926164
-0.2,1,175.930811
-0.16666666666666666,1,175.935206
-0.2,1,175.939195
-0.06666666666666667,1,175.943079
-0.16666666666666666,1,175.947377
-0.2,1,175.952154
-0.2222222222222222,1,175.956985
-0.2,1,175.961299
-0.16666666666666666,1,175.965636
-0.2,1,175.96999
-0.16666666666666666,1,175.974024
-0.2,1,175.978454
-0.3333333333333333,1,175.983598
-0.3333333333333333,1,175.9879
-0.3333333333333333,1,175.991779
0.0,1,175.996649
-1.0,1,176.001337
-1.0,1,176.005762
-1.0,1,176.01307
-1.0,1,176.017459
-0.4,1,176.021244
-0.5,1,176.025488
-0.2,1,176.029777
-0.5,1,176.034061
0.0,1,176.03793
-1.0,1,176.043708
-0.5,1,176.04796
-0.6666666666666666,1,176.053033
-0.3333333333333333,1,176.057399
-0.16666666666666666,1,176.061526
-0.3333333333333333,1,176.065873
-0.3333333333333333,1,176.07058
-0.3333333333333333,1,176.07434
-0.6666666666666666,1,176.078528
-0.5,1,176.083635
-0.3333333333333333,1,176.088284
-0.7777777777777778,1,176.092361
-0.3333333333333333,1,176.096779
-0.25,1,176.101989
-0.3333333333333333,1,176.106836
-0.3333333333333333,1,176.111588
0.0,1,176.115777
-1.0,1,176.120143
-1.0,1,176.123866
-1.0,1,176.128238
-1.0,1,176.133015
-0.3333333333333333,1,176.136571
-0.3333333333333333,1,176.140326
-0.6666666666666666,1,176.144483
-1.0,1,176.148829
-0.6666666666666666,1,176.153313
-0.5,1,176.157
-1.0,1,176.160993
-0.3333333333333333,1,176.165837
0.0,1,176.17043
-1.0,1,176.173984
-1.0,1,176.179453
-1.0,1,176.183775
-1.0,1,176.187581
-1.0,1,176.191148
-1.0,1,176.194828
-1.0,1,176.198552
-1.0,1,176.202857
-0.3333333333333333,1,176.206543
-0.25,1,176.21048
-0.3333333333333333,1,176.214932
-0.2,1,176.225425
-0.2222222222222222,1,176.231472
-0.16666666666666666,1,176.236371
-0.2222222222222222,1,176.240726
-0.16666666666666666,1,176.246655
-0.2,1,176.25245
-0.5,1,176.25673
-0.3333333333333333,1,176.26397
-0.25,1,176.268806
-0.2,1,176.273241
-0.2,1,176.277103
-0.4,1,176.286971
-1.0,1,176.291277
-1.0,1,176.295474
-0.5,1,176.300021
-0.6666666666666666,1,176.305037
-0.5,1,176.309008
-0.6666666666666666,1,176.313372
-0.3333333333333333,1,176.318048
-0.3333333333333333,1,176.322493
-0.2,1,176.326566
-0.3333333333333333,1,176.332153
-0.2,1,176.33706
-0.2,1,176.340857
-0.25,1,176.34484
-0.2,1,176.351052
-0.06666666666666667,1,176.356802
-0.3,1,176.362285
-0.12,1,176.366805
-0.2,1,176.370636
-0.12,1,176.374657
-0.2,1,176.378935
-0.12,1,176.38308
-0.2,1,176.386674
-0.2,1,176.391014
-0.16666666666666666,1,176.396199
-0.25,1,176.400664
-0.2,1,176.404428
-0.2,1,176.408276
-0.2222222222222222,1,176.412802
-0.16666666666666666,1,176.417115
-0.2222222222222222,1,176.420976
-0.3333333333333333,1,176.425157
0.0,1,176.43003
-1.0,1,176.434763
-1.0,1,176.438871
-0.3333333333333333,1,176.443237
-0.3333333333333333,1,176.447598
-0.3333333333333333,1,176.452091
-1.0,1,176.456539
-1.0,1,176.460187
-1.0,1,176.464628
-0.6666666666666666,1,176.468592
-1.0,1,176.472825
-0.6666666666666666,1,176.477172
-0.5,1,176.483804
-0.3333333333333333,1,176.487616
-0.25,1,176.502909
-0.3333333333333333,1,176.507842
-0.06666666666666667,1,176.512415
-0.2222222222222222,1,176.516985
-0.3333333333333333,1,176.521387
0.0,1,176.526176
-1.0,1,176.531164
-1.0,1,176.535777
-0.6666666666666666,1,176.540078
-0.5,1,176.544588
-0.6666666666666666,1,176.54989
-0.3333333333333333,1,176.554311
-0.3333333333333333,1,176.558367
-0.25,1,176.56259
-0.2,1,176.567483
-0.25,1,176.571772
-0.2,1,176.576312
-0.16666666666666666,1,176.581303
-0.2,1,176.586575
-0.16666666666666666,1,176.59102
-0.06666666666666667,1,176.595734
-0.16666666666666666,1,176.600662
-0.06666666666666667,1,176.604844
-0.16666666666666666,1,176.608999
-0.2222222222222222,1,176.613356
-0.3333333333333333,1,176.616795
-0.2222222222222222,1,176.620604
-0.16666666666666666,1,176.624249
-0.06666666666666667,1,176.628043
-0.16666666666666666,1,176.63212
-0.06666666666666667,1,176.635888
-0.2,1,176.639827
-0.06666666666666667,1,176.643489
-0.16666666666666666,1,176.646825
-0.3,1,176.65081
-0.12,1,176.654257
-0.3,1,176.657681
-0.125,1,176.661745
-0.3,1,176.665558
-0.2,1,176.669506
-0.3333333333333333,1,176.673061
-0.2,1,176.676452
-0.4,1,176.680107
-0.16666666666666666,1,176.684083
-0.2222222222222222,1,176.687819
-0.06666666666666667,1,176.691216
-0.3333333333333333,1,176.694577
-0.2,1,176.698328
-0.2222222222222222,1,176.702754
-0.16666666666666666,1,176.706142
-0.3,1,176.709517
-0.16666666666666666,1,176.713164
-0.06666666666666667,1,176.717939
-0.2,1,176.722518
-0.06666666666666667,1,176.726892
-0.16666666666666666,1,176.734947
0.0,1,176.739712
-1.0,1,176.743634
-1.0,1,176.747591
-1.0,1,176.752774
-0.25,1,176.756877
-0.4,1,176.762204
-1.0,1,176.766569
-1.0,1,176.770298
-1.0,1,176.77391
-0.4,1,176.777709
-0.75,1,176.783178
-0.4,1,176.787266
-0.16666666666666666,1,176.790906
-0.2222222222222222,1,176.795485
-0.16666666666666666,1,176.8005
-0.06666666666666667,1,176.804321
-0.16666666666666666,1,176.807631
-0.2222222222222222,1,176.812088
-0.06666666666666667,1,176.816591
-0.16666666666666666,1,176.820267
-0.2,1,176.823592
-0.2,1,176.827655
-0.25,1,176.831642
-0.1,1,176.835951
-0.3333333333333333,1,176.839333
-0.2,1,176.844083
-0.2,1,176.850968
-0.2,1,176.855764
-0.16666666666666666,1,176.85961
0.0,1,176.863544
-1.0,1,176.867435
-1.0,1,176.871008
-1.0,1,176.874496
-1.0,1,176.877995
-1.0,1,176.881809
-0.25,1,176.885466
-0.3333333333333333,1,176.890099
-0.125,1,176.894501
-0.3333333333333333,1,176.898208
-0.3333333333333333,1,176.902583
0.0,1,176.906313
-1.0,1,176.909927
-1.0,1,176.913589
-1.0,1,176.917719
-0.25,1,176.921201
-0.3333333333333333,1,176.924444
-0.3333333333333333,1,176.92821
-0.3333333333333333,1,176.932701
-1.0,1,176.936969
-0.6666666666666666,1,176.940365
-0.3333333333333333,1,176.944026
-0.3333333333333333,1,176.947489
-0.3333333333333333,1,176.95205
-0.3333333333333333,1,176.955682
-0.25,1,176.959449
-0.2,1,176.963227
-0.12,1,176.968828
-0.3,1,176.974159
-0.06666666666666667,1,176.980095
-0.2,1,176.984226
0.0,1,176.987981
-1.0,1,176.992134
-1.0,1,176.997185
-1.0,1,177.001384
-1.0,1,177.004802
-0.4,1,177.008282
-0.16666666666666666,1,177.012615
-0.2222222222222222,1,177.016551
-0.16666666666666666,1,177.020135
-0.06666666666666667,1,177.023574
-0.2,1,177.027605
-0.1,1,177.031646
-0.16666666666666666,1,177.0437
-0.06666666666666667,1,177.051409
-0.16666666666666666,1,177.056152
-0.2,1,177.060428
-0.2,1,177.064637
-0.2,1,177.069268
-0.16666666666666666,1,177.073825
-0.06666666666666667,1,177.078311
-0.2,1,177.0834
-0.2,1,177.087959
-0.16666666666666666,1,177.092002
0.0,1,177.096249
-1.0,1,177.101373
-1.0,1,177.106051
-1.0,1,177.11008
-0.75,1,177.114413
-0.4,1,177.118955
-0.5,1,177.123296
-0.3333333333333333,1,177.127368
-0.125,1,177.131543
-0.3,1,177.136064
-0.25,1,177.139962
0.0,1,177.144272
-1.0,1,177.148934
-1.0,1,177.153354
-1.0,1,177.157528
-1.0,1,177.161366
-1.0,1,177.166756
-0.3333333333333333,1,177.171015
-1.0,1,177.17505
-0.75,1,177.183955
-0.16666666666666666,1,177.189411
-0.125,1,177.19321
-0.16666666666666666,1,177.196862
-0.75,1,177.200861
-0.16666666666666666,1,177.204428
-0.25,1,177.207994
-0.2,1,177.212167
-0.12,1,177.216236
-0.2,1,177.220252
-0.2,1,177.224526
-0.2,1,177.229008
-0.2,1,177.232803
-0.2,1,177.236638
-0.125,1,177.240778
-0.3,1,177.245188
-0.125,1,177.248959
-0.3,1,177.253006
-0.12,1,177.257295
-0.2,1,177.261596
-0.25,1,177.265957
-0.2,1,177.270305
-0.12,1,177.274739
-0.06666666666666667,1,177.28158
-0.16666666666666666,1,177.287302
-0.2,1,177.292965
-0.2,1,177.29739
-0.2222222222222222,1,177.301577
-0.16666666666666666,1,177.306093
-0.2,1,177.310591
-0.2,1,177.314708
-0.1,1,177.318512
-0.16666666666666666,1,177.322967
-0.2222222222222222,1,177.327
-0.2,1,177.330659
-0.3333333333333333,1,177.334643
-0.3333333333333333,1,177.340857
-0.3333333333333333,1,177.346868
-0.3333333333333333,1,177.351769
-0.3333333333333333,1,177.355734
-0.3333333333333333,1,177.363803
-0.16666666666666666,1,177.368653
-0.75,1,177.373265
-0.16666666666666666,1,177.380749
-0.2,1,177.393111
-0.2,1,177.407387
-0.12,1,177.417068
-0.06666666666666667,1,177.421772
-0.16666666666666666,1,177.426321
-0.1,1,177.430668
-0.16666666666666666,1,177.434757
-0.2222222222222222,1,177.44131
-0.16666666666666666,1,177.446116
-0.06666666666666667,1,177.450207
-0.16666666666666666,1,177.455068
-0.2222222222222222,1,177.459291
-0.2,1,177.464687
-0.2,1,177.469877
-0.5,1,177.475698
-0.3333333333333333,1,177.479865
-0.3333333333333333,1,177.484074
-0.3333333333333333,1,177.487978
-0.25,1,177.492986
-0.2,1,177.496737
-0.16666666666666666,1,177.500257
-0.2222222222222222,1,177.504144
-0.2,1,177.508525
-0.2,1,177.513246
-0.5,1,177.517338
-0.3333333333333333,1,177.521323
-0.25,1,177.525277
-0.2,1,177.529655
-0.3333333333333333,1,177.533295
-0.2222222222222222,1,177.537513
-0.16666666666666666,1,177.544579
-0.2222222222222222,1,177.549113
-0.16666666666666666,1,177.557286
-0.2222222222222222,1,177.561364
-0.2,1,177.565085
-0.2222222222222222,1,177.569485
-0.16666666666666666,1,177.573642
0.0,1,177.577352
-1.0,1,177.581082
-1.0,1,177.585475
-1.0,1,177.59179
-0.5,1,177.5961
-1.0,1,177.600519
-0.5555555555555556,1,177.604141
-0.16666666666666666,1,177.608414
-0.125,1,177.613274
-0.16666666666666666,1,177.617139
-0.5,1,177.62086
-0.3333333333333333,1,177.624953
-0.3333333333333333,1,177.630327
-0.16666666666666666,1,177.634426
-0.25,1,177.638849
-0.2,1,177.64331
-0.2,1,177.647645
-0.3333333333333333,1,177.65804
-0.2,1,177.664202
-0.3333333333333333,1,177.669059
-0.7777777777777778,1,177.674086
-0.3333333333333333,1,177.678891
-0.2,1,177.683794
-0.4,1,177.68873
-0.2,1,177.693781
-0.4,1,177.698606
-1.0,1,177.703377
-1.0,1,177.708055
-0.5,1,177.712702
-0.2,1,177.717003
-1.0,1,177.722147
-0.4,1,177.726173
-0.5,1,177.73019
-0.16666666666666666,1,177.734308
-0.5555555555555556,1,177.7386
-0.16666666666666666,1,177.742943
-0.06666666666666667,1,177.74673
-0.2,1,177.750754
-0.16666666666666666,1,177.755899
-0.2,1,177.760078
-0.12,1,177.764013
-0.06666666666666667,1,177.76791
-0.12,1,177.772577
-0.06666666666666667,1,177.776736
-0.16666666666666666,1,177.780625
-0.2,1,177.784451
-0.12,1,177.788038
-0.2,1,177.792684
-0.2,1,177.797269
-0.3333333333333333,1,177.801065
-0.25,1,177.805338
-0.3333333333333333,1,177.809762
-0.3333333333333333,1,177.813895
-0.2222222222222222,1,177.818377
-0.3333333333333333,1,177.822485
-0.2222222222222222,1,177.826517
-0.16666666666666666,1,177.830553
-0.2222222222222222,1,177.835441
-0.2,1,177.839351
-0.3,1,177.842988
-0.25,1,177.847286
0.0,1,177.851732
-1.0,1,177.855684
-1.0,1,177.859464
-1.0,1,177.864073
-1.0,1,177.869517
-0.6666666666666666,1,177.873397
-0.5,1,177.877491
-0.3333333333333333,1,177.89473
-0.3333333333333333,1,177.901495
-0.2,1,177.905732
-0.25,1,177.910197
-0.4,1,177.916987
-0.2,1,177.92361
-0.3333333333333333,1,177.928045
-0.2,1,177.933471
-0.2222222222222222,1,177.941361
-0.16666666666666666,1,177.946649
-0.2222222222222222,1,177.951064
-0.16666666666666666,1,177.955428
-0.2,1,177.959816
-0.16666666666666666,1,177.964242
-0.2,1,177.968548
-0.25,1,177.974859
0.0,1,177.984656
-1.0,1,178.004089
-1.0,1,178.033758
-0.3333333333333333,1,178.04727
-0.3333333333333333,1,178.054427
-0.3333333333333333,1,178.079801
-0.25,1,178.085013
-0.3333333333333333,1,178.091438
-0.125,1,178.108258
-0.16666666666666666,1,178.113187
-0.25,1,178.117959
-0.1,1,178.122563
-0.25,1,178.126864
-0.2,1,178.131257
-0.16666666666666666,1,178.136233
-0.06666666666666667,1,178.140663
-0.12,1,178.148139
-0.06666666666666667,1,178.169776
-0.16666666666666666,1,178.175495
-0.06666666666666667,1,178.181175
-0.16666666666666666,1,178.185319
-0.06666666666666667,1,178.189381
-0.16666666666666666,1,178.193706
0.0,1,178.19812
-1.0,1,178.203468
-1.0,1,178.207477
-1.0,1,178.212036
-1.0,1,178.216736
-0.6666666666666666,1,178.221267
-1.0,1,178.225288
-1.0,1,178.229362
-1.0,1,178.233799
-0.6666666666666666,1,178.237767
-0.5,1,178.241913
-0.6666666666666666,1,178.246234
-0.5,1,178.251198
-0.3333333333333333,1,178.25558
-0.25,1,178.259538
-0.1,1,178.263071
-0.16666666666666666,1,178.267328
-0.2222222222222222,1,178.27119
-0.16666666666666666,1,178.274941
-0.2,1,178.279661
-0.16666666666666666,1,178.284423
-0.2,1,178.288483
-0.25,1,178.292317
-0.2,1,178.296885
-0.3333333333333333,1,178.30284
-0.4,1,178.308525
-0.06666666666666667,1,178.319731
-0.4,1,178.32712
-0.06666666666666667,1,178.336574
-0.2222222222222222,1,178.341728
-0.06666666666666667,1,178.34668
-0.2222222222222222,1,178.351161
-0.3333333333333333,1,178.355444
0.0,1,178.359797
-1.0,1,178.365133
-1.0,1,178.369749
-1.0,1,178.373927
-0.5,1,178.378441
-0.6666666666666666,1,178.38821
-0.25,1,178.395934
-0.3333333333333333,1,178.400611
-0.3333333333333333,1,178.40482
-0.2,1,178.408704
-0.2,1,178.412786
-0.2,1,178.417056
-0.12,1,178.421152
-0.06666666666666667,1,178.425531
-0.16666666666666666,1,178.430095
-0.1,1,178.434798
-0.16666666666666666,1,178.439425
-0.06666666666666667,1,178.443163
-0.12,1,178.447369
-0.06666666666666667,1,178.451798
-0.16666666666666666,1,178.456462
-0.3,1,178.460736
-0.16666666666666666,1,178.464998
-0.2222222222222222,1,178.469454
-0.2,1,178.473283
-0.1,1,178.477114
-0.16666666666666666,1,178.480889
-0.2222222222222222,1,178.485267
-0.16666666666666666,1,178.489077
0.0,1,178.49303
-1.0,1,178.497184
-1.0,1,178.502326
-1.0,1,178.505982
-0.3333333333333333,1,178.509462
0.0,1,178.51455
-1.0,1,178.518858
-1.0,1,178.528978
-1.0,1,178.543905
-1.0,1,178.548102
-0.3333333333333333,1,178.552688
-0.3333333333333333,1,178.556785
0.0,1,178.560199
-1.0,1,178.563937
-1.0,1,178.567361
-0.3333333333333333,1,178.570607
-0.25,1,178.573658
-0.2,1,178.576833
-0.3333333333333333,1,178.58127
-0.2,1,178.585311
-1.0,1,178.589343
-1.0,1,178.592786
-0.16666666666666666,1,178.596619
-0.4,1,178.600824
-0.06666666666666667,1,178.604589
-0.3333333333333333,1,178.608284
0.0,1,178.612159
-1.0,1,178.617125
-1.0,1,178.621134
-1.0,1,178.625051
-1.0,1,178.629116
-1.0,1,178.634681
-1.0,1,178.639132
-1.0,1,178.642946
-0.25,1,178.647034
-0.3333333333333333,1,178.650885
-0.25,1,178.655292
-0.3333333333333333,1,178.662242
-0.7777777777777778,1,178.666615
-0.3333333333333333,1,178.67005
-0.7777777777777778,1,178.673959
-0.3333333333333333,1,178.677897
-0.125,1,178.681681
-0.3333333333333333,1,178.685864
-0.3333333333333333,1,178.689297
-0.6666666666666666,1,178.692734
-0.3333333333333333,1,178.697187
-1.0,1,178.702615
-1.0,1,178.706948
-1.0,1,178.711723
-1.0,1,178.716021
-1.0,1,178.721445
-1.0,1,178.725351
-1.0,1,178.731205
-0.16666666666666666,1,178.735606
-0.2222222222222222,1,178.739778
-0.2,1,178.74355
-0.4,1,178.747343
-0.06666666666666667,1,178.751952
-0.2,1,178.755752
-0.3333333333333333,1,178.759851
-0.2,1,178.76426
-0.2,1,178.768251
-0.06666666666666667,1,178.771726
-0.16666666666666666,1,178.775151
-0.06666666666666667,1,178.779483
-0.16666666666666666,1,178.783963
-0.06666666666666667,1,178.787883
-0.16666666666666666,1,178.791894
-0.1,1,178.79711
-0.16666666666666666,1,178.802105
0.0,1,178.806071
-1.0,1,178.810314
-0.5,1,178.814517
-0.6666666666666666,1,178.818608
-0.5,1,178.822878
-0.4,1,178.827448
-0.2,1,178.833837
-0.3333333333333333,1,178.839319
-0.25,1,178.843422
-0.16666666666666666,1,178.846864
-0.25,1,178.851026
-0.1,1,178.854562
-0.25,1,178.858577
-0.1,1,178.862366
-0.25,1,178.866465
-0.3333333333333333,1,178.87037
-0.25,1,178.874427
-0.3333333333333333,1,178.878281
-0.25,1,178.882039
-0.3333333333333333,1,178.885822
-0.25,1,178.889687
-0.1,1,178.893436
-0.12,1,178.89845
-0.2,1,178.90295
-0.16666666666666666,1,178.90674
-0.2,1,178.910551
-0.25,1,178.914188
-0.2,1,178.918712
-0.16666666666666666,1,178.922503
-0.06666666666666667,1,178.926028
-0.16666666666666666,1,178.930335
-0.3,1,178.9344
-0.16666666666666666,1,178.937871
-0.3,1,178.956243
-0.2,1,178.963801
-0.3333333333333333,1,178.970688
-0.2,1,178.974943
-0.1,1,178.979856
-0.2,1,178.984344
-0.06666666666666667,1,178.988633
-0.12,1,178.993065
-0.2,1,178.997665
-0.25,1,179.002325
-0.2,1,179.006772
-0.2,1,179.01135
-0.2222222222222222,1,179.015482
-0.16666666666666666,1,179.02014
-1.0,1,179.024161
-0.16666666666666666,1,179.028962
-0.4,1,179.033777
-1.0,1,179.03816
-1.0,1,179.042408
-1.0,1,179.046876
-0.4,1,179.051548
-0.3333333333333333,1,179.055761
-0.2,1,179.060461
-0.06666666666666667,1,179.065158
-0.3333333333333333,1,179.069837
-0.5,1,179.074695
-1.0,1,179.080816
-0.3333333333333333,1,179.085887
-1.0,1,179.08988
-0.75,1,179.09371
-1.0,1,179.098778
-0.5555555555555556,1,179.10287
-0.16666666666666666,1,179.106722
-0.75,1,179.110591
-0.4,1,179.114107
-0.2,1,179.118174
-0.3333333333333333,1,179.12212
-0.125,1,179.126502
-0.2,1,179.130245
-0.12,1,179.13419
-0.06666666666666667,1,179.138293
-0.16666666666666666,1,179.141724
-0.06666666666666667,1,179.145669
-0.2,1,179.14968
0.0,1,179.153388
-1.0,1,179.156613
-1.0,1,179.16063
-0.6666666666666666,1,179.165175
-0.5,1,179.16954
-0.4,1,179.17336
-0.2,1,179.177232
-0.1,1,179.181716
-0.2,1,179.186179
-0.06666666666666667,1,179.189987
-0.16666666666666666,1,179.194766
0.0,1,179.19961
-1.0,1,179.204173
-1.0,1,179.208768
-1.0,1,179.213326
-1.0,1,179.218181
-1.0,1,179.222441
-0.75,1,179.226422
-0.4,1,179.236238
-0.5,1,179.244128
-0.3333333333333333,1,179.254072
-0.5,1,179.262029
-0.4,1,179.278759
-0.06666666666666667,1,179.283581
-0.2222222222222222,1,179.289505
-0.16666666666666666,1,179.297329
-0.06666666666666667,1,179.301489
-0.16666666666666666,1,179.3055
-0.06666666666666667,1,179.310133
-0.12,1,179.31407
-0.06666666666666667,1,179.318818
-0.16666666666666666,1,179.323185
0.0,1,179.327596
-1.0,1,179.331747
-1.0,1,179.336285
-0.6666666666666666,1,179.340308
-0.25,1,179.344364
-0.2,1,179.349022
-0.16666666666666666,1,179.353848
-0.2222222222222222,1,179.358411
-0.16666666666666666,1,179.364254
-0.1,1,179.37119
-0.125,1,179.375937
-0.3,1,179.380325
-0.125,1,179.384811
-0.3333333333333333,1,179.388558
-0.25,1,179.392752
-0.2,1,179.397736
-0.5,1,179.402389
-1.0,1,179.406449
-1.0,1,179.410308
-0.3333333333333333,1,179.413748
-0.5,1,179.417857
-1.0,1,179.421655
-1.0,1,179.425724
-1.0,1,179.429366
-1.0,1,179.435537
-1.0,1,179.439445
-1.0,1,179.44318
-1.0,1,179.447568
-1.0,1,179.452793
-1.0,1,179.457017
-0.5555555555555556,1,179.460716
-0.3333333333333333,1,179.465028
-0.06666666666666667,1,179.469131
-0.3,1,179.473097
-0.125,1,179.476821
-0.16666666666666666,1,179.481312
-0.3333333333333333,1,179.485856
-0.3333333333333333,1,179.489972
-0.3333333333333333,1,179.494774
-0.3333333333333333,1,179.498504
-0.25,1,179.502386
-0.3333333333333333,1,179.506402
-0.25,1,179.51087
-0.1,1,179.514794
-0.16666666666666666,1,179.518852
-0.2222222222222222,1,179.522876
-0.3333333333333333,1,179.526521
0.0,1,179.530238
-1.0,1,179.534485
-1.0,1,179.538204
-1.0,1,179.542311
-0.5,1,179.546745
-0.2,1,179.557032
-0.2,1,179.565394
-0.4,1,179.570799
-0.16666666666666666,1,179.575399
0.0,1,179.580496
-1.0,1,179.58489
-1.0,1,179.589119
-0.6666666666666666,1,179.593238
-1.0,1,179.597348
-0.6666666666666666,1,179.602005
-0.3333333333333333,1,179.606305
-0.6666666666666666,1,179.610245
-1.0,1,179.614305
-0.6666666666666666,1,179.618637
-0.7777777777777778,1,179.623368
-0.6666666666666666,1,179.628041
-1.0,1,179.632411
-1.0,1,179.636988
-1.0,1,179.641571
-0.3333333333333333,1,179.646137
-0.3333333333333333,1,179.65083
-0.16666666666666666,1,179.655361
-0.3333333333333333,1,179.659861
-0.3333333333333333,1,179.664347
-0.75,1,179.668433
-0.4,1,179.672085
-0.75,1,179.676117
-0.16666666666666666,1,179.680351
-0.2,1,179.684193
-0.2,1,179.688134
-0.16666666666666666,1,179.692271
-0.2222222222222222,1,179.696823
-0.2,1,179.701128
-0.3333333333333333,1,179.705304
-0.2,1,179.709345
-0.3333333333333333,1,179.713791
-0.2,1,179.717256
-0.2,1,179.721026
-0.16666666666666666,1,179.725492
-0.3,1,179.729379
-0.12,1,179.733061
-0.3,1,179.736459
-0.125,1,179.745228
-0.3,1,179.749989
-0.06666666666666667,1,179.753756
-0.2222222222222222,1,179.758943
-0.3333333333333333,1,179.762785
0.0,1,179.766684
-1.0,1,179.770488
-1.0,1,179.775695
-1.0,1,179.779312
-1.0,1,179.783087
-0.6666666666666666,1,179.787427
-1.0,1,179.790987
-1.0,1,179.794604
-0.5,1,179.798245
-0.3333333333333333,1,179.803326
-0.2,1,179.807565
-0.2,1,179.811305
-0.2,1,179.815001
-0.2222222222222222,1,179.822832
-0.2,1,179.830575
-0.2222222222222222,1,179.834383
-0.16666666666666666,1,179.837836
-0.2222222222222222,1,179.841641
-0.16666666666666666,1,179.845953
-0.06666666666666667,1,179.849543
-0.12,1,179.853473
-0.2,1,179.857294
-0.16666666666666666,1,179.860928
-0.06666666666666667,1,179.865267
-0.12,1,179.868921
-0.2,1,179.873112
-0.16666666666666666,1,179.876949
-0.2,1,179.880889
-0.3333333333333333,1,179.884727
-0.4,1,179.888412
-0.2,1,179.892646
-0.2222222222222222,1,179.897308
-0.2,1,179.900985
-0.3,1,179.905295
-0.125,1,179.909044
-0.3333333333333333,1,179.912957
-0.25,1,179.916603
-0.3333333333333333,1,179.920681
-0.25,1,179.924886
-0.3333333333333333,1,179.929128
-0.125,1,179.932929
-0.1,1,179.936851
-0.2,1,179.940954
-0.2,1,179.945762
-0.12,1,179.949558
-0.3,1,179.953579
-0.06666666666666667,1,179.95772
-0.2222222222222222,1,179.961963
-0.3333333333333333,1,179.965863
-0.16666666666666666,1,179.973491
-0.3333333333333333,1,179.977144
-0.6666666666666666,1,179.980722
-0.75,1,179.984412
-0.16666666666666666,1,179.988289
-0.75,1,179.991935
-0.16666666666666666,1,179.996091
-0.25,1,179.999436
-0.2,1,180.003121
0.0,1,180.006894
-1.0,1,180.010662
-1.0,1,180.014479
-1.0,1,180.018233
-1.0,1,180.022462
-1.0,1,180.026564
-1.0,1,180.030569
-0.2,1,180.03492
-0.16666666666666666,1,180.039143
-0.2,1,180.042982
-0.16666666666666666,1,180.046395
-0.2222222222222222,1,180.050464
-0.16666666666666666,1,180.054423
-0.06666666666666667,1,180.058276
-0.16666666666666666,1,180.062244
-0.2,1,180.067787
-0.2,1,180.07454
-0.1,1,180.078623
-0.16666666666666666,1,180.08258
-0.2,1,180.086383
-0.2,1,180.090752
-0.2,1,180.09568
-0.12,1,180.099668
-0.2,1,180.114263
-0.2,1,180.120266
-0.2222222222222222,1,180.124625
-0.2,1,180.12927
-0.1,1,180.133934
-0.3333333333333333,1,180.138888
-0.2,1,180.143264
-0.16666666666666666,1,180.147872
-0.2222222222222222,1,180.152218
-0.3333333333333333,1,180.156614
-0.2222222222222222,1,180.160805
-0.2,1,180.165145
-0.3333333333333333,1,180.169256
-0.25,1,180.173783
-0.3333333333333333,1,180.177875
0.0,1,180.182233
-1.0,1,180.186371
-1.0,1,180.191373
-1.0,1,180.195642
-1.0,1,180.200417
-1.0,1,180.20583
-0.3333333333333333,1,180.210329
-0.3333333333333333,1,180.214333
-0.25,1,180.21841
-0.2,1,180.222519
-0.25,1,180.225946
-0.2,1,180.229729
-0.2,1,180.234326
-0.3333333333333333,1,180.238165
-0.25,1,180.242456
-0.2,1,180.246637
-0.2,1,180.25095
-0.2,1,180.255666
-0.25,1,180.259815
-0.1,1,180.264297
-0.25,1,180.268672
-0.2,1,180.273136
-0.125,1,180.277349
-0.3333333333333333,1,180.281224
-0.75,1,180.285175
-0.4,1,180.288972
-0.3333333333333333,1,180.29322
-0.3333333333333333,1,180.312708
-0.3333333333333333,1,180.319688
-0.4,1,180.323852
-0.16666666666666666,1,180.32856
-0.2222222222222222,1,180.335599
-0.16666666666666666,1,180.343318
-0.2,1,180.348768
-0.12,1,180.352935
-0.06666666666666667,1,180.358469
-0.16666666666666666,1,180.362653
-0.06666666666666667,1,180.367271
-0.12,1,180.372179
-0.06666666666666667,1,180.376675
-0.2,1,180.381026
0.0,1,180.385294
-1.0,1,180.389606
-1.0,1,180.394844
-1.0,1,180.399639
-1.0,1,180.403992
-1.0,1,180.40842
-1.0,1,180.412912
-0.6666666666666666,1,180.417643
-0.5,1,180.422468
-0.3333333333333333,1,180.426669
-0.25,1,180.430565
-0.16666666666666666,1,180.434767
-0.3333333333333333,1,180.439645
-0.2222222222222222,1,180.443671
-0.16666666666666666,1,180.452337
-0.2222222222222222,1,180.456102
-0.16666666666666666,1,180.459953
-0.2,1,180.464014
-0.2,1,180.468991
-0.2,1,180.473453
-0.25,1,180.478435
-0.1,1,180.48249
-0.2,1,180.487242
-0.2222222222222222,1,180.491321
-0.16666666666666666,1,180.495984
0.0,1,180.501137
-1.0,1,180.505271
-1.0,1,180.509414
-0.6666666666666666,1,180.513379
-0.75,1,180.517999
-0.3333333333333333,1,180.521949
-0.2,1,180.526025
-0.4,1,180.529696
-0.2,1,180.534247
-0.2,1,180.537943
-0.2,1,180.541421
-0.3333333333333333,1,180.544869
-0.3333333333333333,1,180.548959
-0.3333333333333333,1,180.553435
-0.2,1,180.557029
-0.4,1,180.561182
-0.2,1,180.566465
-0.16666666666666666,1,180.571898
-0.125,1,180.577892
-0.3,1,180.58242
-0.125,1,180.586517
-0.3333333333333333,1,180.59043
-0.125,1,180.595153
-0.1,1,180.59968
-0.2,1,180.603576
-0.2222222222222222,1,180.607522
-0.16666666666666666,1,180.611717
-0.2222222222222222,1,180.615935
-0.16666666666666666,1,180.620509
-0.2,1,180.624753
-0.2,1,180.629353
0.0,1,180.633955
-1.0,1,180.638016
-1.0,1,180.643153
-0.6666666666666666,1,180.64755
-0.3333333333333333,1,180.652004
-0.3333333333333333,1,180.656138
-0.2,1,180.660401
-0.2222222222222222,1,180.664673
-0.06666666666666667,1,180.668708
-0.2,1,180.673002
-0.3333333333333333,1,180.676758
-0.2,1,180.683662
-0.2,1,180.688067
-0.2222222222222222,1,180.692693
-0.16666666666666666,1,180.697672
-0.2,1,180.702368
-0.25,1,180.715603
-0.16666666666666666,1,180.719978
-0.3333333333333333,1,180.72419
-0.3333333333333333,1,180.729076
-0.3333333333333333,1,180.735119
-0.3333333333333333,1,180.739746
-0.3333333333333333,1,180.744211
-0.16666666666666666,1,180.748909
-0.75,1,180.753528
-0.4,1,180.757564
-0.2,1,180.761708
-0.3333333333333333,1,180.766502
-0.125,1,180.770751
-0.3,1,180.775288
-0.25,1,180.779965
-0.1,1,180.784659
-0.3333333333333333,1,180.788945
-0.2,1,180.793128
-0.16666666666666666,1,180.798106
-0.2,1,180.802572
-0.25,1,180.806821
-0.2,1,180.811212
-0.2,1,180.819515
-0.06666666666666667,1,180.824757
-0.16666666666666666,1,180.829158
-0.1,1,180.834051
-0.16666666666666666,1,180.838132
-0.2222222222222222,1,180.842371
-0.16666666666666666,1,180.850336
0.0,1,180.854888
-1.0,1,180.859343
-1.0,1,180.867046
-1.0,1,180.871671
-0.5555555555555556,1,180.87964
-1.0,1,180.884289
-0.5555555555555556,1,180.888572
-0.6666666666666666,1,180.892959
-0.5,1,180.897778
-0.16666666666666666,1,180.902664
-0.5555555555555556,1,180.907655
-0.3333333333333333,1,180.91175
-0.3333333333333333,1,180.916136
-0.3333333333333333,1,180.920668
-0.3333333333333333,1,180.924454
-0.3333333333333333,1,180.928467
-0.25,1,180.932647
-0.3333333333333333,1,180.937135
-0.25,1,180.942303
-0.2,1,180.946936
-0.2,1,180.951777
-0.2,1,180.955882
-0.16666666666666666,1,180.959784
-0.2,1,180.964104
-0.16666666666666666,1,180.968432
-0.2222222222222222,1,180.972471
-0.16666666666666666,1,180.976327
-0.2,1,180.980273
-0.16666666666666666,1,180.985073
-0.2222222222222222,1,180.989141
-0.16666666666666666,1,180.992941
-0.2,1,180.997266
-0.25,1,181.001279
-0.2,1,181.005262
0.0,1,181.009095
-1.0,1,181.014339
-1.0,1,181.019052
-1.0,1,181.022958
-1.0,1,181.026813
-1.0,1,181.030937
-1.0,1,181.034889
-0.3333333333333333,1,181.039024
-0.3333333333333333,1,181.043151
-0.3333333333333333,1,181.047478
-0.5,1,181.051546
-0.3333333333333333,1,181.055163
-1.0,1,181.059415
-1.0,1,181.064247
-1.0,1,181.069203
-0.6666666666666666,1,181.073411
-0.5,1,181.078246
-0.3333333333333333,1,181.082795
-0.25,1,181.086507
-0.2,1,181.091024
-0.125,1,181.095842
-0.3,1,181.100008
-0.16666666666666666,1,181.104299
-0.06666666666666667,1,181.10782
-0.12,1,181.111669
-0.06666666666666667,1,181.116463
-0.12,1,181.120481
-0.2,1,181.124208
-0.25,1,181.128889
-0.2,1,181.133376
-0.2,1,181.137577
-0.06666666666666667,1,181.141237
-0.16666666666666666,1,181.14548
0.0,1,181.150277
-1.0,1,181.154438
-0.5,1,181.158488
-0.6666666666666666,1,181.165807
-0.3333333333333333,1,181.171179
-0.6666666666666666,1,181.174959
-0.3333333333333333,1,181.18256
-0.3333333333333333,1,181.188833
-1.0,1,181.20115
-1.0,1,181.223207
-1.0,1,181.232255
-0.6666666666666666,1,181.248813
-0.5,1,181.281595
-0.3333333333333333,1,181.290109
-0.06666666666666667,1,181.310225
-0.16666666666666666,1,181.325956
-0.3333333333333333,1,181.35691
-0.6666666666666666,1,181.365956
-0.3333333333333333,1,181.370854
0.0,1,181.381492
-1.0,1,181.387435
-1.0,1,181.39724
-1.0,1,181.407297
-1.0,1,181.413909
-0.6666666666666666,1,181.423217
-0.5,1,181.430595
-0.6666666666666666,1,181.437009
-0.3333333333333333,1,181.440968
-0.3333333333333333,1,181.445332
-0.25,1,181.449952
-0.3333333333333333,1,181.455104
-0.5,1,181.459403
-0.3333333333333333,1,181.47032
-0.2,1,181.478865
-0.2222222222222222,1,181.485325
-0.16666666666666666,1,181.490252
-0.4,1,181.495023
-0.5,1,181.499622
-0.4,1,181.504796
-0.2,1,181.509598
-0.4,1,181.515194
-0.16666666666666666,1,181.520872
-0.2,1,181.524995
-1.0,1,181.530789
-0.4,1,181.535303
-1.0,1,181.539432
-0.4,1,181.543408
-0.5,1,181.547389
-0.6666666666666666,1,181.551766
-0.5,1,181.555755
0.0,1,181.559903
-1.0,1,181.564287
-1.0,1,181.568918
-1.0,1,181.572983
-0.25,1,181.577173
-0.2,1,181.581807
-0.3333333333333333,1,181.586463
-0.2,1,181.591089
-0.25,1,181.595093
-0.6666666666666666,1,181.599453
-1.0,1,181.60414
-1.0,1,181.623047
-1.0,1,181.626682
-1.0,1,181.630788
-0.5,1,181.635171
-0.4,1,181.643653
-0.25,1,181.647801
-0.3333333333333333,1,181.653346
-0.25,1,181.661354
-0.2,1,181.667982
-0.3333333333333333,1,181.672494
-0.2222222222222222,1,181.676097
-0.16666666666666666,1,181.681871
-0.2222222222222222,1,181.689205
-0.3333333333333333,1,181.693042
-0.2222222222222222,1,181.698618
-0.3333333333333333,1,181.702545
-0.2222222222222222,1,181.706081
-0.3333333333333333,1,181.709517
-0.2222222222222222,1,181.713285
-0.2,1,181.71739
-0.2,1,181.720978
-0.125,1,181.724241
-0.3,1,181.728214
-0.16666666666666666,1,181.732556
-0.06666666666666667,1,181.736305
-0.16666666666666666,1,181.751153
-0.06666666666666667,1,181.759888
-0.2,1,181.76574
0.0,1,181.777399
-1.0,1,181.782176
-1.0,1,181.787169
-1.0,1,181.795749
-0.5555555555555556,1,181.805455
-0.3333333333333333,1,181.819308
-0.3333333333333333,1,181.84088
-0.3333333333333333,1,181.856986
-0.5,1,181.867754
-0.3333333333333333,1,181.884205
-0.06666666666666667,1,181.899643
-0.3,1,181.906829
-0.12,1,181.917687
-0.2,1,181.931615
-0.2,1,181.947489
-0.06666666666666667,1,181.95407
-0.16666666666666666,1,181.958427
0.0,1,181.962998
-1.0,1,181.967772
-1.0,1,181.971933
-1.0,1,181.97595
-1.0,1,181.981365
-1.0,1,181.992075
-0.5,1,181.997034
-0.6666666666666666,1,182.001863
-0.3333333333333333,1,182.006246
-0.16666666666666666,1,182.011316
-0.125,1,182.016899
-0.3,1,182.021642
-0.125,1,182.026154
-0.3333333333333333,1,182.031275
-0.125,1,182.035626
-0.3,1,182.041123
-0.2,1,182.045545
-0.3333333333333333,1,182.049834
-0.25,1,182.054558
-0.2,1,182.058861
-0.16666666666666666,1,182.063594
-0.2,1,182.067432
-0.12,1,182.07354
-0.2,1,182.077727
-0.12,1,182.081569
-0.06666666666666667,1,182.090463
-0.16666666666666666,1,182.096376
-0.1,1,182.100362
-0.16666666666666666,1,182.104769
-0.2222222222222222,1,182.108696
-0.16666666666666666,1,182.112904
-0.06666666666666667,1,182.11696
-0.16666666666666666,1,182.121392
-0.06666666666666667,1,182.126592
-0.12,1,182.130998
-0.2,1,182.135011
-0.3333333333333333,1,182.13904
-0.3333333333333333,1,182.143333
-0.5,1,182.147487
-0.3333333333333333,1,182.152921
-0.5555555555555556,1,182.159913
-0.16666666666666666,1,182.178758
-0.3333333333333333,1,182.193503
-0.6666666666666666,1,182.225144
-0.7777777777777778,1,182.262227
-0.6666666666666666,1,182.275003
-0.25,1,182.281662
-0.2,1,182.298565
-0.25,1,182.312475
-1.0,1,182.348692
-0.5,1,182.396819
-0.6666666666666666,1,182.411027
-0.5,1,182.425153
-0.3333333333333333,1,182.429993
-0.2,1,182.438524
-0.2222222222222222,1,182.445849
-0.3333333333333333,1,182.45138
-0.2,1,182.457093
-0.25,1,182.461396
-0.2,1,182.465959
-0.5,1,182.470134
-0.4,1,182.47499
-0.2,1,182.480499
-0.2222222222222222,1,182.485376
-0.16666666666666666,1,182.489892
-0.2222222222222222,1,182.493937
-0.3333333333333333,1,182.499412
-0.2,1,182.505115
-0.25,1,182.509481
-0.3333333333333333,1,182.513955
-0.25,1,182.519611
-0.3,1,182.525249
-0.25,1,182.530028
-0.16666666666666666,1,182.535065
-0.3333333333333333,1,182.540285
-0.3333333333333333,1,182.545059
-0.2,1,182.551291
-0.3333333333333333,1,182.555922
-0.5,1,182.560478
-1.0,1,182.565363
-0.5,1,182.569789
-0.3333333333333333,1,182.574741
-0.3333333333333333,1,182.580093
-0.6666666666666666,1,182.584219
-0.5,1,182.588479
-0.16666666666666666,1,182.593573
-0.06666666666666667,1,182.597919
-0.3,1,182.602412
-0.06666666666666667,1,182.607465
-0.3,1,182.612169
-0.125,1,182.616839
-0.1,1,182.621218
-0.2,1,182.625559
-0.3,1,182.629831
-0.125,1,182.634381
-0.3333333333333333,1,182.638444
-0.125,1,182.645931
-0.3333333333333333,1,182.652025
-0.125,1,182.660785
-0.16666666666666666,1,182.671591
-0.5555555555555556,1,182.677742
-0.3333333333333333,1,182.692969
-0.5,1,182.698751
-0.3333333333333333,1,182.718112
-0.2,1,182.729477
-0.3333333333333333,1,182.74473
-0.5,1,182.751439
-0.16666666666666666,1,182.768947
-0.3333333333333333,1,182.775416
-0.3333333333333333,1,182.795015
-0.25,1,182.807477
-0.2,1,182.81991
-0.3333333333333333,1,182.842304
-0.2,1,182.879073
-0.25,1,182.897362
-0.2,1,182.904367
-0.25,1,182.908731
-0.3333333333333333,1,182.951821
-0.3333333333333333,1,182.98332
-0.16666666666666666,1,183.01952
-0.5,1,183.02548
-0.2,1,183.0454
-0.25,1,183.081531
-0.3333333333333333,1,183.110971
-0.25,1,183.150166
-1.0,1,183.155715
-1.0,1,183.169831
-0.2,1,183.201625
-0.3333333333333333,1,183.232281
-0.2,1,183.263395
-0.3333333333333333,1,183.269184
-0.2222222222222222,1,183.281219
-0.3333333333333333,1,183.307536
-0.2,1,183.325237
-0.16666666666666666,1,183.331914
-0.2222222222222222,1,183.356842
-0.06666666666666667,1,183.387586
-0.2,1,183.394026
-0.16666666666666666,1,183.399448
-0.2,1,183.413309
-0.2,1,183.420181
-0.2,1,183.447377
-0.25,1,183.453709
-0.3333333333333333,1,183.47627
-0.3333333333333333,1,183.497793
-0.2,1,183.51905
-0.2,1,183.522985
-0.4,1,183.526693
-0.2,1,183.532292
-0.2,1,183.539367
-0.12,1,183.544642
-0.06666666666666667,1,183.550729
-0.2,1,183.555729
-0.06666666666666667,1,183.560123
-0.16666666666666666,1,183.566864
-0.2,1,183.572279
-0.3333333333333333,1,183.576055
-0.1,1,183.58067
-0.2,1,183.585174
-0.2,1,183.589267
-0.2,1,183.593081
-0.1,1,183.59709
-0.25,1,183.601534
-0.1,1,183.605712
-0.125,1,183.609419
-0.3,1,183.614075
-0.2,1,183.618901
-0.3333333333333333,1,183.622912
-0.75,1,183.626805
-0.16666666666666666,1,183.630806
-0.25,1,183.635214
-0.3333333333333333,1,183.639341
-0.3333333333333333,1,183.643237
-0.3333333333333333,1,183.64734
-0.5,1,183.651896
-0.6666666666666666,1,183.655764
-0.3333333333333333,1,183.659553
-0.3333333333333333,1,183.6638
-0.3333333333333333,1,183.668087
-0.3333333333333333,1,183.671514
-0.5555555555555556,1,183.674964
-0.6666666666666666,1,183.678809
-0.5555555555555556,1,183.698415
-0.3333333333333333,1,183.703931
-0.3333333333333333,1,183.710336
-0.6666666666666666,1,183.714951
-0.75,1,183.71995
-0.4,1,183.724356
-0.75,1,183.729413
-0.16666666666666666,1,183.73424
-0.75,1,183.738675
-1.0,1,183.743125
-0.75,1,183.748012
-0.16666666666666666,1,183.752597
-0.5555555555555556,1,183.757355
-0.3333333333333333,1,183.762004
-0.2,1,183.766718
-0.2,1,183.771181
-0.25,1,183.775641
0.0,1,183.780641
-1.0,1,183.785286
-1.0,1,183.789172
-0.3333333333333333,1,183.793529
-0.3333333333333333,1,183.797858
0.0,1,183.802422
-1.0,1,183.806807
-1.0,1,183.810355
-1.0,1,183.81419
-1.0,1,183.818926
-0.6666666666666666,1,183.822618
-0.5,1,183.82617
-0.6666666666666666,1,183.830308
-0.5555555555555556,1,183.834321
-0.3333333333333333,1,183.837803
-0.3333333333333333,1,183.841018
-0.16666666666666666,1,183.845361
-0.5,1,183.849384
-0.4,1,183.854175
-0.5,1,183.858008
-0.3333333333333333,1,183.862029
-0.3333333333333333,1,183.865718
-0.6666666666666666,1,183.869974
-0.5,1,183.873532
-0.6666666666666666,1,183.877046
-0.5,1,183.881379
-0.16666666666666666,1,183.885725
-0.25,1,183.889948
-0.2,1,183.893808
-0.25,1,183.8986
-0.2,1,183.902419
-0.25,1,183.905695
-0.2,1,183.908922
-0.12,1,183.913601
-0.2,1,183.917523
-0.125,1,183.920919
-0.3,1,183.92488
-0.12,1,183.930725
-0.3,1,183.934792
-0.12,1,183.938511
-0.06666666666666667,1,183.942687
-0.12,1,183.9481
-0.2,1,183.952683
-0.3333333333333333,1,183.956393
-0.3333333333333333,1,183.959864
-0.3333333333333333,1,183.964518
-0.16666666666666666,1,183.968302
-0.3333333333333333,1,183.972001
-0.2222222222222222,1,183.976398
-0.3333333333333333,1,183.980341
-0.2222222222222222,1,183.984437
-0.3333333333333333,1,183.98809
-0.2222222222222222,1,183.991962
-0.16666666666666666,1,183.996489
-0.2,1,184.000782
-0.16666666666666666,1,184.004741
-0.06666666666666667,1,184.008924
-0.16666666666666666,1,184.013468
-0.2222222222222222,1,184.017752
-0.16666666666666666,1,184.02197
-0.06666666666666667,1,184.026415
-0.2,1,184.030833
-0.1,1,184.034871
-0.25,1,184.038807
-0.3333333333333333,1,184.042396
-0.25,1,184.046651
-0.3,1,184.050915
-0.12,1,184.054834
-0.3,1,184.058892
-0.16666666666666666,1,184.063698
0.0,1,184.067889
-1.0,1,184.071926
-1.0,1,184.076028
-0.3333333333333333,1,184.080314
-0.3333333333333333,1,184.085022
-0.3333333333333333,1,184.088892
-0.3333333333333333,1,184.092888
-0.2,1,184.098354
-0.2,1,184.102584
-0.1,1,184.106005
-0.25,1,184.109535
-0.16666666666666666,1,184.113728
-0.3333333333333333,1,184.117625
-0.6666666666666666,1,184.121243
-0.25,1,184.124989
-0.2,1,184.130976
-0.2,1,184.136463
-0.4,1,184.141266
-1.0,1,184.145223
-1.0,1,184.149431
-1.0,1,184.153223
-1.0,1,184.156402
-0.5,1,184.159922
-0.4,1,184.16365
-0.06666666666666667,1,184.167969
-0.2222222222222222,1,184.172081
-0.16666666666666666,1,184.175765
-0.2222222222222222,1,184.17949
-0.3333333333333333,1,184.183459
-0.2,1,184.187187
-0.25,1,184.190961
-0.2,1,184.194731
-0.25,1,184.198885
-0.3333333333333333,1,184.203092
-0.5555555555555556,1,184.20704
-0.3333333333333333,1,184.211288
-0.3333333333333333,1,184.215352
-0.6666666666666666,1,184.219691
-0.3333333333333333,1,184.224431
-0.6666666666666666,1,184.228652
-0.5555555555555556,1,184.232681
-0.3333333333333333,1,184.247782
-0.5,1,184.2553
-0.3333333333333333,1,184.259869
-0.06666666666666667,1,184.264992
-0.16666666666666666,1,184.269553
-0.125,1,184.273518
-0.2,1,184.27753
-0.2,1,184.281763
-0.2,1,184.286339
-0.25,1,184.290477
-0.3,1,184.294547
-0.12,1,184.299068
-0.2,1,184.303755
-0.125,1,184.307766
-0.16666666666666666,1,184.312101
-0.125,1,184.317192
-0.2,1,184.321294
-0.2,1,184.326053
-0.2,1,184.33089
-0.16666666666666666,1,184.335413
-0.2,1,184.339462
-0.25,1,184.343873
-0.1,1,184.348056
-0.16666666666666666,1,184.352056
-0.3,1,184.35613
-0.06666666666666667,1,184.360533
-0.2,1,184.364608
-0.25,1,184.368549
-0.2,1,184.372494
-0.25,1,184.376359
-0.2,1,184.380733
-0.3333333333333333,1,184.38493
-0.3333333333333333,1,184.388476
-0.5555555555555556,1,184.392671
-0.16666666666666666,1,184.396505
-0.5,1,184.400929
-0.3333333333333333,1,184.405064
-0.125,1,184.409024
-0.16666666666666666,1,184.412625
-0.06666666666666667,1,184.416756
-0.2222222222222222,1,184.420334
-0.06666666666666667,1,184.425645
-0.4,1,184.429774
-0.5,1,184.433501
-0.3333333333333333,1,184.438185
-0.5,1,184.443358
-0.4,1,184.448963
-0.5,1,184.459499
-0.4,1,184.465672
-0.2,1,184.469859
-0.4,1,184.473938
-0.16666666666666666,1,184.477757
0.0,1,184.481515
-1.0,1,184.484747
-1.0,1,184.488808
-1.0,1,184.492505
-0.5,1,184.496456
-0.3333333333333333,1,184.500076
0.0,1,184.504845
-1.0,1,184.509014
-1.0,1,184.513175
-0.6666666666666666,1,184.51702
-0.7777777777777778,1,184.520731
-0.6666666666666666,1,184.524668
-0.3333333333333333,1,184.529052
0.0,1,184.53312
-1.0,1,184.536855
-1.0,1,184.540827
-1.0,1,184.544874
-0.75,1,184.548378
-1.0,1,184.552322
-0.75,1,184.556189
-0.3333333333333333,1,184.560831
-0.25,1,184.564711
-0.2,1,184.568285
-0.06666666666666667,1,184.572766
-0.16666666666666666,1,184.579859
-0.3333333333333333,1,184.586105
-0.16666666666666666,1,184.591371
-0.25,1,184.598394
-0.2,1,184.604089
-0.2,1,184.609888
-0.1,1,184.614987
-0.2,1,184.619613
-0.06666666666666667,1,184.626327
-0.16666666666666666,1,184.632601
0.0,1,184.637494
-1.0,1,184.642948
-1.0,1,184.648931
-1.0,1,184.653842
-1.0,1,184.658048
-0.3333333333333333,1,184.662127
-1.0,1,184.666804
-1.0,1,184.671196
-0.5555555555555556,1,184.675851
-0.6666666666666666,1,184.680046
-0.5,1,184.684168
-0.3333333333333333,1,184.688939
-0.25,1,184.693676
-0.3333333333333333,1,184.697639
-0.5,1,184.702386
-0.6666666666666666,1,184.70703
-0.25,1,184.7114
-0.2,1,184.715865
-0.3333333333333333,1,184.720599
-0.3333333333333333,1,184.724738
-0.5555555555555556,1,184.729052
-0.6666666666666666,1,184.734474
-0.3333333333333333,1,184.7392
-0.6666666666666666,1,184.743183
-1.0,1,184.74691
-1.0,1,184.752486
-1.0,1,184.7578
-1.0,1,184.762302
-0.5555555555555556,1,184.766035
-0.16666666666666666,1,184.769733
-0.3333333333333333,1,184.773335
-0.3333333333333333,1,184.780008
-0.2,1,184.793123
-0.2,1,184.80804
-0.16666666666666666,1,184.814983
-0.3,1,184.819565
-0.2,1,184.826481
-0.2,1,184.854665
-0.12,1,184.858997
-0.1,1,184.863528
-0.25,1,184.867967
-0.1,1,184.87363
-0.2,1,184.891927
-0.3333333333333333,1,184.897383
-0.2,1,184.902515
-0.3333333333333333,1,184.907039
-0.2,1,184.911172
-0.2,1,184.915098
-0.16666666666666666,1,184.919053
-0.3,1,184.923403
-0.12,1,184.927708
-0.06666666666666667,1,184.932945
-0.16666666666666666,1,184.937482
-0.06666666666666667,1,184.941571
-0.16666666666666666,1,184.94545
-0.06666666666666667,1,184.94945
-0.2,1,184.953866
-0.06666666666666667,1,184.958186
-0.16666666666666666,1,184.962672
-0.2222222222222222,1,184.96653
-0.16666666666666666,1,184.970954
-0.2,1,184.975198
-0.2,1,184.979435
-0.3333333333333333,1,184.983653
-0.3333333333333333,1,184.987634
-0.6666666666666666,1,184.992109
-0.5,1,184.996886
-1.0,1,185.002324
-1.0,1,185.025908
-0.6666666666666666,1,185.030987
-0.3333333333333333,1,185.036239
-0.3333333333333333,1,185.041068
-0.25,1,185.046165
-0.3333333333333333,1,185.087438
-0.5,1,185.092405
-0.4,1,185.104199
-0.75,1,185.136454
-0.6666666666666666,1,185.141752
-0.3333333333333333,1,185.154379
-0.6666666666666666,1,185.16707
-0.5,1,185.196079
-0.2,1,185.2211
-0.2,1,185.229285
0.0,1,185.236966
-1.0,1,185.243213
-1.0,1,185.248424
-1.0,1,185.255037
-1.0,1,185.26118
-1.0,1,185.273151
-1.0,1,185.281549
-0.6666666666666666,1,185.28631
-0.3333333333333333,1,185.292879
-0.3333333333333333,1,185.297205
-0.25,1,185.30128
-0.3333333333333333,1,185.305305
-0.3333333333333333,1,185.309356
-0.3333333333333333,1,185.31353
-0.3333333333333333,1,185.318038
-0.3333333333333333,1,185.322626
-0.5555555555555556,1,185.335847
-0.16666666666666666,1,185.342577
-0.125,1,185.347828
-0.3333333333333333,1,185.352721
-0.2,1,185.356725
-0.2,1,185.360703
0.0,1,185.364619
-1.0,1,185.370121
-1.0,1,185.373828
-1.0,1,185.377483
-1.0,1,185.381485
-0.4,1,185.385871
-0.16666666666666666,1,185.389685
-1.0,1,185.393566
-0.16666666666666666,1,185.397549
-0.2,1,185.402171
-0.2,1,185.405837
-0.2,1,185.40948
-0.16666666666666666,1,185.413615
-0.2,1,185.417901
-0.16666666666666666,1,185.421475
-0.2222222222222222,1,185.425117
-0.2,1,185.433588
-0.2222222222222222,1,185.443722
-0.06666666666666667,1,185.44837
-0.3333333333333333,1,185.456994
-0.06666666666666667,1,185.46413
-0.2222222222222222,1,185.483959
-0.16666666666666666,1,185.495302
-0.2,1,185.500316
-0.16666666666666666,1,185.505883
-0.2,1,185.510945
0.0,1,185.517454
-1.0,1,185.522102
-0.5,1,185.525919
-0.3333333333333333,1,185.529885
-0.5555555555555556,1,185.534153
-0.16666666666666666,1,185.538231
-0.5555555555555556,1,185.547139
-0.6666666666666666,1,185.558273
-0.5,1,185.562493
-0.16666666666666666,1,185.566909
-0.5555555555555556,1,185.571353
-0.6666666666666666,1,185.575504
-0.3333333333333333,1,185.580192
-0.3333333333333333,1,185.584619
-0.3333333333333333,1,185.588375
-0.3333333333333333,1,185.592262
-0.3333333333333333,1,185.596644
-0.3333333333333333,1,185.600999
-0.06666666666666667,1,185.604902
-0.3,1,185.608731
-0.16666666666666666,1,185.613408
-0.2222222222222222,1,185.61878
-0.16666666666666666,1,185.625962
-0.1,1,185.632468
-0.25,1,185.638388
-0.16666666666666666,1,185.64535
-0.5555555555555556,1,185.650728
-1.0,1,185.655569
-0.5555555555555556,1,185.659464
-0.3333333333333333,1,185.663597
-0.5,1,185.667603
-0.6666666666666666,1,185.671976
-0.3333333333333333,1,185.675957
-0.16666666666666666,1,185.683421
-0.06666666666666667,1,185.688448
-0.3,1,185.692271
-0.12,1,185.698806
-0.06666666666666667,1,185.703997
-0.16666666666666666,1,185.707993
-0.06666666666666667,1,185.718368
-0.12,1,185.727149
-0.06666666666666667,1,185.73154
-0.12,1,185.736076
-0.3,1,185.740785
-0.12,1,185.745394
-0.3,1,185.749656
-0.06666666666666667,1,185.754031
-0.2222222222222222,1,185.758483
-0.16666666666666666,1,185.763263
-0.2222222222222222,1,185.767496
-0.16666666666666666,1,185.771463
-0.2,1,185.775449
-0.25,1,185.780195
-0.3333333333333333,1,185.784716
-0.3333333333333333,1,185.78893
-0.2,1,185.793286
-0.3333333333333333,1,185.797665
-0.4,1,185.802204
-0.5,1,185.806709
-0.6666666666666666,1,185.810663
-0.3333333333333333,1,185.815107
-0.6666666666666666,1,185.819735
-0.5,1,185.823617
-0.6666666666666666,1,185.827612
-0.7777777777777778,1,185.831603
-0.3333333333333333,1,185.835858
-0.2,1,185.840231
-0.3333333333333333,1,185.844153
-0.25,1,185.84791
-0.2,1,185.852103
-0.125,1,185.856114
-0.2,1,185.860094
-0.125,1,185.864497
-0.3,1,185.869753
-0.125,1,185.87389
-0.16666666666666666,1,185.878443
-0.2,1,185.882405
-0.16666666666666666,1,185.886354
-0.75,1,185.890167
-1.0,1,185.894495
-0.3333333333333333,1,185.898479
-0.3333333333333333,1,185.902839
-0.3333333333333333,1,185.906916
-0.6666666666666666,1,185.91139
-0.3333333333333333,1,185.914965
-0.6666666666666666,1,185.918823
-0.3333333333333333,1,185.922495
0.0,1,185.926483
-1.0,1,185.930996
-0.5,1,185.935078
-0.3333333333333333,1,185.93909
-0.3333333333333333,1,185.943495
-0.16666666666666666,1,185.947753
-0.5,1,185.952005
-0.3333333333333333,1,185.955298
-0.7777777777777778,1,185.959521
-0.3333333333333333,1,185.963835
-0.3333333333333333,1,185.967961
-0.6666666666666666,1,185.971592
-0.3333333333333333,1,185.975507
-0.16666666666666666,1,185.98521
-0.125,1,185.989295
-0.3333333333333333,1,185.996784
-0.25,1,186.001432
-0.3333333333333333,1,186.005501
-0.25,1,186.008862
-0.2,1,186.013202
-0.12,1,186.017297
-0.2,1,186.021319
-0.16666666666666666,1,186.025245
-0.2,1,186.029328
-0.25,1,186.034
0.0,1,186.037769
-1.0,1,186.04176
-1.0,1,186.046257
-0.6666666666666666,1,186.050714
-0.3333333333333333,1,186.054475
-0.3333333333333333,1,186.058419
-0.25,1,186.063061
-0.6666666666666666,1,186.067606
-0.3333333333333333,1,186.071613
-0.3333333333333333,1,186.075392
-0.25,1,186.079781
0.0,1,186.0844
-1.0,1,186.088351
-1.0,1,186.092447
-0.6666666666666666,1,186.098108
-0.3333333333333333,1,186.103029
-0.3333333333333333,1,186.107184
-0.75,1,186.111452
-1.0,1,186.11528
-0.5,1,186.119339
-0.3333333333333333,1,186.12262
-0.25,1,186.126271
-0.3,1,186.130297
-0.16666666666666666,1,186.134228
-0.06666666666666667,1,186.137819
-0.16666666666666666,1,186.141183
0.0,1,186.145076
-1.0,1,186.14896
-1.0,1,186.152864
-0.6666666666666666,1,186.156624
-0.3333333333333333,1,186.160542
-0.3333333333333333,1,186.164242
-0.25,1,186.168522
-0.2,1,186.172226
-0.2,1,186.176281
-0.1,1,186.180603
-0.25,1,186.184393
-0.2,1,186.18762
-0.12,1,186.191614
-0.3,1,186.196154
-0.12,1,186.200197
-0.2,1,186.207241
-0.06666666666666667,1,186.210742
-0.2222222222222222,1,186.214874
-0.2,1,186.219104
-0.3333333333333333,1,186.222958
-0.25,1,186.226942
-0.3333333333333333,1,186.230737
-0.25,1,186.235507
-0.2,1,186.239045
-0.3333333333333333,1,186.242521
-0.2,1,186.246507
-0.2,1,186.252378
-0.2,1,186.256607
-0.25,1,186.260429
-0.2,1,186.271663
-0.12,1,186.280917
-0.3,1,186.285295
-0.06666666666666667,1,186.289084
-0.16666666666666666,1,186.29306
-0.5,1,186.297641
-0.4,1,186.302742
-0.5,1,186.307036
-0.6666666666666666,1,186.311255
-0.75,1,186.315475
-0.3333333333333333,1,186.319988
-0.125,1,186.32391
-0.16666666666666666,1,186.328269
-0.5,1,186.333298
-0.4,1,186.337411
-0.2,1,186.341654
0.0,1,186.346566
-1.0,1,186.35124
-1.0,1,186.355452
-1.0,1,186.360016
-1.0,1,186.364293
-0.6666666666666666,1,186.368621
-0.3333333333333333,1,186.373122
-0.6666666666666666,1,186.378405
-0.5,1,186.383242
-0.6666666666666666,1,186.387458
-0.3333333333333333,1,186.391069
-0.6666666666666666,1,186.394752
-0.3333333333333333,1,186.398263
-0.6666666666666666,1,186.402249
-0.5,1,186.406004
-0.6666666666666666,1,186.409418
-0.3333333333333333,1,186.413458
-0.16666666666666666,1,186.418038
-0.125,1,186.421877
-0.3333333333333333,1,186.425941
-0.25,1,186.429719
-0.2,1,186.433457
-0.16666666666666666,1,186.437078
-0.2,1,186.440597
-0.16666666666666666,1,186.444494
-0.2222222222222222,1,186.448134
-0.2,1,186.452389
-0.3333333333333333,1,186.45597
-0.5,1,186.459531
-0.3333333333333333,1,186.463337
-0.25,1,186.467617
-0.1,1,186.471736
-0.12,1,186.479068
-0.2,1,186.482922
-0.25,1,186.48679
0.0,1,186.490285
-1.0,1,186.493863
-0.5,1,186.499412
-0.3333333333333333,1,186.506363
-0.3333333333333333,1,186.51388
-0.3333333333333333,1,186.518107
-0.3333333333333333,1,186.522293
-0.3333333333333333,1,186.526151
-0.25,1,186.533498
-0.3333333333333333,1,186.537523
-0.25,1,186.541142
-0.1,1,186.545741
-0.2,1,186.550556
-0.06666666666666667,1,186.554319
-0.2,1,186.558555
0.0,1,186.564781
-1.0,1,186.56941
-1.0,1,186.573573
-0.6666666666666666,1,186.57827
-0.75,1,186.583344
-0.3333333333333333,1,186.587767
-0.25,1,186.591894
-0.2,1,186.596477
-0.2,1,186.602952
-0.3333333333333333,1,186.606919
-0.25,1,186.610718
-0.3333333333333333,1,186.614234
-0.125,1,186.618087
-0.3333333333333333,1,186.621962
-0.3333333333333333,1,186.625658
-0.6666666666666666,1,186.629679
-0.75,1,186.634243
-0.6666666666666666,1,186.63822
-0.5,1,186.642262
-0.6666666666666666,1,186.645636
-0.25,1,186.65026
-0.2,1,186.654529
-1.0,1,186.658096
-0.2,1,186.661803
-0.3333333333333333,1,186.666021
-0.1,1,186.670039
-0.3333333333333333,1,186.67357
-0.3333333333333333,1,186.677211
-0.5,1,186.680814
-0.4,1,186.686248
-0.2,1,186.692821
-0.1,1,186.699426
-0.16666666666666666,1,186.703394
-0.06666666666666667,1,186.707143
-0.16666666666666666,1,186.712804
-0.06666666666666667,1,186.717673
-0.16666666666666666,1,186.721654
-0.2222222222222222,1,186.72539
-0.2,1,186.730274
-0.3333333333333333,1,186.734353
0.0,1,186.738621
-1.0,1,186.742728
-1.0,1,186.747154
-1.0,1,186.751671
-1.0,1,186.755588
-0.4,1,186.760113
-0.16666666666666666,1,186.777329
-0.4,1,186.787955
-0.2,1,186.796956
-0.2,1,186.807541
-0.3333333333333333,1,186.813323
-0.16666666666666666,1,186.821095
-0.125,1,186.825235
-0.2,1,186.829307
-0.16666666666666666,1,186.83288
-0.2,1,186.836658
-0.16666666666666666,1,186.840679
-0.06666666666666667,1,186.845349
-0.16666666666666666,1,186.849186
-0.2222222222222222,1,186.853003
-0.16666666666666666,1,186.85714
-0.06666666666666667,1,186.860962
-0.16666666666666666,1,186.872481
-0.2,1,186.879086
-0.16666666666666666,1,186.884319
0.0,1,186.888265
-1.0,1,186.893079
-1.0,1,186.896972
-0.6666666666666666,1,186.902286
-0.5,1,186.907226
-0.3333333333333333,1,186.912182
-0.3333333333333333,1,186.91717
-0.3333333333333333,1,186.921808
-0.3333333333333333,1,186.926888
-0.3333333333333333,1,186.931483
-0.25,1,186.935639
-0.3333333333333333,1,186.940624
-0.25,1,186.945373
-0.3333333333333333,1,186.94983
-0.3333333333333333,1,186.954236
-0.3333333333333333,1,186.959136
0.0,1,186.964537
-1.0,1,186.968614
-1.0,1,186.9731
-1.0,1,186.977301
-0.5,1,186.981361
-1.0,1,186.985206
-1.0,1,186.989302
-0.6666666666666666,1,186.993281
-0.75,1,186.998108
-0.4,1,187.002347
-0.2,1,187.007179
-0.2222222222222222,1,187.010747
-0.16666666666666666,1,187.014309
-0.2,1,187.017853
-0.3333333333333333,1,187.021947
-0.1,1,187.025584
-0.25,1,187.030025
-0.3333333333333333,1,187.033763
-0.125,1,187.037576
-0.3,1,187.042057
-0.16666666666666666,1,187.046306
-0.06666666666666667,1,187.049823
-0.2,1,187.053794
-0.2,1,187.057523
-0.12,1,187.061157
-0.3,1,187.064928
-0.125,1,187.069112
-0.3,1,187.073226
-0.12,1,187.076718
-0.3,1,187.080442
-0.25,1,187.090977
-0.3333333333333333,1,187.095623
-0.25,1,187.099601
-0.3333333333333333,1,187.103366
-0.3333333333333333,1,187.106981
-0.6666666666666666,1,187.110512
-0.5,1,187.113943
-0.3333333333333333,1,187.118594
-0.5,1,187.122454
-0.2,1,187.125762
-0.25,1,187.129546
-0.3333333333333333,1,187.133754
-0.5,1,187.13813
-0.4,1,187.141702
-0.75,1,187.14511
-0.16666666666666666,1,187.14906
-0.75,1,187.152466
-0.16666666666666666,1,187.15678
-0.5,1,187.160431
-0.2,1,187.163896
-0.3333333333333333,1,187.167614
-0.4,1,187.171745
-0.06666666666666667,1,187.175198
-0.2,1,187.179106
-0.16666666666666666,1,187.182581
-0.06666666666666667,1,187.186173
-0.2,1,187.189912
-0.1,1,187.194499
-0.2,1,187.198663
0.0,1,187.203324
-1.0,1,187.20684
-1.0,1,187.210769
-0.6666666666666666,1,187.219575
-0.5,1,187.225497
-0.2,1,187.229456
-0.25,1,187.233024
-0.3333333333333333,1,187.236587
-0.125,1,187.240355
-0.16666666666666666,1,187.243906
-0.2,1,187.247433
-0.16666666666666666,1,187.250574
-0.75,1,187.254882
-0.3333333333333333,1,187.258937
-0.3333333333333333,1,187.263199
-0.3333333333333333,1,187.266503
-0.25,1,187.270542
-0.3333333333333333,1,187.274156
-0.75,1,187.278238
-0.4,1,187.282145
-0.2,1,187.285452
-0.3333333333333333,1,187.289184
-0.2,1,187.292641
-0.2222222222222222,1,187.296213
-0.16666666666666666,1,187.299606
0.0,1,187.303669
-1.0,1,187.307296
-0.5,1,187.310706
-0.6666666666666666,1,187.315243
-0.25,1,187.319691
-1.0,1,187.323807
-1.0,1,187.327526
-0.4,1,187.331038
-0.5,1,187.335232
-0.3333333333333333,1,187.340014
-0.25,1,187.343972
-0.3333333333333333,1,187.348016
-0.25,1,187.35216
-0.2,1,187.356371
-0.3333333333333333,1,187.36057
-0.1,1,187.364419
-0.2,1,187.367802
-0.2,1,187.372138
-0.2,1,187.37653
-0.3333333333333333,1,187.381045
-0.125,1,187.384887
-0.16666666666666666,1,187.38863
-0.06666666666666667,1,187.392612
-0.3333333333333333,1,187.397045
-0.25,1,187.400969
-0.16666666666666666,1,187.41585
-0.2,1,187.420003
-0.2,1,187.424559
-0.2,1,187.430063
-0.1,1,187.43511
-0.25,1,187.439282
-0.2,1,187.443796
-0.25,1,187.448698
-0.1,1,187.453493
-0.25,1,187.458031
-0.1,1,187.463395
-0.25,1,187.467548
-0.3333333333333333,1,187.472179
-0.25,1,187.476266
-0.3333333333333333,1,187.481061
-0.25,1,187.485431
-0.2,1,187.489513
-0.16666666666666666,1,187.493733
0.0,1,187.498178
-1.0,1,187.50355
-1.0,1,187.507697
-1.0,1,187.512778
-0.5,1,187.517454
-0.3333333333333333,1,187.521383
-0.5555555555555556,1,187.525337
-1.0,1,187.529857
-0.3333333333333333,1,187.534929
-0.6666666666666666,1,187.539137
-0.3333333333333333,1,187.543411
-0.3333333333333333,1,187.5479
-0.25,1,187.552797
-0.3333333333333333,1,187.556996
-0.25,1,187.561181
-0.3333333333333333,1,187.566196
-0.25,1,187.570756
-0.3333333333333333,1,187.57494
-0.2,1,187.579581
0.0,1,187.584193
-1.0,1,187.588198
-1.0,1,187.592202
-0.6666666666666666,1,187.597292
-0.25,1,187.601743
-0.2,1,187.606194
-0.25,1,187.610636
-0.4,1,187.614924
-1.0,1,187.619608
-1.0,1,187.623945
-1.0,1,187.628354
-0.4,1,187.632303
-0.75,1,187.636362
-1.0,1,187.64061
-0.3333333333333333,1,187.644546
-0.3333333333333333,1,187.648221
-0.2,1,187.651975
-0.4,1,187.655744
-0.2,1,187.659856
-0.4,1,187.664277
-0.06666666666666667,1,187.668381
-0.3333333333333333,1,187.672741
-0.5,1,187.677114
-0.2,1,187.680704
-0.2,1,187.684587
-0.3333333333333333,1,187.688241
-0.25,1,187.692319
-0.1,1,187.696595
-0.2,1,187.701096
-0.3333333333333333,1,187.705165
-0.5,1,187.709489
-0.3333333333333333,1,187.71465
-0.25,1,187.719812
-0.3333333333333333,1,187.725932
0.0,1,187.733129
-1.0,1,187.738823
-1.0,1,187.745462
-1.0,1,187.749585
-0.5,1,187.754386
-0.6666666666666666,1,187.758599
-0.5,1,187.763133
-0.3333333333333333,1,187.767338
-0.5,1,187.771527
-0.3333333333333333,1,187.775561
-0.5555555555555556,1,187.779474
-0.6666666666666666,1,187.783764
-1.0,1,187.787293
-1.0,1,187.790711
-0.5,1,187.794037
-0.6666666666666666,1,187.798052
-0.5555555555555556,1,187.810154
-1.0,1,187.832258
-0.5555555555555556,1,187.837845
-0.16666666666666666,1,187.844488
-0.5555555555555556,1,187.85052
-0.6666666666666666,1,187.855177
-0.3333333333333333,1,187.8598
-0.3333333333333333,1,187.864961
-0.3333333333333333,1,187.87165
-0.6666666666666666,1,187.875626
-0.5,1,187.88017
-1.0,1,187.884948
-1.0,1,187.889076
-1.0,1,187.89401
-1.0,1,187.89843
-1.0,1,187.903152
-1.0,1,187.908247
-1.0,1,187.912699
-1.0,1,187.917566
-1.0,1,187.922057
-0.75,1,187.92626
-0.16666666666666666,1,187.931181
-0.25,1,187.935787
-0.2,1,187.940222
-0.12,1,187.943818
-0.2,1,187.947947
-0.3333333333333333,1,187.952083
-0.1,1,187.956926
-0.16666666666666666,1,187.960761
-0.2,1,187.965544
-0.12,1,187.970069
-0.06666666666666667,1,187.973844
-0.12,1,187.980955
-0.2,1,187.98578
-0.2,1,187.989407
-0.1,1,187.992744
-0.3333333333333333,1,187.996156
-0.4,1,188.000603
-0.2,1,188.004141
-0.3,1,188.007869
-0.25,1,188.011625
-0.2,1,188.025872
